{"type":"FeatureCollection","name":"world_1715","crs":{"type":"name","properties":{"name":"urn:ogc:def:crs:OGC:1.3:CRS84"}},"features":[{"type":"Feature","properties":{"NAME":"Luxembourg","ABBREVN":"Luxembourg","SUBJECTO":"Luxembourg","BORDERPRECISION":3,"PARTOF":"Luxembourg"},"geometry":{"type":"MultiPolygon","coordinates":[[[[5.824,49.507],[5.884,49.664],[5.745,49.755],[5.738,49.902],[6.007,50.15],[6.321,49.842],[6.531,49.798],[6.511,49.669],[6.399,49.604],[6.433,49.445],[5.824,49.507]]]]}},{"type":"Feature","properties":{"NAME":"Ottoman Empire","ABBREVN":"Ottoman Emp.","SUBJECTO":"Ottoman Empire","BORDERPRECISION":3,"PARTOF":"Ottoman Empire"},"geometry":{"type":"MultiPolygon","coordinates":[[[[23.41,38.944],[23.79,38.719],[24.132,38.653],[24.292,38.195],[24.588,38.153],[24.527,37.967],[24.314,37.985],[24.025,38.386],[23.661,38.404],[23.638,38.523],[23.121,38.867],[22.87,38.837],[23.242,39.044],[23.41,38.944]]],[[[39.796,15.089],[39.889,15.184],[39.898,15.502],[40.39,14.906],[39.636,14.149],[38.778,14.394],[38.043,15.007],[38.043,16.232],[38.963,17.192],[39.518,15.463],[39.796,15.089]]],[[[37.761,18.643],[38.527,18.161],[37.431,17.702],[36.45,18.07],[35.96,19.418],[36.695,20.398],[37.165,20.764],[37.398,18.915],[37.761,18.643]]],[[[48.832,27.573],[49.244,27.479],[49.152,27.372],[49.322,27.162],[49.533,27.01],[49.931,26.934],[50.122,26.738],[49.934,26.483],[50.076,26.312],[49.937,25.956],[50.147,25.536],[50.214,25.588],[50.382,25.461],[50.429,25.184],[50.619,24.871],[50.607,24.68],[50.778,24.471],[50.968,24.436],[50.569,23.854],[49.704,24.41],[49.395,26.078],[48.469,26.695],[47.439,28.829],[46.509,28.97],[46.905,29.438],[45.87,29.856],[44.839,29.993],[44.083,30.337],[40.029,34.391],[39.342,34.597],[38.036,34.597],[37.212,33.566],[36.525,31.162],[36.593,29.787],[37.421,27.834],[36.33,26.403],[35.436,27.73],[35.112,28.072],[34.764,28.097],[34.886,28.357],[35.095,29.343],[34.985,29.467],[34.936,29.418],[34.146,31.209],[34.599,31.818],[34.843,32.671],[34.957,32.705],[34.972,32.938],[35.089,33.069],[35.349,33.744],[35.492,33.831],[35.532,34.119],[35.873,34.422],[35.751,34.747],[35.841,35.043],[35.796,35.271],[35.607,35.418],[35.733,35.585],[35.691,35.685],[35.856,35.835],[35.665,36.134],[36.095,36.482],[36.082,36.622],[35.891,36.771],[35.506,36.559],[35.495,36.443],[35.221,36.388],[34.662,36.648],[34.485,36.627],[33.952,36.252],[33.954,36.16],[33.834,36.071],[33.753,36.147],[33.171,35.971],[32.64,36.008],[32.335,36.128],[31.902,36.497],[31.371,36.712],[30.905,36.794],[30.594,36.762],[30.473,36.188],[30.395,36.118],[30.166,36.188],[29.472,36.091],[29.298,36.173],[29.002,36.695],[28.814,36.535],[28.47,36.738],[28.267,36.712],[28.014,36.527],[27.912,36.699],[28.051,36.833],[27.999,36.909],[27.308,36.921],[27.269,37.042],[27.526,37.131],[27.365,37.329],[27.16,37.36],[27.14,37.889],[26.679,38.105],[26.393,38.104],[26.469,38.445],[26.742,38.278],[26.997,38.4],[26.696,38.641],[27.035,38.821],[26.937,38.925],[26.785,38.94],[26.871,39.056],[26.704,39.25],[26.602,39.256],[26.958,39.548],[26.064,39.456],[26.186,39.997],[26.32,39.992],[26.403,40.176],[26.765,40.377],[27.056,40.43],[27.272,40.451],[27.329,40.356],[27.526,40.297],[27.764,40.287],[27.83,40.345],[27.679,40.461],[27.808,40.504],[28.006,40.451],[27.908,40.351],[28.478,40.395],[29.052,40.335],[29.084,40.456],[28.778,40.525],[28.902,40.62],[29.883,40.746],[29.32,40.741],[29.015,40.979],[29.161,41.216],[30.138,41.132],[30.256,41.185],[30.745,41.04],[31.218,41.054],[31.404,41.164],[31.386,41.285],[32.419,41.749],[33.155,41.95],[33.556,41.983],[34.663,41.876],[35.002,42.043],[35.099,41.806],[35.286,41.671],[35.678,41.621],[35.958,41.686],[36.161,41.353],[36.383,41.238],[36.817,41.29],[37.253,41.028],[38.314,40.921],[39.37,41.064],[40.361,40.963],[41.293,41.286],[41.484,41.437],[42.25,41.369],[42.694,41.564],[42.878,41.546],[43.847,40.75],[43.67,40.295],[43.685,40.109],[43.812,40.014],[44.448,39.96],[44.67,39.757],[44.637,39.662],[44.349,39.609],[44.345,39.414],[44.082,39.295],[44.183,38.872],[44.128,38.703],[44.269,38.429],[44.318,38.476],[44.464,38.292],[44.205,37.867],[44.492,37.754],[44.427,37.644],[44.471,37.455],[44.784,37.27],[45.388,35.926],[46.211,35.784],[46.001,35.515],[45.995,35.401],[46.184,35.058],[45.671,34.617],[45.506,33.797],[46.105,33.21],[46.124,32.772],[46.508,32.812],[47.742,31.905],[47.787,31.569],[47.689,30.882],[48.033,30.878],[48.107,30.669],[48.081,30.395],[48.554,29.995],[47.957,29.948],[47.911,29.89],[47.996,29.49],[47.845,29.503],[47.614,29.272],[47.804,29.185],[48.129,29.268],[48.832,27.573]]],[[[24.013,35.21],[23.513,35.276],[23.529,35.57],[23.671,35.572],[23.697,35.698],[23.743,35.562],[23.957,35.528],[24.082,35.612],[24.153,35.564],[24.073,35.496],[24.23,35.391],[24.997,35.421],[25.014,35.362],[25.512,35.295],[25.673,35.349],[25.668,35.187],[25.742,35.137],[26.274,35.313],[26.16,35.024],[24.693,34.94],[24.69,35.092],[24.324,35.208],[24.013,35.21]]],[[[41.923,20.767],[40.82,19.685],[40.694,19.869],[39.764,20.407],[39.527,20.692],[39.167,21.219],[39.056,22.572],[38.329,23.835],[38.814,24.841],[40.648,24.153],[41.07,22.263],[41.812,21.713],[41.923,20.767]]],[[[24.025,40.746],[23.748,40.804],[23.633,40.713],[23.785,40.477],[24.295,40.176],[24.221,40.145],[24.048,40.308],[23.775,40.393],[23.627,40.345],[23.652,40.229],[23.869,40.161],[23.92,40.055],[23.796,39.987],[23.596,40.192],[23.292,40.287],[23.321,40.155],[23.597,39.934],[23.261,39.971],[23.141,40.266],[22.748,40.482],[22.864,40.535],[22.852,40.651],[22.492,40.498],[22.602,40.397],[22.467,40.118],[22.754,39.818],[22.813,39.603],[23.236,39.203],[23.052,39.103],[23.1,39.187],[23.045,39.271],[22.851,39.366],[22.72,39.287],[22.871,39.024],[22.49,38.877],[22.899,38.767],[22.984,38.667],[23.169,38.667],[23.356,38.49],[23.494,38.483],[23.556,38.352],[23.804,38.347],[23.961,38.21],[23.88,38.115],[23.987,37.763],[23.836,37.685],[23.496,38.068],[22.898,37.9],[23.04,37.858],[23.049,37.643],[23.151,37.59],[23.322,37.637],[23.312,37.548],[23.418,37.469],[23.11,37.347],[22.971,37.385],[23.025,37.48],[22.642,37.585],[22.887,37.047],[22.983,36.615],[22.674,36.754],[22.524,36.722],[22.39,36.524],[22.191,36.855],[21.984,37.02],[21.781,36.823],[21.588,36.981],[21.531,37.115],[21.614,37.415],[21.296,37.727],[21.228,37.905],[21.44,38.18],[21.714,38.135],[21.906,38.27],[22.747,37.953],[23.116,38.157],[22.334,38.427],[21.826,38.464],[21.172,38.348],[20.772,38.851],[21.007,38.871],[21.16,39.005],[21.007,39.113],[20.678,39.08],[20.212,39.405],[20.029,39.814],[19.369,40.26],[19.38,40.324],[19.484,40.296],[19.494,40.403],[19.339,40.589],[19.527,40.866],[19.445,40.965],[19.53,41.218],[19.417,41.345],[19.499,41.524],[19.619,41.559],[19.607,41.762],[19.143,41.932],[18.91,42.218],[19.242,42.32],[19.242,42.665],[19.442,42.579],[19.816,42.866],[19.586,43.066],[19.414,42.923],[19.414,43.009],[19.184,43.153],[19.012,43.066],[19.127,42.894],[19.041,42.837],[18.869,42.923],[18.668,42.837],[18.529,42.353],[18.429,42.586],[18.273,42.596],[17.821,42.897],[17.596,42.889],[17.548,42.92],[17.676,42.958],[17.646,43.053],[17.294,43.269],[17.259,43.445],[17.013,43.555],[16.712,43.771],[16.536,44.007],[16.194,44.193],[16.224,44.329],[16.039,44.6],[15.757,44.786],[15.828,45.203],[16.023,45.208],[16.139,45.072],[16.345,45.002],[16.511,45.208],[16.892,45.243],[17.857,45.047],[17.987,45.122],[18.585,45.092],[18.931,44.841],[19.122,44.926],[19.102,45.132],[19.167,45.203],[19.408,45.168],[19.544,45.253],[19.872,45.264],[20.241,45.155],[20.334,44.915],[20.643,44.813],[20.769,44.66],[21.364,44.82],[21.583,44.793],[21.592,44.708],[21.859,44.681],[22.133,44.511],[22.41,44.75],[22.343,44.986],[22.478,45.729],[23.018,45.864],[23.255,46.066],[23.558,45.897],[23.795,46.066],[24.065,46.1],[24.402,45.897],[24.942,45.965],[25.516,45.796],[25.448,46.302],[25.651,46.404],[25.853,46.674],[26.191,46.809],[26.292,47.214],[25.685,47.619],[25.246,47.686],[25.381,47.855],[25.786,47.956],[26.123,47.855],[26.123,48.125],[26.36,48.125],[26.163,48.941],[27.108,48.644],[27.108,48.833],[27.486,48.671],[27.486,48.752],[27.648,48.752],[27.706,48.44],[28.115,48.218],[28.347,48.23],[28.302,48.133],[28.908,47.818],[29.116,47.283],[29.427,46.816],[29.778,46.795],[29.865,47.62],[30.95,47.62],[31.08,47.793],[31.991,47.403],[33.388,47.313],[37.385,48.811],[37.885,49.186],[39.259,48.437],[40.508,47.437],[40.633,46.688],[40.383,45.439],[39.633,45.689],[37.474,44.692],[36.96,45.227],[37.661,45.345],[37.706,45.578],[37.99,46.007],[38.459,46.079],[38.265,46.319],[37.757,46.603],[38.401,46.721],[39.282,47.074],[39.16,47.269],[37.422,47.077],[37.193,46.894],[35.851,46.664],[35.624,46.521],[35.416,46.495],[35.212,46.637],[35.046,46.358],[34.907,46.273],[34.064,46.265],[33.839,46.193],[35.008,45.612],[35.063,45.34],[35.317,45.321],[35.85,45.445],[36.521,45.388],[36.265,45.097],[35.865,45.031],[35.387,45.082],[35.067,44.862],[34.372,44.757],[34.014,44.492],[33.395,44.6],[33.559,44.936],[33.398,45.253],[33.013,45.381],[32.575,45.361],[32.503,45.445],[32.902,45.673],[33.639,45.927],[33.528,46.134],[32.202,46.17],[31.926,46.41],[32.189,46.592],[31.951,46.865],[31.781,46.702],[30.833,46.577],[30.069,45.861],[29.63,45.75],[29.5,45.523],[29.683,45.375],[29.711,45.258],[29.458,44.915],[29.09,44.876],[28.686,44.488],[28.446,43.476],[28.035,43.392],[27.836,42.736],[27.654,42.684],[27.502,42.516],[27.495,42.401],[27.608,42.417],[27.913,42.078],[28.104,41.593],[29.081,41.201],[28.964,40.989],[28.828,40.915],[28.173,41.058],[27.932,40.958],[27.474,40.963],[27.264,40.667],[26.614,40.398],[26.141,40.045],[26.195,40.303],[26.556,40.498],[26.455,40.584],[26.124,40.603],[26.021,40.669],[25.993,40.852],[25.301,40.896],[25.019,41.017],[24.701,40.878],[24.519,40.873],[24.505,40.984],[24.354,40.971],[24.025,40.746]]],[[[33.733,34.909],[33.539,34.944],[33.484,34.796],[32.959,34.659],[32.915,34.541],[32.817,34.539],[32.784,34.625],[32.271,34.72],[32.144,35.043],[32.301,35.016],[32.483,35.153],[32.745,35.114],[32.795,35.361],[33.539,35.332],[34.458,35.645],[33.78,35.208],[33.925,34.953],[33.733,34.909]]],[[[25.873,36.356],[25.713,36.35],[25.789,36.405],[25.873,36.356]]],[[[25.493,36.423],[25.493,36.331],[25.318,36.399],[25.371,36.497],[25.493,36.423]]],[[[25.949,36.911],[26.025,36.96],[26.086,36.899],[25.751,36.783],[25.949,36.911]]],[[[24.588,36.869],[24.679,36.759],[24.466,36.649],[24.299,36.753],[24.588,36.869]]],[[[24.877,36.68],[24.976,36.637],[24.945,36.57],[24.824,36.637],[24.877,36.68]]],[[[25.196,36.674],[25.044,36.661],[25.166,36.741],[25.196,36.674]]],[[[25.295,36.808],[25.432,36.698],[25.386,36.637],[25.265,36.704],[25.295,36.808]]],[[[24.444,37.099],[24.428,37.208],[24.535,37.117],[24.444,37.099]]],[[[24.383,37.571],[24.261,37.541],[24.299,37.661],[24.398,37.667],[24.383,37.571]]],[[[24.36,37.305],[24.398,37.468],[24.489,37.396],[24.36,37.305]]],[[[25.044,37.378],[24.846,37.366],[24.862,37.529],[25.044,37.378]]],[[[25.272,37.565],[25.47,37.438],[25.318,37.402],[24.656,37.901],[24.763,38.003],[25.272,37.565]]],[[[24.786,36.948],[24.679,36.905],[24.649,37.014],[24.717,37.051],[24.786,36.948]]],[[[25.31,37.002],[24.938,36.96],[25.151,37.172],[25.31,37.196],[25.31,37.002]]],[[[25.607,37.124],[25.546,36.96],[25.455,36.923],[25.363,37.008],[25.341,37.087],[25.538,37.22],[25.607,37.124]]]]}},{"type":"Feature","properties":{"NAME":null,"ABBREVN":null,"SUBJECTO":null,"BORDERPRECISION":3,"PARTOF":null},"geometry":{"type":"MultiPolygon","coordinates":[[[[120.622,21.925],[120.113,22.642],[119.964,23.086],[120.021,23.62],[120.857,24.809],[121.429,25.134],[121.781,24.9],[121.593,24.646],[121.573,24.226],[121.399,23.934],[121.325,23.4],[120.782,22.345],[120.725,21.989],[120.622,21.925]]]]}},{"type":"Feature","properties":{"NAME":"Cuba (Spain)","ABBREVN":"Cuba (Spain)","SUBJECTO":"Spain","BORDERPRECISION":3,"PARTOF":"Cuba (Spain)"},"geometry":{"type":"MultiPolygon","coordinates":[[[[-82.177,22.366],[-81.663,22.507],[-81.739,22.621],[-82.046,22.697],[-82.853,22.638],[-83.39,22.223],[-83.945,22.159],[-84.03,21.955],[-84.209,21.828],[-84.706,21.77],[-84.377,22.056],[-84.435,22.323],[-84.308,22.495],[-83.69,22.814],[-82.959,23.025],[-81.431,23.137],[-79.985,22.879],[-79.33,22.404],[-78.171,22.12],[-77.712,21.899],[-77.191,21.448],[-75.751,21.121],[-75.604,21.013],[-75.759,20.752],[-75.654,20.683],[-75.062,20.697],[-74.173,20.19],[-75.519,19.907],[-76.398,20.02],[-77.243,19.885],[-77.663,19.903],[-77.177,20.355],[-77.099,20.533],[-77.291,20.704],[-78.157,20.817],[-78.45,20.969],[-78.514,21.306],[-78.728,21.617],[-79.735,21.672],[-80.776,22.102],[-81.572,22.164],[-82.177,22.366]]]]}},{"type":"Feature","properties":{"NAME":"Haiti","ABBREVN":"Haiti","SUBJECTO":"Haiti","BORDERPRECISION":3,"PARTOF":"Haiti"},"geometry":{"type":"MultiPolygon","coordinates":[[[[-71.777,19.771],[-71.72,18.895],[-71.895,18.614],[-71.677,18.003],[-71.978,18.262],[-72.178,18.287],[-72.915,18.228],[-73.474,18.316],[-73.687,18.271],[-73.857,18.112],[-74.365,18.378],[-74.442,18.524],[-74.303,18.696],[-72.746,18.509],[-72.298,18.662],[-72.698,18.941],[-72.759,19.074],[-72.676,19.392],[-72.767,19.525],[-73.355,19.658],[-73.493,19.753],[-73.421,19.874],[-72.94,19.945],[-72.103,19.756],[-71.777,19.771]]]]}},{"type":"Feature","properties":{"NAME":"Santo Domingo (Spain)","ABBREVN":"Santo Domingo (Spain)","SUBJECTO":"Spain","BORDERPRECISION":3,"PARTOF":"Santo Domingo (Spain)"},"geometry":{"type":"MultiPolygon","coordinates":[[[[-71.677,18.003],[-71.891,18.69],[-71.72,18.895],[-71.777,19.771],[-71.551,19.897],[-71.22,19.834],[-70.882,19.93],[-70.739,19.79],[-70.289,19.652],[-69.993,19.684],[-69.747,19.354],[-68.657,18.873],[-68.373,18.575],[-68.665,18.199],[-68.986,18.51],[-69.808,18.547],[-70.299,18.259],[-70.477,18.285],[-70.696,18.519],[-71.062,18.347],[-71.401,17.704],[-71.531,17.755],[-71.677,18.003]]]]}},{"type":"Feature","properties":{"NAME":"Philippines","ABBREVN":"Philippines","SUBJECTO":"Philippines","BORDERPRECISION":3,"PARTOF":"Philippines"},"geometry":{"type":"MultiPolygon","coordinates":[[[[120.364,14.531],[119.972,14.905],[119.772,15.47],[119.813,15.978],[119.681,16.187],[119.762,16.359],[120.202,16.042],[120.293,16.233],[120.247,16.875],[120.393,18.044],[120.564,18.432],[120.8,18.553],[121.036,18.528],[121.581,18.294],[121.84,18.276],[122.05,18.447],[122.139,18.384],[122.147,18.206],[122.028,18.009],[122.07,17.438],[122.396,17.114],[122.064,16.332],[121.402,15.874],[121.368,15.499],[121.242,15.308],[121.729,14.108],[122.107,13.918],[122.397,14.307],[122.486,14.32],[122.776,14.174],[122.985,13.73],[123.132,13.692],[123.359,13.953],[123.702,13.82],[123.737,13.763],[123.398,13.527],[123.819,12.976],[123.677,12.893],[123.239,13.025],[123.094,13.381],[122.485,13.881],[122.369,13.881],[122.325,13.779],[122.492,13.43],[122.394,13.303],[122.067,13.652],[121.625,13.898],[121.009,13.656],[120.599,13.922],[120.511,14.112],[120.799,14.386],[121.105,14.253],[121.285,14.342],[120.706,14.729],[120.471,14.804],[120.364,14.531]]],[[[121.094,12.201],[120.734,12.55],[120.547,13.153],[120.341,13.387],[121.039,13.408],[121.181,13.332],[121.304,13.129],[121.317,12.742],[121.094,12.201]]],[[[125.323,11.124],[124.883,11.434],[124.875,11.834],[124.33,12.208],[124.264,12.418],[124.952,12.527],[125.119,12.477],[125.246,12.293],[125.449,11.207],[125.323,11.124]]],[[[121.873,10.468],[121.994,11.758],[122.47,11.454],[122.92,11.525],[122.897,11.15],[122.706,10.94],[122.297,10.647],[121.873,10.468]]],[[[118.865,10.024],[118.7,10.036],[119.108,10.628],[119.207,11.13],[119.354,11.213],[119.417,11.13],[119.345,11.003],[119.564,10.502],[118.865,10.024]]],[[[122.942,9.048],[122.396,9.478],[122.303,9.65],[122.347,9.815],[122.602,9.911],[122.701,10.032],[122.92,10.852],[123.239,10.922],[123.312,10.738],[123.104,10.23],[122.962,9.594],[123.133,9.251],[123.037,9.067],[122.942,9.048]]],[[[117.271,8.451],[117.128,8.47],[117.379,8.896],[118.089,9.431],[118.508,9.921],[118.558,9.673],[118.505,9.483],[117.967,9.113],[117.857,8.833],[117.444,8.635],[117.271,8.451]]],[[[126.045,6.608],[125.955,6.652],[125.748,7.186],[125.615,7.236],[125.28,6.594],[125.533,5.94],[125.289,5.488],[125.073,5.723],[125.163,5.907],[125.129,6.053],[124.966,6.085],[124.803,5.786],[124.224,6.09],[123.973,6.337],[123.864,6.851],[124.074,7.258],[124.025,7.474],[123.815,7.658],[123.334,7.771],[123.248,7.593],[123.023,7.478],[122.725,7.452],[122.635,7.783],[122.455,7.693],[121.992,6.873],[121.824,7.057],[122.094,7.775],[122.384,7.985],[122.736,8.062],[122.889,8.342],[123.486,8.496],[123.617,8.337],[123.663,8.014],[124.024,8.11],[124.21,8.447],[124.372,8.561],[124.671,8.429],[124.742,8.918],[124.872,8.925],[124.991,8.715],[125.225,8.995],[125.401,8.951],[125.461,9.053],[125.362,9.625],[125.428,9.784],[126.037,8.959],[126.075,8.813],[125.923,8.482],[126.03,8.381],[126.272,8.426],[126.28,7.733],[126.372,7.34],[126.045,6.608]]]]}},{"type":"Feature","properties":{"NAME":"Virgin Islands (Danemark)","ABBREVN":"Virgin Islands (Danemark)","SUBJECTO":"Danemark","BORDERPRECISION":3,"PARTOF":"Virgin Islands (Danemark)"},"geometry":{"type":"MultiPolygon","coordinates":[[[[-66.906,17.936],[-67.152,17.987],[-67.211,18.438],[-67.161,18.514],[-65.952,18.472],[-65.724,18.333],[-65.967,18.027],[-66.451,18.045],[-66.906,17.936]]]]}},{"type":"Feature","properties":{"NAME":"Jamaica (UK)","ABBREVN":"Jamaica (UK)","SUBJECTO":"United Kingdom","BORDERPRECISION":3,"PARTOF":"Jamaica (UK)"},"geometry":{"type":"MultiPolygon","coordinates":[[[[-77.291,17.806],[-77.737,17.932],[-78.052,18.218],[-78.261,18.255],[-78.325,18.35],[-78.086,18.478],[-77.769,18.51],[-77.156,18.397],[-76.426,18.119],[-76.301,17.992],[-76.319,17.903],[-76.468,17.871],[-76.806,18.004],[-77.05,17.978],[-77.291,17.806]]]]}},{"type":"Feature","properties":{"NAME":"Ceylon","ABBREVN":"Ceylon","SUBJECTO":"Ceylon","BORDERPRECISION":3,"PARTOF":"Ceylon"},"geometry":{"type":"MultiPolygon","coordinates":[[[[79.919,8.949],[80.392,8.739],[80.503,8.785],[80.42,8.432],[80.291,8.304],[80.112,8.33],[80.034,8.124],[80.079,7.744],[79.981,7.906],[79.838,7.816],[79.724,8.417],[79.809,8.647],[79.675,8.805],[79.706,8.931],[79.919,8.949]]]]}},{"type":"Feature","properties":{"NAME":"Madagascar","ABBREVN":"Madagascar","SUBJECTO":"Madagascar","BORDERPRECISION":3,"PARTOF":"Madagascar"},"geometry":{"type":"MultiPolygon","coordinates":[[[[44.672,-16.236],[44.917,-16.203],[45.197,-16.037],[45.555,-16.056],[45.732,-15.89],[46.142,-15.826],[46.282,-15.952],[46.419,-15.939],[46.464,-15.857],[46.388,-15.692],[46.734,-15.449],[46.925,-15.36],[47.07,-15.461],[47.245,-15.366],[47.106,-15.144],[47.199,-15.016],[47.426,-14.825],[47.633,-14.984],[47.884,-14.716],[47.699,-14.443],[47.741,-14.31],[47.972,-14.284],[48.049,-14.131],[47.916,-13.737],[47.942,-13.585],[48.11,-13.597],[48.224,-13.794],[48.35,-13.838],[48.44,-13.654],[48.751,-13.418],[48.993,-12.737],[48.935,-12.477],[49.176,-12.266],[49.542,-12.704],[49.88,-12.92],[50.15,-14.419],[50.503,-15.314],[50.486,-15.48],[50.187,-15.957],[49.754,-15.398],[49.62,-15.462],[49.685,-16.047],[49.863,-16.282],[49.898,-16.46],[49.425,-17.198],[49.342,-18.228],[47.258,-24.766],[46.855,-25.218],[46.239,-25.264],[45.789,-25.411],[45.576,-25.621],[45.211,-25.66],[44.959,-25.387],[44.425,-25.312],[44.037,-24.989],[43.934,-24.519],[43.671,-24.227],[43.672,-23.903],[43.827,-23.413],[43.785,-23.267],[43.291,-22.41],[43.501,-21.494],[43.816,-21.316],[44.517,-20.024],[44.585,-19.528],[44.536,-19.369],[44.251,-19.103],[44.394,-18.791],[44.16,-18.404],[43.972,-17.553],[44.451,-16.725],[44.454,-16.242],[44.672,-16.236]],[[48.015,-17.023],[47.482,-16.904],[46.654,-17.733],[45.292,-22.645],[45.529,-23.592],[46.002,-23.592],[47.186,-23.119],[48.488,-20.041],[48.488,-19.449],[48.015,-17.023]]]]}},{"type":"Feature","properties":{"NAME":"Maori","ABBREVN":"Maori","SUBJECTO":"Maori","BORDERPRECISION":3,"PARTOF":"Maori"},"geometry":{"type":"MultiPolygon","coordinates":[[[[175.308,-37.321],[175.64,-37.41],[175.535,-37.072],[175.558,-36.944],[175.663,-36.95],[175.838,-37.026],[176.129,-37.798],[177.362,-38.237],[178.241,-37.832],[178.569,-37.921],[178.599,-38.125],[178.408,-38.771],[177.939,-38.83],[177.867,-39.207],[177.34,-39.227],[177.146,-39.317],[177.024,-39.445],[177.156,-39.95],[176.796,-40.271],[176.011,-41.255],[175.365,-41.662],[175.002,-41.444],[174.895,-41.296],[175.367,-40.454],[175.354,-40.3],[174.889,-39.98],[173.992,-39.611],[173.805,-39.42],[174.655,-38.983],[174.749,-38.753],[174.713,-38.44],[174.931,-38.101],[174.945,-37.928],[174.728,-37.552],[174.765,-37.297],[174.22,-36.557],[174.266,-36.483],[174.201,-36.347],[173.788,-36.031],[174.064,-36.368],[174.087,-36.431],[174.01,-36.431],[173.046,-35.253],[173.07,-35.126],[172.96,-34.864],[172.633,-34.56],[173.019,-34.518],[173.057,-34.643],[172.99,-34.727],[173.33,-35.084],[173.349,-35.021],[173.47,-35.032],[174.015,-35.232],[174.068,-35.41],[174.3,-35.347],[174.392,-35.579],[174.609,-35.789],[174.494,-35.873],[174.536,-35.947],[174.348,-35.915],[174.787,-36.283],[174.824,-36.483],[174.706,-36.462],[174.973,-36.778],[174.647,-36.767],[174.645,-36.831],[174.928,-36.967],[174.887,-37.062],[175.301,-37.136],[175.235,-37.231],[175.308,-37.321]]],[[[172.063,-43.923],[171.378,-44.338],[171.066,-44.229],[170.994,-44.267],[171.255,-44.551],[171.171,-44.939],[170.634,-44.863],[171.024,-45.075],[170.612,-45.946],[169.399,-46.71],[168.7,-46.6],[168.417,-46.651],[168.154,-46.452],[167.62,-46.351],[167.548,-46.212],[167.338,-46.168],[167.202,-46.308],[166.85,-46.35],[166.523,-46.233],[166.457,-46.104],[166.651,-46.064],[166.551,-45.967],[166.844,-45.915],[166.64,-45.697],[167.009,-45.817],[166.801,-45.557],[166.855,-45.492],[167.281,-45.563],[167.318,-45.504],[167.137,-45.2],[167.921,-44.616],[167.967,-44.48],[168.416,-44.221],[168.914,-44.097],[169.649,-43.741],[170.203,-43.224],[170.371,-43.217],[171.024,-42.887],[171.077,-42.713],[171.398,-42.513],[171.349,-42.287],[171.458,-41.993],[171.596,-42.014],[172.087,-41.707],[172.207,-41.045],[172.437,-40.753],[172.769,-40.848],[172.784,-40.965],[172.935,-40.992],[173.123,-41.435],[173.264,-41.544],[173.701,-41.254],[174.058,-41.291],[174.158,-41.516],[174.069,-41.696],[174.234,-42.011],[173.841,-42.488],[172.441,-43.509],[172.628,-43.692],[172.82,-43.714],[173.01,-43.844],[172.667,-43.926],[172.441,-43.793],[172.063,-43.923]]]]}},{"type":"Feature","properties":{"NAME":null,"ABBREVN":null,"SUBJECTO":null,"BORDERPRECISION":3,"PARTOF":null},"geometry":{"type":"MultiPolygon","coordinates":[[[[-24.219,65.534],[-23.973,65.687],[-23.267,65.725],[-23.608,65.98],[-23.466,66.133],[-22.911,65.944],[-22.609,65.923],[-22.474,65.996],[-22.841,66.281],[-22.676,66.391],[-21.779,66.254],[-21.443,66.13],[-21.242,65.882],[-21.296,65.699],[-21.495,65.568],[-21.08,65.205],[-20.831,65.366],[-20.168,65.556],[-20.217,66.001],[-19.973,66.111],[-19.336,65.674],[-19.156,65.725],[-19.275,65.929],[-19.165,66.003],[-18.676,66.091],[-18.128,65.786],[-17.884,65.757],[-17.861,65.837],[-18.022,66.078],[-16.922,65.978],[-16.568,66.029],[-16.376,66.132],[-16.385,66.454],[-15.86,66.419],[-15.574,66.207],[-15.071,66.061],[-14.763,66.055],[-14.641,65.945],[-14.754,65.697],[-14.4,65.567],[-13.647,65.495],[-13.526,65.183],[-13.694,64.779],[-14.348,64.67],[-14.366,64.476],[-14.598,64.267],[-14.821,64.195],[-15.267,64.28],[-15.634,64.057],[-16.534,63.784],[-17.591,63.689],[-17.944,63.425],[-18.642,63.324],[-19.553,63.415],[-20.404,63.698],[-22.373,63.773],[-22.507,63.866],[-21.804,64.11],[-21.488,64.376],[-22.086,64.44],[-22.392,64.662],[-23.508,64.559],[-23.675,64.659],[-23.437,64.804],[-21.978,64.95],[-21.809,65.037],[-21.729,65.182],[-21.794,65.298],[-22.362,65.45],[-22.814,65.471],[-23.678,65.317],[-24.147,65.439],[-24.219,65.534]]]]}},{"type":"Feature","properties":{"NAME":"United Kingdom","ABBREVN":"UK","SUBJECTO":"United Kingdom","BORDERPRECISION":3,"PARTOF":"United Kingdom"},"geometry":{"type":"MultiPolygon","coordinates":[[[[-5.756,55.477],[-5.689,55.628],[-5.518,55.668],[-5.482,55.443],[-5.62,55.33],[-5.698,55.331],[-5.756,55.477]]],[[[0.081,53.386],[0.268,53.127],[0.006,52.787],[0.327,52.707],[0.505,52.848],[1.013,52.888],[1.376,52.809],[1.586,52.65],[1.692,52.311],[1.512,52.026],[1.031,51.813],[0.686,51.56],[0.254,51.454],[1.365,51.353],[1.335,51.121],[0.886,50.982],[0.888,50.893],[0.673,50.931],[0.192,50.731],[-0.336,50.817],[-0.839,50.722],[-1.103,50.817],[-2.085,50.703],[-2.024,50.57],[-2.432,50.646],[-2.551,50.57],[-2.961,50.722],[-3.521,50.617],[-3.563,50.361],[-3.715,50.219],[-3.882,50.2],[-4.243,50.391],[-4.303,50.324],[-4.541,50.358],[-4.967,50.212],[-5.282,49.964],[-5.429,50.068],[-5.778,50.134],[-4.815,50.604],[-4.605,50.779],[-4.552,50.997],[-4.443,50.969],[-4.277,51.064],[-4.281,51.187],[-3.825,51.235],[-3.066,51.178],[-3.033,51.33],[-2.895,51.394],[-2.75,51.644],[-3.173,51.467],[-3.499,51.46],[-4.159,51.677],[-4.999,51.702],[-5.249,51.86],[-5.061,52.006],[-4.295,52.2],[-4.124,52.373],[-4.094,52.746],[-4.148,52.832],[-4.621,52.831],[-4.492,52.991],[-3.957,53.205],[-2.914,53.267],[-3.057,53.514],[-2.865,54.028],[-2.886,54.169],[-3.261,54.141],[-3.569,54.415],[-3.43,54.643],[-3.153,54.838],[-3.577,54.924],[-4.122,54.762],[-4.461,54.862],[-4.6,54.688],[-5.111,54.794],[-5.067,54.948],[-4.638,55.428],[-4.908,55.664],[-4.895,55.772],[-4.623,55.908],[-4.711,56.131],[-5.57,55.751],[-5.633,55.94],[-5.271,56.544],[-5.547,56.652],[-5.822,56.4],[-6.044,56.475],[-5.909,56.733],[-5.625,56.999],[-5.726,57.258],[-5.461,57.388],[-5.763,57.62],[-5.568,57.777],[-5.056,57.751],[-5.346,58.093],[-4.907,58.169],[-5.113,58.395],[-4.926,58.567],[-4.51,58.403],[-3.165,58.522],[-3.028,58.406],[-3.166,58.275],[-3.943,57.958],[-4.15,57.835],[-4.249,57.636],[-4.148,57.555],[-3.796,57.542],[-2.15,57.572],[-1.945,57.402],[-2.203,57.065],[-2.159,57.014],[-2.667,56.471],[-3.152,56.337],[-2.721,56.178],[-3.294,55.974],[-3.895,55.985],[-3.713,55.885],[-3.356,55.843],[-2.742,55.957],[-2.245,55.811],[-1.719,55.454],[-1.556,54.922],[-1.389,54.68],[-0.871,54.547],[-0.296,54.033],[-0.235,53.799],[-0.319,53.579],[0.081,53.386]]]]}},{"type":"Feature","properties":{"NAME":"Austrian Netherlands","ABBREVN":"Aust Netherl","SUBJECTO":"Austrian Empire","BORDERPRECISION":3,"PARTOF":"Austrian Netherlands"},"geometry":{"type":"MultiPolygon","coordinates":[[[[2.522,51.091],[3.214,51.354],[4.407,51.34],[4.395,51.411],[4.671,51.405],[4.791,51.487],[4.932,51.378],[5.113,51.405],[5.244,51.237],[5.484,51.286],[5.824,51.117],[5.697,50.731],[6.0,50.742],[6.155,50.662],[6.281,50.498],[6.298,50.287],[6.109,50.117],[6.007,50.15],[5.834,50.047],[5.738,49.902],[5.745,49.755],[5.884,49.664],[5.824,49.507],[5.788,49.559],[5.475,49.48],[5.098,49.761],[4.86,49.782],[4.812,49.966],[4.865,50.134],[4.668,49.96],[4.285,49.911],[4.156,49.966],[4.22,50.242],[3.675,50.334],[3.603,50.47],[3.37,50.465],[3.123,50.807],[2.875,50.682],[2.755,50.739],[2.522,51.091]]]]}},{"type":"Feature","properties":{"NAME":"Spain","ABBREVN":"Spain","SUBJECTO":"Spain","BORDERPRECISION":3,"PARTOF":"Spain"},"geometry":{"type":"MultiPolygon","coordinates":[[[[-8.806,41.889],[-8.86,42.015],[-8.644,42.42],[-8.942,42.824],[-9.247,42.901],[-9.271,43.049],[-9.014,43.281],[-8.31,43.353],[-8.22,43.617],[-7.98,43.74],[-6.808,43.523],[-5.82,43.706],[-5.225,43.507],[-3.417,43.376],[-3.007,43.55],[-2.768,43.538],[-2.367,43.326],[-1.491,43.21],[-1.515,42.998],[-0.84,42.909],[-0.612,42.731],[-0.41,42.786],[-0.166,42.649],[0.18,42.663],[0.196,42.608],[0.592,42.628],[0.584,42.772],[0.744,42.772],[1.307,42.635],[1.364,42.41],[1.448,42.375],[1.709,42.423],[1.876,42.314],[2.171,42.382],[2.582,42.287],[2.599,42.348],[2.937,42.41],[3.087,42.369],[3.086,42.121],[3.157,42.076],[3.129,41.857],[2.201,41.446],[2.081,41.298],[0.879,41.022],[0.71,40.785],[0.827,40.727],[0.788,40.657],[0.505,40.593],[-0.161,39.886],[-0.395,39.434],[-0.166,38.954],[0.173,38.738],[-0.435,38.43],[-0.665,38.177],[-0.872,37.76],[-0.803,37.615],[-1.365,37.548],[-1.626,37.439],[-1.817,37.292],[-1.94,36.952],[-2.239,36.728],[-2.355,36.824],[-2.624,36.811],[-2.761,36.69],[-4.447,36.722],[-4.757,36.486],[-5.217,36.41],[-5.424,36.072],[-5.488,36.174],[-5.485,36.065],[-5.661,36.008],[-6.204,36.282],[-6.289,36.572],[-6.444,36.623],[-6.5,36.719],[-6.422,36.792],[-6.632,37.022],[-7.228,37.226],[-7.492,37.208],[-7.243,37.811],[-6.845,38.1],[-7.028,38.24],[-7.394,38.295],[-7.317,38.5],[-6.933,38.961],[-7.431,39.521],[-6.878,39.702],[-6.834,41.061],[-6.241,41.32],[-6.112,41.417],[-6.139,41.526],[-6.518,41.749],[-6.709,41.96],[-6.86,41.985],[-7.098,41.868],[-7.919,41.889],[-8.157,42.087],[-8.806,41.889]]]]}},{"type":"Feature","properties":{"NAME":"Portugal","ABBREVN":"Portugal","SUBJECTO":"Portugal","BORDERPRECISION":3,"PARTOF":"Portugal"},"geometry":{"type":"MultiPolygon","coordinates":[[[[-7.492,37.208],[-7.836,37.032],[-8.667,37.121],[-8.991,36.99],[-8.842,37.525],[-8.851,37.91],[-8.933,37.962],[-8.789,38.436],[-8.854,38.5],[-9.237,38.417],[-9.285,38.619],[-9.069,38.643],[-8.942,38.742],[-9.041,38.92],[-9.176,38.732],[-9.362,38.671],[-9.522,38.69],[-9.549,38.775],[-9.415,39.367],[-9.118,39.644],[-8.916,40.138],[-8.97,40.19],[-8.694,40.992],[-8.921,41.767],[-8.806,41.889],[-8.157,42.087],[-7.919,41.889],[-7.098,41.868],[-6.86,41.985],[-6.709,41.96],[-6.518,41.749],[-6.139,41.526],[-6.112,41.417],[-6.834,41.061],[-6.878,39.702],[-7.431,39.521],[-6.933,38.961],[-7.317,38.5],[-7.394,38.295],[-7.028,38.24],[-6.845,38.1],[-7.243,37.811],[-7.492,37.208]]]]}},{"type":"Feature","properties":{"NAME":"Belize","ABBREVN":"Belize","SUBJECTO":"United Kingdom","BORDERPRECISION":3,"PARTOF":"Belize"},"geometry":{"type":"MultiPolygon","coordinates":[[[[-88.399,18.309],[-88.124,18.387],[-88.112,18.194],[-88.3,17.635],[-88.22,17.514],[-88.327,17.157],[-88.242,17.014],[-88.283,16.835],[-88.445,16.441],[-88.58,16.284],[-88.742,16.269],[-88.766,16.141],[-88.941,16.033],[-88.941,15.905],[-89.251,15.897],[-89.166,17.979],[-89.04,18.022],[-88.867,17.901],[-88.517,18.487],[-88.32,18.494],[-88.399,18.309]]]]}},{"type":"Feature","properties":{"NAME":"Malaya","ABBREVN":"Malaya","SUBJECTO":"Malaya","BORDERPRECISION":3,"PARTOF":"Malaya"},"geometry":{"type":"MultiPolygon","coordinates":[[[[102.074,6.154],[102.325,6.099],[103.342,4.805],[103.351,2.804],[103.83,2.17],[104.176,1.389],[103.349,1.412],[102.717,1.881],[101.893,2.337],[101.336,2.781],[101.264,3.225],[101.067,3.536],[100.664,3.904],[100.577,4.202],[100.608,4.552],[100.38,5.021],[100.159,6.34],[100.617,6.422],[100.665,6.212],[100.984,6.052],[101.027,5.856],[100.931,5.677],[101.076,5.531],[101.312,5.835],[101.451,5.761],[101.473,5.546],[101.763,5.586],[101.812,5.845],[102.035,6.002],[102.074,6.154]]],[[[109.518,1.821],[109.723,1.617],[109.902,1.554],[110.289,1.516],[110.818,1.244],[111.12,1.27],[110.893,1.511],[111.372,2.599],[112.759,3.009],[112.952,3.155],[113.188,3.615],[113.423,3.76],[113.815,4.263],[114.074,4.455],[114.139,4.232],[114.245,4.237],[114.434,3.998],[115.161,4.309],[115.061,4.437],[115.078,4.598],[114.962,4.877],[115.361,4.876],[115.418,5.111],[115.203,5.276],[115.292,5.454],[115.717,5.468],[115.787,5.74],[116.338,6.358],[116.596,6.899],[116.741,6.69],[116.889,6.646],[117.031,6.837],[117.168,6.614],[117.507,6.393],[117.541,6.24],[117.37,5.789],[117.867,5.904],[117.918,5.803],[117.762,5.58],[118.377,5.639],[118.998,5.278],[119.043,5.17],[118.881,4.979],[118.683,4.915],[118.108,4.939],[117.948,4.799],[117.992,4.685],[118.391,4.374],[118.319,4.234],[118.112,4.145],[117.589,4.048],[117.559,3.981],[117.138,4.153],[116.027,4.235],[115.707,4.157],[115.482,3.615],[115.53,3.171],[115.431,2.999],[115.14,2.889],[115.042,2.736],[115.076,2.399],[114.659,1.596],[114.485,1.461],[113.887,1.305],[113.677,1.145],[113.296,1.2],[112.616,1.463],[112.4,1.43],[111.98,0.995],[111.562,0.764],[110.966,0.913],[110.549,0.726],[110.211,0.889],[109.761,1.331],[109.518,1.821]]]]}},{"type":"Feature","properties":{"NAME":"Papua New Guinea","ABBREVN":"Papua N Guin","SUBJECTO":"Papua New Guinea","BORDERPRECISION":3,"PARTOF":"Papua New Guinea"},"geometry":{"type":"MultiPolygon","coordinates":[[[[149.554,-6.406],[149.379,-6.209],[149.209,-6.153],[149.021,-6.242],[148.306,-5.773],[148.377,-5.659],[149.648,-5.713],[149.869,-5.401],[150.181,-5.706],[150.722,-5.622],[150.887,-5.52],[151.157,-5.1],[151.57,-5.029],[151.539,-4.406],[151.944,-4.52],[152.09,-4.36],[152.268,-4.779],[152.136,-5.085],[151.907,-5.104],[151.835,-5.206],[152.059,-5.498],[151.92,-5.657],[151.28,-5.671],[151.056,-6.015],[150.494,-6.277],[149.554,-6.406]]],[[[140.948,-9.274],[140.941,-7.365],[140.747,-6.749],[140.945,-6.379],[140.87,-2.795],[143.446,-3.61],[144.103,-3.984],[144.543,-3.995],[144.783,-4.338],[145.377,-4.674],[145.728,-4.997],[145.608,-5.525],[146.893,-6.03],[147.376,-6.125],[147.644,-6.48],[147.739,-6.74],[146.909,-6.895],[146.886,-7.117],[147.151,-7.562],[148.035,-8.246],[148.133,-8.627],[148.459,-9.097],[148.589,-9.16],[149.198,-9.121],[149.237,-9.21],[149.078,-9.458],[149.357,-9.616],[149.83,-9.711],[149.859,-9.831],[149.567,-9.927],[150.418,-10.294],[150.523,-10.637],[150.495,-10.739],[150.002,-10.734],[149.783,-10.41],[148.561,-10.184],[147.874,-10.179],[147.615,-10.084],[147.393,-9.926],[147.185,-9.57],[146.646,-9.279],[145.82,-8.098],[144.929,-7.922],[144.627,-7.783],[144.38,-7.758],[144.016,-7.874],[143.665,-7.671],[143.78,-8.109],[143.356,-8.129],[143.489,-8.307],[143.437,-8.358],[142.249,-8.31],[143.051,-8.67],[143.331,-9.0],[142.607,-9.377],[140.948,-9.274]]]]}},{"type":"Feature","properties":{"NAME":"Dutch Republic","ABBREVN":"Dutch Republic","SUBJECTO":"Dutch Republic","BORDERPRECISION":3,"PARTOF":"Dutch Republic"},"geometry":{"type":"MultiPolygon","coordinates":[[[[7.16,53.164],[7.228,52.967],[7.073,52.804],[7.035,52.624],[6.778,52.64],[6.714,52.476],[6.997,52.443],[7.068,52.219],[6.68,51.888],[5.979,51.804],[5.948,51.722],[6.117,51.64],[6.222,51.389],[6.089,51.198],[6.176,51.144],[5.928,50.981],[6.074,50.867],[6.0,50.742],[5.697,50.731],[5.824,51.117],[5.484,51.286],[5.244,51.237],[5.113,51.405],[4.932,51.378],[4.791,51.487],[4.671,51.405],[4.395,51.411],[4.407,51.34],[3.99,51.344],[3.775,51.388],[3.52,51.579],[4.264,52.071],[4.719,52.802],[5.008,52.856],[5.235,52.623],[5.108,52.532],[5.006,52.557],[5.036,52.334],[4.95,52.278],[5.473,52.177],[5.757,52.334],[5.817,52.521],[5.556,52.587],[5.547,52.679],[5.653,52.75],[5.326,52.79],[5.39,53.139],[5.966,53.335],[6.751,53.39],[7.043,53.164],[7.16,53.164]]]]}},{"type":"Feature","properties":{"NAME":"Trinidad","ABBREVN":"Trinidad","SUBJECTO":"Trinidad","BORDERPRECISION":3,"PARTOF":"Trinidad"},"geometry":{"type":"MultiPolygon","coordinates":[[[[-61.114,10.822],[-61.237,10.63],[-61.207,10.118],[-61.536,10.036],[-62.039,10.058],[-61.653,10.279],[-61.662,10.543],[-61.735,10.66],[-61.861,10.682],[-61.809,10.725],[-61.114,10.822]]]]}},{"type":"Feature","properties":{"NAME":"Brunei","ABBREVN":"Brunei","SUBJECTO":"Brunei","BORDERPRECISION":3,"PARTOF":"Brunei"},"geometry":{"type":"MultiPolygon","coordinates":[[[[114.074,4.455],[114.45,4.563],[114.745,4.984],[114.854,5.016],[114.823,4.895],[115.011,4.798],[115.061,4.437],[115.161,4.309],[114.434,3.998],[114.245,4.237],[114.139,4.232],[114.074,4.455]]]]}},{"type":"Feature","properties":{"NAME":"Dutch East Indies","ABBREVN":"East Indies","SUBJECTO":"Neterlands","BORDERPRECISION":3,"PARTOF":"Dutch East Indies"},"geometry":{"type":"MultiPolygon","coordinates":[[[[140.87,-2.795],[140.945,-6.379],[140.747,-6.749],[140.941,-7.365],[140.948,-9.274],[139.977,-8.238],[138.917,-8.317],[139.156,-7.725],[138.65,-7.141],[138.662,-7.04],[138.861,-7.09],[139.028,-7.02],[138.551,-6.652],[137.824,-5.427],[137.595,-5.25],[137.113,-5.035],[135.061,-4.454],[134.777,-4.309],[134.766,-4.036],[134.401,-4.068],[134.041,-3.948],[133.857,-3.771],[133.763,-3.51],[133.823,-3.288],[133.753,-3.186],[133.563,-3.415],[133.395,-3.988],[132.932,-4.268],[132.713,-3.888],[132.896,-3.696],[132.827,-3.506],[132.495,-3.221],[132.025,-3.018],[132.016,-2.821],[132.719,-2.934],[133.121,-2.597],[133.321,-2.742],[133.781,-2.722],[133.884,-2.43],[133.855,-2.245],[133.321,-2.38],[132.219,-2.344],[131.973,-2.116],[131.816,-1.665],[131.064,-1.54],[131.183,-1.406],[131.211,-1.025],[131.42,-1.011],[131.834,-0.826],[132.254,-0.527],[132.592,-0.57],[133.265,-0.861],[133.907,-1.006],[134.141,-1.501],[133.983,-2.01],[134.283,-2.855],[134.455,-3.0],[134.557,-2.708],[134.773,-3.305],[134.954,-3.463],[135.246,-3.539],[135.508,-3.449],[135.734,-3.252],[136.271,-2.418],[137.084,-2.251],[137.111,-1.984],[137.704,-1.633],[137.854,-1.614],[139.592,-2.379],[140.87,-2.795]]],[[[130.784,-3.879],[130.297,-3.677],[129.781,-3.322],[129.595,-3.335],[129.579,-3.583],[129.031,-3.413],[128.915,-3.254],[128.376,-3.547],[128.042,-3.059],[128.289,-2.957],[128.909,-3.0],[129.168,-3.139],[129.743,-2.979],[130.369,-3.13],[130.725,-3.485],[130.784,-3.879]]],[[[126.66,-3.875],[126.472,-3.85],[126.15,-3.628],[126.046,-3.425],[126.111,-3.298],[126.727,-3.233],[127.094,-3.518],[127.112,-3.722],[126.66,-3.875]]],[[[138.176,-8.554],[137.676,-8.459],[138.193,-7.676],[138.568,-7.523],[138.895,-7.783],[138.699,-8.152],[138.297,-8.541],[138.176,-8.554]]],[[[122.949,-8.377],[122.696,-8.493],[122.711,-8.598],[122.051,-8.868],[121.899,-8.849],[121.694,-8.996],[121.276,-8.914],[120.971,-9.055],[120.549,-8.935],[119.935,-8.936],[119.84,-8.682],[119.853,-8.574],[120.025,-8.485],[120.565,-8.388],[121.279,-8.717],[121.431,-8.723],[121.578,-8.589],[121.98,-8.55],[122.166,-8.634],[122.376,-8.582],[122.344,-8.482],[122.715,-8.293],[122.723,-8.172],[122.64,-8.183],[122.692,-8.094],[122.863,-8.141],[122.949,-8.377]]],[[[117.938,-8.54],[117.677,-8.363],[117.806,-8.178],[117.948,-8.162],[118.13,-8.343],[118.267,-8.277],[118.42,-8.325],[118.462,-8.596],[118.618,-8.392],[118.761,-8.379],[118.863,-8.481],[118.873,-8.671],[118.982,-8.702],[118.971,-8.881],[118.689,-8.76],[118.625,-8.786],[118.658,-8.856],[118.275,-8.927],[118.216,-8.739],[117.974,-8.975],[117.841,-8.954],[117.277,-9.145],[116.976,-9.178],[116.663,-9.059],[116.663,-8.702],[116.958,-8.529],[117.514,-8.613],[117.554,-8.739],[117.817,-8.814],[117.902,-8.697],[118.033,-8.692],[118.056,-8.608],[117.938,-8.54]]],[[[115.072,-8.781],[114.511,-8.452],[114.458,-8.331],[115.084,-8.235],[115.5,-8.469],[115.244,-8.59],[115.072,-8.781]]],[[[103.714,-0.017],[103.238,-0.659],[103.311,-0.818],[103.747,-1.116],[104.23,-1.191],[104.352,-1.89],[104.568,-2.137],[104.813,-2.156],[104.61,-2.576],[104.678,-2.671],[104.995,-2.467],[105.445,-2.599],[105.629,-2.91],[105.943,-3.215],[105.711,-4.105],[105.796,-5.35],[105.728,-5.827],[105.641,-5.929],[105.187,-5.542],[105.033,-5.879],[104.563,-5.601],[104.465,-5.639],[104.642,-5.976],[104.568,-6.071],[103.523,-4.999],[102.462,-4.182],[102.111,-3.604],[101.345,-3.015],[100.812,-2.336],[100.796,-2.025],[100.65,-1.631],[99.972,-0.501],[99.697,-0.152],[99.113,0.221],[98.689,1.37],[98.671,1.618],[98.303,1.935],[97.597,2.251],[97.509,2.74],[97.254,3.14],[96.72,3.705],[96.394,3.647],[95.828,4.224],[95.308,4.96],[95.205,5.245],[95.216,5.5],[95.464,5.57],[95.628,5.526],[96.025,5.215],[96.602,5.077],[97.384,5.18],[97.943,4.521],[98.174,4.381],[98.146,4.07],[98.625,3.658],[99.796,2.981],[99.863,2.568],[100.121,2.543],[100.732,1.871],[100.854,1.877],[100.832,2.176],[101.06,2.081],[101.276,1.719],[101.474,1.548],[101.868,1.435],[102.278,0.743],[102.472,0.623],[103.24,0.459],[103.714,-0.017]]],[[[127.631,-0.017],[127.441,0.537],[127.522,0.785],[127.424,0.982],[127.569,1.528],[127.8,1.897],[127.987,1.574],[127.689,0.925],[127.802,0.716],[128.042,0.964],[128.102,1.199],[128.545,1.448],[128.609,1.384],[128.632,1.022],[128.263,0.767],[128.19,0.627],[128.642,0.431],[128.706,0.209],[128.037,0.367],[127.901,0.296],[127.865,0.099],[127.946,-0.326],[128.37,-0.929],[128.299,-1.025],[127.636,-0.308],[127.631,-0.017]]],[[[106.553,-3.175],[105.995,-2.89],[105.812,-2.382],[105.583,-2.205],[105.2,-2.11],[105.427,-1.71],[105.656,-1.957],[105.722,-1.747],[105.863,-1.626],[106.037,-2.204],[106.329,-2.572],[106.643,-2.711],[106.471,-2.921],[106.553,-3.175]]],[[[105.185,-6.866],[105.144,-6.782],[105.633,-6.755],[105.672,-6.456],[105.811,-6.482],[105.792,-6.257],[105.933,-6.026],[106.308,-6.131],[106.521,-6.11],[106.628,-6.309],[106.864,-6.27],[106.945,-6.026],[107.34,-6.154],[107.525,-6.351],[107.677,-6.33],[107.769,-6.452],[108.173,-6.356],[108.475,-6.686],[108.556,-6.921],[109.161,-7.023],[110.243,-7.031],[110.396,-6.955],[110.492,-6.662],[110.613,-6.541],[110.815,-6.534],[111.045,-6.852],[112.275,-7.027],[112.537,-7.265],[112.501,-7.465],[112.678,-7.719],[113.263,-7.908],[113.948,-7.824],[114.231,-7.932],[114.069,-8.434],[114.329,-8.783],[113.074,-8.347],[112.414,-8.488],[110.778,-8.32],[110.038,-7.991],[109.037,-7.72],[108.61,-7.702],[108.16,-7.856],[107.73,-7.787],[107.368,-7.565],[106.32,-7.434],[106.547,-7.16],[106.366,-7.04],[105.185,-6.866]]],[[[123.492,-10.352],[123.665,-9.748],[124.918,-9.046],[125.08,-8.772],[127.044,-8.476],[127.141,-8.596],[126.873,-8.807],[125.212,-9.395],[124.154,-10.205],[123.492,-10.352]]],[[[120.28,-10.378],[119.41,-9.872],[119.032,-9.771],[118.9,-9.682],[118.949,-9.587],[119.789,-9.458],[120.462,-9.926],[120.581,-10.098],[120.414,-10.352],[120.28,-10.378]]],[[[117.559,3.981],[117.684,3.629],[117.074,3.507],[117.215,3.272],[117.139,3.171],[117.342,3.025],[117.829,2.314],[117.696,1.901],[117.73,1.799],[118.517,1.166],[118.765,0.823],[118.556,0.746],[118.218,0.758],[117.86,0.866],[117.708,0.821],[117.534,0.611],[117.318,-0.14],[117.43,-0.622],[117.37,-1.004],[117.046,-0.935],[116.046,-1.934],[116.246,-2.106],[116.349,-2.417],[116.041,-2.443],[116.248,-2.798],[115.568,-3.804],[114.581,-4.295],[114.356,-3.603],[114.218,-3.432],[113.971,-3.363],[113.744,-3.598],[113.608,-3.611],[113.461,-3.383],[113.123,-3.244],[112.795,-2.971],[112.578,-3.423],[112.246,-3.398],[111.739,-3.647],[111.729,-3.259],[111.587,-2.796],[111.436,-2.974],[110.797,-3.172],[110.653,-2.988],[110.102,-3.079],[109.941,-1.643],[109.783,-1.306],[109.179,-0.869],[109.429,-0.71],[109.073,-0.405],[109.158,-0.075],[108.841,0.331],[108.814,0.808],[108.896,1.1],[109.282,1.883],[109.518,1.821],[109.761,1.331],[110.211,0.889],[110.549,0.726],[110.966,0.913],[111.562,0.764],[111.98,0.995],[112.4,1.43],[112.616,1.463],[113.296,1.2],[113.677,1.145],[113.887,1.305],[114.485,1.461],[114.659,1.596],[115.076,2.399],[115.042,2.736],[115.14,2.889],[115.431,2.999],[115.53,3.171],[115.482,3.615],[115.707,4.157],[116.027,4.235],[117.138,4.153],[117.559,3.981]]],[[[119.692,-0.017],[119.914,0.54],[120.239,0.788],[120.432,0.636],[120.767,1.139],[121.263,1.102],[121.591,0.861],[122.181,0.869],[122.733,0.673],[122.992,0.775],[123.826,0.739],[124.15,0.797],[124.432,0.956],[124.527,1.083],[124.457,1.204],[124.852,1.624],[124.982,1.65],[125.016,1.542],[124.931,1.16],[124.234,0.301],[123.472,0.153],[123.249,0.185],[122.983,0.375],[120.826,0.414],[120.337,0.356],[120.143,0.191],[119.957,-0.14],[119.873,-0.465],[119.904,-0.681],[120.022,-0.903],[120.407,-1.175],[120.587,-1.518],[121.055,-1.549],[121.461,-0.989],[121.995,-1.114],[122.739,-0.878],[122.981,-0.718],[123.25,-0.902],[123.213,-1.233],[123.002,-1.112],[122.757,-1.094],[122.223,-1.654],[121.746,-1.852],[121.65,-1.999],[121.253,-1.961],[121.265,-2.101],[121.664,-2.418],[122.258,-3.211],[122.144,-3.663],[122.19,-3.847],[122.641,-4.284],[122.648,-4.513],[122.159,-4.514],[121.974,-4.648],[121.873,-4.96],[121.441,-4.865],[121.416,-4.497],[121.508,-4.236],[120.802,-3.596],[120.999,-3.049],[120.925,-2.826],[120.593,-2.802],[120.144,-3.076],[120.28,-3.654],[120.143,-4.398],[120.307,-4.804],[120.124,-5.332],[120.248,-5.586],[119.477,-5.804],[119.295,-5.423],[119.446,-5.067],[119.461,-3.808],[119.365,-3.63],[119.226,-3.574],[118.791,-3.663],[118.684,-2.901],[119.175,-2.176],[119.247,-1.959],[119.244,-1.228],[119.396,-0.904],[119.597,-0.878],[119.578,-0.491],[119.692,-0.017]]]]}},{"type":"Feature","properties":{"NAME":null,"ABBREVN":null,"SUBJECTO":null,"BORDERPRECISION":3,"PARTOF":null},"geometry":{"type":"MultiPolygon","coordinates":[[[[-26.787,71.558],[-25.85,71.436],[-25.695,71.273],[-26.329,71.132],[-27.916,70.998],[-28.084,70.897],[-28.384,70.458],[-27.475,70.207],[-26.252,70.178],[-24.585,70.304],[-23.587,70.084],[-22.158,70.056],[-22.732,69.774],[-24.333,69.333],[-24.897,69.392],[-25.802,68.864],[-26.964,68.502],[-27.959,68.477],[-29.4,68.228],[-29.825,68.414],[-29.994,68.391],[-30.305,67.98],[-30.736,67.928],[-31.355,68.046],[-32.019,68.447],[-32.359,68.544],[-32.037,67.985],[-32.124,67.873],[-32.956,67.641],[-34.433,66.384],[-34.782,66.266],[-35.248,66.229],[-35.708,66.352],[-35.774,66.103],[-35.972,65.847],[-36.324,65.722],[-37.048,65.743],[-37.579,65.545],[-37.155,66.32],[-38.042,66.399],[-37.925,66.209],[-37.937,66.004],[-38.11,65.821],[-38.467,65.645],[-39.992,65.533],[-39.686,65.171],[-39.727,64.997],[-41.06,65.037],[-40.484,64.685],[-40.355,64.427],[-40.472,64.348],[-41.484,64.274],[-40.691,63.932],[-40.516,63.782],[-40.894,63.524],[-41.378,63.523],[-41.227,63.253],[-41.434,63.039],[-41.916,63.124],[-41.789,62.847],[-41.834,62.691],[-42.299,62.739],[-43.226,62.681],[-42.919,62.462],[-42.271,62.194],[-42.306,61.729],[-42.478,61.307],[-43.037,61.292],[-42.817,61.026],[-42.785,60.529],[-43.497,60.479],[-43.154,60.305],[-42.962,60.034],[-43.015,59.833],[-43.579,59.936],[-44.052,60.164],[-44.276,60.032],[-44.467,59.761],[-44.753,60.031],[-44.682,60.288],[-45.362,60.461],[-45.622,60.601],[-45.46,60.895],[-45.771,61.104],[-46.331,60.872],[-47.159,60.856],[-47.63,60.597],[-47.969,61.037],[-48.915,61.421],[-49.148,61.772],[-49.116,62.104],[-50.097,62.356],[-50.159,62.462],[-50.096,62.668],[-49.889,62.846],[-49.857,62.967],[-50.466,63.051],[-50.591,63.15],[-50.617,63.435],[-51.101,63.47],[-51.366,63.726],[-51.266,63.926],[-50.988,64.092],[-50.043,64.438],[-50.02,64.61],[-50.144,64.739],[-50.994,64.615],[-51.805,64.233],[-51.957,64.377],[-51.992,65.01],[-52.187,65.518],[-52.536,65.495],[-53.103,65.873],[-53.108,66.034],[-52.73,66.276],[-52.611,66.268],[-52.86,66.353],[-53.348,66.324],[-53.394,66.452],[-53.222,66.531],[-52.448,66.607],[-52.303,66.909],[-53.104,66.908],[-53.397,66.996],[-53.45,67.084],[-53.349,67.21],[-52.978,67.31],[-53.147,67.395],[-53.395,67.362],[-53.494,67.473],[-53.436,67.618],[-52.808,67.775],[-50.477,67.482],[-50.491,67.645],[-50.357,67.891],[-50.95,68.091],[-52.842,68.506],[-52.691,68.663],[-52.337,68.664],[-51.679,68.5],[-51.005,68.509],[-50.874,68.945],[-50.369,68.908],[-50.266,68.953],[-50.279,69.111],[-50.767,69.336],[-50.694,69.533],[-50.457,69.738],[-50.573,69.866],[-51.637,69.94],[-52.909,70.289],[-53.666,70.357],[-54.374,70.725],[-54.158,70.81],[-53.628,70.819],[-52.367,70.667],[-50.824,70.247],[-50.799,70.385],[-50.939,70.577],[-51.326,70.823],[-51.404,71.024],[-51.675,71.224],[-52.198,71.355],[-51.72,71.59],[-52.037,71.698],[-52.813,71.743],[-53.323,71.891],[-53.988,71.414],[-54.382,71.305],[-55.012,71.335],[-55.477,71.489],[-55.614,71.598],[-55.626,71.73],[-55.43,71.871],[-55.298,72.161],[-55.366,72.728],[-55.104,72.752],[-54.793,72.666],[-54.626,72.721],[-54.558,72.872],[-54.73,73.038],[-55.353,73.346],[-55.779,73.704],[-56.939,74.919],[-58.075,75.205],[-58.205,75.295],[-58.229,75.611],[-58.636,75.793],[-59.783,75.916],[-61.507,76.258],[-62.916,76.364],[-63.651,76.38],[-65.475,76.099],[-66.684,76.307],[-66.563,75.929],[-67.619,76.019],[-69.045,76.294],[-68.144,76.6],[-68.186,76.702],[-68.376,76.778],[-70.5,76.833],[-71.448,77.122],[-71.184,77.26],[-70.618,77.278],[-67.736,77.189],[-66.784,77.259],[-66.178,77.398],[-66.153,77.553],[-66.805,77.777],[-67.852,77.593],[-69.994,77.58],[-71.045,77.916],[-71.888,77.949],[-72.525,78.166],[-72.545,78.324],[-72.383,78.526],[-69.266,78.796],[-68.349,79.09],[-65.485,79.158],[-64.891,79.382],[-64.623,79.949],[-65.024,80.052],[-65.9,80.069],[-66.419,79.982],[-67.41,80.211],[-67.143,80.562],[-66.522,80.711],[-63.725,81.086],[-61.112,81.182],[-60.957,81.264],[-60.952,81.365],[-61.122,81.798],[-60.887,81.861],[-60.039,81.883],[-57.444,81.424],[-57.074,81.548],[-57.82,81.784],[-58.133,82.013],[-54.575,82.328],[-53.768,82.245],[-53.664,81.463],[-53.253,81.535],[-53.01,81.68],[-52.816,82.13],[-52.364,82.12],[-49.938,81.676],[-49.846,81.811],[-50.905,82.368],[-50.772,82.497],[-49.648,82.478],[-44.683,81.729],[-44.323,81.823],[-43.955,82.491],[-45.213,82.967],[-44.894,83.078],[-43.812,83.08],[-41.881,83.263],[-40.195,82.967],[-38.587,82.828],[-38.452,83.17],[-38.587,83.382],[-36.487,83.511],[-34.427,83.403],[-32.513,83.577],[-31.594,83.579],[-30.757,83.479],[-28.818,83.472],[-26.421,83.342],[-25.324,83.0],[-24.708,82.891],[-24.103,82.926],[-22.432,82.743],[-22.232,82.56],[-22.59,82.419],[-25.457,82.221],[-28.391,82.31],[-31.135,82.198],[-32.598,81.974],[-32.749,81.765],[-32.415,81.652],[-30.651,81.811],[-26.393,81.862],[-24.877,81.595],[-22.948,81.9],[-22.064,81.965],[-21.798,81.757],[-22.053,81.54],[-23.533,81.1],[-24.11,80.769],[-24.055,80.631],[-23.912,80.563],[-23.339,80.623],[-21.817,81.114],[-20.065,81.523],[-19.317,81.597],[-17.963,81.518],[-16.465,81.904],[-14.253,81.835],[-12.705,81.621],[-12.563,81.509],[-12.644,81.386],[-14.202,81.21],[-15.013,80.858],[-16.441,80.451],[-19.045,80.426],[-20.045,80.24],[-20.267,79.999],[-20.193,79.854],[-18.605,80.012],[-17.769,79.967],[-17.768,79.777],[-18.102,79.669],[-19.385,79.55],[-19.763,78.873],[-20.068,78.802],[-20.879,78.818],[-21.768,77.767],[-21.382,77.587],[-20.777,77.969],[-19.336,77.867],[-19.177,77.824],[-19.059,77.695],[-19.086,77.6],[-19.944,77.641],[-20.174,77.598],[-20.235,77.511],[-20.105,77.382],[-19.064,77.239],[-18.253,77.3],[-18.016,77.206],[-17.92,77.061],[-17.942,76.865],[-18.057,76.805],[-19.978,76.946],[-20.561,76.911],[-21.183,76.697],[-21.773,76.824],[-22.25,76.806],[-22.378,76.636],[-21.751,76.367],[-19.57,76.11],[-19.322,75.893],[-19.2,75.693],[-19.194,75.444],[-19.389,75.261],[-20.512,75.358],[-20.679,75.308],[-20.669,75.061],[-20.616,74.954],[-20.424,74.882],[-19.071,74.609],[-18.899,74.44],[-19.051,74.335],[-19.716,74.213],[-21.762,74.305],[-22.029,74.104],[-21.781,74.016],[-20.679,73.922],[-20.354,73.811],[-20.33,73.42],[-20.88,73.443],[-21.44,73.394],[-21.709,73.274],[-22.269,73.265],[-23.494,73.509],[-24.076,73.756],[-25.01,73.475],[-25.763,73.354],[-26.827,73.408],[-27.263,73.343],[-27.441,73.287],[-27.519,73.16],[-27.357,72.859],[-27.038,72.749],[-25.778,72.609],[-25.073,72.634],[-23.92,72.188],[-22.818,71.87],[-22.649,71.745],[-22.431,71.341],[-21.904,71.497],[-21.726,71.405],[-21.592,71.211],[-21.471,70.532],[-21.547,70.44],[-21.714,70.386],[-22.203,70.485],[-23.084,70.468],[-23.754,70.59],[-24.04,70.774],[-24.386,71.183],[-25.291,71.569],[-26.12,71.669],[-26.787,71.558]]],[[[-22.146,72.027],[-23.585,72.44],[-23.798,72.66],[-23.131,72.678],[-21.882,72.365],[-21.809,72.145],[-21.906,72.051],[-22.146,72.027]]],[[[-53.551,69.278],[-54.574,69.609],[-54.687,69.707],[-54.723,70.087],[-54.594,70.24],[-53.617,70.158],[-52.084,69.772],[-51.813,69.622],[-51.928,69.515],[-53.551,69.278]]]]}},{"type":"Feature","properties":{"NAME":null,"ABBREVN":null,"SUBJECTO":null,"BORDERPRECISION":3,"PARTOF":null},"geometry":{"type":"MultiPolygon","coordinates":[[[[-73.112,-72.749],[-72.88,-72.44],[-72.493,-72.44],[-71.952,-72.209],[-72.03,-71.822],[-73.421,-71.977],[-74.348,-72.209],[-75.043,-72.054],[-75.275,-71.668],[-74.657,-71.436],[-72.725,-71.281],[-72.107,-71.05],[-72.184,-70.586],[-71.798,-70.354],[-71.798,-69.736],[-72.394,-69.261],[-71.952,-69.041],[-71.412,-68.886],[-70.716,-68.809],[-70.33,-68.963],[-69.48,-69.968],[-68.862,-70.509],[-68.398,-71.127],[-68.63,-72.054],[-69.325,-72.286],[-70.021,-72.672],[-73.112,-72.749]]],[[[-102.551,-72.131],[-101.16,-71.822],[-97.22,-71.822],[-95.906,-72.363],[-97.142,-72.672],[-101.16,-72.363],[-102.551,-72.131]]],[[[-150.951,-76.949],[-150.414,-76.83],[-149.787,-76.889],[-149.429,-77.098],[-150.325,-77.098],[-150.951,-76.949]]],[[[-55.185,-80.94],[-54.953,-80.399],[-53.871,-79.936],[-51.708,-79.781],[-51.012,-79.395],[-50.858,-78.699],[-50.24,-78.39],[-48.849,-78.081],[-45.758,-78.081],[-44.213,-78.39],[-43.904,-79.24],[-43.904,-79.781],[-44.831,-80.322],[-50.162,-80.786],[-55.185,-80.94]]],[[[-164.058,-79.356],[-163.517,-78.97],[-162.59,-78.815],[-160.735,-79.047],[-158.804,-79.665],[-159.203,-79.882],[-160.426,-79.974],[-162.358,-79.742],[-164.058,-79.356]]],[[[169.769,-83.418],[171.895,-83.607],[172.04,-83.712],[172.58,-83.844],[174.585,-83.883],[178.304,-84.187],[179.161,-84.174],[180.0,-84.34],[180.0,-90.0],[-180.0,-90.0],[-180.0,-84.322],[-178.43,-84.456],[-173.871,-84.456],[-170.317,-84.688],[-167.226,-84.765],[-160.504,-85.383],[-156.563,-85.46],[-151.463,-85.306],[-150.381,-85.46],[-148.759,-85.074],[-139.331,-85.223],[-138.817,-85.013],[-145.281,-84.765],[-149.609,-84.456],[-152.004,-84.379],[-153.086,-84.147],[-153.31,-83.942],[-153.24,-83.297],[-152.931,-82.91],[-152.081,-82.601],[-154.554,-82.138],[-154.983,-81.911],[-154.267,-81.677],[-155.569,-81.407],[-156.952,-81.314],[-156.999,-81.196],[-155.713,-81.056],[-154.477,-81.056],[-151.54,-81.21],[-149.995,-81.21],[-148.836,-81.365],[-145.668,-80.515],[-146.904,-80.051],[-148.604,-79.665],[-150.58,-79.483],[-151.772,-79.201],[-154.554,-79.124],[-155.867,-78.738],[-154.132,-78.352],[-154.708,-78.12],[-156.022,-78.352],[-156.563,-78.352],[-157.336,-78.197],[-158.185,-77.811],[-158.031,-77.27],[-157.151,-77.238],[-156.408,-77.115],[-154.167,-77.115],[-152.086,-77.337],[-149.995,-77.733],[-147.986,-77.347],[-146.146,-77.457],[-146.116,-76.86],[-147.131,-76.531],[-148.45,-76.497],[-149.609,-76.343],[-148.527,-76.033],[-146.672,-76.111],[-144.509,-75.724],[-134.773,-74.643],[-133.536,-74.797],[-130.987,-74.797],[-128.978,-74.913],[-127.123,-74.681],[-123.569,-74.836],[-120.169,-74.527],[-118.778,-74.604],[-118.083,-74.295],[-117.387,-74.527],[-114.992,-74.449],[-114.937,-74.058],[-114.146,-73.926],[-113.502,-74.072],[-113.238,-74.321],[-113.428,-74.688],[-112.365,-74.836],[-111.744,-74.717],[-111.746,-74.295],[-111.099,-74.175],[-110.433,-74.295],[-110.337,-74.761],[-110.791,-74.951],[-110.557,-75.303],[-109.196,-75.145],[-108.347,-75.299],[-106.801,-75.377],[-105.642,-75.068],[-100.045,-75.31],[-99.733,-75.071],[-100.008,-74.943],[-100.999,-74.888],[-100.412,-74.759],[-100.394,-74.576],[-100.559,-74.466],[-101.495,-74.539],[-101.88,-74.099],[-103.165,-73.86],[-103.247,-73.561],[-101.421,-73.768],[-99.678,-73.658],[-100.229,-73.438],[-103.293,-73.328],[-103.587,-73.108],[-103.587,-72.741],[-102.551,-72.788],[-102.174,-73.09],[-99.788,-72.998],[-96.524,-73.329],[-93.974,-73.174],[-90.0,-73.329],[-89.57,-73.097],[-89.261,-72.788],[-88.72,-72.788],[-88.565,-73.252],[-87.406,-73.406],[-86.325,-73.252],[-85.938,-73.484],[-84.393,-73.793],[-81.766,-74.024],[-81.302,-73.793],[-80.993,-73.252],[-79.757,-73.174],[-78.52,-73.715],[-77.13,-73.638],[-75.584,-73.754],[-71.489,-73.368],[-67.625,-72.749],[-67.084,-72.44],[-67.084,-71.822],[-67.703,-71.281],[-68.089,-70.586],[-68.63,-70.277],[-68.784,-69.813],[-68.244,-69.35],[-67.471,-69.195],[-67.084,-68.654],[-67.316,-67.804],[-67.857,-67.572],[-67.703,-66.877],[-66.853,-66.8],[-65.771,-66.182],[-65.075,-65.95],[-64.689,-65.563],[-64.225,-65.254],[-62.912,-64.713],[-61.289,-64.482],[-60.207,-63.941],[-59.126,-63.863],[-58.121,-63.4],[-57.426,-63.245],[-57.271,-63.709],[-58.894,-64.327],[-59.821,-64.327],[-61.135,-64.868],[-62.371,-65.795],[-62.448,-66.336],[-62.757,-66.645],[-63.376,-66.491],[-63.839,-66.491],[-64.38,-66.722],[-65.385,-67.341],[-65.694,-67.881],[-65.153,-68.5],[-64.535,-68.654],[-63.839,-68.654],[-63.453,-68.886],[-63.144,-69.427],[-62.139,-70.509],[-61.676,-70.818],[-60.98,-72.054],[-60.826,-72.749],[-61.367,-73.909],[-62.68,-74.758],[-63.221,-74.836],[-63.685,-75.222],[-64.457,-75.686],[-65.925,-75.84],[-69.248,-76.381],[-70.562,-76.69],[-73.881,-76.627],[-75.932,-76.484],[-76.28,-76.304],[-77.825,-75.995],[-78.443,-75.995],[-78.829,-76.227],[-78.598,-76.613],[-75.816,-77.463],[-73.568,-77.481],[-73.027,-77.823],[-74.502,-78.081],[-77.052,-77.927],[-80.687,-77.566],[-81.655,-77.68],[-81.285,-77.994],[-80.761,-78.236],[-78.289,-78.313],[-77.67,-78.467],[-77.782,-78.649],[-79.139,-78.931],[-82.075,-78.777],[-83.079,-78.236],[-84.161,-78.236],[-84.104,-78.649],[-82.925,-79.163],[-82.461,-79.24],[-81.92,-79.163],[-81.302,-79.317],[-80.22,-79.317],[-77.98,-79.086],[-76.589,-79.395],[-76.416,-79.588],[-76.434,-79.858],[-78.829,-80.013],[-80.003,-79.93],[-78.289,-80.322],[-76.643,-80.215],[-74.889,-80.708],[-67.934,-81.481],[-63.144,-82.099],[-60.207,-82.331],[-59.28,-82.717],[-58.971,-83.181],[-57.58,-83.026],[-55.185,-82.331],[-52.249,-82.022],[-43.826,-81.79],[-42.976,-81.945],[-41.817,-81.404],[-38.031,-80.94],[-32.931,-80.863],[-28.913,-80.476],[-28.372,-80.09],[-28.913,-79.858],[-29.035,-79.377],[-29.568,-79.224],[-32.854,-79.317],[-35.018,-79.163],[-36.408,-79.163],[-36.408,-78.622],[-34.94,-77.927],[-33.163,-77.386],[-32.081,-77.308],[-30.227,-76.845],[-25.977,-76.304],[-23.582,-75.918],[-20.645,-75.918],[-18.405,-75.686],[-17.168,-74.758],[-14.451,-74.065],[-15.005,-73.831],[-16.164,-74.063],[-17.091,-73.909],[-16.396,-73.445],[-15.7,-73.29],[-14.584,-73.178],[-14.271,-72.844],[-11.828,-72.323],[-11.557,-72.072],[-12.329,-71.675],[-12.371,-71.404],[-11.808,-71.3],[-11.599,-71.634],[-11.141,-71.59],[-9.75,-71.05],[-9.364,-71.127],[-8.823,-71.822],[-7.741,-71.668],[-7.633,-71.258],[-7.2,-70.895],[-6.35,-70.663],[-5.732,-70.895],[-6.255,-71.154],[-6.318,-71.425],[-4.882,-71.281],[-2.719,-71.397],[-1.251,-71.32],[-0.787,-71.706],[0.681,-71.32],[6.554,-70.47],[8.485,-70.084],[9.413,-70.084],[10.34,-70.702],[11.113,-70.856],[11.962,-70.702],[12.658,-70.315],[17.603,-70.084],[19.535,-70.161],[22.548,-70.586],[23.707,-70.586],[30.662,-69.736],[32.748,-69.35],[33.025,-68.918],[33.541,-68.542],[34.293,-68.5],[34.716,-68.934],[35.298,-69.118],[36.078,-69.591],[36.532,-69.654],[36.986,-69.356],[37.581,-69.278],[37.674,-69.513],[37.299,-69.654],[37.956,-69.889],[38.269,-69.544],[38.41,-69.638],[38.332,-70.029],[39.459,-69.701],[39.647,-68.934],[41.943,-68.422],[42.561,-68.113],[44.184,-68.036],[44.797,-67.745],[46.038,-67.688],[46.133,-67.567],[46.058,-67.434],[46.37,-67.33],[46.919,-67.404],[47.008,-67.671],[47.305,-67.775],[48.848,-67.434],[48.27,-67.181],[48.314,-67.018],[48.967,-66.973],[49.67,-67.07],[49.962,-67.196],[50.273,-67.137],[50.243,-66.988],[50.006,-66.84],[50.006,-66.588],[50.14,-66.484],[52.452,-65.988],[53.765,-65.911],[55.142,-65.963],[56.175,-66.447],[57.101,-66.523],[57.111,-66.695],[56.702,-66.738],[56.627,-66.942],[59.603,-67.33],[62.806,-67.611],[63.579,-67.534],[66.979,-67.843],[69.374,-67.843],[69.683,-68.152],[69.773,-68.636],[69.444,-69.19],[69.142,-69.388],[68.951,-69.889],[68.622,-70.033],[68.215,-69.852],[67.841,-70.033],[67.513,-70.464],[68.191,-70.67],[68.458,-70.69],[68.889,-70.423],[69.074,-70.588],[68.684,-71.06],[68.138,-71.088],[67.365,-71.706],[67.365,-72.093],[68.215,-72.402],[69.528,-72.402],[70.301,-72.015],[71.151,-71.32],[71.924,-70.547],[72.542,-70.238],[75.401,-69.466],[76.869,-69.311],[77.796,-68.847],[78.26,-68.384],[81.814,-67.302],[85.523,-66.916],[87.223,-66.993],[87.765,-66.749],[87.841,-66.452],[88.084,-66.111],[88.305,-66.066],[88.654,-66.764],[90.0,-66.607],[95.723,-66.529],[97.114,-66.684],[98.064,-66.588],[98.662,-66.626],[99.12,-66.893],[99.654,-66.549],[100.875,-66.079],[101.715,-65.977],[102.631,-65.926],[103.311,-66.066],[103.836,-65.988],[105.459,-66.297],[107.622,-66.452],[108.101,-66.71],[108.437,-66.75],[109.404,-66.71],[109.976,-66.592],[110.568,-66.395],[110.481,-66.297],[110.607,-66.059],[112.027,-65.988],[113.015,-65.763],[113.959,-65.988],[114.436,-66.493],[115.679,-66.414],[116.972,-66.838],[118.286,-67.07],[121.454,-66.8],[122.458,-66.645],[123.54,-66.645],[125.125,-66.787],[125.441,-66.447],[126.412,-66.374],[126.8,-66.884],[129.01,-67.03],[129.422,-66.52],[130.272,-66.253],[132.967,-66.259],[133.307,-66.132],[134.205,-66.18],[134.011,-65.549],[134.035,-65.185],[134.59,-65.022],[134.982,-65.597],[134.691,-66.083],[135.053,-66.182],[136.317,-66.399],[141.157,-66.722],[142.183,-66.985],[142.76,-67.048],[143.388,-66.972],[144.38,-67.173],[145.262,-67.098],[145.586,-67.223],[145.322,-67.575],[145.454,-67.63],[146.39,-67.779],[146.875,-67.997],[148.093,-67.937],[148.263,-68.205],[148.73,-68.306],[150.893,-68.538],[150.838,-68.779],[151.093,-68.886],[152.306,-68.843],[153.752,-68.925],[153.605,-68.481],[153.924,-68.439],[154.286,-68.63],[154.435,-68.95],[156.148,-69.311],[157.307,-69.156],[159.846,-69.829],[160.599,-70.221],[161.33,-70.232],[161.557,-70.315],[162.485,-70.306],[162.888,-70.571],[163.376,-70.656],[163.439,-70.539],[164.319,-70.518],[167.635,-70.865],[167.963,-71.097],[168.743,-71.243],[170.083,-71.667],[170.277,-71.517],[170.525,-71.603],[170.729,-71.904],[169.89,-72.076],[169.793,-72.238],[169.868,-72.356],[170.116,-72.335],[170.105,-72.636],[169.911,-72.615],[169.868,-72.744],[169.728,-72.776],[169.459,-73.056],[168.975,-73.239],[168.899,-73.54],[168.178,-73.583],[167.575,-73.476],[165.799,-73.828],[164.616,-74.172],[165.189,-74.668],[164.33,-74.763],[163.777,-74.649],[163.433,-74.744],[163.414,-75.031],[162.346,-75.107],[162.407,-75.338],[162.823,-75.622],[162.765,-75.966],[162.594,-76.004],[162.384,-76.214],[162.632,-76.423],[162.67,-76.767],[162.327,-76.958],[163.3,-77.187],[163.452,-77.416],[163.529,-77.74],[164.107,-77.656],[164.483,-78.064],[165.399,-78.198],[165.551,-78.351],[166.753,-78.599],[163.643,-78.661],[162.594,-78.904],[161.773,-78.866],[160.686,-79.114],[160.089,-78.97],[159.843,-79.161],[160.345,-79.4],[160.119,-79.6],[159.818,-79.688],[159.315,-80.027],[158.135,-80.316],[158.348,-80.492],[159.579,-80.442],[159.943,-80.58],[160.019,-80.743],[160.433,-80.906],[160.577,-81.534],[162.015,-81.66],[163.309,-82.087],[167.275,-82.988],[168.386,-83.092],[168.321,-83.198],[167.569,-83.317],[167.358,-83.435],[167.885,-83.475],[168.874,-83.343],[169.769,-83.418]]]]}},{"type":"Feature","properties":{"NAME":"Korea","ABBREVN":"Korea","SUBJECTO":"Korea","BORDERPRECISION":3,"PARTOF":"Korea"},"geometry":{"type":"MultiPolygon","coordinates":[[[[128.144,38.535],[128.451,38.255],[129.129,37.308],[129.25,37.009],[129.178,35.959],[129.467,35.927],[129.412,35.743],[128.918,35.03],[128.553,35.105],[128.164,34.799],[127.84,34.938],[127.596,34.894],[126.824,34.429],[126.617,34.409],[126.41,34.269],[126.225,35.164],[126.3,35.368],[126.525,35.578],[126.626,35.928],[126.437,36.131],[126.361,36.627],[125.96,36.722],[126.391,36.959],[126.685,36.838],[126.8,36.947],[126.786,37.074],[126.21,37.754],[125.909,37.511],[125.741,37.785],[125.562,37.836],[125.269,37.485],[125.077,37.771],[124.77,37.936],[124.694,38.14],[124.736,38.28],[124.929,38.465],[125.269,38.568],[125.294,38.689],[125.028,38.816],[125.296,39.364],[124.922,39.619],[124.443,39.573],[124.134,39.843],[124.491,40.28],[124.725,40.428],[125.879,40.945],[126.166,41.189],[126.474,41.652],[126.849,41.718],[126.972,41.539],[127.423,41.356],[128.098,41.449],[127.849,41.845],[127.861,41.998],[127.984,42.108],[128.756,42.061],[129.035,42.177],[129.464,42.417],[129.568,42.737],[129.74,42.898],[129.966,42.957],[130.435,42.277],[129.641,41.656],[129.631,41.278],[129.478,40.682],[129.177,40.63],[128.236,39.97],[127.672,39.866],[127.441,39.624],[127.277,39.222],[128.144,38.535]]]]}},{"type":"Feature","properties":{"NAME":"Hohenzollern","ABBREVN":"Hohenzollern","SUBJECTO":"Hohenzollern","BORDERPRECISION":3,"PARTOF":"Hohenzollern"},"geometry":{"type":"MultiPolygon","coordinates":[[[[8.594,47.889],[8.512,48.141],[8.291,48.281],[8.291,48.352],[8.612,48.231],[8.682,47.97],[8.594,47.889]]]]}},{"type":"Feature","properties":{"NAME":"Bremen","ABBREVN":"Bremen","SUBJECTO":"Bremen","BORDERPRECISION":3,"PARTOF":"Bremen"},"geometry":{"type":"MultiPolygon","coordinates":[[[[8.558,53.158],[8.744,53.085],[8.66,53.027],[8.558,53.158]]]]}},{"type":"Feature","properties":{"NAME":"Hamburg","ABBREVN":"Hamburg","SUBJECTO":"Hamburg","BORDERPRECISION":3,"PARTOF":"Hamburg"},"geometry":{"type":"MultiPolygon","coordinates":[[[[9.943,53.6],[10.117,53.476],[9.752,53.503],[9.79,53.694],[9.943,53.6]]]]}},{"type":"Feature","properties":{"NAME":"Algiers","ABBREVN":"Algiers","SUBJECTO":"Algiers","BORDERPRECISION":3,"PARTOF":"Algiers"},"geometry":{"type":"MultiPolygon","coordinates":[[[[-1.081,32.454],[-1.61,33.048],[-1.681,33.258],[-1.664,34.205],[-1.738,34.605],[-2.077,34.826],[-2.193,35.054],[-1.738,35.119],[-1.495,35.234],[-1.147,35.629],[-0.429,35.86],[-0.092,35.74],[0.474,36.225],[1.058,36.462],[2.524,36.573],[2.81,36.714],[3.07,36.619],[3.324,36.651],[3.741,36.837],[4.395,36.838],[5.383,36.675],[6.047,36.842],[6.323,37.091],[6.923,36.818],[7.307,37.061],[7.545,37.042],[7.913,36.775],[8.637,36.885],[8.324,36.521],[8.272,36.323],[8.291,34.77],[8.218,34.585],[7.581,34.041],[7.531,33.812],[7.817,33.064],[8.021,33.02],[6.269,31.873],[0.873,31.986],[-1.081,32.454]]]]}},{"type":"Feature","properties":{"NAME":"Tunis","ABBREVN":"Tunis","SUBJECTO":"Tunis","BORDERPRECISION":3,"PARTOF":"Tunis"},"geometry":{"type":"MultiPolygon","coordinates":[[[[8.021,33.02],[7.817,33.064],[7.531,33.812],[7.581,34.041],[8.218,34.585],[8.291,34.77],[8.324,36.521],[8.637,36.885],[9.416,37.275],[10.021,37.2],[10.133,37.105],[10.272,36.755],[10.393,36.717],[11.024,37.068],[11.039,36.909],[10.92,36.654],[10.633,36.424],[10.511,36.086],[10.603,35.889],[10.989,35.622],[11.125,35.241],[10.839,34.801],[10.574,34.648],[10.019,34.081],[10.413,33.631],[8.021,33.02]]]]}},{"type":"Feature","properties":{"NAME":"Hausa States","ABBREVN":"Hausa States","SUBJECTO":"Hausa States","BORDERPRECISION":3,"PARTOF":"Hausa States"},"geometry":{"type":"MultiPolygon","coordinates":[[[[11.075,14.351],[10.25,12.7],[10.25,11.639],[10.84,10.577],[10.368,9.516],[9.424,9.044],[8.717,9.044],[7.183,11.049],[5.768,11.167],[4.825,12.582],[5.178,15.649],[7.16,16.039],[11.075,14.351]]]]}},{"type":"Feature","properties":{"NAME":"Egypt","ABBREVN":"Egypt","SUBJECTO":"Egypt","BORDERPRECISION":3,"PARTOF":"Egypt"},"geometry":{"type":"MultiPolygon","coordinates":[[[[34.146,31.209],[34.936,29.418],[34.764,29.247],[34.549,28.732],[34.322,27.829],[34.241,27.759],[34.058,27.79],[33.504,28.329],[33.331,28.551],[33.178,28.996],[32.944,29.198],[32.648,29.852],[32.438,29.776],[32.318,29.54],[32.649,28.766],[33.354,27.91],[33.929,26.564],[34.997,24.717],[35.19,24.4],[35.725,23.912],[35.468,23.721],[35.576,23.232],[35.746,22.914],[36.29,22.572],[36.8,21.915],[35.251,21.369],[32.662,21.0],[31.645,21.277],[29.426,22.664],[26.005,30.708],[25.258,31.438],[26.143,31.491],[27.763,31.183],[27.919,30.999],[28.517,30.962],[29.249,30.754],[30.099,31.232],[30.996,31.469],[31.717,31.388],[31.808,31.178],[32.077,31.014],[32.309,31.084],[32.597,30.964],[32.769,30.952],[33.021,31.132],[33.558,30.968],[34.146,31.209]]]]}},{"type":"Feature","properties":{"NAME":"Tripolitania","ABBREVN":"Tripolitania","SUBJECTO":"Tripolitania","BORDERPRECISION":3,"PARTOF":"Tripolitania"},"geometry":{"type":"MultiPolygon","coordinates":[[[[12.117,32.879],[12.565,32.74],[13.187,32.792],[14.157,32.679],[14.433,32.464],[15.01,32.363],[15.241,32.173],[15.358,31.805],[15.533,31.551],[15.843,31.285],[17.422,30.996],[18.885,30.221],[15.649,30.523],[14.725,30.245],[12.413,32.464],[12.117,32.879]]]]}},{"type":"Feature","properties":{"NAME":"Cyrenaica","ABBREVN":"Cyrenaica","SUBJECTO":"Cyrenaica","BORDERPRECISION":3,"PARTOF":"Cyrenaica"},"geometry":{"type":"MultiPolygon","coordinates":[[[[19.319,30.255],[19.664,30.442],[19.982,30.722],[20.117,30.957],[19.942,31.611],[20.068,32.037],[20.366,32.298],[21.054,32.63],[21.673,32.816],[22.216,32.791],[22.923,32.558],[23.007,32.482],[23.027,32.253],[23.153,32.139],[23.742,32.064],[22.122,31.077],[21.197,31.077],[20.365,30.338],[19.319,30.255]]]]}},{"type":"Feature","properties":{"NAME":"Yemen","ABBREVN":"Yemen","SUBJECTO":"Yemen","BORDERPRECISION":3,"PARTOF":"Yemen"},"geometry":{"type":"MultiPolygon","coordinates":[[[[46.878,13.474],[46.601,13.401],[45.826,13.405],[45.193,12.934],[44.964,12.825],[44.681,12.825],[44.441,12.64],[43.841,12.664],[43.56,12.86],[43.303,13.241],[43.384,13.565],[43.348,13.851],[43.207,14.079],[42.796,15.47],[42.764,15.667],[42.884,15.985],[42.764,16.645],[43.488,16.622],[44.509,14.097],[45.261,13.828],[46.335,14.097],[46.711,13.936],[46.878,13.474]]]]}},{"type":"Feature","properties":{"NAME":"Morocco","ABBREVN":"Morocco","SUBJECTO":"Morocco","BORDERPRECISION":3,"PARTOF":"Morocco"},"geometry":{"type":"MultiPolygon","coordinates":[[[[-2.193,35.054],[-2.077,34.826],[-1.738,34.605],[-1.664,34.205],[-1.681,33.258],[-1.61,33.048],[-1.081,32.454],[-1.714,30.059],[-1.344,29.042],[-1.714,28.394],[-4.95,28.857],[-8.284,28.783],[-8.593,28.641],[-10.339,29.146],[-9.663,29.955],[-9.625,30.406],[-9.817,30.755],[-9.858,31.06],[-9.813,31.289],[-9.318,31.964],[-9.219,32.58],[-8.314,33.338],[-7.004,33.875],[-6.511,34.454],[-5.929,35.728],[-5.565,35.862],[-5.172,35.424],[-4.593,35.151],[-3.441,35.166],[-3.009,35.39],[-2.83,35.142],[-2.193,35.054]]]]}},{"type":"Feature","properties":{"NAME":"Mosquito Coast","ABBREVN":"Mosquito Coa","SUBJECTO":"United Kingdom","BORDERPRECISION":3,"PARTOF":"Mosquito Coast"},"geometry":{"type":"MultiPolygon","coordinates":[[[[-83.322,14.386],[-83.418,14.068],[-83.662,13.705],[-83.688,12.962],[-83.9,11.888],[-84.095,12.528],[-83.858,14.185],[-83.296,14.615],[-83.322,14.386]]]]}},{"type":"Feature","properties":{"NAME":"Arakan (Indian princely state)","ABBREVN":"Arakan","SUBJECTO":"Arakan (Indian princely state)","BORDERPRECISION":3,"PARTOF":"Arakan (Indian princely state)"},"geometry":{"type":"MultiPolygon","coordinates":[[[[92.51,22.11],[92.892,21.979],[93.128,22.203],[93.318,21.73],[94.702,20.016],[95.362,18.038],[95.164,17.643],[94.465,17.643],[94.42,18.141],[94.054,19.061],[93.966,19.194],[93.839,18.953],[93.458,19.174],[93.815,19.258],[93.724,19.594],[93.334,20.025],[93.066,19.993],[92.894,20.113],[92.921,20.374],[92.663,20.405],[92.176,20.887],[92.124,20.996],[92.237,21.15],[92.598,21.387],[92.51,22.11]]]]}},{"type":"Feature","properties":{"NAME":"Parma","ABBREVN":"Parma","SUBJECTO":"Parma","BORDERPRECISION":3,"PARTOF":"Parma"},"geometry":{"type":"MultiPolygon","coordinates":[[[[9.572,44.437],[9.396,44.44],[9.23,44.772],[9.131,44.789],[9.131,45.121],[9.662,45.22],[10.393,45.026],[10.276,44.905],[10.36,44.689],[10.127,44.357],[9.745,44.606],[9.596,44.573],[9.572,44.437]]]]}},{"type":"Feature","properties":{"NAME":"Papal States","ABBREVN":"Papal States","SUBJECTO":"Papal States","BORDERPRECISION":3,"PARTOF":"Papal States"},"geometry":{"type":"MultiPolygon","coordinates":[[[[12.378,44.732],[12.274,44.673],[12.345,44.301],[12.697,43.935],[13.601,43.535],[14.076,42.634],[13.929,42.53],[13.83,42.564],[13.714,42.398],[13.631,42.53],[13.415,42.364],[13.465,42.232],[13.415,42.198],[13.631,42.016],[13.597,41.8],[13.929,41.75],[13.88,41.634],[14.029,41.401],[13.813,41.318],[13.761,41.207],[12.977,41.371],[11.96,42.007],[12.07,42.298],[12.053,42.53],[12.169,42.63],[12.153,43.062],[12.302,43.278],[12.12,43.477],[12.12,43.743],[12.219,43.892],[12.086,43.842],[12.086,44.174],[11.937,44.091],[11.854,44.357],[11.738,44.357],[11.704,44.224],[11.555,44.191],[11.455,44.274],[11.202,44.143],[11.14,44.34],[11.289,44.373],[11.289,44.456],[11.173,44.606],[11.339,44.855],[11.17,45.067],[11.605,44.905],[11.771,45.071],[12.053,45.021],[12.037,45.137],[12.136,45.104],[12.378,44.732]]]]}},{"type":"Feature","properties":{"NAME":"Pontremoli","ABBREVN":"Pontremoli","SUBJECTO":"Pontremoli","BORDERPRECISION":3,"PARTOF":"Pontremoli"},"geometry":{"type":"MultiPolygon","coordinates":[[[[9.878,44.29],[9.572,44.437],[9.596,44.573],[9.895,44.556],[9.978,44.407],[9.878,44.29]]]]}},{"type":"Feature","properties":{"NAME":"Fivizzano","ABBREVN":"Fivizzano","SUBJECTO":"Fivizzano","BORDERPRECISION":3,"PARTOF":"Fivizzano"},"geometry":{"type":"MultiPolygon","coordinates":[[[[10.056,44.38],[10.172,44.312],[10.141,44.219],[10.037,44.292],[10.056,44.38]]]]}},{"type":"Feature","properties":{"NAME":"Lucca","ABBREVN":"Lucca","SUBJECTO":"Lucca","BORDERPRECISION":3,"PARTOF":"Lucca"},"geometry":{"type":"MultiPolygon","coordinates":[[[[10.338,43.596],[10.261,43.745],[10.326,43.892],[10.592,44.141],[10.692,44.091],[10.751,43.63],[10.338,43.596]]]]}},{"type":"Feature","properties":{"NAME":"Tuscany","ABBREVN":"Tuscany","SUBJECTO":"Tuscany","BORDERPRECISION":3,"PARTOF":"Tuscany"},"geometry":{"type":"MultiPolygon","coordinates":[[[[11.96,42.007],[10.743,42.851],[10.488,43.236],[10.338,43.596],[10.751,43.63],[10.708,44.174],[11.323,44.158],[11.289,44.224],[11.455,44.274],[11.555,44.191],[11.704,44.224],[11.738,44.357],[11.904,44.324],[11.937,44.091],[12.086,44.174],[12.037,43.925],[12.086,43.842],[12.219,43.892],[12.12,43.743],[12.12,43.477],[12.302,43.278],[12.153,43.062],[12.169,42.63],[12.053,42.53],[12.07,42.298],[11.96,42.007]]]]}},{"type":"Feature","properties":{"NAME":"Modena","ABBREVN":"Modena","SUBJECTO":"Modena","BORDERPRECISION":3,"PARTOF":"Modena"},"geometry":{"type":"MultiPolygon","coordinates":[[[[11.202,44.143],[10.824,44.207],[10.708,44.174],[10.692,44.091],[10.509,44.091],[10.41,43.937],[10.286,43.981],[10.155,43.881],[9.825,44.153],[9.978,44.407],[10.141,44.219],[10.127,44.357],[10.36,44.689],[10.276,44.905],[10.393,45.026],[11.17,45.067],[11.339,44.855],[11.173,44.606],[11.289,44.456],[11.289,44.373],[11.14,44.34],[11.202,44.143]]]]}},{"type":"Feature","properties":{"NAME":"Massa","ABBREVN":"Massa","SUBJECTO":"Massa","BORDERPRECISION":3,"PARTOF":"Massa"},"geometry":{"type":"MultiPolygon","coordinates":[[[[10.41,43.937],[10.261,43.745],[10.155,43.881],[10.286,43.981],[10.41,43.937]]]]}},{"type":"Feature","properties":{"NAME":"Cape Colony","ABBREVN":"Cape Colony","SUBJECTO":"Netherlands","BORDERPRECISION":3,"PARTOF":"Cape Colony"},"geometry":{"type":"MultiPolygon","coordinates":[[[[22.589,-34.135],[21.997,-34.263],[21.669,-34.506],[20.515,-34.533],[20.256,-34.623],[19.884,-34.992],[19.321,-34.733],[19.279,-34.504],[19.181,-34.422],[18.84,-34.435],[18.724,-34.219],[18.57,-34.194],[18.487,-34.398],[18.346,-34.347],[18.293,-34.246],[18.459,-33.832],[17.868,-32.994],[17.945,-32.918],[18.232,-32.898],[18.336,-32.339],[19.962,-31.878],[20.199,-31.996],[20.494,-33.121],[22.092,-33.357],[22.507,-33.712],[22.589,-34.135]]]]}},{"type":"Feature","properties":{"NAME":"Delagoa Bay","ABBREVN":"Delagoa Bay","SUBJECTO":"Delagoa Bay","BORDERPRECISION":3,"PARTOF":"Delagoa Bay"},"geometry":{"type":"MultiPolygon","coordinates":[[[[32.945,-25.54],[32.5,-26.068],[32.896,-26.372],[32.887,-26.715],[32.568,-26.61],[32.094,-26.255],[32.094,-25.604],[32.627,-25.368],[32.945,-25.54]]]]}},{"type":"Feature","properties":{"NAME":"Expansionist Kingdom of Merina","ABBREVN":"Merina","SUBJECTO":"Expansionist Kingdom of Merina","BORDERPRECISION":3,"PARTOF":"Expansionist Kingdom of Merina"},"geometry":{"type":"MultiPolygon","coordinates":[[[[48.015,-17.023],[48.488,-19.449],[48.488,-20.041],[47.186,-23.119],[46.002,-23.592],[45.529,-23.592],[45.292,-22.645],[46.654,-17.733],[47.482,-16.904],[48.015,-17.023]]]]}},{"type":"Feature","properties":{"NAME":"Senegal","ABBREVN":"Senegal","SUBJECTO":"Senegal","BORDERPRECISION":3,"PARTOF":"Senegal"},"geometry":{"type":"MultiPolygon","coordinates":[[[[-16.87,14.364],[-17.221,14.725],[-17.433,14.807],[-16.865,15.298],[-16.45,16.118],[-15.755,16.253],[-16.051,15.069],[-16.87,14.364]]]]}},{"type":"Feature","properties":{"NAME":"Portuguese Guinea","ABBREVN":"Port. Guinea","SUBJECTO":"Portuguese Guinea","BORDERPRECISION":3,"PARTOF":"Portuguese Guinea"},"geometry":{"type":"MultiPolygon","coordinates":[[[[-15.158,11.876],[-15.55,11.92],[-15.809,11.843],[-16.086,11.969],[-16.279,12.21],[-16.567,12.31],[-15.459,12.48],[-15.158,11.876]]]]}},{"type":"Feature","properties":{"NAME":null,"ABBREVN":null,"SUBJECTO":null,"BORDERPRECISION":3,"PARTOF":null},"geometry":{"type":"MultiPolygon","coordinates":[[[[142.864,53.341],[143.139,52.856],[143.143,52.511],[142.945,51.961],[142.944,51.617],[143.633,50.235],[144.54,48.753],[143.598,49.234],[143.153,49.259],[142.854,49.128],[142.646,48.658],[142.49,47.902],[142.615,47.46],[142.993,46.954],[143.236,46.863],[143.445,46.572],[143.303,46.011],[143.004,46.577],[142.615,46.713],[142.327,46.563],[141.898,45.915],[141.708,46.14],[141.623,46.558],[141.909,47.073],[141.732,47.471],[142.036,47.959],[141.978,48.285],[141.74,48.807],[141.921,48.943],[142.049,49.355],[142.153,50.89],[142.017,51.431],[141.643,51.813],[141.598,52.217],[141.811,52.628],[141.841,52.96],[141.69,53.166],[141.767,53.272],[142.214,53.3],[142.675,53.54],[142.864,53.341]]]]}},{"type":"Feature","properties":{"NAME":"Bornu-Kanem","ABBREVN":"Bornu","SUBJECTO":"Bornu-Kanem","BORDERPRECISION":3,"PARTOF":"Bornu-Kanem"},"geometry":{"type":"MultiPolygon","coordinates":[[[[10.84,10.577],[10.25,11.639],[10.25,12.7],[11.075,14.351],[13.552,16.121],[16.265,16.121],[16.852,14.349],[16.972,12.464],[16.619,11.049],[14.967,9.988],[12.019,9.87],[10.84,10.577]]]]}},{"type":"Feature","properties":{"NAME":"Songhai","ABBREVN":"Songhai","SUBJECTO":"Songhai","BORDERPRECISION":3,"PARTOF":"Songhai"},"geometry":{"type":"MultiPolygon","coordinates":[[[[0.697,15.413],[2.158,15.087],[3.185,12.914],[1.977,12.672],[0.649,13.155],[0.107,15.059],[0.697,15.413]]]]}},{"type":"Feature","properties":{"NAME":"Mossi States","ABBREVN":"Mossi States","SUBJECTO":"Mossi States","BORDERPRECISION":3,"PARTOF":"Mossi States"},"geometry":{"type":"MultiPolygon","coordinates":[[[[-3.836,12.587],[-2.724,13.644],[-0.837,13.408],[0.769,12.31],[-0.076,10.075],[-2.088,9.838],[-3.836,10.088],[-3.836,12.587]]]]}},{"type":"Feature","properties":{"NAME":"Wadai","ABBREVN":"Wadai","SUBJECTO":"Wadai","BORDERPRECISION":3,"PARTOF":"Wadai"},"geometry":{"type":"MultiPolygon","coordinates":[[[[20.515,16.476],[21.542,16.597],[22.327,15.329],[22.81,13.759],[22.629,13.215],[19.911,12.612],[19.368,13.397],[19.791,14.967],[20.515,16.476]]]]}},{"type":"Feature","properties":{"NAME":"Darfur","ABBREVN":"Darfur","SUBJECTO":"Darfur","BORDERPRECISION":3,"PARTOF":"Darfur"},"geometry":{"type":"MultiPolygon","coordinates":[[[[22.689,15.329],[23.112,16.597],[27.46,18.167],[29.15,17.926],[29.996,14.242],[29.09,13.155],[24.32,12.793],[23.172,13.578],[22.689,15.329]]]]}},{"type":"Feature","properties":{"NAME":"Lunda","ABBREVN":"Lunda","SUBJECTO":"Lunda","BORDERPRECISION":3,"PARTOF":"Lunda"},"geometry":{"type":"MultiPolygon","coordinates":[[[[23.504,-10.335],[23.021,-10.818],[18.251,-11.12],[17.466,-8.161],[17.889,-7.376],[21.331,-6.712],[23.625,-6.772],[23.263,-9.671],[23.504,-10.335]]]]}},{"type":"Feature","properties":{"NAME":"Luba","ABBREVN":"Luba","SUBJECTO":"Luba","BORDERPRECISION":3,"PARTOF":"Luba"},"geometry":{"type":"MultiPolygon","coordinates":[[[[23.625,-6.772],[25.316,-6.531],[25.98,-5.142],[29.332,-5.323],[31.083,-8.704],[30.358,-9.248],[29.271,-9.187],[28.728,-9.731],[28.003,-9.791],[27.339,-9.61],[26.373,-10.274],[25.648,-9.972],[25.467,-10.395],[23.504,-10.335],[23.263,-9.671],[23.625,-6.772]]]]}},{"type":"Feature","properties":{"NAME":"Congo","ABBREVN":"Congo","SUBJECTO":"Congo","BORDERPRECISION":3,"PARTOF":"Congo"},"geometry":{"type":"MultiPolygon","coordinates":[[[[13.023,-7.605],[12.796,-6.861],[12.372,-6.258],[12.801,-5.956],[13.215,-6.133],[13.274,-5.778],[14.103,-4.949],[14.576,-4.772],[15.05,-6.015],[14.99,-7.198],[14.872,-7.376],[14.399,-7.198],[14.103,-7.376],[14.09,-7.706],[14.325,-8.234],[14.267,-8.939],[14.329,-9.368],[13.084,-9.287],[13.146,-9.065],[13.431,-8.823],[13.477,-8.416],[13.023,-7.605]]]]}},{"type":"Feature","properties":{"NAME":"Rozwi","ABBREVN":"Rozwi","SUBJECTO":"Rozwi","BORDERPRECISION":3,"PARTOF":"Rozwi"},"geometry":{"type":"MultiPolygon","coordinates":[[[[26.946,-18.668],[27.671,-18.004],[30.147,-18.547],[30.69,-20.057],[29.905,-22.05],[26.886,-21.929],[26.282,-20.661],[26.946,-18.668]]]]}},{"type":"Feature","properties":{"NAME":"Kandy","ABBREVN":"Kandy","SUBJECTO":"Kandy","BORDERPRECISION":3,"PARTOF":"Kandy"},"geometry":{"type":"MultiPolygon","coordinates":[[[[80.503,8.785],[80.728,8.792],[80.728,8.175],[81.139,8.175],[81.165,7.584],[81.396,7.276],[81.345,6.608],[81.056,6.473],[80.786,6.574],[80.079,7.744],[80.034,8.124],[80.112,8.33],[80.291,8.304],[80.42,8.432],[80.503,8.785]]]]}},{"type":"Feature","properties":{"NAME":"Portuguese East Africa","ABBREVN":"Port E Afric","SUBJECTO":"Portuguese East Africa","BORDERPRECISION":3,"PARTOF":"Portuguese East Africa"},"geometry":{"type":"MultiPolygon","coordinates":[[[[37.275,-17.713],[36.892,-18.0],[35.915,-19.032],[35.378,-19.427],[34.917,-18.33],[34.812,-17.595],[33.972,-16.651],[33.343,-15.707],[34.287,-15.916],[35.546,-16.966],[36.386,-16.966],[37.275,-17.713]]]]}},{"type":"Feature","properties":{"NAME":"Zanzibar","ABBREVN":"Zanzibar","SUBJECTO":"Zanzibar","BORDERPRECISION":3,"PARTOF":"Zanzibar"},"geometry":{"type":"MultiPolygon","coordinates":[[[[46.225,2.552],[45.541,1.967],[44.567,1.463],[43.724,0.8],[42.44,-0.512],[41.607,-1.594],[41.61,-1.877],[41.089,-2.129],[40.915,-2.078],[40.877,-2.428],[40.75,-2.593],[40.449,-2.645],[40.271,-2.817],[40.234,-3.192],[39.64,-4.083],[39.681,-4.324],[39.53,-4.617],[39.267,-4.776],[39.122,-5.037],[38.872,-6.092],[38.922,-6.34],[39.221,-6.784],[39.566,-7.044],[39.27,-7.801],[39.478,-7.998],[39.392,-8.735],[39.658,-9.796],[40.524,-10.55],[38.904,-10.775],[38.222,-6.158],[38.746,-3.955],[41.055,-0.597],[43.888,2.026],[45.941,3.502],[47.479,5.571],[49.046,6.416],[48.95,5.99],[48.472,5.201],[47.556,3.993],[46.225,2.552]]]]}},{"type":"Feature","properties":{"NAME":"Ethiopia","ABBREVN":"Ethiopia","SUBJECTO":"Ethiopia","BORDERPRECISION":3,"PARTOF":"Ethiopia"},"geometry":{"type":"MultiPolygon","coordinates":[[[[30.346,22.111],[31.617,21.295],[32.161,20.643],[33.877,19.663],[34.612,18.07],[33.632,15.742],[33.999,13.659],[33.142,11.576],[31.671,11.576],[31.426,13.291],[31.671,15.864],[30.691,16.845],[29.466,19.173],[29.466,20.766],[30.346,22.111]]]]}},{"type":"Feature","properties":{"NAME":"Awsa","ABBREVN":"Awsa","SUBJECTO":"Awsa","BORDERPRECISION":3,"PARTOF":"Awsa"},"geometry":{"type":"MultiPolygon","coordinates":[[[[39.636,14.149],[40.39,14.906],[40.739,14.919],[41.705,13.93],[42.079,13.861],[42.357,13.468],[42.408,13.175],[42.636,13.093],[43.33,12.434],[43.459,12.225],[43.422,12.047],[42.81,11.778],[42.555,11.568],[42.669,11.511],[40.494,9.86],[40.371,10.473],[39.391,10.595],[39.636,14.149]]]]}},{"type":"Feature","properties":{"NAME":"Ethiopia","ABBREVN":"Ethiopia","SUBJECTO":"Ethiopia","BORDERPRECISION":3,"PARTOF":"Ethiopia"},"geometry":{"type":"MultiPolygon","coordinates":[[[[39.391,10.595],[39.562,9.122],[39.218,8.433],[38.184,8.318],[37.308,7.899],[36.462,8.547],[35.96,14.762],[36.083,16.109],[38.043,16.232],[38.043,15.007],[38.778,14.394],[39.636,14.149],[39.391,10.595]]]]}},{"type":"Feature","properties":{"NAME":"Oromo","ABBREVN":"Oromo","SUBJECTO":"Oromo","BORDERPRECISION":3,"PARTOF":"Oromo"},"geometry":{"type":"MultiPolygon","coordinates":[[[[36.462,8.547],[37.308,7.899],[38.184,8.318],[39.218,8.433],[39.562,9.122],[39.391,10.595],[40.371,10.473],[40.494,9.86],[41.842,8.757],[42.945,6.919],[42.577,5.816],[41.719,4.713],[42.822,4.591],[43.435,3.856],[43.802,2.875],[42.332,1.773],[38.411,1.037],[36.45,2.63],[36.083,5.694],[38.043,5.694],[38.043,6.797],[34.98,7.287],[35.102,8.39],[36.462,8.547]]]]}},{"type":"Feature","properties":{"NAME":"Oldenburg","ABBREVN":"Oldenburg","SUBJECTO":"Oldenburg","BORDERPRECISION":3,"PARTOF":"Oldenburg"},"geometry":{"type":"MultiPolygon","coordinates":[[[[7.875,53.634],[7.969,53.638],[8.099,53.444],[8.029,53.373],[8.175,53.322],[8.261,53.439],[8.189,53.531],[8.537,53.478],[8.506,53.385],[8.434,53.396],[8.423,53.261],[8.66,53.027],[8.327,53.053],[8.327,52.981],[7.772,53.147],[7.947,53.282],[7.854,53.396],[7.875,53.634]]]]}},{"type":"Feature","properties":{"NAME":"Prussia","ABBREVN":"Prussia","SUBJECTO":"Prussia","BORDERPRECISION":3,"PARTOF":"Prussia"},"geometry":{"type":"MultiPolygon","coordinates":[[[[18.965,54.228],[19.758,54.459],[19.23,54.167],[19.57,54.255],[19.683,53.858],[19.925,53.918],[20.076,53.585],[20.409,53.434],[20.56,53.827],[21.014,54.1],[20.47,54.342],[20.046,54.19],[19.915,54.395],[20.327,54.564],[20.006,54.547],[19.938,54.608],[19.833,54.531],[19.863,54.752],[19.943,54.85],[21.137,54.845],[21.192,54.96],[21.113,55.089],[21.224,55.111],[21.143,55.256],[21.216,55.344],[21.018,55.634],[20.945,56.07],[21.276,55.861],[21.684,55.353],[22.584,55.009],[22.794,54.902],[22.824,54.787],[22.662,54.571],[22.807,53.808],[21.117,53.269],[20.702,53.321],[20.477,53.131],[20.097,53.182],[20.011,53.044],[19.804,53.525],[18.927,53.495],[18.806,53.737],[18.987,53.858],[18.965,54.228]]]]}},{"type":"Feature","properties":{"NAME":"Lombardy","ABBREVN":"Lombardy","SUBJECTO":"Lombardy","BORDERPRECISION":3,"PARTOF":"Lombardy"},"geometry":{"type":"MultiPolygon","coordinates":[[[[10.856,45.051],[10.393,45.026],[10.377,45.374],[10.824,45.353],[10.856,45.051]]]]}},{"type":"Feature","properties":{"NAME":"Brandenburg","ABBREVN":"Brandenburg","SUBJECTO":"Prussia","BORDERPRECISION":3,"PARTOF":"Brandenburg"},"geometry":{"type":"MultiPolygon","coordinates":[[[[11.134,51.517],[11.245,51.658],[11.39,51.651],[11.538,51.307],[11.421,51.307],[11.421,51.374],[11.204,51.274],[11.07,51.441],[11.134,51.517]]],[[[10.255,51.43],[10.288,51.519],[10.51,51.477],[10.519,51.264],[10.427,51.236],[10.255,51.43]]],[[[10.973,51.584],[10.872,51.651],[10.598,51.564],[10.518,51.677],[10.325,51.575],[10.131,51.606],[10.26,51.857],[10.335,51.774],[10.453,51.857],[10.665,51.728],[10.843,51.884],[10.553,52.167],[10.503,52.351],[10.57,52.443],[10.553,52.804],[10.922,52.778],[10.98,52.711],[11.114,52.753],[11.181,52.887],[11.081,52.971],[11.349,53.152],[11.462,53.087],[11.72,53.136],[11.753,53.346],[11.817,53.216],[11.914,53.249],[12.787,52.893],[12.933,52.909],[13.078,52.829],[13.03,52.748],[13.094,52.667],[13.256,52.618],[13.304,52.651],[13.143,52.78],[13.062,52.99],[13.418,53.006],[13.612,53.281],[13.725,53.281],[13.757,53.427],[13.692,53.427],[13.773,53.475],[14.025,53.434],[14.025,53.132],[14.177,53.132],[14.449,53.313],[14.537,53.538],[14.557,53.76],[14.467,53.91],[15.898,54.128],[16.473,54.415],[17.658,54.685],[17.747,54.433],[17.111,54.13],[16.99,54.19],[16.688,54.039],[16.809,53.858],[16.809,53.464],[16.658,53.858],[16.204,53.706],[16.416,53.525],[16.204,53.343],[16.053,52.716],[15.844,52.71],[15.76,52.571],[15.765,52.265],[15.23,52.208],[15.2,51.985],[14.526,51.886],[14.551,52.274],[14.324,52.274],[14.324,52.333],[14.138,52.274],[14.054,52.325],[14.011,52.148],[13.86,52.148],[13.8,52.063],[13.603,52.111],[13.387,52.052],[13.398,52.252],[13.106,52.241],[13.141,52.046],[12.185,52.073],[12.107,52.203],[11.815,52.154],[11.833,52.075],[11.677,51.918],[11.39,51.77],[11.167,51.803],[11.067,51.747],[11.126,51.58],[10.973,51.584]]],[[[8.109,52.399],[8.5,52.457],[8.558,52.34],[8.656,52.34],[8.871,52.457],[8.719,52.223],[8.769,52.063],[8.579,52.043],[8.599,51.853],[8.539,51.843],[8.05,51.913],[8.09,52.053],[8.199,52.113],[8.109,52.399]]],[[[7.248,52.608],[7.385,52.608],[7.502,52.354],[7.697,52.256],[7.736,51.905],[7.541,52.002],[7.502,52.198],[7.248,52.373],[7.19,52.557],[7.248,52.608]]],[[[6.971,51.588],[7.174,51.666],[7.908,51.682],[8.049,51.432],[7.721,51.51],[7.658,51.26],[7.908,50.964],[7.768,50.839],[7.299,50.839],[6.971,51.588]]],[[[6.222,51.389],[6.117,51.64],[5.948,51.722],[5.979,51.804],[6.211,51.88],[6.643,51.745],[6.768,51.635],[6.768,51.417],[6.627,51.417],[6.581,51.604],[6.487,51.588],[6.44,51.448],[6.222,51.389]]]]}},{"type":"Feature","properties":{"NAME":"Hanover","ABBREVN":"Hanover","SUBJECTO":"Hanover","BORDERPRECISION":3,"PARTOF":"Hanover"},"geometry":{"type":"MultiPolygon","coordinates":[[[[9.351,51.598],[9.725,51.623],[9.854,51.554],[9.915,51.637],[9.987,51.565],[10.018,51.657],[10.202,51.564],[10.162,51.472],[9.574,51.31],[9.594,51.239],[9.472,51.259],[9.503,51.351],[9.351,51.598]]],[[[8.641,53.013],[8.679,52.783],[9.049,52.843],[9.339,52.723],[9.489,52.943],[9.969,53.063],[9.979,53.163],[9.729,53.273],[9.679,53.383],[9.752,53.503],[10.117,53.476],[9.943,53.6],[10.074,53.658],[10.125,53.593],[10.357,53.614],[10.357,53.76],[10.577,53.885],[10.558,53.776],[10.723,53.611],[10.511,53.531],[10.905,53.155],[10.938,53.239],[11.181,52.887],[11.114,52.753],[10.98,52.711],[10.922,52.778],[10.553,52.804],[10.57,52.443],[10.503,52.351],[10.578,52.176],[10.079,52.193],[9.619,52.313],[9.409,52.223],[9.419,51.993],[9.219,52.053],[9.229,51.923],[9.049,52.133],[9.099,52.373],[9.007,52.438],[8.812,52.457],[8.656,52.34],[8.558,52.34],[8.5,52.457],[8.109,52.399],[8.109,52.692],[8.207,52.692],[8.141,53.024],[8.641,53.013]]],[[[14.248,53.816],[14.227,53.91],[14.473,53.877],[14.459,53.819],[14.248,53.816]]]]}},{"type":"Feature","properties":{"NAME":"Genoa","ABBREVN":"Genoa","SUBJECTO":"Genoa","BORDERPRECISION":3,"PARTOF":"Genoa"},"geometry":{"type":"MultiPolygon","coordinates":[[[[9.825,44.153],[8.897,44.437],[8.672,44.417],[8.09,44.051],[7.769,44.367],[7.849,44.463],[7.914,44.415],[8.251,44.736],[8.363,44.72],[8.556,44.864],[8.764,44.864],[9.23,44.772],[9.396,44.44],[9.479,44.473],[9.878,44.29],[9.825,44.153]]]]}},{"type":"Feature","properties":{"NAME":null,"ABBREVN":null,"SUBJECTO":null,"BORDERPRECISION":3,"PARTOF":null},"geometry":{"type":"MultiPolygon","coordinates":[[[[7.98,43.965],[7.468,43.811],[7.467,43.92],[7.634,44.036],[7.673,43.981],[7.689,44.238],[7.98,43.965]]]]}},{"type":"Feature","properties":{"NAME":"Sardinia","ABBREVN":"Sardinia","SUBJECTO":"Austrian Empire","BORDERPRECISION":3,"PARTOF":"Sardinia"},"geometry":{"type":"MultiPolygon","coordinates":[[[[8.82,38.977],[8.582,39.066],[8.374,39.308],[8.508,39.946],[8.488,40.209],[8.428,40.465],[8.159,40.785],[8.241,40.855],[8.766,40.863],[9.306,41.184],[9.591,40.903],[9.794,40.564],[9.631,40.096],[9.698,39.693],[9.648,39.457],[9.479,39.144],[9.296,39.233],[9.063,39.22],[8.82,38.977]]]]}},{"type":"Feature","properties":{"NAME":"Naples","ABBREVN":"Naples","SUBJECTO":"Austrian Empire","BORDERPRECISION":3,"PARTOF":"Naples"},"geometry":{"type":"MultiPolygon","coordinates":[[[[14.076,42.634],[14.519,42.23],[14.72,42.142],[14.739,42.047],[14.922,41.972],[15.449,41.857],[16.013,41.904],[16.187,41.841],[16.198,41.746],[15.873,41.502],[18.034,40.597],[18.523,40.094],[18.365,39.747],[18.017,39.948],[17.968,40.167],[17.85,40.243],[17.402,40.292],[17.204,40.398],[17.243,40.496],[16.949,40.481],[16.604,40.09],[16.532,39.698],[17.149,39.422],[17.121,39.086],[17.181,39.022],[17.095,38.915],[16.798,38.926],[16.613,38.827],[16.522,38.725],[16.572,38.457],[16.331,38.321],[16.053,37.931],[15.71,37.941],[15.627,38.004],[15.627,38.233],[15.791,38.296],[15.933,38.54],[15.827,38.623],[16.212,38.778],[15.757,39.934],[15.666,40.092],[15.432,39.989],[14.899,40.241],[14.992,40.372],[14.951,40.551],[14.743,40.705],[14.334,40.594],[14.495,40.73],[14.37,40.851],[14.051,40.768],[13.761,41.207],[13.813,41.318],[14.029,41.401],[13.88,41.634],[13.929,41.75],[13.647,41.75],[13.564,41.866],[13.631,42.016],[13.415,42.198],[13.465,42.232],[13.415,42.364],[13.631,42.53],[13.714,42.398],[13.83,42.564],[13.929,42.53],[14.076,42.634]]]]}},{"type":"Feature","properties":{"NAME":"Sicily","ABBREVN":"Sicily","SUBJECTO":"Savoy-Piedmont","BORDERPRECISION":3,"PARTOF":"Sicily"},"geometry":{"type":"MultiPolygon","coordinates":[[[[14.942,36.739],[14.622,36.776],[14.216,37.049],[13.012,37.525],[12.637,37.582],[12.454,37.766],[12.517,37.919],[12.783,38.117],[13.066,38.067],[13.322,38.221],[13.81,37.966],[14.766,38.058],[15.387,38.206],[15.473,38.11],[15.112,37.459],[15.116,37.287],[15.301,37.058],[15.027,36.745],[14.942,36.739]]]]}},{"type":"Feature","properties":{"NAME":"L\u00fcbeck","ABBREVN":"L\u00fcbeck","SUBJECTO":"L\u00fcbeck","BORDERPRECISION":3,"PARTOF":"L\u00fcbeck"},"geometry":{"type":"MultiPolygon","coordinates":[[[[10.884,53.882],[11.151,53.938],[11.202,53.857],[11.408,53.859],[11.565,54.035],[12.041,54.097],[12.463,54.255],[12.9,54.025],[12.771,53.701],[13.143,53.782],[13.11,53.572],[13.256,53.572],[13.401,53.701],[13.806,53.604],[13.692,53.427],[13.757,53.427],[13.725,53.281],[13.612,53.281],[13.531,53.087],[13.191,52.958],[13.062,52.99],[13.143,52.78],[13.304,52.651],[13.256,52.618],[13.094,52.667],[13.03,52.748],[13.078,52.829],[12.933,52.909],[12.787,52.893],[11.914,53.249],[11.817,53.216],[11.753,53.346],[11.72,53.136],[11.462,53.087],[11.349,53.152],[11.081,52.971],[10.938,53.239],[10.905,53.155],[10.511,53.531],[10.723,53.611],[10.558,53.776],[10.577,53.885],[10.357,53.76],[10.357,53.614],[10.125,53.593],[10.074,53.658],[9.943,53.6],[9.79,53.694],[9.752,53.503],[9.484,53.538],[9.125,53.79],[8.857,53.867],[8.819,53.969],[8.946,54.015],[8.779,54.132],[9.056,54.349],[9.441,54.247],[9.449,54.189],[9.674,54.189],[9.739,54.276],[9.885,54.254],[10.213,54.372],[10.649,54.259],[11.039,54.313],[11.016,54.097],[10.717,53.964],[10.884,53.882]]]]}},{"type":"Feature","properties":{"NAME":"Montenegro","ABBREVN":"Montenegro","SUBJECTO":"Montenegro","BORDERPRECISION":3,"PARTOF":"Montenegro"},"geometry":{"type":"MultiPolygon","coordinates":[[[[18.91,42.218],[18.529,42.353],[18.668,42.837],[18.869,42.923],[19.041,42.837],[19.127,42.894],[19.012,43.066],[19.184,43.153],[19.414,43.009],[19.414,42.923],[19.586,43.066],[19.816,42.866],[19.442,42.579],[19.242,42.665],[19.242,42.32],[18.91,42.218]]]]}},{"type":"Feature","properties":{"NAME":"Polish\u2013Lithuanian Commonwealth","ABBREVN":"Polish\u2013Lithuanian Commonwealth","SUBJECTO":"Polish\u2013Lithuanian Commonwealth","BORDERPRECISION":3,"PARTOF":"Polish\u2013Lithuanian Commonwealth"},"geometry":{"type":"MultiPolygon","coordinates":[[[[23.625,56.877],[24.027,56.542],[25.675,56.629],[25.856,56.557],[28.091,56.748],[29.518,58.075],[29.995,58.205],[30.472,57.771],[30.386,57.294],[31.167,56.73],[31.557,57.034],[32.078,56.774],[31.861,55.993],[31.21,55.732],[31.253,55.602],[31.514,55.559],[31.731,54.952],[31.427,54.908],[31.557,54.301],[32.208,54.431],[32.468,53.086],[31.383,53.26],[31.297,52.956],[31.383,52.001],[30.559,51.828],[30.342,51.394],[30.472,50.093],[30.516,49.962],[31.514,49.962],[31.514,49.702],[33.553,48.878],[32.381,48.487],[31.167,48.618],[31.08,47.793],[30.95,47.62],[29.865,47.62],[29.778,46.795],[29.427,46.816],[29.116,47.283],[28.908,47.818],[28.302,48.133],[28.347,48.23],[28.115,48.218],[27.706,48.44],[27.648,48.752],[27.486,48.752],[27.486,48.671],[27.108,48.833],[27.108,48.644],[26.163,48.941],[26.36,48.125],[26.123,48.125],[26.123,47.855],[25.786,47.956],[25.381,47.855],[25.246,47.686],[24.796,47.807],[24.887,47.897],[24.736,48.23],[24.342,48.351],[24.161,48.987],[23.889,49.259],[21.771,49.592],[21.771,49.743],[21.317,49.864],[21.287,49.773],[21.135,49.834],[20.984,49.743],[20.803,49.834],[20.893,49.743],[20.681,49.652],[20.53,49.803],[20.349,49.743],[20.016,49.803],[19.895,49.471],[19.562,49.531],[19.562,49.713],[19.381,49.803],[19.138,49.713],[19.108,49.592],[18.927,49.622],[18.896,49.713],[18.796,49.713],[18.646,50.645],[17.64,51.437],[17.553,51.655],[17.291,51.786],[17.204,51.611],[16.855,51.655],[16.855,51.917],[16.506,52.178],[16.506,52.004],[15.765,52.265],[15.76,52.571],[15.844,52.71],[16.053,52.716],[16.204,53.343],[16.416,53.525],[16.204,53.706],[16.658,53.858],[16.809,53.464],[16.809,53.858],[16.688,54.039],[16.99,54.19],[17.111,54.13],[17.747,54.433],[17.658,54.685],[18.279,54.724],[18.76,54.536],[18.363,54.669],[18.338,54.603],[18.454,54.525],[18.513,54.316],[18.965,54.228],[18.987,53.858],[18.806,53.737],[18.927,53.495],[19.804,53.525],[20.011,53.044],[20.097,53.182],[20.477,53.131],[20.702,53.321],[21.117,53.269],[22.807,53.808],[22.662,54.571],[22.824,54.787],[22.794,54.902],[21.684,55.353],[21.276,55.861],[20.916,56.097],[20.965,56.609],[21.324,56.854],[21.34,57.177],[21.677,57.464],[22.433,57.616],[22.564,57.616],[22.585,57.509],[23.071,57.261],[23.215,56.981],[23.625,56.877]]]]}},{"type":"Feature","properties":{"NAME":"Manchu Empire","ABBREVN":"Manchu China","SUBJECTO":"Manchu Empire","BORDERPRECISION":3,"PARTOF":"Manchu Empire"},"geometry":{"type":"MultiPolygon","coordinates":[[[[101.772,51.425],[102.117,51.361],[102.266,50.809],[102.639,50.456],[103.378,50.217],[103.681,50.166],[105.155,50.443],[106.323,50.417],[106.668,50.314],[107.549,49.827],[108.424,49.518],[109.424,49.296],[110.2,49.241],[112.524,49.462],[113.033,49.654],[113.574,50.055],[114.098,50.274],[114.523,50.296],[114.856,50.226],[115.347,49.94],[115.734,49.864],[116.566,50.006],[117.491,49.586],[117.645,49.594],[119.291,50.125],[119.322,50.368],[119.164,50.524],[119.182,50.702],[120.129,51.733],[120.746,52.007],[120.821,52.364],[120.773,52.476],[120.564,52.614],[119.943,52.591],[119.997,52.704],[120.702,53.185],[121.675,53.357],[121.661,53.76],[120.921,53.834],[121.069,54.278],[120.921,54.5],[121.217,54.722],[121.291,55.092],[121.735,55.388],[121.957,55.906],[122.697,55.98],[123.51,56.424],[124.102,56.276],[124.916,56.202],[128.171,56.72],[128.837,56.646],[129.207,56.868],[130.39,56.054],[130.908,55.24],[130.538,53.908],[131.13,53.908],[132.018,52.429],[132.388,52.355],[133.128,52.651],[133.424,52.651],[134.237,53.464],[134.681,52.947],[136.161,53.021],[137.239,53.457],[137.979,53.465],[138.234,53.572],[138.409,53.805],[138.417,54.092],[139.378,54.08],[140.102,53.802],[140.321,53.536],[141.121,53.052],[140.828,52.825],[141.032,52.726],[141.091,52.587],[140.939,52.262],[141.161,52.209],[141.257,52.103],[140.73,51.441],[140.405,50.827],[140.323,50.518],[140.457,50.104],[140.081,48.503],[139.214,47.811],[139.047,47.615],[138.949,47.322],[138.352,46.873],[137.985,46.269],[137.721,45.997],[136.494,44.966],[136.034,44.398],[135.415,44.037],[134.962,43.515],[134.569,43.212],[134.139,42.993],[132.953,42.67],[132.827,42.862],[132.485,42.88],[132.333,42.964],[132.182,43.195],[131.675,43.027],[131.865,43.29],[131.584,43.213],[130.435,42.277],[129.966,42.957],[129.854,42.957],[129.568,42.737],[129.464,42.417],[129.035,42.177],[128.756,42.061],[127.984,42.108],[127.861,41.998],[127.849,41.845],[128.098,41.449],[127.423,41.356],[126.972,41.539],[126.849,41.718],[126.474,41.652],[126.166,41.189],[125.879,40.945],[124.725,40.428],[124.491,40.28],[124.134,39.843],[123.039,39.672],[122.027,39.256],[121.216,38.757],[121.065,38.75],[121.66,39.332],[121.282,39.35],[121.239,39.554],[122.108,40.354],[122.082,40.488],[121.754,40.737],[121.427,40.864],[121.011,40.851],[120.273,40.152],[119.385,39.843],[118.978,39.224],[118.559,39.172],[118.275,39.0],[118.07,39.254],[117.753,39.203],[117.44,38.603],[117.479,38.45],[117.589,38.284],[117.841,38.164],[118.2,38.044],[118.745,38.064],[118.875,37.949],[118.812,37.446],[118.837,37.204],[118.955,37.077],[119.284,37.046],[119.599,37.117],[120.169,37.576],[120.658,37.736],[121.434,37.337],[121.895,37.376],[122.393,37.301],[122.256,36.734],[121.847,36.86],[121.61,36.834],[120.855,36.584],[120.537,36.387],[120.505,36.056],[120.27,35.985],[120.139,36.195],[119.914,36.143],[119.976,35.934],[119.907,35.768],[119.003,34.939],[119.021,34.692],[119.3,34.591],[119.974,34.135],[120.149,33.894],[120.34,33.336],[120.641,33.045],[120.719,32.848],[120.661,32.543],[121.051,32.328],[121.231,32.062],[121.606,31.828],[121.623,31.618],[121.268,31.452],[121.499,31.281],[121.64,30.926],[121.569,30.71],[121.035,30.595],[120.609,30.346],[119.944,30.116],[120.438,29.997],[121.083,30.214],[121.391,29.922],[121.77,29.834],[121.67,29.625],[121.362,29.414],[121.411,29.345],[121.649,29.32],[121.433,28.837],[121.359,28.386],[121.166,28.125],[121.009,28.277],[120.942,28.213],[120.506,27.59],[120.352,27.177],[120.084,26.986],[119.971,26.789],[119.429,26.591],[119.555,26.267],[119.436,26.038],[119.429,25.651],[119.335,25.53],[119.096,25.441],[118.813,24.849],[118.531,24.69],[118.346,24.467],[117.925,24.562],[117.796,24.422],[117.849,24.047],[117.406,23.69],[116.963,23.556],[116.452,23.25],[116.341,22.913],[115.86,22.836],[115.707,22.639],[115.186,22.746],[114.848,22.51],[114.559,22.465],[114.537,22.675],[113.717,22.482],[113.463,22.774],[113.377,22.647],[113.378,22.164],[113.284,22.03],[113.097,21.979],[112.871,22.061],[112.75,21.756],[112.04,21.659],[111.831,21.754],[111.434,21.461],[111.086,21.479],[110.75,21.377],[110.566,21.231],[110.239,21.281],[110.077,20.867],[110.434,20.436],[110.271,20.315],[109.928,20.245],[109.603,20.879],[109.78,21.483],[109.516,21.597],[109.322,21.431],[109.117,21.399],[108.813,21.494],[108.555,21.823],[108.467,21.785],[108.387,21.531],[108.266,21.473],[107.876,21.462],[107.098,21.649],[106.673,21.926],[106.551,22.091],[106.507,22.325],[106.72,22.663],[106.695,22.834],[106.588,22.929],[105.941,22.931],[105.594,23.037],[105.313,23.296],[104.478,22.783],[103.397,22.707],[102.985,22.47],[102.57,22.69],[102.185,22.637],[101.554,22.284],[101.597,21.871],[101.753,21.472],[101.704,21.319],[101.584,21.224],[101.238,21.26],[101.014,21.442],[100.895,21.721],[100.612,21.535],[100.321,21.464],[100.04,21.621],[99.755,22.127],[99.209,22.149],[99.156,22.308],[99.484,23.021],[99.469,23.141],[98.985,23.151],[98.894,23.297],[98.769,24.09],[98.699,24.146],[98.137,24.099],[97.768,23.9],[97.531,23.892],[97.631,24.274],[97.524,24.8],[97.888,25.272],[98.382,25.63],[98.734,26.343],[98.637,27.479],[100.682,28.691],[102.406,33.721],[101.688,36.307],[100.394,37.744],[99.245,38.75],[99.388,39.756],[100.538,40.331],[102.119,39.756],[103.556,39.9],[104.562,41.481],[103.268,42.487],[103.268,43.062],[104.705,44.211],[104.274,44.93],[101.831,45.361],[100.394,45.505],[99.388,47.229],[99.532,48.666],[100.251,50.103],[101.772,51.425]]],[[[109.43,18.097],[108.652,18.482],[108.577,19.187],[109.198,19.684],[109.42,19.659],[109.55,19.914],[109.916,19.8],[110.061,19.94],[110.617,20.017],[110.885,19.707],[110.427,19.229],[110.299,18.899],[110.361,18.766],[110.263,18.626],[109.669,18.415],[109.43,18.097]]]]}},{"type":"Feature","properties":{"NAME":"Tibet","ABBREVN":"Tibet","SUBJECTO":"Tibet","BORDERPRECISION":3,"PARTOF":"Tibet"},"geometry":{"type":"MultiPolygon","coordinates":[[[[91.064,26.753],[92.17,26.987],[91.301,27.997],[89.785,28.023],[89.672,28.197],[88.162,27.741],[88.214,27.866],[87.902,27.947],[87.75,27.821],[87.214,27.843],[87.071,28.007],[86.787,28.133],[86.604,28.133],[86.568,27.985],[86.446,27.947],[86.138,28.119],[86.142,27.955],[86.036,27.91],[85.972,28.119],[85.729,28.342],[85.144,28.342],[85.217,28.639],[85.07,28.647],[84.92,28.535],[84.267,28.937],[84.298,29.064],[84.219,29.235],[84.088,29.309],[83.698,29.183],[83.402,29.54],[83.197,29.666],[83.13,29.607],[82.591,29.971],[82.201,30.09],[82.142,30.366],[81.656,30.455],[81.573,30.373],[81.449,30.403],[80.175,31.573],[79.329,35.628],[80.132,36.882],[89.616,36.882],[99.245,38.75],[100.394,37.744],[101.688,36.307],[102.406,33.721],[100.682,28.691],[98.637,27.479],[98.572,27.542],[98.216,27.546],[98.009,28.091],[97.603,28.412],[97.478,28.392],[97.34,28.182],[95.478,27.909],[94.837,27.567],[94.324,26.883],[92.401,26.584],[91.547,26.285],[90.0,26.36],[91.162,26.75],[91.064,26.753]]]]}},{"type":"Feature","properties":{"NAME":"Safavid Empire","ABBREVN":"Safavid Empi","SUBJECTO":"Safavid Empire","BORDERPRECISION":3,"PARTOF":"Safavid Empire"},"geometry":{"type":"MultiPolygon","coordinates":[[[[66.3,25.495],[65.769,25.309],[64.851,25.206],[64.238,25.211],[64.059,25.401],[63.65,25.337],[63.404,25.165],[62.45,25.163],[61.344,25.027],[60.858,25.096],[60.298,25.323],[59.031,25.308],[58.744,25.536],[57.9,25.541],[57.805,25.648],[57.255,25.793],[57.245,26.018],[57.112,26.076],[57.066,26.307],[56.935,26.465],[56.929,26.752],[56.668,27.05],[55.9,27.105],[55.805,27.005],[55.425,26.963],[55.34,26.799],[55.098,26.737],[54.926,26.538],[54.646,26.391],[54.065,26.701],[53.634,26.748],[53.381,26.91],[52.891,27.052],[52.41,27.581],[51.962,27.777],[51.611,27.827],[51.35,28.036],[50.702,29.134],[50.705,29.401],[50.132,30.066],[49.718,30.002],[49.321,30.103],[49.235,30.223],[49.222,30.477],[48.946,30.388],[48.714,30.0],[48.554,29.995],[48.081,30.395],[48.107,30.669],[48.033,30.878],[47.689,30.882],[47.787,31.569],[47.742,31.905],[46.508,32.812],[46.124,32.772],[46.105,33.21],[45.646,33.639],[45.505,33.88],[45.671,34.617],[46.184,35.058],[45.995,35.401],[46.001,35.515],[46.211,35.784],[45.388,35.926],[44.784,37.27],[44.471,37.455],[44.427,37.644],[44.492,37.754],[44.205,37.867],[44.464,38.292],[44.318,38.476],[44.269,38.429],[44.128,38.703],[44.183,38.872],[44.082,39.295],[44.345,39.414],[44.349,39.609],[44.637,39.662],[44.67,39.757],[44.448,39.96],[43.812,40.014],[43.685,40.109],[43.67,40.295],[43.847,40.75],[42.878,41.546],[43.957,42.591],[44.297,42.612],[44.51,42.761],[44.872,42.666],[45.031,42.772],[45.478,42.549],[45.808,42.538],[45.861,42.474],[45.754,42.251],[46.042,42.049],[46.499,41.964],[46.669,41.815],[46.85,41.836],[47.35,41.442],[47.35,41.304],[47.988,41.219],[48.224,41.471],[47.249,42.785],[47.195,43.376],[47.493,43.583],[47.52,43.511],[47.664,43.853],[47.736,43.862],[47.574,43.502],[47.655,43.277],[47.565,43.008],[47.79,42.855],[47.844,42.621],[47.97,42.594],[48.5,41.929],[48.662,41.902],[48.892,41.687],[49.244,41.293],[49.286,41.059],[49.605,40.687],[49.807,40.581],[50.19,40.57],[50.467,40.325],[50.467,40.262],[50.031,40.347],[49.573,40.176],[49.403,39.485],[49.488,39.294],[49.339,39.283],[49.275,39.017],[49.116,39.187],[49.041,39.145],[49.052,38.932],[48.946,38.836],[48.988,38.719],[48.825,38.31],[48.745,37.727],[48.837,37.511],[49.476,37.292],[50.039,37.225],[50.252,36.895],[50.561,36.686],[51.417,36.456],[51.796,36.432],[53.8,36.679],[53.984,36.782],[54.067,36.942],[57.314,36.829],[61.229,39.831],[66.336,36.307],[65.474,35.014],[67.054,35.589],[67.773,33.433],[67.486,32.427],[67.629,31.134],[66.767,30.415],[66.928,28.112],[66.3,25.495]]]]}},{"type":"Feature","properties":{"NAME":"central Asian khanates","ABBREVN":"central Asian khanates","SUBJECTO":"central Asian khanates","BORDERPRECISION":3,"PARTOF":"central Asian khanates"},"geometry":{"type":"MultiPolygon","coordinates":[[[[74.63,54.324],[72.992,55.307],[74.921,54.149],[74.63,54.324]]],[[[91.965,51.569],[92.591,52.4],[93.567,52.349],[95.187,53.796],[95.866,53.796],[97.319,52.826],[97.61,52.148],[99.758,51.903],[101.011,51.672],[101.772,51.425],[100.251,50.103],[99.532,48.666],[99.388,47.229],[100.394,45.505],[101.831,45.361],[104.274,44.93],[104.705,44.211],[103.268,43.062],[103.268,42.487],[104.562,41.481],[103.556,39.9],[102.119,39.756],[100.538,40.331],[99.388,39.756],[99.245,38.75],[89.616,36.882],[80.132,36.882],[79.329,35.628],[75.246,38.032],[73.809,38.032],[69.497,35.876],[66.336,36.307],[69.232,37.368],[70.095,37.907],[69.816,41.211],[80.94,44.078],[85.535,47.181],[85.605,48.234],[90.0,51.569],[91.965,51.569]]],[[[61.229,39.831],[62.114,39.22],[62.662,39.22],[64.347,37.873],[64.405,37.64],[66.336,36.307],[61.229,39.831]]],[[[53.05,45.831],[52.98,45.776],[52.924,45.732],[53.05,45.831]]],[[[58.331,50.934],[57.152,51.229],[55.245,51.706],[58.331,50.934]]],[[[63.995,52.798],[63.038,51.176],[64.457,53.581],[63.995,52.798]]],[[[51.773,47.462],[51.745,47.508],[51.387,48.105],[51.773,47.462]]]]}},{"type":"Feature","properties":{"NAME":"Maratha","ABBREVN":"Maratha","SUBJECTO":"Maratha","BORDERPRECISION":3,"PARTOF":"Maratha"},"geometry":{"type":"MultiPolygon","coordinates":[[[[74.421,14.375],[73.841,15.39],[73.573,16.038],[73.064,18.032],[72.976,18.539],[73.289,18.82],[73.135,19.076],[73.289,19.28],[73.135,19.638],[73.391,19.894],[73.34,20.508],[73.954,20.508],[73.8,20.252],[74.261,18.922],[74.875,18.718],[75.642,18.82],[75.796,18.513],[74.67,18.001],[75.131,17.49],[74.977,16.671],[74.466,16.364],[74.466,15.699],[74.875,15.136],[74.875,14.522],[74.421,14.375]]]]}},{"type":"Feature","properties":{"NAME":"Mughal Empire","ABBREVN":"MughalEmpire","SUBJECTO":"Mughal Empire","BORDERPRECISION":3,"PARTOF":"Mughal Empire"},"geometry":{"type":"MultiPolygon","coordinates":[[[[80.313,13.104],[79.725,11.516],[79.07,11.35],[78.559,12.22],[77.996,12.578],[77.28,12.424],[76.666,12.782],[75.796,13.908],[75.387,13.959],[74.703,13.751],[74.421,14.375],[74.875,14.522],[74.875,15.136],[74.466,15.699],[74.466,16.364],[74.977,16.671],[75.131,17.49],[74.67,18.001],[75.796,18.513],[75.642,18.82],[74.875,18.718],[74.261,18.922],[73.8,20.252],[73.954,20.508],[73.34,20.508],[73.391,19.894],[73.135,19.638],[73.289,19.28],[73.135,19.076],[73.289,18.82],[72.976,18.539],[72.759,20.058],[73.11,20.687],[73.113,20.827],[72.766,21.15],[72.696,22.129],[72.319,22.115],[72.233,22.02],[72.127,21.829],[72.289,21.55],[72.256,21.353],[71.894,20.99],[71.024,20.657],[70.467,20.777],[69.126,21.969],[68.894,22.286],[69.492,22.249],[69.969,22.351],[70.411,22.753],[70.381,22.861],[70.046,22.777],[69.665,22.789],[68.791,23.029],[68.373,23.326],[68.047,23.764],[67.692,23.814],[67.316,24.093],[67.154,24.652],[66.654,24.784],[66.701,25.114],[66.621,25.317],[66.432,25.489],[66.3,25.495],[66.928,28.112],[66.767,30.415],[67.629,31.134],[67.486,32.427],[67.773,33.433],[67.054,35.589],[65.474,35.014],[66.336,36.307],[69.497,35.876],[73.809,38.032],[75.246,38.032],[79.329,35.628],[80.175,31.573],[81.449,30.403],[81.573,30.373],[81.656,30.455],[82.142,30.366],[82.201,30.09],[82.591,29.971],[83.13,29.607],[83.197,29.666],[83.402,29.54],[83.698,29.183],[84.088,29.309],[84.219,29.235],[84.298,29.064],[84.267,28.937],[84.92,28.535],[85.07,28.647],[85.217,28.639],[85.144,28.342],[85.729,28.342],[85.972,28.119],[86.036,27.91],[86.142,27.955],[86.138,28.119],[86.446,27.947],[86.568,27.985],[86.604,28.133],[86.787,28.133],[87.071,28.007],[87.214,27.843],[87.75,27.821],[87.902,27.947],[88.197,27.876],[88.071,27.523],[88.039,27.129],[88.232,26.757],[88.602,26.64],[88.868,26.908],[89.834,26.685],[90.0,26.719],[90.0,26.779],[91.162,26.75],[90.0,26.36],[90.0,25.966],[91.434,26.098],[91.566,26.054],[91.434,25.791],[91.566,25.704],[91.434,25.266],[91.741,25.003],[91.522,25.003],[91.566,24.346],[91.303,24.346],[91.259,24.128],[91.478,24.084],[91.828,23.734],[91.828,23.558],[91.916,23.515],[92.047,23.69],[92.179,23.427],[92.266,22.945],[92.529,22.595],[92.598,21.387],[92.124,20.996],[91.946,21.363],[91.846,21.909],[91.571,22.543],[91.41,22.721],[91.081,22.561],[90.0,22.561],[90.0,21.93],[89.87,22.133],[89.796,21.832],[89.67,21.72],[89.579,21.701],[89.457,21.942],[89.234,21.655],[89.072,21.774],[89.026,21.547],[88.723,21.54],[88.657,21.857],[88.568,21.895],[88.3,21.552],[88.053,21.939],[87.867,21.697],[87.641,21.563],[86.937,21.288],[86.796,21.136],[86.926,20.691],[86.638,20.319],[86.632,20.204],[86.119,19.807],[85.379,19.605],[85.113,19.442],[83.988,18.207],[83.685,18.083],[83.381,17.711],[82.354,17.086],[82.235,16.647],[82.081,16.463],[81.789,16.329],[81.369,16.347],[80.963,15.723],[80.736,15.837],[80.46,15.773],[80.3,15.646],[80.089,15.175],[80.17,13.892],[80.076,13.669],[80.32,13.333],[80.313,13.104]]]]}},{"type":"Feature","properties":{"NAME":"Hindu Kingdoms","ABBREVN":"Hindu Kingdoms","SUBJECTO":"Netherlands","BORDERPRECISION":3,"PARTOF":"Hindu Kingdoms"},"geometry":{"type":"MultiPolygon","coordinates":[[[[77.053,12.557],[77.618,8.117],[77.484,8.028],[77.341,8.053],[76.704,8.706],[76.075,10.554],[75.652,11.423],[75.211,12.102],[74.703,13.751],[75.387,13.959],[75.796,13.908],[76.666,12.782],[77.053,12.557]]]]}},{"type":"Feature","properties":{"NAME":"\u0110\u1ea1i Vi\u1ec7t","ABBREVN":"\u0110\u1ea1i Vi\u1ec7t","SUBJECTO":"\u0110\u1ea1i Vi\u1ec7t","BORDERPRECISION":3,"PARTOF":"\u0110\u1ea1i Vi\u1ec7t"},"geometry":{"type":"MultiPolygon","coordinates":[[[[101.968,22.534],[102.57,22.69],[102.985,22.47],[103.397,22.707],[104.478,22.783],[105.313,23.296],[105.594,23.037],[105.941,22.931],[106.588,22.929],[106.695,22.834],[106.72,22.663],[106.507,22.325],[106.673,21.926],[107.098,21.649],[107.876,21.462],[107.418,21.186],[107.466,20.976],[107.374,20.881],[106.807,20.905],[106.772,20.638],[106.381,20.11],[105.965,19.881],[105.843,19.702],[105.533,18.844],[106.364,18.007],[106.433,17.55],[106.622,17.328],[107.115,16.955],[107.692,16.371],[107.809,16.283],[108.095,16.252],[108.236,16.08],[108.499,15.363],[108.786,15.091],[108.918,14.792],[109.071,14.17],[109.307,12.906],[109.068,12.487],[109.061,11.591],[108.696,11.145],[108.164,10.966],[107.412,10.367],[107.266,10.348],[106.854,10.576],[107.482,12.583],[107.515,13.422],[107.31,13.878],[107.297,14.176],[107.463,14.997],[107.338,15.453],[107.1,15.668],[107.067,15.795],[107.169,15.992],[107.108,16.17],[106.426,16.718],[105.413,18.084],[104.812,18.722],[103.899,19.313],[103.88,19.535],[104.005,19.701],[104.488,19.742],[104.72,19.972],[104.716,20.2],[104.129,20.94],[104.011,20.977],[103.478,20.657],[102.993,20.94],[102.691,21.668],[102.171,22.198],[101.968,22.534]]]]}},{"type":"Feature","properties":{"NAME":"Cambodia","ABBREVN":"Cambodia","SUBJECTO":"Cambodia","BORDERPRECISION":3,"PARTOF":"Cambodia"},"geometry":{"type":"MultiPolygon","coordinates":[[[[106.704,10.448],[106.749,10.067],[106.656,9.743],[106.482,9.552],[106.229,9.552],[106.118,9.335],[105.503,9.029],[105.026,8.52],[104.742,8.494],[104.822,9.472],[104.987,9.822],[104.979,9.981],[104.16,10.519],[103.525,10.524],[103.67,10.766],[103.525,11.058],[103.04,10.898],[102.963,11.368],[102.671,12.038],[103.657,12.846],[105.016,13.406],[107.48,13.257],[107.482,12.583],[106.854,10.576],[106.773,10.639],[106.704,10.448]]]]}},{"type":"Feature","properties":{"NAME":"Laotian states","ABBREVN":"Laotian states","SUBJECTO":"Laotian states","BORDERPRECISION":3,"PARTOF":"Laotian states"},"geometry":{"type":"MultiPolygon","coordinates":[[[[105.403,15.378],[104.659,16.479],[104.584,17.33],[104.079,17.911],[103.928,18.278],[103.808,18.347],[103.225,18.439],[103.006,17.993],[102.661,17.845],[102.02,18.121],[101.865,18.107],[101.17,17.392],[100.954,17.454],[100.901,17.822],[101.229,18.91],[101.118,19.5],[101.097,19.551],[100.5,19.439],[100.417,19.509],[100.431,20.226],[100.245,20.384],[100.001,20.459],[101.014,21.442],[101.238,21.26],[101.584,21.224],[101.704,21.319],[101.753,21.472],[101.535,22.138],[101.662,22.392],[101.968,22.534],[102.171,22.198],[102.691,21.668],[102.993,20.94],[103.266,20.744],[103.607,20.683],[103.836,20.9],[104.011,20.977],[104.129,20.94],[104.716,20.2],[104.72,19.972],[104.488,19.742],[104.005,19.701],[103.88,19.535],[103.899,19.313],[104.812,18.722],[105.413,18.084],[106.426,16.718],[107.108,16.17],[107.169,15.992],[107.067,15.795],[107.1,15.668],[107.434,15.257],[107.463,14.997],[107.297,14.176],[107.31,13.878],[107.515,13.422],[107.48,13.257],[106.061,13.343],[106.146,14.024],[105.403,15.378]]]]}},{"type":"Feature","properties":{"NAME":"Ayutthaya","ABBREVN":"Ayutthaya","SUBJECTO":"Ayutthaya","BORDERPRECISION":3,"PARTOF":"Ayutthaya"},"geometry":{"type":"MultiPolygon","coordinates":[[[[102.035,6.002],[101.812,5.845],[101.763,5.586],[101.473,5.546],[101.451,5.761],[101.312,5.835],[101.076,5.531],[100.984,5.569],[100.931,5.677],[101.027,5.856],[100.984,6.052],[100.665,6.212],[100.617,6.422],[100.159,6.34],[100.222,6.521],[100.154,6.603],[99.969,6.507],[99.834,6.539],[99.663,6.71],[99.572,7.263],[99.468,7.339],[99.294,7.319],[99.025,7.871],[98.545,8.264],[98.292,8.156],[98.195,8.327],[98.251,8.937],[98.637,10.289],[99.581,11.889],[99.098,12.972],[99.134,13.372],[99.003,13.886],[98.487,14.372],[98.137,15.19],[98.58,15.472],[98.476,16.005],[98.824,16.318],[98.787,16.394],[99.905,16.666],[100.927,17.515],[100.888,17.6],[100.954,17.454],[101.17,17.392],[101.865,18.107],[102.02,18.121],[102.661,17.845],[103.006,17.993],[103.225,18.439],[103.406,18.434],[103.928,18.278],[104.079,17.911],[104.584,17.33],[104.659,16.479],[105.214,15.695],[106.146,14.024],[106.061,13.343],[105.016,13.406],[103.657,12.846],[102.671,12.038],[102.324,12.186],[101.919,12.585],[101.724,12.655],[101.329,12.559],[100.872,12.679],[100.957,13.365],[100.909,13.447],[100.474,13.51],[100.04,13.395],[99.93,13.261],[100.023,12.994],[99.834,12.524],[99.895,12.079],[99.186,10.489],[99.071,9.898],[99.119,9.371],[99.196,9.238],[99.298,9.162],[99.837,9.226],[99.898,9.068],[99.866,8.712],[100.009,8.49],[100.132,8.532],[100.345,7.44],[100.54,7.049],[100.975,6.853],[101.428,6.828],[101.56,6.74],[101.68,6.464],[102.074,6.154],[102.035,6.002]]]]}},{"type":"Feature","properties":{"NAME":"Shan states","ABBREVN":"Shan states","SUBJECTO":"Shan states","BORDERPRECISION":3,"PARTOF":"Shan states"},"geometry":{"type":"MultiPolygon","coordinates":[[[[97.34,28.182],[97.478,28.392],[97.603,28.412],[98.009,28.091],[98.216,27.546],[98.572,27.542],[98.637,27.479],[98.734,26.343],[98.382,25.63],[97.888,25.272],[97.524,24.8],[97.631,24.274],[97.531,23.892],[97.768,23.9],[98.137,24.099],[98.699,24.146],[98.769,24.09],[98.894,23.297],[98.985,23.151],[99.469,23.141],[99.484,23.021],[99.156,22.308],[99.209,22.149],[99.755,22.127],[100.04,21.621],[99.1,21.241],[97.261,20.921],[96.621,21.321],[95.742,24.039],[94.383,24.199],[92.047,23.69],[91.916,23.515],[91.828,23.558],[91.828,23.734],[91.478,24.084],[91.259,24.128],[91.303,24.346],[91.566,24.346],[91.522,25.003],[91.741,25.003],[91.434,25.266],[91.566,25.704],[91.434,25.791],[91.566,26.054],[91.434,26.098],[90.0,25.966],[90.0,26.36],[91.547,26.285],[92.401,26.584],[94.324,26.883],[94.837,27.567],[95.478,27.909],[97.34,28.182]]]]}},{"type":"Feature","properties":{"NAME":"Ava","ABBREVN":"Ava","SUBJECTO":"Ava","BORDERPRECISION":3,"PARTOF":"Ava"},"geometry":{"type":"MultiPolygon","coordinates":[[[[100.21,21.501],[100.612,21.535],[100.895,21.721],[101.014,21.442],[99.965,20.42],[99.408,20.284],[99.17,20.13],[98.993,19.862],[98.508,19.72],[98.016,19.749],[97.789,19.398],[97.711,18.509],[97.373,18.449],[97.706,18.051],[97.788,17.575],[98.393,17.084],[98.824,16.318],[98.476,16.005],[98.58,15.472],[98.137,15.19],[98.487,14.372],[99.003,13.886],[99.134,13.372],[99.098,12.972],[99.581,11.889],[98.593,10.12],[98.432,10.202],[98.398,10.564],[98.605,10.863],[98.738,11.435],[98.867,11.645],[98.59,11.695],[98.677,12.051],[98.597,12.737],[97.823,14.616],[97.573,16.445],[97.352,16.527],[97.215,16.94],[96.882,17.346],[96.77,17.333],[96.663,16.697],[96.469,16.513],[95.714,16.155],[95.33,15.678],[95.223,15.805],[95.22,16.002],[94.973,15.836],[94.828,15.842],[94.753,15.937],[94.819,16.21],[94.416,16.076],[94.304,15.949],[94.144,16.006],[94.143,16.215],[94.465,17.264],[94.465,17.643],[95.164,17.643],[95.362,18.038],[94.702,20.016],[93.318,21.73],[93.128,22.203],[92.892,21.979],[92.51,22.11],[92.529,22.595],[92.266,22.945],[92.179,23.427],[92.047,23.69],[94.383,24.199],[95.742,24.039],[96.621,21.321],[97.261,20.921],[99.1,21.241],[100.04,21.621],[100.21,21.501]]]]}},{"type":"Feature","properties":{"NAME":"Oyo","ABBREVN":"Oyo","SUBJECTO":"Oyo","BORDERPRECISION":3,"PARTOF":"Oyo"},"geometry":{"type":"MultiPolygon","coordinates":[[[[6.844,4.292],[6.089,4.328],[5.851,4.429],[5.607,4.632],[5.419,4.956],[5.333,5.248],[5.448,5.477],[5.383,5.61],[5.153,5.642],[4.634,6.212],[4.072,6.44],[3.949,6.579],[3.719,6.547],[3.611,6.413],[3.46,6.381],[2.617,6.341],[2.659,8.714],[3.159,9.714],[4.158,9.963],[6.157,9.339],[6.906,7.715],[6.844,4.292]]]]}},{"type":"Feature","properties":{"NAME":"Segu","ABBREVN":"Segu","SUBJECTO":"Segu","BORDERPRECISION":3,"PARTOF":"Segu"},"geometry":{"type":"MultiPolygon","coordinates":[[[[-8.333,13.211],[-4.961,14.835],[-3.836,14.086],[-7.459,11.837],[-8.583,12.212],[-8.333,13.211]]]]}},{"type":"Feature","properties":{"NAME":"Asante","ABBREVN":"Asante","SUBJECTO":"Asante","BORDERPRECISION":3,"PARTOF":"Asante"},"geometry":{"type":"MultiPolygon","coordinates":[[[[1.035,8.09],[0.66,7.215],[-0.089,6.716],[-0.838,6.716],[-1.338,7.465],[-0.963,8.215],[0.036,8.964],[0.66,8.839],[1.035,8.09]]]]}},{"type":"Feature","properties":{"NAME":"Kali","ABBREVN":"Kali","SUBJECTO":"Kali","BORDERPRECISION":3,"PARTOF":"Kali"},"geometry":{"type":"MultiPolygon","coordinates":[[[[-7.977,13.383],[-9.582,12.836],[-10.082,13.211],[-9.832,15.21],[-9.333,15.46],[-7.584,14.585],[-7.977,13.383]]]]}},{"type":"Feature","properties":{"NAME":"Arma","ABBREVN":"Arma","SUBJECTO":"Arma","BORDERPRECISION":3,"PARTOF":"Arma"},"geometry":{"type":"MultiPolygon","coordinates":[[[[-2.213,16.959],[-1.963,17.708],[-1.213,17.708],[-0.589,17.208],[-0.838,16.334],[-1.463,16.209],[-1.963,16.334],[-2.213,16.959]]]]}},{"type":"Feature","properties":{"NAME":null,"ABBREVN":null,"SUBJECTO":null,"BORDERPRECISION":3,"PARTOF":null},"geometry":{"type":"MultiPolygon","coordinates":[[[[8.576,3.067],[8.358,3.088],[8.358,3.317],[8.467,3.361],[8.478,3.557],[8.631,3.656],[8.827,3.612],[8.871,3.525],[8.576,3.067]]]]}},{"type":"Feature","properties":{"NAME":"Air","ABBREVN":"Air","SUBJECTO":"Air","BORDERPRECISION":3,"PARTOF":"Air"},"geometry":{"type":"MultiPolygon","coordinates":[[[[6.531,16.709],[6.531,17.958],[7.156,18.458],[8.155,18.208],[8.405,17.208],[7.781,16.584],[6.531,16.709]]]]}},{"type":"Feature","properties":{"NAME":"Mali","ABBREVN":"Mali","SUBJECTO":"Mali","BORDERPRECISION":3,"PARTOF":"Mali"},"geometry":{"type":"MultiPolygon","coordinates":[[[[-8.833,11.587],[-7.584,10.713],[-8.333,8.839],[-10.207,8.839],[-11.331,9.838],[-10.332,11.462],[-8.833,11.587]]]]}},{"type":"Feature","properties":{"NAME":"Tekrur","ABBREVN":"Tekrur","SUBJECTO":"Tekrur","BORDERPRECISION":3,"PARTOF":"Tekrur"},"geometry":{"type":"MultiPolygon","coordinates":[[[[-10.832,14.46],[-11.456,12.961],[-12.58,12.836],[-14.954,15.085],[-14.704,15.585],[-13.954,15.834],[-11.331,15.085],[-10.832,14.46]]]]}},{"type":"Feature","properties":{"NAME":"Oman","ABBREVN":"Oman","SUBJECTO":"Oman","BORDERPRECISION":3,"PARTOF":"Oman"},"geometry":{"type":"MultiPolygon","coordinates":[[[[57.396,23.837],[58.081,23.502],[58.628,23.458],[59.461,22.539],[59.826,22.374],[59.837,22.279],[59.536,21.802],[58.774,20.941],[57.621,22.705],[57.396,23.837]]]]}},{"type":"Feature","properties":{"NAME":null,"ABBREVN":null,"SUBJECTO":null,"BORDERPRECISION":3,"PARTOF":null},"geometry":{"type":"MultiPolygon","coordinates":[[[[50.968,24.436],[50.847,25.265],[50.931,25.539],[51.015,25.588],[51.069,25.945],[51.217,26.066],[51.358,26.029],[51.587,25.609],[51.539,25.42],[51.606,24.987],[51.288,24.411],[51.291,24.281],[51.523,24.161],[51.606,24.203],[51.586,24.003],[51.946,23.945],[52.255,23.987],[52.383,24.108],[53.687,23.987],[54.017,24.05],[54.006,24.182],[54.108,24.103],[54.347,24.154],[54.592,24.377],[54.771,24.733],[55.457,25.42],[55.53,25.373],[56.015,25.772],[56.367,26.236],[56.405,25.861],[56.161,25.473],[56.366,25.455],[56.405,24.82],[56.794,24.268],[57.396,23.837],[57.621,22.705],[58.774,20.941],[58.512,20.421],[58.403,20.357],[57.931,20.401],[57.806,20.172],[57.778,19.314],[57.839,19.035],[57.186,18.938],[56.904,18.817],[56.739,18.689],[56.458,18.092],[56.258,17.977],[55.561,17.937],[55.29,17.676],[55.195,17.149],[54.911,16.97],[54.084,17.019],[52.894,16.61],[52.652,16.489],[52.238,16.1],[52.135,15.687],[51.95,15.541],[51.313,15.247],[49.334,14.633],[48.765,14.098],[48.036,14.045],[46.878,13.474],[46.711,13.936],[46.335,14.097],[45.261,13.828],[44.509,14.097],[43.488,16.622],[42.764,16.645],[42.207,17.515],[41.629,18.047],[40.82,19.685],[41.923,20.767],[41.812,21.713],[41.07,22.263],[40.648,24.153],[38.814,24.841],[38.329,23.835],[37.988,24.114],[37.557,24.271],[37.201,24.658],[37.269,24.97],[37.218,25.167],[36.669,26.017],[36.33,26.403],[37.421,27.834],[36.593,29.787],[36.525,31.162],[37.212,33.566],[38.036,34.597],[39.342,34.597],[40.029,34.391],[44.083,30.337],[44.839,29.993],[45.87,29.856],[46.905,29.438],[46.509,28.97],[47.439,28.829],[48.469,26.695],[49.395,26.078],[49.704,24.41],[50.569,23.854],[50.968,24.436]]]]}},{"type":"Feature","properties":{"NAME":null,"ABBREVN":null,"SUBJECTO":null,"BORDERPRECISION":3,"PARTOF":null},"geometry":{"type":"MultiPolygon","coordinates":[[[[46.873,44.68],[46.846,44.446],[47.332,44.186],[47.565,43.844],[47.493,43.583],[47.195,43.376],[47.249,42.785],[48.224,41.471],[47.988,41.219],[47.35,41.304],[47.35,41.442],[46.85,41.836],[46.669,41.815],[46.499,41.964],[46.042,42.049],[45.754,42.251],[45.861,42.474],[45.808,42.538],[45.478,42.549],[45.031,42.772],[44.872,42.666],[44.51,42.761],[44.297,42.612],[43.957,42.591],[42.878,41.546],[42.694,41.564],[42.25,41.369],[41.484,41.437],[41.68,41.793],[41.652,42.121],[41.41,42.788],[41.123,43.019],[40.252,43.268],[38.924,44.212],[38.109,44.494],[37.88,44.719],[37.474,44.692],[39.633,45.689],[40.383,45.439],[40.633,46.688],[42.257,46.813],[43.381,46.188],[43.88,44.814],[44.755,44.439],[46.873,44.68]]]]}},{"type":"Feature","properties":{"NAME":null,"ABBREVN":null,"SUBJECTO":null,"BORDERPRECISION":3,"PARTOF":null},"geometry":{"type":"MultiPolygon","coordinates":[[[[-69.861,-54.774],[-70.721,-54.937],[-69.672,-54.774],[-69.214,-54.934],[-68.376,-54.852],[-67.492,-54.87],[-66.458,-55.07],[-65.348,-54.913],[-65.259,-54.719],[-65.348,-54.913],[-66.458,-55.07],[-67.492,-54.87],[-68.376,-54.852],[-69.214,-54.934],[-69.861,-54.774]]],[[[-69.474,-54.218],[-69.89,-54.139],[-70.146,-53.806],[-69.89,-54.139],[-69.335,-54.292],[-69.055,-54.602],[-69.474,-54.218]]],[[[-70.333,-53.473],[-70.465,-53.373],[-70.333,-53.473],[-69.515,-53.345],[-69.441,-53.411],[-69.515,-53.345],[-70.333,-53.473]]],[[[-68.305,-52.943],[-68.705,-53.235],[-68.305,-52.943],[-68.332,-52.85],[-68.305,-52.943]]],[[[-74.296,-43.265],[-74.142,-43.445],[-73.771,-43.509],[-73.609,-42.911],[-73.771,-43.509],[-74.142,-43.445],[-74.296,-43.265]]],[[[-73.455,-42.262],[-73.831,-42.564],[-73.455,-42.262],[-73.475,-42.114],[-73.455,-42.262]]],[[[-73.626,-52.608],[-73.243,-52.574],[-73.626,-52.608]]],[[[-72.845,-52.646],[-73.08,-53.032],[-73.281,-52.953],[-73.08,-53.032],[-72.845,-52.646],[-72.869,-52.281],[-72.845,-52.646]]],[[[-70.854,-53.081],[-70.878,-53.474],[-70.998,-53.821],[-71.442,-53.882],[-71.872,-53.696],[-71.442,-53.882],[-70.998,-53.821],[-70.878,-53.474],[-70.854,-53.081],[-70.734,-52.802],[-70.573,-52.708],[-69.895,-52.627],[-69.343,-52.288],[-68.995,-52.426],[-68.594,-52.465],[-68.411,-52.405],[-68.594,-52.465],[-68.995,-52.426],[-69.343,-52.288],[-69.895,-52.627],[-70.573,-52.708],[-70.734,-52.802],[-70.854,-53.081]]],[[[-71.443,-52.829],[-72.051,-53.07],[-72.751,-53.138],[-72.842,-52.985],[-72.751,-53.138],[-72.051,-53.07],[-71.443,-52.829],[-71.152,-52.962],[-71.443,-52.829]]],[[[-72.212,-52.572],[-72.559,-52.573],[-71.95,-52.571],[-71.678,-52.644],[-72.212,-52.572]]],[[[-72.81,-51.93],[-73.107,-52.103],[-73.408,-52.024],[-73.107,-52.103],[-72.81,-51.93],[-72.65,-52.128],[-72.449,-52.161],[-72.65,-52.128],[-72.81,-51.93]]],[[[-73.591,-51.792],[-73.875,-51.562],[-73.591,-51.792],[-73.258,-51.706],[-73.591,-51.792]]],[[[-73.861,-51.211],[-74.269,-50.994],[-73.679,-51.231],[-73.861,-51.211]]],[[[-73.934,-50.506],[-74.075,-50.473],[-73.53,-50.433],[-73.934,-50.506]]],[[[-74.187,-49.823],[-73.932,-49.993],[-74.187,-49.823]]],[[[-74.272,-49.431],[-73.963,-49.241],[-74.272,-49.431]]],[[[-74.154,-47.839],[-74.297,-47.761],[-74.538,-47.787],[-74.297,-47.761],[-74.154,-47.839],[-73.764,-47.773],[-73.36,-47.974],[-73.764,-47.773],[-74.154,-47.839]]],[[[-74.412,-47.384],[-74.412,-47.384]]],[[[-74.463,-46.799],[-75.011,-46.774],[-74.463,-46.799],[-73.979,-47.032],[-74.463,-46.799]]],[[[-75.496,-46.58],[-75.022,-46.553],[-75.496,-46.58]]],[[[-74.042,-46.091],[-74.479,-46.306],[-74.429,-46.533],[-74.479,-46.306],[-74.042,-46.091],[-74.068,-45.935],[-74.042,-46.091]]],[[[-73.995,-46.486],[-73.97,-46.713],[-73.979,-46.344],[-73.995,-46.486]]],[[[-73.335,-45.28],[-73.047,-45.376],[-73.335,-45.28]]],[[[-73.058,-44.19],[-72.583,-44.44],[-73.058,-44.19]]],[[[-72.724,-42.8],[-72.53,-43.063],[-72.724,-42.8]]],[[[-72.731,-41.907],[-72.466,-42.035],[-72.731,-41.907]]],[[[-58.34,-34.216],[-58.53,-34.485],[-58.523,-34.587],[-58.53,-34.485],[-58.34,-34.216]]],[[[-57.226,-35.436],[-57.237,-35.583],[-57.4,-35.818],[-57.372,-36.149],[-57.4,-35.818],[-57.237,-35.583],[-57.226,-35.436]]],[[[-56.8,-36.543],[-56.698,-36.944],[-57.502,-37.927],[-57.643,-38.259],[-57.809,-38.386],[-58.651,-38.694],[-59.515,-38.875],[-61.361,-39.031],[-62.31,-38.88],[-62.351,-39.333],[-62.31,-38.88],[-61.361,-39.031],[-59.515,-38.875],[-58.651,-38.694],[-57.809,-38.386],[-57.643,-38.259],[-57.502,-37.927],[-56.698,-36.944],[-56.8,-36.543]]],[[[-62.068,-39.556],[-62.466,-40.368],[-62.068,-39.556]]],[[[-62.289,-40.675],[-62.26,-40.803],[-62.401,-40.925],[-62.964,-41.137],[-63.476,-41.19],[-63.842,-41.158],[-64.939,-40.827],[-65.153,-40.975],[-65.135,-41.244],[-65.153,-40.975],[-64.939,-40.827],[-63.842,-41.158],[-63.476,-41.19],[-62.964,-41.137],[-62.401,-40.925],[-62.26,-40.803],[-62.289,-40.675]]],[[[-64.941,-41.552],[-64.925,-41.731],[-65.033,-42.02],[-64.992,-42.193],[-65.033,-42.02],[-64.925,-41.731],[-64.941,-41.552]]],[[[-64.294,-42.205],[-64.12,-42.384],[-64.294,-42.205]]],[[[-63.729,-42.101],[-63.6,-42.704],[-64.001,-42.853],[-64.118,-42.782],[-64.001,-42.853],[-63.6,-42.704],[-63.729,-42.101]]],[[[-64.217,-42.616],[-64.688,-42.649],[-65.085,-42.784],[-64.688,-42.649],[-64.165,-42.648],[-64.217,-42.616]]],[[[-64.309,-43.027],[-65.047,-43.331],[-65.307,-43.601],[-65.233,-44.142],[-65.637,-44.626],[-65.627,-44.723],[-65.637,-44.626],[-65.233,-44.142],[-65.307,-43.601],[-65.047,-43.331],[-64.309,-43.027]]],[[[-65.436,-44.89],[-66.411,-45.021],[-66.973,-45.306],[-67.472,-45.922],[-67.469,-46.266],[-67.472,-45.922],[-66.973,-45.306],[-66.411,-45.021],[-65.436,-44.89]]],[[[-65.713,-47.354],[-65.839,-47.868],[-65.993,-48.077],[-67.257,-48.744],[-67.578,-49.059],[-67.7,-49.386],[-67.65,-49.621],[-67.833,-49.968],[-68.706,-50.285],[-69.041,-50.562],[-69.167,-51.149],[-69.077,-51.499],[-69.167,-51.149],[-69.041,-50.562],[-68.706,-50.285],[-67.833,-49.968],[-67.65,-49.621],[-67.7,-49.386],[-67.578,-49.059],[-67.257,-48.744],[-65.993,-48.077],[-65.839,-47.868],[-65.713,-47.354]]],[[[-70.391,-36.165],[-70.356,-36.019],[-70.48,-35.358],[-69.849,-34.256],[-69.367,-33.093],[-69.367,-34.445],[-70.289,-36.474],[-71.027,-37.212],[-71.149,-37.216],[-71.095,-36.805],[-70.391,-36.165]]]]}},{"type":"Feature","properties":{"NAME":"Vice-Royalty of Brazil","ABBREVN":"Brazil","SUBJECTO":"Portugal","BORDERPRECISION":3,"PARTOF":"Vice-Royalty of Brazil"},"geometry":{"type":"MultiPolygon","coordinates":[[[[-49.881,1.576],[-49.884,1.214],[-50.12,1.054],[-50.647,0.272],[-51.17,-0.079],[-51.529,-0.429],[-51.963,-1.313],[-52.143,-1.517],[-51.791,-1.535],[-50.977,-1.114],[-50.643,-1.882],[-50.528,-1.933],[-49.622,-1.925],[-49.291,-1.791],[-49.415,-2.096],[-49.423,-2.359],[-49.221,-2.108],[-48.527,-1.586],[-48.043,-0.816],[-47.237,-0.68],[-46.928,-0.928],[-45.643,-1.363],[-45.492,-1.49],[-45.371,-1.757],[-45.256,-1.763],[-45.076,-1.604],[-44.796,-1.736],[-44.462,-2.269],[-44.711,-2.759],[-44.593,-3.147],[-44.222,-2.777],[-43.233,-2.419],[-42.108,-2.862],[-41.103,-2.974],[-40.231,-2.851],[-39.722,-3.009],[-38.786,-3.604],[-37.181,-4.954],[-36.636,-5.118],[-35.665,-5.18],[-35.464,-5.268],[-35.345,-5.478],[-35.039,-6.653],[-34.891,-7.612],[-35.114,-8.661],[-35.599,-9.628],[-36.829,-10.736],[-37.187,-10.845],[-37.362,-11.131],[-37.41,-11.468],[-37.637,-11.951],[-38.266,-12.887],[-38.473,-12.989],[-38.509,-12.798],[-38.634,-12.665],[-38.799,-12.627],[-38.828,-12.983],[-39.07,-13.721],[-39.126,-14.325],[-38.948,-16.002],[-39.208,-17.146],[-39.142,-17.775],[-39.484,-17.998],[-39.666,-18.227],[-39.801,-18.748],[-39.691,-19.409],[-39.739,-19.574],[-40.14,-19.975],[-40.478,-20.649],[-40.933,-21.279],[-41.048,-21.661],[-40.984,-22.086],[-41.77,-22.38],[-41.929,-22.546],[-41.958,-22.921],[-42.138,-22.972],[-42.967,-23.031],[-43.815,-22.957],[-44.561,-22.99],[-44.658,-23.263],[-45.148,-23.493],[-45.459,-23.856],[-45.795,-23.736],[-46.206,-23.883],[-47.886,-24.985],[-48.125,-25.291],[-48.344,-25.399],[-48.725,-25.426],[-48.722,-25.534],[-48.57,-25.635],[-48.516,-25.876],[-48.611,-26.245],[-48.775,-26.385],[-48.603,-26.677],[-48.564,-27.681],[-48.728,-28.367],[-48.937,-28.698],[-49.546,-29.157],[-49.936,-29.627],[-50.469,-30.74],[-50.806,-31.192],[-51.477,-31.823],[-51.333,-31.46],[-50.854,-30.938],[-50.582,-30.416],[-50.609,-30.302],[-50.948,-30.36],[-51.232,-30.265],[-51.445,-31.015],[-51.602,-31.232],[-52.042,-31.557],[-52.144,-31.747],[-52.351,-32.675],[-52.921,-33.439],[-53.406,-33.879],[-53.567,-33.403],[-53.236,-32.937],[-53.228,-32.816],[-53.51,-32.545],[-50.054,-27.76],[-50.179,-24.638],[-45.557,-16.893],[-42.435,-8.899],[-43.059,-6.525],[-51.553,-3.402],[-53.052,-2.528],[-58.923,-3.652],[-59.673,-3.277],[-59.298,-2.653],[-52.678,-0.03],[-50.555,1.969],[-50.409,1.823],[-49.969,1.728],[-49.881,1.576]]]]}},{"type":"Feature","properties":{"NAME":"Florida (Spain)","ABBREVN":"Florida (Spain)","SUBJECTO":"Spain","BORDERPRECISION":3,"PARTOF":"Florida (Spain)"},"geometry":{"type":"MultiPolygon","coordinates":[[[[-81.512,30.727],[-81.405,30.073],[-80.605,28.561],[-80.262,27.197],[-80.078,26.923],[-80.05,26.551],[-80.185,25.86],[-80.354,25.548],[-80.314,25.244],[-80.491,24.996],[-80.452,25.208],[-81.098,25.125],[-81.146,25.378],[-81.401,25.859],[-81.745,25.921],[-81.887,26.448],[-82.078,26.551],[-82.142,26.867],[-82.31,26.825],[-82.753,27.528],[-82.62,27.528],[-82.429,27.826],[-82.505,27.928],[-82.717,27.745],[-82.841,27.838],[-82.647,28.907],[-82.779,29.11],[-83.118,29.242],[-83.886,30.048],[-84.124,30.124],[-84.317,30.092],[-84.764,29.799],[-85.305,29.664],[-85.428,29.76],[-85.487,30.039],[-85.6,30.153],[-86.058,30.235],[-86.389,30.473],[-87.089,30.359],[-87.383,30.442],[-87.528,31.324],[-85.78,31.449],[-83.247,31.374],[-81.199,31.591],[-81.512,30.727]]]]}},{"type":"Feature","properties":{"NAME":"South Carolina","ABBREVN":"S Carolina","SUBJECTO":"South Carolina","BORDERPRECISION":3,"PARTOF":"South Carolina"},"geometry":{"type":"MultiPolygon","coordinates":[[[[-78.253,33.888],[-78.899,33.702],[-79.204,33.46],[-79.305,33.269],[-79.749,33.872],[-79.25,34.371],[-78.35,34.272],[-78.253,33.888]]]]}},{"type":"Feature","properties":{"NAME":"Rupert's Land","ABBREVN":"Rupert's Lan","SUBJECTO":"United Kingdom","BORDERPRECISION":3,"PARTOF":"Rupert's Land"},"geometry":{"type":"MultiPolygon","coordinates":[[[[-94.302,58.707],[-93.364,58.702],[-93.074,58.551],[-92.523,57.687],[-92.424,57.386],[-92.483,56.977],[-92.18,56.97],[-91.337,57.163],[-90.0,57.178],[-90.0,57.074],[-89.726,56.934],[-88.767,56.738],[-87.914,56.332],[-87.467,55.912],[-85.892,55.61],[-85.161,55.328],[-84.468,55.167],[-83.576,55.223],[-82.383,55.056],[-82.202,54.969],[-82.399,54.271],[-82.192,53.99],[-82.16,53.802],[-82.341,52.981],[-81.852,52.709],[-81.734,52.549],[-81.747,52.17],[-81.311,52.118],[-80.877,51.906],[-80.573,51.641],[-80.361,51.304],[-80.073,51.298],[-79.338,50.843],[-79.594,51.266],[-79.534,51.418],[-79.276,51.604],[-79.112,51.525],[-78.823,51.161],[-78.7,51.566],[-78.797,51.771],[-78.553,52.01],[-78.491,52.256],[-78.725,52.695],[-78.844,53.281],[-79.035,53.742],[-78.758,53.749],[-78.801,53.963],[-79.399,54.276],[-79.545,54.692],[-78.589,54.922],[-77.234,55.607],[-76.764,56.027],[-76.569,56.272],[-76.463,56.571],[-76.439,56.81],[-76.665,57.519],[-77.194,57.991],[-77.66,58.236],[-74.853,57.156],[-73.953,56.256],[-73.354,53.658],[-74.153,50.161],[-76.053,47.757],[-77.892,47.197],[-79.97,47.197],[-82.449,47.517],[-86.003,49.342],[-88.244,51.56],[-89.742,52.559],[-95.538,54.657],[-96.438,55.257],[-96.738,55.957],[-96.638,57.056],[-95.838,58.055],[-94.684,58.878],[-94.302,58.707]]]]}},{"type":"Feature","properties":{"NAME":"Louisiana","ABBREVN":"Louisiana","SUBJECTO":"Louisiana","BORDERPRECISION":3,"PARTOF":"Louisiana"},"geometry":{"type":"MultiPolygon","coordinates":[[[[-87.528,31.324],[-87.383,30.442],[-87.404,30.307],[-87.692,30.263],[-87.775,30.263],[-88.035,30.679],[-88.142,30.328],[-89.233,30.406],[-89.535,30.208],[-89.711,30.183],[-90.0,30.39],[-90.0,30.142],[-91.305,30.912],[-90.0,31.72],[-88.881,31.854],[-87.528,31.324]]]]}},{"type":"Feature","properties":{"NAME":"Polynesians","ABBREVN":"Polynesians","SUBJECTO":"Polynesians","BORDERPRECISION":3,"PARTOF":"Polynesians"},"geometry":{"type":"MultiPolygon","coordinates":[[[[-155.218,19.772],[-154.92,19.555],[-154.948,19.483],[-155.137,19.328],[-155.65,19.137],[-155.783,18.946],[-156.034,19.106],[-156.054,19.504],[-156.163,19.808],[-155.947,19.989],[-156.009,20.263],[-155.479,20.087],[-155.212,19.896],[-155.218,19.772]]],[[[-158.466,21.571],[-158.314,21.575],[-158.179,21.689],[-157.842,21.29],[-158.298,21.276],[-158.466,21.571]]],[[[-156.507,20.599],[-156.615,20.795],[-156.822,20.94],[-156.78,21.043],[-156.396,20.95],[-156.119,20.79],[-156.253,20.63],[-156.507,20.599]]]]}},{"type":"Feature","properties":{"NAME":"Cayenne","ABBREVN":"Cayenne","SUBJECTO":"Cayenne","BORDERPRECISION":3,"PARTOF":"Cayenne"},"geometry":{"type":"MultiPolygon","coordinates":[[[[-53.837,5.689],[-53.027,5.427],[-52.667,5.18],[-52.098,4.692],[-51.71,4.228],[-51.439,4.324],[-51.315,4.261],[-51.135,3.715],[-52.929,3.712],[-54.455,4.051],[-54.286,5.882],[-53.837,5.689]]]]}},{"type":"Feature","properties":{"NAME":"Guyana (Netherlands)","ABBREVN":"Guyana","SUBJECTO":"Netherlands","BORDERPRECISION":3,"PARTOF":"Guyana (Netherlands)"},"geometry":{"type":"MultiPolygon","coordinates":[[[[-59.834,8.44],[-58.881,7.797],[-58.617,7.499],[-58.509,6.559],[-58.375,6.826],[-58.275,6.871],[-58.006,6.789],[-57.414,6.351],[-57.065,5.837],[-56.918,5.978],[-56.746,6.003],[-55.911,5.776],[-55.81,5.999],[-54.895,5.995],[-54.286,5.882],[-54.455,4.051],[-56.565,4.52],[-57.777,4.52],[-58.719,4.116],[-60.066,4.52],[-59.834,8.44]]]]}},{"type":"Feature","properties":{"NAME":"Vice-Royalty of New Spain","ABBREVN":"New Spain","SUBJECTO":"Spain","BORDERPRECISION":3,"PARTOF":"Vice-Royalty of New Spain"},"geometry":{"type":"MultiPolygon","coordinates":[[[[-71.2,12.27],[-71.061,12.061],[-71.189,11.912],[-71.594,11.844],[-71.988,11.608],[-71.838,11.151],[-71.738,11.095],[-71.688,10.769],[-72.114,9.904],[-71.605,9.092],[-71.369,9.143],[-71.098,9.328],[-71.014,9.627],[-71.089,9.919],[-71.607,10.727],[-71.456,10.885],[-71.548,10.949],[-70.161,11.39],[-70.122,11.491],[-69.748,11.533],[-69.792,11.693],[-69.923,11.79],[-70.197,11.751],[-70.339,11.999],[-70.138,12.209],[-69.974,12.228],[-69.629,11.541],[-68.695,11.38],[-68.372,11.012],[-68.302,10.726],[-67.98,10.542],[-66.478,10.679],[-66.157,10.622],[-65.977,10.407],[-65.596,10.217],[-64.884,10.136],[-64.712,10.161],[-63.857,10.71],[-62.29,10.732],[-62.178,10.682],[-62.336,10.535],[-62.914,10.547],[-62.952,10.451],[-62.385,10.014],[-62.297,9.722],[-62.103,10.021],[-61.917,9.907],[-61.531,9.851],[-61.415,9.698],[-60.793,9.388],[-61.121,9.165],[-61.29,8.771],[-61.765,8.583],[-61.271,8.51],[-60.539,8.601],[-59.834,8.44],[-65.317,8.021],[-66.26,7.348],[-64.913,6.001],[-64.779,5.059],[-66.798,2.366],[-70.03,2.5],[-71.107,3.443],[-71.511,6.54],[-70.165,7.079],[-70.434,7.482],[-72.723,6.675],[-73.127,8.829],[-72.723,10.983],[-71.437,12.422],[-71.2,12.27]]],[[[-107.88,36.47],[-107.8,36.72],[-107.381,36.916],[-106.455,37.191],[-105.931,37.128],[-105.931,36.67],[-103.683,32.573],[-101.334,29.475],[-100.535,28.176],[-99.935,27.976],[-99.136,26.177],[-97.26,25.811],[-97.658,25.073],[-97.742,24.73],[-97.823,24.208],[-97.882,22.333],[-97.504,21.189],[-96.579,19.92],[-96.012,18.929],[-95.844,18.796],[-95.083,18.702],[-94.59,18.271],[-94.242,18.24],[-92.098,18.76],[-92.107,18.516],[-91.73,18.416],[-91.479,18.634],[-91.526,18.745],[-91.702,18.823],[-91.22,19.102],[-90.0,19.382],[-90.0,21.161],[-89.863,21.25],[-88.334,21.59],[-87.597,21.484],[-87.371,21.571],[-87.201,21.529],[-86.922,21.301],[-86.936,20.976],[-87.651,20.19],[-87.66,19.875],[-87.858,19.582],[-87.789,19.513],[-87.637,19.575],[-87.877,18.381],[-88.138,18.894],[-88.311,18.741],[-88.32,18.494],[-88.517,18.487],[-88.867,17.901],[-89.04,18.022],[-89.166,17.979],[-89.251,15.897],[-88.941,15.905],[-88.664,15.726],[-88.601,15.812],[-88.631,15.983],[-88.274,15.747],[-87.571,15.908],[-86.372,15.803],[-85.887,15.994],[-85.632,15.874],[-84.65,15.933],[-84.171,15.763],[-84.234,15.502],[-84.132,15.375],[-83.527,15.237],[-83.296,14.615],[-83.858,14.185],[-84.095,12.528],[-83.9,11.888],[-83.914,11.251],[-83.747,10.878],[-83.204,10.2],[-82.554,9.586],[-82.593,9.528],[-82.808,9.611],[-82.907,9.519],[-82.913,9.113],[-82.684,8.975],[-82.863,8.809],[-82.807,8.57],[-82.975,8.404],[-82.866,8.321],[-82.957,8.047],[-82.956,8.257],[-83.09,8.395],[-83.085,8.651],[-83.412,8.727],[-83.266,8.542],[-83.279,8.413],[-83.605,8.548],[-83.664,8.675],[-83.533,8.999],[-83.615,9.152],[-84.182,9.491],[-84.492,9.537],[-84.635,9.684],[-84.697,9.988],[-85.255,10.311],[-85.116,9.981],[-84.926,9.961],[-84.844,9.841],[-85.089,9.583],[-85.314,9.828],[-85.712,10.03],[-85.824,10.361],[-85.767,10.55],[-85.617,10.652],[-85.621,10.827],[-85.87,10.928],[-85.707,10.983],[-85.733,11.085],[-85.84,11.078],[-86.014,11.368],[-86.885,12.256],[-87.675,12.915],[-87.685,13.017],[-87.404,13.03],[-87.556,13.366],[-87.771,13.501],[-87.949,13.172],[-88.255,13.192],[-89.989,13.678],[-90.0,13.937],[-91.242,13.952],[-91.516,14.059],[-93.812,15.921],[-94.363,16.225],[-95.13,16.299],[-96.333,15.75],[-97.881,16.052],[-98.856,16.597],[-99.979,16.893],[-101.221,17.418],[-101.993,18.027],[-102.668,18.095],[-103.494,18.354],[-104.197,19.058],[-104.948,19.438],[-105.687,20.403],[-105.312,20.588],[-105.291,20.67],[-105.44,20.835],[-105.234,21.141],[-105.216,21.313],[-105.628,21.954],[-105.508,22.164],[-105.54,22.285],[-107.404,24.296],[-107.916,24.645],[-108.078,25.064],[-108.499,25.241],[-108.848,25.615],[-109.156,25.577],[-109.263,25.646],[-109.338,25.958],[-109.132,26.289],[-109.189,26.441],[-109.527,26.72],[-109.724,26.605],[-109.946,27.044],[-110.382,27.214],[-110.526,27.348],[-110.582,27.462],[-110.521,27.755],[-110.604,27.856],[-111.271,28.109],[-111.692,28.496],[-113.017,30.566],[-113.085,30.77],[-113.052,31.139],[-113.662,31.335],[-113.746,31.608],[-113.952,31.69],[-114.195,31.524],[-114.839,31.815],[-114.988,31.166],[-114.735,30.843],[-114.683,30.143],[-114.389,29.762],[-114.1,29.642],[-113.829,29.401],[-113.322,28.556],[-112.87,28.335],[-112.724,27.705],[-112.567,27.56],[-112.284,27.509],[-111.915,26.664],[-111.594,26.76],[-111.329,25.896],[-110.798,24.88],[-110.772,24.378],[-110.656,24.219],[-110.485,24.15],[-110.205,24.315],[-109.824,23.693],[-109.489,23.573],[-109.429,23.433],[-109.517,23.192],[-109.889,22.867],[-110.004,22.885],[-110.225,23.4],[-111.392,24.243],[-112.093,24.89],[-112.166,25.011],[-112.084,25.57],[-112.411,26.193],[-112.981,26.503],[-113.285,26.808],[-113.585,26.769],[-114.478,27.244],[-115.055,27.853],[-114.479,27.78],[-114.214,27.908],[-114.105,28.054],[-114.067,28.423],[-114.483,28.912],[-115.602,29.685],[-115.857,30.282],[-116.058,30.339],[-116.229,30.943],[-116.705,31.591],[-116.611,31.877],[-116.96,32.156],[-117.331,32.713],[-117.348,33.053],[-117.497,33.325],[-115.175,33.472],[-113.376,33.372],[-111.278,34.871],[-107.88,36.47]]]]}},{"type":"Feature","properties":{"NAME":"Vice-Royalty of Peru","ABBREVN":"Peru","SUBJECTO":"Spain","BORDERPRECISION":3,"PARTOF":"Vice-Royalty of Peru"},"geometry":{"type":"MultiPolygon","coordinates":[[[[-69.649,-6.117],[-73.214,-6.731],[-74.32,-7.961],[-76.656,-6.977],[-77.885,-6.977],[-74.288,-12.646],[-70.264,-14.23],[-68.789,-14.23],[-69.281,-11.771],[-68.42,-11.28],[-67.068,-11.28],[-65.962,-12.755],[-65.839,-14.23],[-66.699,-15.582],[-66.822,-16.688],[-66.33,-18.286],[-66.699,-20.253],[-67.917,-22.014],[-67.667,-23.763],[-67.917,-26.261],[-65.793,-27.011],[-61.782,-26.153],[-61.782,-22.466],[-61.045,-21.114],[-61.413,-19.393],[-60.307,-18.163],[-58.709,-18.409],[-57.111,-20.622],[-55.021,-20.622],[-53.915,-19.761],[-52.686,-20.622],[-52.194,-22.834],[-53.423,-24.31],[-53.677,-26.386],[-53.177,-27.511],[-53.802,-28.01],[-56.55,-28.76],[-56.8,-31.008],[-56.719,-34.691],[-57.348,-34.508],[-57.787,-34.598],[-58.34,-34.216],[-67.792,-31.633],[-69.041,-32.382],[-69.849,-34.256],[-70.48,-35.358],[-70.356,-36.019],[-70.391,-36.165],[-71.095,-36.805],[-71.153,-37.811],[-71.041,-38.307],[-70.844,-38.727],[-71.42,-39.106],[-71.673,-40.338],[-71.86,-40.748],[-71.805,-41.574],[-72.587,-41.618],[-72.891,-41.529],[-73.178,-41.761],[-73.464,-41.787],[-73.594,-41.697],[-73.845,-41.153],[-73.905,-40.839],[-73.759,-40.243],[-73.194,-39.565],[-73.441,-38.628],[-73.435,-37.902],[-73.69,-37.367],[-73.584,-37.278],[-73.36,-37.322],[-73.144,-37.156],[-72.629,-35.646],[-72.33,-35.283],[-71.823,-33.935],[-71.616,-33.706],[-71.75,-33.191],[-71.416,-32.753],[-71.682,-30.6],[-71.237,-29.85],[-71.234,-29.519],[-71.43,-29.1],[-71.142,-27.995],[-70.935,-27.727],[-70.655,-26.259],[-70.683,-25.77],[-70.398,-25.249],[-70.519,-24.455],[-70.359,-23.661],[-70.415,-23.527],[-70.58,-23.49],[-70.573,-23.166],[-70.292,-22.987],[-70.111,-21.748],[-70.209,-19.067],[-70.454,-18.223],[-70.584,-18.083],[-71.365,-17.697],[-71.612,-17.221],[-74.05,-16.045],[-75.231,-15.222],[-75.785,-14.727],[-76.242,-14.106],[-76.238,-13.502],[-76.359,-13.229],[-76.711,-12.76],[-77.336,-11.509],[-77.707,-11.256],[-77.692,-10.837],[-77.759,-10.659],[-79.06,-8.216],[-80.066,-6.756],[-80.274,-6.566],[-81.297,-6.041],[-81.162,-5.914],[-80.888,-5.9],[-80.823,-5.716],[-81.301,-4.999],[-81.413,-4.567],[-81.042,-4.052],[-80.583,-3.657],[-80.144,-3.414],[-79.745,-2.676],[-79.813,-2.17],[-80.357,-2.728],[-80.778,-2.539],[-80.961,-2.355],[-80.741,-2.119],[-80.816,-1.859],[-80.754,-1.452],[-80.966,-1.033],[-80.339,-0.663],[-80.482,-0.384],[-80.109,0.049],[-80.046,0.43],[-80.135,0.716],[-80.086,0.818],[-79.376,1.017],[-78.984,1.297],[-78.929,1.411],[-79.062,1.678],[-79.014,1.774],[-78.785,1.825],[-78.575,1.774],[-78.492,1.921],[-78.648,2.175],[-78.61,2.365],[-78.468,2.467],[-77.987,2.475],[-77.802,2.577],[-77.602,2.882],[-77.106,3.792],[-77.445,4.179],[-77.267,4.739],[-77.5,5.514],[-77.462,5.628],[-77.241,5.692],[-77.181,5.788],[-77.475,6.092],[-77.494,6.194],[-77.322,6.544],[-77.897,7.172],[-78.265,7.886],[-78.327,8.089],[-78.247,8.197],[-77.794,8.179],[-78.002,8.34],[-78.045,8.552],[-78.184,8.413],[-78.381,8.395],[-78.592,8.813],[-78.652,8.745],[-79.068,9.034],[-79.321,9.04],[-79.717,8.883],[-79.712,8.616],[-80.269,8.377],[-80.425,8.192],[-80.403,8.059],[-80.051,7.732],[-79.976,7.492],[-80.212,7.475],[-80.406,7.299],[-80.814,7.27],[-80.899,7.336],[-80.85,7.409],[-81.117,7.943],[-81.197,7.64],[-81.562,7.824],[-81.664,8.165],[-82.654,8.321],[-82.795,8.27],[-82.957,8.047],[-82.866,8.321],[-82.975,8.404],[-82.807,8.57],[-82.863,8.809],[-82.684,8.975],[-82.913,9.113],[-82.907,9.519],[-82.808,9.611],[-82.593,9.528],[-82.56,9.583],[-82.326,9.445],[-82.23,9.047],[-81.784,8.966],[-81.674,9.058],[-81.495,8.865],[-81.168,8.828],[-80.962,8.865],[-80.356,9.203],[-80.124,9.224],[-79.5,9.638],[-78.998,9.543],[-78.967,9.473],[-78.612,9.48],[-78.266,9.386],[-77.678,8.961],[-76.858,7.93],[-76.702,8.115],[-76.842,8.559],[-76.383,8.98],[-76.158,9.311],[-75.703,9.426],[-75.605,9.598],[-75.652,9.769],[-75.543,10.411],[-75.45,10.628],[-75.226,10.825],[-74.716,11.061],[-74.548,10.969],[-74.449,10.77],[-74.323,10.922],[-74.219,11.368],[-73.362,11.325],[-72.761,11.695],[-72.38,11.81],[-71.909,12.351],[-71.437,12.422],[-72.723,10.983],[-73.127,8.829],[-72.723,6.675],[-74.474,4.386],[-75.685,1.558],[-76.415,-1.634],[-76.041,-2.798],[-71.001,-2.675],[-69.281,-4.519],[-69.649,-6.117]],[[-77.254,-2.759],[-77.254,-2.098],[-77.854,-1.667],[-78.562,-2.129],[-78.392,-2.913],[-77.9,-3.113],[-77.254,-2.759]]],[[[-60.584,-16.369],[-60.43,-16.934],[-61.905,-17.672],[-63.503,-17.426],[-64.732,-14.967],[-64.487,-13.738],[-64.118,-12.878],[-63.011,-12.632],[-61.168,-14.23],[-60.584,-16.369]]]]}},{"type":"Feature","properties":{"NAME":"Shawnee","ABBREVN":"Shawnee","SUBJECTO":"Shawnee","BORDERPRECISION":3,"PARTOF":"Shawnee"},"geometry":{"type":"MultiPolygon","coordinates":[[[[-84.692,39.246],[-83.096,38.957],[-82.062,38.334],[-81.849,37.543],[-81.88,37.346],[-85.24,35.689],[-86.669,35.096],[-87.687,35.795],[-87.961,36.874],[-88.326,37.011],[-88.432,37.376],[-88.037,37.528],[-87.778,38.364],[-87.55,38.699],[-86.076,39.201],[-84.692,39.246]]]]}},{"type":"Feature","properties":{"NAME":"Chtimacha","ABBREVN":"Chtimacha","SUBJECTO":"Chtimacha","BORDERPRECISION":3,"PARTOF":"Chtimacha"},"geometry":{"type":"MultiPolygon","coordinates":[[[[-91.981,30.233],[-91.184,29.856],[-90.372,29.856],[-89.523,29.976],[-89.38,29.873],[-89.686,29.706],[-89.677,29.591],[-89.559,29.433],[-89.292,29.367],[-89.032,29.119],[-89.498,29.096],[-89.622,29.284],[-89.978,29.406],[-90.0,29.501],[-90.0,29.109],[-91.24,29.321],[-91.429,29.543],[-92.017,29.825],[-91.981,30.233]]]]}},{"type":"Feature","properties":{"NAME":"Comanche","ABBREVN":"Comanche","SUBJECTO":"Comanche","BORDERPRECISION":3,"PARTOF":"Comanche"},"geometry":{"type":"MultiPolygon","coordinates":[[[[-98.398,31.383],[-97.479,31.104],[-97.435,30.956],[-97.75,30.22],[-98.423,29.694],[-100.106,31.04],[-103.367,32.386],[-103.619,32.786],[-103.829,34.216],[-104.355,34.89],[-104.167,35.39],[-103.303,35.92],[-101.684,37.624],[-101.266,35.946],[-100.548,34.763],[-99.685,33.943],[-99.454,32.239],[-98.398,31.383]]],[[[-104.167,35.39],[-104.229,35.352],[-104.166,35.394],[-104.167,35.39]]]]}},{"type":"Feature","properties":{"NAME":"Pawnee","ABBREVN":"Pawnee","SUBJECTO":"Pawnee","BORDERPRECISION":3,"PARTOF":"Pawnee"},"geometry":{"type":"MultiPolygon","coordinates":[[[[-97.534,42.008],[-97.198,41.362],[-96.715,41.189],[-97.079,40.115],[-97.607,39.314],[-97.807,38.777],[-98.635,38.832],[-99.518,38.768],[-99.846,39.814],[-100.201,40.47],[-100.71,41.016],[-101.267,41.141],[-101.393,41.716],[-101.593,41.989],[-101.475,42.199],[-101.056,42.417],[-100.874,42.763],[-99.837,42.681],[-98.253,42.308],[-97.926,42.035],[-97.534,42.008]]],[[[-101.266,41.134],[-101.275,41.143],[-101.267,41.141],[-101.266,41.134]]]]}},{"type":"Feature","properties":{"NAME":"Cheyenne","ABBREVN":"Cheyenne","SUBJECTO":"Cheyenne","BORDERPRECISION":3,"PARTOF":"Cheyenne"},"geometry":{"type":"MultiPolygon","coordinates":[[[[-102.313,44.485],[-102.229,44.165],[-102.884,43.266],[-102.953,42.985],[-103.479,42.611],[-104.164,41.971],[-104.834,42.238],[-105.429,42.901],[-105.977,43.312],[-105.436,43.754],[-104.903,44.714],[-104.553,45.072],[-104.225,45.239],[-103.699,45.3],[-103.22,45.194],[-102.755,44.896],[-102.313,44.485]]]]}},{"type":"Feature","properties":{"NAME":"Alabama","ABBREVN":"Alabama","SUBJECTO":"Alabama","BORDERPRECISION":3,"PARTOF":"Alabama"},"geometry":{"type":"MultiPolygon","coordinates":[[[[-85.668,32.762],[-85.668,32.114],[-85.827,31.859],[-87.322,31.867],[-87.154,32.418],[-87.162,32.953],[-86.107,32.913],[-85.668,32.762]]]]}},{"type":"Feature","properties":{"NAME":"Tunica","ABBREVN":"Tunica","SUBJECTO":"Tunica","BORDERPRECISION":3,"PARTOF":"Tunica"},"geometry":{"type":"MultiPolygon","coordinates":[[[[-90.396,32.51],[-90.409,32.05],[-91.626,31.939],[-91.626,32.957],[-89.949,32.982],[-89.974,32.572],[-90.396,32.51]]]]}},{"type":"Feature","properties":{"NAME":"Wichita","ABBREVN":"Wichita","SUBJECTO":"Wichita","BORDERPRECISION":3,"PARTOF":"Wichita"},"geometry":{"type":"MultiPolygon","coordinates":[[[[-95.454,35.132],[-95.351,34.048],[-95.392,33.614],[-96.146,33.325],[-96.828,32.354],[-96.952,31.941],[-97.479,31.104],[-98.398,31.383],[-99.454,32.239],[-99.685,33.943],[-99.451,34.771],[-98.955,34.998],[-96.776,34.874],[-96.002,35.194],[-95.454,35.132]]]]}},{"type":"Feature","properties":{"NAME":"Potawatomi","ABBREVN":"Potawatomi","SUBJECTO":"Potawatomi","BORDERPRECISION":3,"PARTOF":"Potawatomi"},"geometry":{"type":"MultiPolygon","coordinates":[[[[-86.139,42.99],[-86.423,43.601],[-86.358,44.096],[-86.139,44.664],[-85.591,45.088],[-85.609,44.789],[-85.505,44.936],[-85.564,44.758],[-85.361,44.832],[-85.208,45.319],[-84.952,45.408],[-84.982,45.647],[-84.692,45.805],[-83.636,45.392],[-83.431,45.275],[-83.268,45.036],[-83.438,45.023],[-83.28,44.756],[-83.319,44.429],[-83.569,44.099],[-83.872,43.92],[-83.875,43.685],[-83.577,43.551],[-83.118,43.995],[-82.836,44.035],[-82.658,43.84],[-82.374,43.047],[-83.745,42.626],[-85.441,41.672],[-86.161,42.415],[-86.139,42.99]]]]}},{"type":"Feature","properties":{"NAME":"Illinnois","ABBREVN":"Illinnois","SUBJECTO":"Illinnois","BORDERPRECISION":3,"PARTOF":"Illinnois"},"geometry":{"type":"MultiPolygon","coordinates":[[[[-90.528,37.939],[-91.624,38.457],[-91.786,39.286],[-92.216,40.085],[-92.837,40.307],[-92.038,40.87],[-91.327,41.536],[-91.416,42.172],[-92.453,42.691],[-91.816,43.12],[-91.135,43.934],[-89.832,42.676],[-88.826,42.942],[-87.791,42.829],[-87.783,42.204],[-87.554,41.766],[-87.375,41.625],[-87.745,40.337],[-87.778,38.364],[-88.037,37.528],[-88.432,37.376],[-88.371,37.087],[-88.855,37.139],[-89.092,36.947],[-90.809,37.169],[-90.528,37.939]]]]}},{"type":"Feature","properties":{"NAME":"Miami","ABBREVN":"Miami","SUBJECTO":"Miami","BORDERPRECISION":3,"PARTOF":"Miami"},"geometry":{"type":"MultiPolygon","coordinates":[[[[-86.317,42.116],[-86.161,42.415],[-85.441,41.672],[-85.101,40.928],[-85.172,40.642],[-85.516,40.399],[-86.317,40.027],[-87.648,38.882],[-87.763,38.91],[-87.745,40.337],[-87.375,41.625],[-86.918,41.601],[-86.317,42.116]]]]}},{"type":"Feature","properties":{"NAME":"Erie","ABBREVN":"Erie","SUBJECTO":"Erie","BORDERPRECISION":3,"PARTOF":"Erie"},"geometry":{"type":"MultiPolygon","coordinates":[[[[-83.131,42.052],[-83.284,41.985],[-83.443,41.702],[-82.877,41.496],[-83.027,41.444],[-81.662,41.413],[-81.174,41.732],[-79.006,42.61],[-78.134,42.403],[-78.79,40.66],[-77.799,39.937],[-77.842,39.623],[-78.29,39.086],[-79.145,38.598],[-79.921,40.419],[-80.746,40.677],[-82.965,40.588],[-84.278,40.707],[-85.172,40.642],[-85.101,40.928],[-85.441,41.672],[-83.745,42.626],[-82.374,43.047],[-83.131,42.052]]]]}},{"type":"Feature","properties":{"NAME":"Winebago","ABBREVN":"Winebago","SUBJECTO":"Winebago","BORDERPRECISION":3,"PARTOF":"Winebago"},"geometry":{"type":"MultiPolygon","coordinates":[[[[-87.924,44.35],[-87.974,44.37],[-87.856,44.6],[-87.469,44.882],[-87.343,44.818],[-87.908,43.192],[-87.791,42.829],[-88.826,42.942],[-89.105,42.891],[-89.172,43.026],[-88.218,43.89],[-87.924,44.35]]]]}},{"type":"Feature","properties":{"NAME":"Kiowa","ABBREVN":"Kiowa","SUBJECTO":"Kiowa","BORDERPRECISION":3,"PARTOF":"Kiowa"},"geometry":{"type":"MultiPolygon","coordinates":[[[[-98.955,34.998],[-99.451,34.771],[-99.685,33.943],[-100.548,34.763],[-101.266,35.946],[-101.684,37.624],[-100.189,38.39],[-99.562,38.535],[-99.518,38.768],[-98.635,38.832],[-97.807,38.777],[-97.052,38.214],[-96.586,37.248],[-96.747,36.686],[-97.406,35.576],[-97.51,34.884],[-98.955,34.998]]]]}},{"type":"Feature","properties":{"NAME":"Tonkawa","ABBREVN":"Tonkawa","SUBJECTO":"Tonkawa","BORDERPRECISION":3,"PARTOF":"Tonkawa"},"geometry":{"type":"MultiPolygon","coordinates":[[[[-96.828,32.354],[-96.146,33.325],[-95.392,33.614],[-95.002,33.425],[-94.518,32.508],[-95.226,32.275],[-95.527,32.008],[-95.561,31.67],[-95.468,31.216],[-96.212,31.165],[-95.972,30.84],[-95.776,30.002],[-95.821,29.645],[-97.399,28.848],[-97.527,28.682],[-98.423,29.694],[-97.75,30.22],[-97.435,30.956],[-97.479,31.104],[-96.952,31.941],[-96.828,32.354]]]]}},{"type":"Feature","properties":{"NAME":"Crow","ABBREVN":"Crow","SUBJECTO":"Crow","BORDERPRECISION":3,"PARTOF":"Crow"},"geometry":{"type":"MultiPolygon","coordinates":[[[[-104.553,45.072],[-105.116,44.432],[-105.436,43.754],[-105.977,43.312],[-107.18,43.958],[-107.75,44.042],[-109.026,44.49],[-110.279,44.748],[-110.963,45.067],[-111.549,45.507],[-110.162,46.792],[-107.812,47.194],[-106.285,47.918],[-103.995,47.636],[-104.537,47.134],[-104.698,46.17],[-104.349,45.21],[-104.553,45.072]]]]}},{"type":"Feature","properties":{"NAME":"Arapaho","ABBREVN":"Arapaho","SUBJECTO":"Arapaho","BORDERPRECISION":3,"PARTOF":"Arapaho"},"geometry":{"type":"MultiPolygon","coordinates":[[[[-101.266,41.134],[-100.71,41.016],[-100.201,40.47],[-99.846,39.814],[-99.518,38.768],[-99.562,38.535],[-100.189,38.39],[-101.684,37.624],[-102.875,36.38],[-102.875,37.602],[-104.162,37.779],[-104.258,39.822],[-105.088,40.86],[-106.252,41.802],[-106.526,42.122],[-106.823,43.715],[-105.977,43.312],[-105.429,42.901],[-104.834,42.238],[-103.197,41.607],[-101.266,41.134]]]]}},{"type":"Feature","properties":{"NAME":"Nez Perce","ABBREVN":"Nez Perce","SUBJECTO":"Nez Perce","BORDERPRECISION":3,"PARTOF":"Nez Perce"},"geometry":{"type":"MultiPolygon","coordinates":[[[[-117.317,46.411],[-117.134,46.77],[-116.627,46.868],[-116.043,46.664],[-115.057,46.678],[-114.473,46.369],[-114.466,45.995],[-114.205,45.531],[-116.124,44.706],[-117.395,44.792],[-117.711,45.636],[-117.571,46.024],[-117.852,46.347],[-117.317,46.411]]]]}},{"type":"Feature","properties":{"NAME":"Menomini","ABBREVN":"Menomini","SUBJECTO":"Menomini","BORDERPRECISION":3,"PARTOF":"Menomini"},"geometry":{"type":"MultiPolygon","coordinates":[[[[-87.514,46.689],[-87.273,46.512],[-86.734,46.441],[-86.284,46.602],[-85.1,46.749],[-84.982,46.701],[-85.015,46.558],[-84.888,46.477],[-84.22,46.505],[-83.742,46.26],[-83.927,46.087],[-83.917,45.997],[-84.442,45.97],[-85.043,46.1],[-85.367,46.088],[-86.814,45.868],[-86.96,45.716],[-86.995,45.864],[-87.62,45.025],[-87.867,44.885],[-88.667,46.134],[-87.514,46.689]]]]}},{"type":"Feature","properties":{"NAME":"Kingdom of Ireland","ABBREVN":"Kingdom of Ireland","SUBJECTO":"Kingdom of Ireland","BORDERPRECISION":3,"PARTOF":"Kingdom of Ireland"},"geometry":{"type":"MultiPolygon","coordinates":[[[[-6.963,55.241],[-6.997,55.172],[-6.645,55.206],[-6.018,55.093],[-5.785,54.737],[-5.8,54.523],[-5.662,54.322],[-5.912,54.027],[-6.443,53.899],[-6.172,53.439],[-6.043,52.893],[-6.406,52.214],[-6.894,52.207],[-6.962,52.111],[-7.751,52.033],[-8.565,51.615],[-9.243,51.473],[-9.819,51.435],[-9.835,51.803],[-10.217,51.758],[-10.294,51.978],[-9.964,52.092],[-10.497,52.102],[-10.469,52.207],[-9.891,52.194],[-9.802,52.241],[-9.736,52.48],[-9.193,52.554],[-9.134,52.681],[-9.616,52.637],[-9.442,52.833],[-9.526,52.905],[-9.309,53.115],[-8.924,53.161],[-9.002,53.3],[-9.158,53.221],[-9.617,53.346],[-9.885,53.297],[-10.16,53.374],[-10.021,53.512],[-10.151,53.576],[-9.81,53.632],[-9.872,53.768],[-9.696,53.873],[-9.913,53.97],[-10.179,53.912],[-10.16,54.133],[-9.892,54.326],[-8.59,54.203],[-8.687,54.364],[-8.301,54.489],[-8.211,54.634],[-8.829,54.634],[-8.504,54.75],[-8.345,55.095],[-7.427,55.294],[-7.334,55.384],[-6.963,55.241]]]]}},{"type":"Feature","properties":{"NAME":"Antigua and Barbuda","ABBREVN":"Antigua and Barbuda","SUBJECTO":"Antigua and Barbuda","BORDERPRECISION":3,"PARTOF":"Antigua and Barbuda"},"geometry":{"type":"MultiPolygon","coordinates":[[[[-61.687,17.024],[-61.829,16.997],[-61.887,17.105],[-61.794,17.163],[-61.67,17.09],[-61.687,17.024]]],[[[-61.729,17.609],[-61.733,17.541],[-61.853,17.583],[-61.873,17.704],[-61.729,17.609]]]]}},{"type":"Feature","properties":{"NAME":"Guanches","ABBREVN":"Guanches","SUBJECTO":"Guanches","BORDERPRECISION":3,"PARTOF":"Guanches"},"geometry":{"type":"MultiPolygon","coordinates":[[[[-14.51,28.05],[-14.147,28.391],[-13.808,29.049],[-13.518,29.428],[-13.421,29.091],[-13.784,28.879],[-13.881,28.199],[-14.51,28.05]]],[[[-15.574,28.178],[-15.405,28.199],[-15.211,27.901],[-15.574,27.729],[-15.913,27.901],[-15.574,28.178]]],[[[-17.291,28.285],[-16.082,28.54],[-16.638,28.05],[-17.34,28.029],[-17.291,28.285]]]]}},{"type":"Feature","properties":{"NAME":"Barbados (UK)","ABBREVN":"Barbados (UK)","SUBJECTO":"United Kingdom","BORDERPRECISION":3,"PARTOF":"Barbados (UK)"},"geometry":{"type":"MultiPolygon","coordinates":[[[[-59.533,13.051],[-59.629,13.103],[-59.631,13.335],[-59.429,13.165],[-59.533,13.051]]]]}},{"type":"Feature","properties":{"NAME":"Dominica","ABBREVN":"Dominica","SUBJECTO":"Dominica","BORDERPRECISION":3,"PARTOF":"Dominica"},"geometry":{"type":"MultiPolygon","coordinates":[[[[-61.364,15.198],[-61.491,15.541],[-61.452,15.632],[-61.304,15.574],[-61.253,15.461],[-61.265,15.258],[-61.364,15.198]]]]}},{"type":"Feature","properties":{"NAME":"Mi'kma'ki","ABBREVN":"Mi'kma'ki","SUBJECTO":"Mi'kma'ki","BORDERPRECISION":3,"PARTOF":"Mi'kma'ki"},"geometry":{"type":"MultiPolygon","coordinates":[[[[-61.025,45.67],[-61.248,45.793],[-61.409,46.046],[-61.381,46.331],[-60.627,47.133],[-60.26,46.938],[-60.584,46.385],[-60.963,46.189],[-61.072,45.988],[-60.761,45.891],[-60.169,46.314],[-60.03,46.289],[-59.807,46.081],[-59.997,45.854],[-60.507,45.664],[-61.025,45.67]]],[[[-53.115,48.524],[-53.411,48.295],[-53.882,48.189],[-53.577,47.74],[-53.356,47.949],[-53.118,47.878],[-53.163,47.675],[-53.096,47.552],[-52.735,47.546],[-53.07,46.731],[-53.625,46.886],[-53.644,47.179],[-53.914,46.996],[-54.082,46.99],[-54.125,47.113],[-53.901,47.407],[-53.896,47.557],[-54.086,47.771],[-54.211,47.804],[-55.408,46.948],[-55.804,46.967],[-55.904,47.064],[-55.277,47.313],[-55.067,47.548],[-54.783,47.711],[-55.368,47.795],[-55.513,47.586],[-55.698,47.579],[-55.739,47.872],[-56.079,47.865],[-56.146,47.735],[-56.33,47.636],[-56.804,47.616],[-58.091,47.763],[-59.157,47.67],[-59.319,47.963],[-58.139,48.599],[-58.68,48.703],[-58.392,49.037],[-58.231,49.109],[-57.974,49.083],[-57.814,49.202],[-58.128,49.496],[-57.86,49.988],[-57.356,50.595],[-56.376,51.384],[-55.561,51.557],[-55.422,51.425],[-55.927,51.252],[-55.77,51.054],[-56.662,50.056],[-56.784,49.819],[-56.733,49.688],[-56.49,49.768],[-56.273,50.017],[-56.067,50.103],[-55.565,49.966],[-55.968,49.657],[-55.107,49.279],[-54.766,49.293],[-54.62,49.476],[-54.481,49.503],[-53.509,49.282],[-54.13,48.836],[-53.763,48.523],[-53.249,48.648],[-53.115,48.524]]],[[[-66.973,48.955],[-65.367,49.233],[-64.952,49.207],[-64.32,48.947],[-64.194,48.653],[-64.251,48.554],[-65.213,48.121],[-65.474,48.101],[-65.855,48.205],[-66.472,48.099],[-65.837,47.961],[-65.612,47.663],[-65.028,47.882],[-65.04,47.785],[-64.825,47.851],[-64.658,47.779],[-64.924,47.56],[-64.874,47.439],[-64.98,47.33],[-65.39,47.13],[-64.842,47.124],[-64.851,46.719],[-64.69,46.695],[-64.697,46.544],[-64.535,46.272],[-63.749,46.169],[-64.059,46.115],[-64.08,46.054],[-63.843,45.988],[-63.748,45.879],[-63.492,45.915],[-63.276,45.783],[-63.087,45.801],[-63.121,45.849],[-62.633,45.771],[-62.726,45.68],[-62.39,45.722],[-61.94,45.922],[-61.893,45.759],[-61.723,45.686],[-61.481,45.741],[-61.262,45.554],[-61.444,45.439],[-61.403,45.391],[-61.032,45.379],[-60.958,45.301],[-61.193,45.246],[-61.265,45.301],[-61.4,45.24],[-61.347,45.198],[-61.683,45.216],[-61.634,45.144],[-63.053,44.711],[-63.107,44.831],[-63.303,44.663],[-63.388,44.747],[-63.559,44.513],[-63.902,44.573],[-63.888,44.729],[-64.088,44.513],[-64.147,44.627],[-64.306,44.615],[-64.286,44.507],[-64.391,44.489],[-64.251,44.453],[-64.236,44.357],[-64.706,44.129],[-64.649,44.057],[-64.842,43.979],[-64.835,43.884],[-64.908,43.937],[-64.871,43.86],[-65.031,43.872],[-64.988,43.758],[-65.319,43.752],[-65.467,43.518],[-65.558,43.62],[-65.713,43.56],[-65.939,43.86],[-66.001,43.752],[-66.189,44.141],[-65.841,44.615],[-66.159,44.441],[-66.193,44.489],[-65.777,44.717],[-65.721,44.651],[-65.633,44.693],[-65.749,44.741],[-64.458,45.391],[-64.307,45.349],[-64.337,45.156],[-64.256,45.18],[-64.141,45.054],[-64.168,45.222],[-63.378,45.385],[-64.559,45.457],[-64.92,45.367],[-64.905,45.463],[-64.26,45.843],[-64.283,45.922],[-64.519,45.795],[-64.475,45.855],[-64.701,46.084],[-64.562,45.885],[-64.724,45.668],[-65.888,45.258],[-66.153,45.379],[-66.049,45.288],[-66.435,45.133],[-67.354,48.846],[-66.973,48.955]]]]}},{"type":"Feature","properties":{"NAME":"Grenada","ABBREVN":"Grenada","SUBJECTO":"Grenada","BORDERPRECISION":3,"PARTOF":"Grenada"},"geometry":{"type":"MultiPolygon","coordinates":[[[[-61.747,11.997],[-61.725,12.172],[-61.612,12.231],[-61.611,12.079],[-61.747,11.997]]],[[[-61.58,12.296],[-61.58,12.296]]],[[[-61.428,12.454],[-61.496,12.438],[-61.434,12.529],[-61.428,12.454]]]]}},{"type":"Feature","properties":{"NAME":"Martinique","ABBREVN":"Martinique","SUBJECTO":"Martinique","BORDERPRECISION":3,"PARTOF":"Martinique"},"geometry":{"type":"MultiPolygon","coordinates":[[[[-60.861,14.403],[-60.887,14.466],[-61.034,14.466],[-61.232,14.809],[-61.175,14.877],[-60.941,14.741],[-60.83,14.57],[-60.861,14.403]]]]}},{"type":"Feature","properties":{"NAME":"Montserrat","ABBREVN":"Montserrat","SUBJECTO":"Montserrat","BORDERPRECISION":3,"PARTOF":"Montserrat"},"geometry":{"type":"MultiPolygon","coordinates":[[[[-62.171,16.671],[-62.237,16.712],[-62.202,16.814],[-62.171,16.671]]]]}},{"type":"Feature","properties":{"NAME":"Anguilla","ABBREVN":"Anguilla","SUBJECTO":"Anguilla","BORDERPRECISION":3,"PARTOF":"Anguilla"},"geometry":{"type":"MultiPolygon","coordinates":[[[[-63.168,18.164],[-62.97,18.272],[-63.168,18.164]]]]}},{"type":"Feature","properties":{"NAME":"Saint Kitts and Nevis (UK)","ABBREVN":"Saint Kitts and Nevis (UK)","SUBJECTO":"United Kingdom","BORDERPRECISION":3,"PARTOF":"Saint Kitts and Nevis (UK)"},"geometry":{"type":"MultiPolygon","coordinates":[[[[-62.553,17.094],[-62.622,17.111],[-62.6,17.197],[-62.553,17.094]]],[[[-62.702,17.337],[-62.625,17.221],[-62.864,17.371],[-62.702,17.337]]]]}},{"type":"Feature","properties":{"NAME":"Saint Lucia","ABBREVN":"Saint Lucia","SUBJECTO":"Saint Lucia","BORDERPRECISION":3,"PARTOF":"Saint Lucia"},"geometry":{"type":"MultiPolygon","coordinates":[[[[-60.955,13.709],[-61.08,13.873],[-60.93,14.109],[-60.878,13.957],[-60.955,13.709]]]]}},{"type":"Feature","properties":{"NAME":"Saint Vincent and the Grenadines","ABBREVN":"Saint Vincent and the Grenadines","SUBJECTO":"Saint Vincent and the Grenadines","BORDERPRECISION":3,"PARTOF":"Saint Vincent and the Grenadines"},"geometry":{"type":"MultiPolygon","coordinates":[[[[-61.417,12.59],[-61.417,12.59]]],[[[-61.328,12.688],[-61.328,12.688]]],[[[-61.217,12.998],[-61.217,12.998]]],[[[-61.173,13.133],[-61.281,13.208],[-61.177,13.384],[-61.12,13.307],[-61.173,13.133]]]]}},{"type":"Feature","properties":{"NAME":"Virgin Islands (UK)","ABBREVN":"Virgin Islands","SUBJECTO":"United Kingdom","BORDERPRECISION":3,"PARTOF":"Virgin Islands (UK)"},"geometry":{"type":"MultiPolygon","coordinates":[[[[-64.762,17.774],[-64.56,17.748],[-64.896,17.677],[-64.88,17.77],[-64.762,17.774]]],[[[-64.665,18.332],[-64.79,18.337],[-64.665,18.332]]],[[[-64.842,18.312],[-65.027,18.363],[-64.842,18.312]]]]}},{"type":"Feature","properties":{"NAME":"Guadeloupe","ABBREVN":"Guadeloupe","SUBJECTO":"Guadeloupe","BORDERPRECISION":3,"PARTOF":"Guadeloupe"},"geometry":{"type":"MultiPolygon","coordinates":[[[[-61.246,15.872],[-61.33,15.934],[-61.267,16.015],[-61.186,15.916],[-61.246,15.872]]],[[[-61.037,16.311],[-61.087,16.296],[-60.989,16.346],[-61.037,16.311]]],[[[-61.346,16.334],[-61.206,16.267],[-61.567,16.227],[-61.559,16.034],[-61.695,15.949],[-61.784,16.333],[-61.542,16.29],[-61.466,16.514],[-61.346,16.334]]],[[[-62.811,17.888],[-62.869,17.93],[-62.811,17.888]]]]}},{"type":"Feature","properties":{"NAME":"Netherlands Antilles","ABBREVN":"Netherlands Antilles","SUBJECTO":"Netherlands Antilles","BORDERPRECISION":3,"PARTOF":"Netherlands Antilles"},"geometry":{"type":"MultiPolygon","coordinates":[[[[-68.195,12.221],[-68.251,12.021],[-68.299,12.195],[-68.417,12.251],[-68.37,12.307],[-68.195,12.221]]],[[[-68.966,12.199],[-68.824,12.16],[-68.747,12.04],[-69.062,12.188],[-69.164,12.366],[-68.966,12.199]]],[[[-62.961,17.461],[-62.997,17.521],[-62.961,17.461]]]]}},{"type":"Feature","properties":{"NAME":"Saint Martin","ABBREVN":"Saint Martin","SUBJECTO":"Saint Martin","BORDERPRECISION":3,"PARTOF":"Saint Martin"},"geometry":{"type":"MultiPolygon","coordinates":[[[[-63.007,18.081],[-63.147,18.072],[-63.007,18.081]]]]}},{"type":"Feature","properties":{"NAME":"Saint Barthelemy","ABBREVN":"Saint Barthelemy","SUBJECTO":"Saint Barthelemy","BORDERPRECISION":3,"PARTOF":"Saint Barthelemy"},"geometry":{"type":"MultiPolygon","coordinates":[[[[-63.028,18.016],[-63.14,18.059],[-63.011,18.067],[-63.028,18.016]]]]}},{"type":"Feature","properties":{"NAME":"Eyaq","ABBREVN":"Eyaq","SUBJECTO":"Eyaq","BORDERPRECISION":3,"PARTOF":"Eyaq"},"geometry":{"type":"MultiPolygon","coordinates":[[[[-134.946,56.454],[-135.466,57.229],[-135.441,57.428],[-135.002,57.326],[-134.764,56.794],[-134.946,56.454]]],[[[-132.09,53.399],[-132.569,53.28],[-132.997,53.651],[-133.097,54.019],[-132.73,54.067],[-131.956,53.968],[-131.894,53.894],[-131.999,53.794],[-132.09,53.399]]],[[[-132.555,55.453],[-132.177,55.285],[-132.174,54.846],[-133.016,55.371],[-133.271,55.621],[-133.266,55.831],[-133.486,56.258],[-133.281,56.232],[-132.633,55.9],[-132.594,55.812],[-132.688,55.649],[-132.555,55.453]]],[[[-136.3,58.18],[-136.025,58.215],[-135.672,58.044],[-135.325,58.093],[-135.115,57.675],[-135.147,57.599],[-135.822,57.756],[-135.816,57.454],[-136.596,57.905],[-136.3,58.18]]],[[[-128.427,55.668],[-129.97,53.913],[-130.176,54.172],[-130.299,54.548],[-129.842,54.979],[-130.003,55.289],[-130.065,55.102],[-130.413,55.021],[-130.546,54.91],[-130.773,55.066],[-130.695,55.465],[-130.892,55.769],[-131.191,56.035],[-131.767,56.01],[-132.256,55.85],[-132.279,56.132],[-132.101,56.349],[-132.871,57.016],[-133.4,57.219],[-133.341,57.377],[-133.641,57.739],[-133.474,57.842],[-133.505,57.897],[-133.84,57.999],[-134.123,58.239],[-134.83,58.561],[-135.309,59.347],[-135.469,59.34],[-135.515,58.973],[-135.3,58.374],[-135.738,58.47],[-136.148,58.903],[-136.39,58.841],[-136.939,58.943],[-136.37,58.62],[-136.356,58.524],[-137.085,58.447],[-137.577,58.604],[-138.446,59.162],[-139.2,59.277],[-139.785,59.518],[-139.307,59.706],[-139.573,59.9],[-140.428,59.76],[-141.385,59.897],[-141.439,60.091],[-141.586,60.14],[-142.425,60.02],[-144.406,60.093],[-144.811,60.315],[-145.003,60.552],[-145.493,60.384],[-145.893,60.516],[-145.998,60.662],[-146.186,60.725],[-147.068,60.91],[-145.511,62.576],[-138.607,61.535],[-132.055,59.845],[-128.427,55.668]]]]}},{"type":"Feature","properties":{"NAME":null,"ABBREVN":null,"SUBJECTO":null,"BORDERPRECISION":3,"PARTOF":null},"geometry":{"type":"MultiPolygon","coordinates":[[[[-92.017,29.825],[-92.228,29.802],[-91.951,29.832],[-92.017,29.825]]]]}},{"type":"Feature","properties":{"NAME":null,"ABBREVN":null,"SUBJECTO":null,"BORDERPRECISION":3,"PARTOF":null},"geometry":{"type":"MultiPolygon","coordinates":[[[[-94.845,29.346],[-95.174,29.106],[-95.239,29.058],[-94.845,29.346]]]]}},{"type":"Feature","properties":{"NAME":null,"ABBREVN":null,"SUBJECTO":null,"BORDERPRECISION":3,"PARTOF":null},"geometry":{"type":"MultiPolygon","coordinates":[[[[-96.146,33.325],[-96.828,32.354],[-96.601,32.715],[-96.146,33.325]]]]}},{"type":"Feature","properties":{"NAME":null,"ABBREVN":null,"SUBJECTO":null,"BORDERPRECISION":3,"PARTOF":null},"geometry":{"type":"MultiPolygon","coordinates":[[[[-95.392,33.614],[-96.146,33.325],[-95.764,33.49],[-95.392,33.614]]]]}},{"type":"Feature","properties":{"NAME":null,"ABBREVN":null,"SUBJECTO":null,"BORDERPRECISION":3,"PARTOF":null},"geometry":{"type":"MultiPolygon","coordinates":[[[[-124.718,49.491],[-123.861,49.158],[-123.593,48.635],[-123.719,48.477],[-124.493,48.6],[-125.098,48.795],[-125.196,48.874],[-124.999,49.169],[-125.46,49.168],[-125.645,49.056],[-125.967,49.174],[-125.892,49.377],[-126.112,49.527],[-126.563,49.572],[-126.665,49.69],[-126.522,49.822],[-126.961,50.057],[-127.385,50.05],[-128.343,50.668],[-128.433,50.827],[-127.848,50.861],[-126.957,50.592],[-125.719,50.409],[-124.718,49.491]]]]}},{"type":"Feature","properties":{"NAME":"Inupiaq","ABBREVN":"Inupiaq","SUBJECTO":"Inupiaq","BORDERPRECISION":3,"PARTOF":"Inupiaq"},"geometry":{"type":"MultiPolygon","coordinates":[[[[-157.178,64.013],[-160.927,63.952],[-161.006,64.158],[-161.373,64.466],[-160.944,64.525],[-160.79,64.64],[-160.902,64.813],[-161.291,64.964],[-162.137,64.789],[-162.802,64.471],[-163.025,64.442],[-163.883,64.591],[-164.6,64.619],[-165.171,64.546],[-166.348,64.637],[-166.586,64.73],[-166.669,65.085],[-166.604,65.15],[-165.864,65.166],[-165.663,65.246],[-168.18,65.694],[-167.73,65.863],[-167.024,65.959],[-164.463,66.596],[-163.782,66.538],[-163.843,66.178],[-162.759,66.063],[-161.979,66.116],[-161.261,66.396],[-160.125,66.339],[-160.032,66.568],[-161.796,66.749],[-161.936,67.088],[-163.739,67.218],[-163.826,67.448],[-164.513,67.797],[-166.844,68.405],[-166.335,68.661],[-166.297,68.88],[-164.89,68.935],[-164.067,69.065],[-163.714,69.224],[-163.511,69.504],[-162.879,69.999],[-162.177,70.284],[-161.188,70.44],[-159.905,70.427],[-159.839,70.512],[-159.91,70.604],[-160.248,70.766],[-160.24,70.858],[-157.812,70.971],[-156.905,71.346],[-156.474,71.354],[-156.043,71.223],[-155.973,71.145],[-156.145,71.083],[-156.138,70.928],[-155.475,70.852],[-155.1,71.077],[-152.971,70.934],[-151.915,70.496],[-149.286,70.539],[-147.724,70.327],[-146.183,70.268],[-145.273,70.116],[-143.308,70.197],[-141.161,69.599],[-139.901,69.571],[-138.3,69.143],[-157.178,64.013]]],[[[-171.858,63.5],[-172.052,63.6],[-171.972,63.729],[-171.229,63.651],[-170.482,63.688],[-169.333,63.397],[-169.119,63.241],[-169.666,63.24],[-169.903,63.075],[-170.966,63.459],[-171.858,63.5]]]]}},{"type":"Feature","properties":{"NAME":"Suspiaq","ABBREVN":"Suspiaq","SUBJECTO":"Suspiaq","BORDERPRECISION":3,"PARTOF":"Suspiaq"},"geometry":{"type":"MultiPolygon","coordinates":[[[[-163.091,55.273],[-162.788,55.152],[-162.746,55.064],[-162.968,54.949],[-163.2,55.043],[-163.262,55.171],[-163.091,55.273]]],[[[-160.356,55.657],[-160.391,55.562],[-161.575,55.479],[-162.218,55.132],[-162.546,55.145],[-162.59,55.253],[-162.585,55.389],[-162.224,55.498],[-161.609,55.845],[-161.318,55.879],[-160.356,55.657]]],[[[-166.927,53.459],[-167.148,53.94],[-166.771,54.001],[-166.383,53.855],[-166.61,53.707],[-166.643,53.573],[-166.927,53.459]]],[[[-164.561,54.831],[-163.743,55.062],[-163.36,54.921],[-163.206,54.737],[-163.573,54.632],[-164.072,54.657],[-164.564,54.334],[-164.949,54.427],[-165.01,54.528],[-164.561,54.831]]],[[[-148.336,60.413],[-148.258,60.281],[-148.301,60.106],[-148.494,59.904],[-149.326,60.027],[-149.581,59.985],[-150.021,59.714],[-150.501,59.616],[-151.388,59.213],[-151.881,59.163],[-151.772,59.357],[-151.448,59.538],[-151.49,59.711],[-151.784,59.962],[-148.755,60.683],[-148.84,60.545],[-148.336,60.413]]],[[[-154.342,57.487],[-154.189,57.631],[-153.731,57.427],[-153.425,57.64],[-153.396,57.804],[-153.178,57.825],[-152.679,57.765],[-152.378,57.518],[-153.177,57.407],[-153.492,57.051],[-153.878,56.941],[-154.593,57.145],[-154.661,57.234],[-154.585,57.364],[-154.342,57.487]]],[[[-167.961,53.49],[-167.865,53.323],[-168.374,53.235],[-168.554,53.375],[-168.223,53.59],[-167.961,53.49]]],[[[-154.282,59.249],[-154.298,59.117],[-153.664,58.98],[-153.455,58.877],[-153.489,58.794],[-154.214,58.428],[-154.649,58.076],[-155.598,57.896],[-156.369,57.566],[-156.685,57.401],[-156.451,57.175],[-156.496,57.1],[-156.993,56.915],[-157.747,56.77],[-158.527,56.449],[-158.738,56.19],[-159.077,55.992],[-160.169,55.807],[-160.607,55.962],[-160.457,56.2],[-160.114,56.323],[-159.776,56.582],[-159.249,56.781],[-158.617,56.748],[-158.662,57.076],[-157.665,57.604],[-157.665,57.933],[-157.554,58.27],[-157.242,58.491],[-157.153,58.686],[-154.097,59.412],[-154.282,59.249]]]]}},{"type":"Feature","properties":{"NAME":"Yup'ik & Cup'ik","ABBREVN":"Yup'ik & Cup'ik","SUBJECTO":"Yup'ik & Cup'ik","BORDERPRECISION":3,"PARTOF":"Yup'ik & Cup'ik"},"geometry":{"type":"MultiPolygon","coordinates":[[[[-153.17,59.74],[-153.71,59.644],[-154.097,59.412],[-157.153,58.686],[-157.139,58.856],[-158.291,58.73],[-158.517,58.999],[-158.912,58.874],[-158.973,58.77],[-158.856,58.454],[-158.933,58.433],[-159.814,58.941],[-160.431,59.002],[-160.84,58.96],[-160.828,58.898],[-161.117,58.746],[-161.938,58.723],[-162.06,59.289],[-161.925,59.518],[-161.989,59.712],[-162.378,60.163],[-163.536,59.841],[-164.027,59.798],[-164.594,60.208],[-165.048,60.416],[-165.128,60.542],[-164.845,60.816],[-163.627,60.601],[-163.52,60.706],[-163.689,60.923],[-163.895,61.042],[-164.539,60.95],[-165.423,61.264],[-165.898,61.27],[-166.19,61.749],[-165.834,61.834],[-165.802,62.039],[-165.579,62.139],[-165.431,62.43],[-165.03,62.65],[-164.292,63.25],[-163.309,63.038],[-162.97,63.103],[-162.474,63.41],[-161.001,63.628],[-153.17,59.74]]]]}},{"type":"Feature","properties":{"NAME":null,"ABBREVN":null,"SUBJECTO":null,"BORDERPRECISION":3,"PARTOF":null},"geometry":{"type":"MultiPolygon","coordinates":[[[[-121.016,74.524],[-119.557,74.163],[-117.336,74.167],[-115.654,73.633],[-118.585,72.974],[-119.768,72.394],[-120.454,72.299],[-120.424,71.883],[-120.546,71.656],[-120.843,71.53],[-121.936,71.505],[-122.17,71.287],[-122.574,71.146],[-123.468,71.199],[-124.072,71.735],[-124.577,71.898],[-125.617,71.99],[-125.904,72.155],[-125.181,72.431],[-125.145,72.605],[-125.341,72.969],[-124.882,73.049],[-124.744,73.216],[-124.247,73.457],[-124.01,73.721],[-124.065,73.865],[-124.74,74.242],[-124.909,74.444],[-123.057,74.439],[-121.239,74.58],[-121.016,74.524]]]]}},{"type":"Feature","properties":{"NAME":null,"ABBREVN":null,"SUBJECTO":null,"BORDERPRECISION":3,"PARTOF":null},"geometry":{"type":"MultiPolygon","coordinates":[[[[-80.638,63.914],[-80.179,63.722],[-80.696,63.5],[-82.001,63.633],[-82.198,63.69],[-82.731,64.075],[-83.189,64.182],[-83.426,64.174],[-83.517,64.052],[-83.439,63.787],[-83.496,63.744],[-84.087,63.672],[-84.655,63.314],[-85.157,63.185],[-85.463,63.206],[-85.432,63.598],[-85.601,63.748],[-87.101,63.545],[-87.053,63.752],[-86.061,64.141],[-86.243,64.542],[-86.195,64.73],[-85.558,65.864],[-85.058,65.609],[-85.198,65.376],[-84.842,65.202],[-84.605,65.181],[-84.424,65.392],[-84.122,65.341],[-83.085,64.865],[-82.11,64.644],[-81.831,64.407],[-81.872,63.991],[-80.638,63.914]]]]}},{"type":"Feature","properties":{"NAME":null,"ABBREVN":null,"SUBJECTO":null,"BORDERPRECISION":3,"PARTOF":null},"geometry":{"type":"MultiPolygon","coordinates":[[[[-77.065,67.329],[-77.248,67.655],[-76.794,68.147],[-76.496,68.267],[-75.885,68.343],[-75.12,68.113],[-75.146,67.577],[-75.309,67.458],[-75.77,67.302],[-76.269,67.249],[-77.065,67.329]]]]}},{"type":"Feature","properties":{"NAME":null,"ABBREVN":null,"SUBJECTO":null,"BORDERPRECISION":3,"PARTOF":null},"geometry":{"type":"MultiPolygon","coordinates":[[[[-98.304,69.391],[-98.253,69.694],[-98.115,69.801],[-97.742,69.832],[-96.182,69.297],[-96.007,69.041],[-95.515,68.809],[-96.213,68.537],[-96.473,68.514],[-97.606,68.64],[-99.365,68.974],[-99.171,69.125],[-98.304,69.391]]]]}},{"type":"Feature","properties":{"NAME":null,"ABBREVN":null,"SUBJECTO":null,"BORDERPRECISION":3,"PARTOF":null},"geometry":{"type":"MultiPolygon","coordinates":[[[[-105.313,72.65],[-105.24,72.335],[-105.01,72.045],[-104.467,71.655],[-104.445,71.569],[-104.675,71.187],[-104.595,71.048],[-103.634,70.625],[-102.436,70.465],[-101.511,70.206],[-101.055,70.031],[-100.891,69.674],[-101.449,69.665],[-102.24,69.876],[-102.787,69.708],[-103.361,69.639],[-103.268,69.329],[-102.198,69.482],[-101.804,69.241],[-101.808,69.136],[-102.54,68.908],[-104.188,68.898],[-105.93,69.234],[-106.375,69.482],[-106.592,69.497],[-106.854,69.451],[-107.035,69.284],[-107.536,69.057],[-108.646,69.002],[-109.209,68.813],[-110.448,68.653],[-113.152,68.596],[-113.602,68.722],[-113.629,68.933],[-113.54,68.978],[-113.539,69.114],[-113.717,69.204],[-116.296,69.426],[-116.656,69.516],[-117.568,69.992],[-117.193,70.123],[-116.486,70.147],[-116.214,70.232],[-112.501,70.239],[-111.731,70.256],[-111.544,70.325],[-112.89,70.646],[-113.764,70.737],[-117.761,70.722],[-118.503,70.96],[-118.499,71.053],[-117.41,71.202],[-115.742,71.299],[-115.517,71.423],[-115.693,71.579],[-117.491,71.498],[-118.338,71.824],[-118.649,71.8],[-118.968,71.909],[-118.986,72.034],[-118.399,72.476],[-117.22,72.857],[-115.148,73.314],[-114.647,73.355],[-114.185,73.244],[-114.463,72.989],[-114.473,72.625],[-113.753,72.698],[-113.241,72.944],[-112.839,72.953],[-111.641,72.725],[-111.726,72.331],[-110.079,72.562],[-110.525,72.997],[-110.455,73.013],[-109.29,72.84],[-108.986,72.73],[-108.348,71.913],[-108.061,71.757],[-107.59,71.899],[-107.527,72.016],[-108.087,72.629],[-108.284,73.223],[-108.182,73.383],[-106.523,73.195],[-105.609,72.871],[-105.313,72.65]]]]}},{"type":"Feature","properties":{"NAME":null,"ABBREVN":null,"SUBJECTO":null,"BORDERPRECISION":3,"PARTOF":null},"geometry":{"type":"MultiPolygon","coordinates":[[[[-97.082,73.667],[-97.343,73.611],[-97.489,73.459],[-98.363,73.218],[-98.394,73.131],[-98.28,73.02],[-98.052,72.972],[-97.74,73.013],[-96.689,72.817],[-96.435,72.698],[-96.351,72.501],[-96.657,72.343],[-96.85,71.88],[-97.055,71.715],[-97.58,71.644],[-98.484,71.892],[-98.478,71.799],[-98.004,71.55],[-98.372,71.37],[-98.939,71.392],[-100.319,72.14],[-101.406,72.295],[-102.669,72.853],[-102.279,73.147],[-101.521,72.871],[-100.835,72.745],[-100.15,73.151],[-99.963,73.167],[-99.955,73.263],[-100.914,73.708],[-100.994,73.812],[-100.934,73.86],[-100.177,73.822],[-99.668,73.919],[-99.219,73.743],[-98.968,73.728],[-97.957,73.922],[-96.937,73.788],[-97.082,73.667]]]]}},{"type":"Feature","properties":{"NAME":null,"ABBREVN":null,"SUBJECTO":null,"BORDERPRECISION":3,"PARTOF":null},"geometry":{"type":"MultiPolygon","coordinates":[[[[-94.109,72.222],[-94.542,72.19],[-95.058,72.283],[-95.124,72.519],[-95.548,72.882],[-95.641,73.144],[-95.493,73.614],[-95.323,73.759],[-94.758,73.744],[-95.069,74.064],[-94.868,74.137],[-93.899,74.163],[-92.693,74.012],[-90.0,74.0],[-90.0,73.591],[-91.32,73.255],[-92.001,72.841],[-94.266,72.853],[-93.639,72.53],[-93.724,72.388],[-94.109,72.222]]]]}},{"type":"Feature","properties":{"NAME":null,"ABBREVN":null,"SUBJECTO":null,"BORDERPRECISION":3,"PARTOF":null},"geometry":{"type":"MultiPolygon","coordinates":[[[[-79.739,75.47],[-79.495,75.28],[-80.5,75.03],[-80.56,74.916],[-80.349,74.616],[-82.373,74.555],[-82.936,74.684],[-83.074,74.984],[-83.449,75.082],[-83.614,75.024],[-83.581,74.699],[-83.822,74.642],[-85.118,74.623],[-86.212,74.816],[-86.306,74.621],[-88.144,74.569],[-88.326,74.682],[-88.39,74.99],[-88.947,74.932],[-89.269,74.705],[-90.0,74.63],[-90.0,74.718],[-91.054,74.977],[-91.358,74.757],[-91.867,74.789],[-92.366,75.421],[-92.101,75.638],[-92.093,75.805],[-92.224,75.947],[-93.064,76.375],[-93.085,76.527],[-92.247,76.622],[-90.0,76.591],[-90.0,76.455],[-89.812,76.373],[-90.0,76.288],[-90.0,76.185],[-91.156,75.974],[-90.0,75.968],[-89.594,75.86],[-89.042,75.461],[-88.763,75.42],[-88.667,75.453],[-88.647,75.595],[-87.638,75.705],[-86.618,75.432],[-86.179,75.408],[-85.83,75.617],[-85.203,75.743],[-83.559,75.905],[-81.532,75.859],[-80.766,75.61],[-79.739,75.47]]]]}},{"type":"Feature","properties":{"NAME":null,"ABBREVN":null,"SUBJECTO":null,"BORDERPRECISION":3,"PARTOF":null},"geometry":{"type":"MultiPolygon","coordinates":[[[[-76.62,82.744],[-75.925,82.517],[-75.802,82.68],[-76.607,83.04],[-76.382,83.152],[-74.161,82.991],[-73.253,82.773],[-73.226,82.861],[-73.361,83.103],[-71.926,83.084],[-71.178,82.81],[-70.9,82.811],[-71.068,83.142],[-70.584,83.176],[-67.696,82.873],[-65.046,82.879],[-63.185,82.654],[-62.427,82.634],[-61.816,82.473],[-61.989,82.312],[-63.921,82.011],[-66.375,82.101],[-67.585,81.961],[-67.854,81.752],[-67.516,81.587],[-65.588,81.705],[-65.224,81.51],[-66.482,81.303],[-69.497,80.547],[-70.511,80.545],[-70.219,80.137],[-71.454,79.846],[-74.245,80.043],[-74.542,79.894],[-73.376,79.581],[-73.674,79.518],[-75.174,79.515],[-76.335,79.611],[-77.239,79.583],[-77.299,79.286],[-76.254,79.325],[-75.214,79.193],[-74.963,79.122],[-74.909,78.821],[-75.057,78.732],[-75.521,78.678],[-75.753,78.361],[-76.438,78.377],[-76.618,78.298],[-76.143,78.072],[-76.291,78.011],[-78.367,78.033],[-78.182,77.677],[-78.219,77.573],[-78.511,77.443],[-78.855,77.374],[-81.1,77.577],[-81.554,77.541],[-82.102,77.316],[-78.121,77.041],[-77.824,76.888],[-77.804,76.726],[-78.212,76.547],[-80.814,76.238],[-81.382,76.651],[-81.918,76.633],[-82.572,76.776],[-82.424,76.471],[-83.088,76.478],[-83.763,76.536],[-84.622,76.892],[-84.796,76.866],[-84.559,76.543],[-85.037,76.407],[-87.273,76.504],[-88.183,76.74],[-88.31,76.536],[-88.589,76.468],[-89.418,76.61],[-89.247,76.977],[-87.099,77.281],[-87.582,77.461],[-88.051,77.754],[-88.028,77.823],[-87.812,77.876],[-86.436,77.817],[-85.538,77.49],[-84.442,77.303],[-83.319,77.374],[-83.28,77.495],[-83.049,77.631],[-84.407,77.631],[-84.868,77.708],[-84.939,78.09],[-84.843,78.16],[-86.51,78.297],[-86.917,78.245],[-86.825,78.586],[-86.304,78.834],[-85.807,78.906],[-84.456,78.891],[-82.326,78.665],[-81.597,78.755],[-83.911,79.257],[-85.51,79.828],[-85.693,79.719],[-86.322,80.114],[-86.311,80.23],[-86.17,80.279],[-83.618,80.207],[-81.758,79.682],[-80.732,79.659],[-81.356,79.908],[-82.263,80.051],[-81.719,80.385],[-81.064,80.533],[-77.521,80.75],[-78.321,80.965],[-78.962,81.034],[-80.088,81.022],[-81.876,80.749],[-82.791,80.697],[-83.48,80.895],[-83.821,80.775],[-84.793,80.782],[-85.504,80.618],[-85.364,80.991],[-84.923,81.122],[-84.92,81.213],[-85.192,81.324],[-85.811,81.395],[-86.437,81.393],[-88.322,81.166],[-89.236,80.864],[-89.675,81.026],[-89.193,81.096],[-89.245,81.239],[-89.559,81.418],[-91.08,81.538],[-91.219,81.837],[-90.0,82.017],[-88.071,82.128],[-87.453,82.14],[-86.682,81.994],[-86.503,82.036],[-86.324,82.206],[-85.738,82.335],[-84.947,82.379],[-80.092,81.966],[-79.891,82.04],[-81.287,82.387],[-81.654,82.58],[-81.523,82.689],[-80.415,82.867],[-78.698,83.003],[-77.074,82.863],[-76.62,82.744]]]]}},{"type":"Feature","properties":{"NAME":null,"ABBREVN":null,"SUBJECTO":null,"BORDERPRECISION":3,"PARTOF":null},"geometry":{"type":"MultiPolygon","coordinates":[[[[-99.024,76.423],[-98.903,76.414],[-98.83,76.618],[-98.615,76.678],[-97.817,76.476],[-97.651,76.138],[-97.667,75.861],[-98.152,75.602],[-98.159,75.444],[-98.002,75.162],[-98.164,75.096],[-99.944,75.084],[-100.387,75.182],[-100.474,75.315],[-99.936,75.54],[-99.896,75.615],[-100.097,75.765],[-100.619,75.789],[-102.15,75.644],[-102.534,75.769],[-102.516,75.919],[-101.675,76.064],[-101.885,76.333],[-101.746,76.544],[-101.14,76.436],[-100.074,76.016],[-99.867,76.059],[-99.912,76.168],[-100.511,76.445],[-100.694,76.606],[-100.067,76.675],[-99.024,76.423]]]]}},{"type":"Feature","properties":{"NAME":null,"ABBREVN":null,"SUBJECTO":null,"BORDERPRECISION":3,"PARTOF":null},"geometry":{"type":"MultiPolygon","coordinates":[[[[-95.533,76.497],[-95.873,76.513],[-96.809,76.92],[-96.723,77.022],[-95.629,77.042],[-94.195,76.899],[-93.795,76.738],[-93.875,76.627],[-93.82,76.483],[-93.938,76.398],[-95.533,76.497]]]]}},{"type":"Feature","properties":{"NAME":null,"ABBREVN":null,"SUBJECTO":null,"BORDERPRECISION":3,"PARTOF":null},"geometry":{"type":"MultiPolygon","coordinates":[[[[-113.024,77.602],[-113.16,77.792],[-113.01,77.923],[-112.396,78.003],[-110.71,78.023],[-109.661,77.95],[-110.62,77.537],[-111.91,77.483],[-113.024,77.602]]]]}},{"type":"Feature","properties":{"NAME":null,"ABBREVN":null,"SUBJECTO":null,"BORDERPRECISION":3,"PARTOF":null},"geometry":{"type":"MultiPolygon","coordinates":[[[[-98.437,78.661],[-98.451,78.758],[-98.343,78.803],[-97.31,78.822],[-95.097,78.438],[-95.233,78.132],[-97.087,78.015],[-97.923,78.319],[-98.437,78.661]]]]}},{"type":"Feature","properties":{"NAME":null,"ABBREVN":null,"SUBJECTO":null,"BORDERPRECISION":3,"PARTOF":null},"geometry":{"type":"MultiPolygon","coordinates":[[[[-171.958,66.956],[-169.832,66.025],[-170.613,66.038],[-170.976,65.678],[-171.669,65.889],[-171.2,65.561],[-172.184,65.589],[-173.043,65.806],[-172.853,65.631],[-172.562,65.515],[-172.411,65.173],[-172.437,65.02],[-173.165,64.968],[-173.25,64.896],[-173.025,64.506],[-173.077,64.384],[-174.261,64.461],[-174.379,64.619],[-175.187,64.849],[-175.301,64.726],[-175.952,65.006],[-176.071,65.188],[-175.993,65.268],[-176.137,65.457],[-176.529,65.61],[-177.126,65.623],[-178.116,65.482],[-178.654,65.54],[-178.697,65.832],[-178.975,66.051],[-179.379,65.996],[-180.0,65.259],[-180.0,68.917],[-175.514,67.669],[-175.189,67.313],[-175.006,66.957],[-175.101,66.765],[-174.635,66.405],[-174.193,66.288],[-174.202,66.369],[-174.068,66.435],[-174.091,66.524],[-174.378,66.7],[-174.337,67.077],[-173.875,67.159],[-173.174,66.99],[-171.958,66.956]]]]}},{"type":"Feature","properties":{"NAME":null,"ABBREVN":null,"SUBJECTO":null,"BORDERPRECISION":3,"PARTOF":null},"geometry":{"type":"MultiPolygon","coordinates":[[[[-108.396,76.303],[-108.163,76.009],[-106.691,75.761],[-106.842,75.97],[-106.774,76.096],[-106.59,76.13],[-105.917,76.022],[-105.498,75.847],[-105.629,75.662],[-105.612,75.438],[-105.773,75.23],[-106.031,75.106],[-107.48,75.012],[-109.07,75.133],[-112.203,74.5],[-113.443,74.546],[-114.093,74.674],[-114.217,74.845],[-111.367,75.104],[-111.15,75.353],[-112.811,75.416],[-115.186,75.154],[-115.942,75.31],[-116.572,75.201],[-117.012,75.258],[-117.397,75.407],[-116.998,75.649],[-115.15,75.757],[-116.15,75.935],[-116.296,76.238],[-114.948,76.443],[-114.372,76.47],[-113.549,76.133],[-112.851,76.227],[-111.386,75.66],[-110.982,75.644],[-109.646,75.638],[-109.144,75.714],[-109.103,75.848],[-109.353,76.099],[-110.382,76.435],[-109.458,76.819],[-108.965,76.871],[-108.737,76.795],[-108.389,76.489],[-108.396,76.303]]]]}},{"type":"Feature","properties":{"NAME":null,"ABBREVN":null,"SUBJECTO":null,"BORDERPRECISION":3,"PARTOF":null},"geometry":{"type":"MultiPolygon","coordinates":[[[[-117.0,76.728],[-117.413,76.43],[-117.863,76.438],[-118.253,76.879],[-118.736,76.938],[-119.387,76.375],[-119.655,76.307],[-119.783,76.138],[-120.1,75.978],[-120.454,75.952],[-121.311,76.296],[-121.711,76.177],[-122.282,76.151],[-122.636,76.276],[-122.763,76.42],[-122.659,76.539],[-121.578,76.702],[-120.43,77.054],[-120.183,77.209],[-119.696,77.313],[-117.226,77.413],[-116.826,77.543],[-116.359,77.578],[-115.682,77.381],[-116.406,77.234],[-116.505,77.113],[-116.24,76.78],[-117.0,76.728]]]]}},{"type":"Feature","properties":{"NAME":null,"ABBREVN":null,"SUBJECTO":null,"BORDERPRECISION":3,"PARTOF":null},"geometry":{"type":"MultiPolygon","coordinates":[[[[-100.163,78.772],[-99.386,78.334],[-99.125,78.133],[-99.049,77.941],[-99.68,77.792],[-100.2,77.817],[-101.168,78.269],[-104.162,78.298],[-104.966,78.534],[-105.039,78.639],[-104.527,78.702],[-103.378,78.607],[-103.392,78.713],[-103.505,78.837],[-104.11,79.058],[-105.481,79.224],[-105.452,79.403],[-104.441,79.459],[-103.365,79.389],[-102.569,79.016],[-100.693,78.878],[-100.163,78.772]]]]}},{"type":"Feature","properties":{"NAME":null,"ABBREVN":null,"SUBJECTO":null,"BORDERPRECISION":3,"PARTOF":null},"geometry":{"type":"MultiPolygon","coordinates":[[[[-88.759,78.451],[-89.121,78.344],[-90.0,78.624],[-90.0,78.263],[-92.702,78.434],[-94.103,79.023],[-94.189,79.148],[-93.303,79.256],[-90.0,79.126],[-91.819,79.438],[-93.178,79.534],[-95.039,79.396],[-96.433,79.933],[-96.587,80.093],[-95.7,80.037],[-94.675,80.117],[-95.24,80.228],[-95.58,80.386],[-95.409,80.524],[-95.081,80.583],[-94.321,80.575],[-94.25,80.674],[-95.06,81.031],[-94.04,81.164],[-93.269,81.145],[-93.203,81.226],[-93.435,81.44],[-92.025,81.259],[-91.016,80.75],[-90.0,80.642],[-89.799,80.703],[-89.425,80.615],[-89.042,80.167],[-88.336,80.12],[-88.348,80.411],[-88.15,80.46],[-87.504,80.228],[-87.336,80.093],[-87.341,79.644],[-86.997,79.445],[-85.994,79.486],[-85.253,79.259],[-85.759,79.378],[-87.165,79.126],[-87.539,78.956],[-87.787,78.725],[-88.661,78.901],[-88.956,78.75],[-88.746,78.556],[-88.759,78.451]]]]}},{"type":"Feature","properties":{"NAME":"Shuar","ABBREVN":"Shuar","SUBJECTO":"Shuar","BORDERPRECISION":3,"PARTOF":"Shuar"},"geometry":{"type":"MultiPolygon","coordinates":[[[[-78.392,-2.913],[-78.562,-2.129],[-77.854,-1.667],[-77.254,-2.098],[-77.254,-2.759],[-77.9,-3.113],[-78.392,-2.913]]]]}},{"type":"Feature","properties":{"NAME":"Arikara","ABBREVN":"Arikara","SUBJECTO":"Arikara","BORDERPRECISION":3,"PARTOF":"Arikara"},"geometry":{"type":"MultiPolygon","coordinates":[[[[-100.634,44.747],[-101.143,44.715],[-100.999,45.551],[-101.272,46.346],[-100.212,46.354],[-99.979,44.788],[-100.634,44.747]]]]}},{"type":"Feature","properties":{"NAME":"Kalispel","ABBREVN":"Kalispel","SUBJECTO":"Kalispel","BORDERPRECISION":3,"PARTOF":"Kalispel"},"geometry":{"type":"MultiPolygon","coordinates":[[[[-115.987,48.401],[-115.602,48.291],[-115.253,47.462],[-116.282,47.885],[-117.414,47.896],[-117.991,48.365],[-117.316,48.925],[-116.979,48.685],[-115.987,48.401]]]]}},{"type":"Feature","properties":{"NAME":"Yakima","ABBREVN":"Yakima","SUBJECTO":"Yakima","BORDERPRECISION":3,"PARTOF":"Yakima"},"geometry":{"type":"MultiPolygon","coordinates":[[[[-119.048,46.748],[-118.951,46.033],[-120.597,45.713],[-121.511,46.748],[-121.391,47.016],[-120.602,46.822],[-120.357,46.999],[-119.048,46.748]]]]}},{"type":"Feature","properties":{"NAME":"Yankton","ABBREVN":"Yankton","SUBJECTO":"Yankton","BORDERPRECISION":3,"PARTOF":"Yankton"},"geometry":{"type":"MultiPolygon","coordinates":[[[[-99.655,44.516],[-97.283,44.397],[-95.813,44.513],[-94.585,44.212],[-94.666,43.784],[-93.994,43.251],[-94.026,42.629],[-94.109,42.427],[-94.353,42.278],[-96.098,41.937],[-96.345,42.475],[-97.272,42.903],[-97.967,42.718],[-99.449,43.992],[-99.889,44.2],[-99.82,44.525],[-99.655,44.516]]]]}},{"type":"Feature","properties":{"NAME":null,"ABBREVN":null,"SUBJECTO":null,"BORDERPRECISION":3,"PARTOF":null},"geometry":{"type":"MultiPolygon","coordinates":[[[[-100.71,41.016],[-101.266,41.134],[-101.267,41.141],[-100.71,41.016]]]]}},{"type":"Feature","properties":{"NAME":"Maiou","ABBREVN":"Maiou","SUBJECTO":"Maiou","BORDERPRECISION":3,"PARTOF":"Maiou"},"geometry":{"type":"MultiPolygon","coordinates":[[[[-121.733,39.033],[-121.98,39.348],[-121.997,40.052],[-121.395,40.328],[-121.541,40.57],[-120.511,40.683],[-120.201,40.238],[-120.162,39.742],[-120.364,39.635],[-120.494,39.77],[-120.956,39.708],[-121.136,39.461],[-121.733,39.033]]]]}},{"type":"Feature","properties":{"NAME":"Kalapuya","ABBREVN":"Kalapuya","SUBJECTO":"Kalapuya","BORDERPRECISION":3,"PARTOF":"Kalapuya"},"geometry":{"type":"MultiPolygon","coordinates":[[[[-122.997,45.634],[-122.588,44.363],[-122.015,44.35],[-121.929,43.506],[-123.234,43.506],[-123.557,44.765],[-123.359,45.535],[-122.997,45.634]]]]}},{"type":"Feature","properties":{"NAME":"Modoc","ABBREVN":"Modoc","SUBJECTO":"Modoc","BORDERPRECISION":3,"PARTOF":"Modoc"},"geometry":{"type":"MultiPolygon","coordinates":[[[[-122.2,42.011],[-121.383,42.327],[-120.394,42.09],[-120.493,41.813],[-121.989,41.392],[-122.2,42.011]]]]}},{"type":"Feature","properties":{"NAME":"Pomo","ABBREVN":"Pomo","SUBJECTO":"Pomo","BORDERPRECISION":3,"PARTOF":"Pomo"},"geometry":{"type":"MultiPolygon","coordinates":[[[[-122.717,38.992],[-122.913,38.981],[-122.691,38.698],[-123.247,38.552],[-123.796,39.03],[-123.745,39.076],[-123.892,39.414],[-123.82,39.607],[-123.933,39.821],[-123.111,39.714],[-122.979,39.549],[-122.782,39.53],[-122.717,38.992]]]]}},{"type":"Feature","properties":{"NAME":"Shoshoni","ABBREVN":"Shoshoni","SUBJECTO":"Shoshoni","BORDERPRECISION":3,"PARTOF":"Shoshoni"},"geometry":{"type":"MultiPolygon","coordinates":[[[[-112.242,40.313],[-112.602,39.678],[-113.413,39.17],[-113.521,38.876],[-114.638,38.686],[-115.395,38.27],[-115.683,37.545],[-115.656,36.727],[-115.773,36.473],[-116.205,36.466],[-116.755,36.828],[-117.065,36.71],[-117.121,36.531],[-117.474,36.372],[-117.505,35.951],[-117.908,35.78],[-118.034,36.575],[-117.899,36.82],[-118.007,37.388],[-117.701,37.816],[-117.737,38.693],[-116.881,41.981],[-116.16,43.017],[-116.124,44.706],[-114.205,45.531],[-112.399,45.227],[-111.549,45.507],[-110.963,45.067],[-110.279,44.748],[-109.026,44.49],[-107.75,44.042],[-107.18,43.958],[-106.823,43.715],[-106.526,42.122],[-106.252,41.802],[-105.088,40.86],[-109.557,40.894],[-111.872,40.566],[-112.242,40.313]]]]}},{"type":"Feature","properties":{"NAME":null,"ABBREVN":null,"SUBJECTO":null,"BORDERPRECISION":3,"PARTOF":null},"geometry":{"type":"MultiPolygon","coordinates":[[[[-101.376,47.566],[-100.472,47.686],[-100.305,46.899],[-101.576,46.823],[-101.911,47.158],[-101.376,47.566]]]]}},{"type":"Feature","properties":{"NAME":"Assiniboin","ABBREVN":"Assiniboin","SUBJECTO":"Assiniboin","BORDERPRECISION":3,"PARTOF":"Assiniboin"},"geometry":{"type":"MultiPolygon","coordinates":[[[[-106.277,51.517],[-102.587,53.565],[-100.09,52.309],[-98.488,52.352],[-98.353,48.605],[-99.065,47.935],[-101.376,47.566],[-101.911,47.158],[-103.335,47.61],[-106.189,47.906],[-108.642,50.204],[-106.277,51.517]]]]}},{"type":"Feature","properties":{"NAME":"Blackfoot","ABBREVN":"Blackfoot","SUBJECTO":"Blackfoot","BORDERPRECISION":3,"PARTOF":"Blackfoot"},"geometry":{"type":"MultiPolygon","coordinates":[[[[-113.429,45.358],[-112.592,46.673],[-113.429,47.728],[-114.083,49.774],[-110.611,50.337],[-109.644,49.648],[-110.532,49.155],[-110.191,47.988],[-110.176,46.78],[-111.549,45.507],[-110.963,45.067],[-110.279,44.748],[-109.026,44.49],[-107.75,44.042],[-107.309,43.977],[-107.75,44.042],[-109.026,44.49],[-110.279,44.748],[-110.963,45.067],[-111.549,45.507],[-112.399,45.227],[-113.429,45.358]]]]}},{"type":"Feature","properties":{"NAME":"Gros Ventre","ABBREVN":"Gros Ventre","SUBJECTO":"Gros Ventre","BORDERPRECISION":3,"PARTOF":"Gros Ventre"},"geometry":{"type":"MultiPolygon","coordinates":[[[[-108.642,50.204],[-106.189,47.906],[-107.812,47.194],[-110.176,46.78],[-110.191,47.988],[-110.532,49.155],[-108.642,50.204]]]]}},{"type":"Feature","properties":{"NAME":"Mandan","ABBREVN":"Mandan","SUBJECTO":"Mandan","BORDERPRECISION":3,"PARTOF":"Mandan"},"geometry":{"type":"MultiPolygon","coordinates":[[[[-100.305,46.899],[-100.212,46.354],[-101.272,46.346],[-101.576,46.823],[-100.305,46.899]]]]}},{"type":"Feature","properties":{"NAME":"Yankontai","ABBREVN":"Yankontai","SUBJECTO":"Yankontai","BORDERPRECISION":3,"PARTOF":"Yankontai"},"geometry":{"type":"MultiPolygon","coordinates":[[[[-99.065,47.935],[-98.716,48.279],[-98.134,47.597],[-97.152,47.165],[-96.795,47.165],[-96.487,46.857],[-96.513,46.644],[-97.197,45.903],[-97.236,45.343],[-95.905,44.63],[-95.826,44.512],[-97.283,44.397],[-99.82,44.525],[-99.979,44.788],[-100.472,47.686],[-99.065,47.935]]]]}},{"type":"Feature","properties":{"NAME":null,"ABBREVN":null,"SUBJECTO":null,"BORDERPRECISION":3,"PARTOF":null},"geometry":{"type":"MultiPolygon","coordinates":[[[[-114.212,45.528],[-114.466,45.995],[-114.473,46.369],[-115.057,46.678],[-116.043,46.664],[-116.432,46.8],[-116.146,47.829],[-115.253,47.462],[-115.626,48.298],[-115.471,48.67],[-115.186,48.936],[-114.638,48.693],[-113.841,48.481],[-113.677,48.504],[-113.429,47.728],[-112.592,46.673],[-113.429,45.358],[-114.212,45.528]]]]}},{"type":"Feature","properties":{"NAME":null,"ABBREVN":null,"SUBJECTO":null,"BORDERPRECISION":3,"PARTOF":null},"geometry":{"type":"MultiPolygon","coordinates":[[[[-114.638,48.693],[-115.186,48.936],[-115.471,48.67],[-115.626,48.298],[-116.979,48.685],[-117.286,48.903],[-117.338,49.346],[-114.035,49.624],[-113.677,48.504],[-113.841,48.481],[-114.638,48.693]]]]}},{"type":"Feature","properties":{"NAME":"Ute","ABBREVN":"Ute","SUBJECTO":"Ute","BORDERPRECISION":3,"PARTOF":"Ute"},"geometry":{"type":"MultiPolygon","coordinates":[[[[-111.746,37.868],[-112.198,38.224],[-112.461,38.675],[-113.338,38.783],[-113.517,38.886],[-113.413,39.17],[-112.602,39.678],[-112.242,40.313],[-111.872,40.566],[-109.557,40.894],[-105.117,40.861],[-104.258,39.822],[-104.162,37.779],[-104.632,36.974],[-106.455,37.191],[-107.381,36.916],[-108.032,36.612],[-108.798,36.785],[-109.334,37.191],[-109.869,37.089],[-110.317,37.335],[-110.338,37.174],[-110.844,37.182],[-111.12,37.858],[-111.746,37.868]]]]}},{"type":"Feature","properties":{"NAME":null,"ABBREVN":null,"SUBJECTO":null,"BORDERPRECISION":3,"PARTOF":null},"geometry":{"type":"MultiPolygon","coordinates":[[[[-121.462,48.055],[-121.267,47.709],[-121.297,47.407],[-121.469,47.356],[-122.633,47.492],[-122.486,47.606],[-122.359,48.168],[-121.462,48.055]]]]}},{"type":"Feature","properties":{"NAME":null,"ABBREVN":null,"SUBJECTO":null,"BORDERPRECISION":3,"PARTOF":null},"geometry":{"type":"MultiPolygon","coordinates":[[[[-123.525,47.566],[-123.515,47.506],[-124.249,47.019],[-124.353,47.529],[-124.18,47.641],[-123.842,47.635],[-123.746,47.711],[-123.525,47.566]]]]}},{"type":"Feature","properties":{"NAME":null,"ABBREVN":null,"SUBJECTO":null,"BORDERPRECISION":3,"PARTOF":null},"geometry":{"type":"MultiPolygon","coordinates":[[[[-123.647,47.418],[-123.5,47.312],[-123.066,46.671],[-123.664,46.617],[-124.176,46.811],[-124.17,46.941],[-123.905,47.042],[-124.119,47.103],[-123.647,47.418]]]]}},{"type":"Feature","properties":{"NAME":null,"ABBREVN":null,"SUBJECTO":null,"BORDERPRECISION":3,"PARTOF":null},"geometry":{"type":"MultiPolygon","coordinates":[[[[-124.571,43.16],[-123.956,43.066],[-123.854,42.236],[-124.37,42.192],[-124.561,42.602],[-124.63,43.014],[-124.571,43.16]]]]}},{"type":"Feature","properties":{"NAME":null,"ABBREVN":null,"SUBJECTO":null,"BORDERPRECISION":3,"PARTOF":null},"geometry":{"type":"MultiPolygon","coordinates":[[[[-123.878,42.694],[-123.223,42.702],[-123.178,42.194],[-123.433,42.17],[-123.548,41.938],[-123.662,42.198],[-123.854,42.28],[-123.878,42.694]]]]}},{"type":"Feature","properties":{"NAME":null,"ABBREVN":null,"SUBJECTO":null,"BORDERPRECISION":3,"PARTOF":null},"geometry":{"type":"MultiPolygon","coordinates":[[[[-123.854,42.28],[-123.662,42.198],[-123.548,41.938],[-123.771,41.591],[-124.194,41.731],[-124.37,42.192],[-123.854,42.28]]]]}},{"type":"Feature","properties":{"NAME":null,"ABBREVN":null,"SUBJECTO":null,"BORDERPRECISION":3,"PARTOF":null},"geometry":{"type":"MultiPolygon","coordinates":[[[[-124.261,41.017],[-123.912,41.017],[-123.833,40.871],[-123.956,40.63],[-124.086,40.756],[-124.345,40.806],[-124.261,41.017]]]]}},{"type":"Feature","properties":{"NAME":null,"ABBREVN":null,"SUBJECTO":null,"BORDERPRECISION":3,"PARTOF":null},"geometry":{"type":"MultiPolygon","coordinates":[[[[-119.876,48.067],[-119.976,48.401],[-120.155,48.579],[-120.512,48.748],[-119.24,48.711],[-119.486,47.723],[-119.976,47.866],[-119.876,48.067]]]]}},{"type":"Feature","properties":{"NAME":null,"ABBREVN":null,"SUBJECTO":null,"BORDERPRECISION":3,"PARTOF":null},"geometry":{"type":"MultiPolygon","coordinates":[[[[-120.512,48.748],[-120.919,49.044],[-119.118,49.196],[-119.24,48.711],[-120.512,48.748]]]]}},{"type":"Feature","properties":{"NAME":null,"ABBREVN":null,"SUBJECTO":null,"BORDERPRECISION":3,"PARTOF":null},"geometry":{"type":"MultiPolygon","coordinates":[[[[-121.776,46.649],[-121.987,46.361],[-122.144,46.589],[-121.776,46.649]]]]}},{"type":"Feature","properties":{"NAME":null,"ABBREVN":null,"SUBJECTO":null,"BORDERPRECISION":3,"PARTOF":null},"geometry":{"type":"MultiPolygon","coordinates":[[[[-122.587,47.232],[-122.906,47.155],[-123.173,46.828],[-123.647,47.418],[-123.343,47.659],[-123.131,47.532],[-123.183,47.488],[-122.944,47.423],[-122.748,47.262],[-122.663,47.469],[-122.478,47.474],[-122.401,47.277],[-122.587,47.232]]]]}},{"type":"Feature","properties":{"NAME":null,"ABBREVN":null,"SUBJECTO":null,"BORDERPRECISION":3,"PARTOF":null},"geometry":{"type":"MultiPolygon","coordinates":[[[[-121.381,47.014],[-121.511,46.748],[-122.144,46.589],[-122.587,47.232],[-122.401,47.277],[-122.478,47.474],[-121.51,47.361],[-121.381,47.014]]]]}},{"type":"Feature","properties":{"NAME":null,"ABBREVN":null,"SUBJECTO":null,"BORDERPRECISION":3,"PARTOF":null},"geometry":{"type":"MultiPolygon","coordinates":[[[[-120.597,45.713],[-120.578,45.657],[-121.209,45.587],[-121.343,45.665],[-121.876,45.686],[-122.288,45.53],[-122.377,45.579],[-122.151,46.137],[-121.776,46.649],[-121.511,46.748],[-120.597,45.713]]]]}},{"type":"Feature","properties":{"NAME":null,"ABBREVN":null,"SUBJECTO":null,"BORDERPRECISION":3,"PARTOF":null},"geometry":{"type":"MultiPolygon","coordinates":[[[[-118.786,47.577],[-118.848,46.706],[-120.071,46.944],[-120.118,47.145],[-120.369,47.321],[-120.326,47.637],[-119.976,47.866],[-119.486,47.723],[-119.466,47.802],[-118.786,47.577]]]]}},{"type":"Feature","properties":{"NAME":null,"ABBREVN":null,"SUBJECTO":null,"BORDERPRECISION":3,"PARTOF":null},"geometry":{"type":"MultiPolygon","coordinates":[[[[-121.176,49.023],[-121.052,48.767],[-121.381,48.343],[-121.462,48.055],[-122.359,48.168],[-122.535,48.697],[-122.683,48.896],[-121.176,49.023]]]]}},{"type":"Feature","properties":{"NAME":null,"ABBREVN":null,"SUBJECTO":null,"BORDERPRECISION":3,"PARTOF":null},"geometry":{"type":"MultiPolygon","coordinates":[[[[-121.052,48.767],[-121.176,49.023],[-120.919,49.044],[-119.976,48.401],[-119.876,48.067],[-119.976,47.866],[-120.326,47.637],[-120.369,47.321],[-120.118,47.145],[-120.071,46.944],[-120.357,46.999],[-120.643,47.316],[-121.279,47.584],[-121.267,47.709],[-121.462,48.055],[-121.381,48.343],[-121.052,48.767]]]]}},{"type":"Feature","properties":{"NAME":null,"ABBREVN":null,"SUBJECTO":null,"BORDERPRECISION":3,"PARTOF":null},"geometry":{"type":"MultiPolygon","coordinates":[[[[-117.338,49.346],[-117.286,48.903],[-117.991,48.365],[-118.115,48.577],[-119.24,48.711],[-119.118,49.196],[-117.338,49.346]]]]}},{"type":"Feature","properties":{"NAME":null,"ABBREVN":null,"SUBJECTO":null,"BORDERPRECISION":3,"PARTOF":null},"geometry":{"type":"MultiPolygon","coordinates":[[[[-117.991,48.365],[-117.891,48.284],[-118.321,48.218],[-118.781,47.584],[-119.466,47.802],[-119.24,48.711],[-118.115,48.577],[-117.991,48.365]]]]}},{"type":"Feature","properties":{"NAME":"Northern Paiute","ABBREVN":"Northern Paiute","SUBJECTO":"Northern Paiute","BORDERPRECISION":3,"PARTOF":"Northern Paiute"},"geometry":{"type":"MultiPolygon","coordinates":[[[[-117.395,44.792],[-116.124,44.706],[-116.16,43.017],[-116.881,41.981],[-117.124,41.24],[-117.106,40.928],[-117.575,39.47],[-117.737,38.693],[-117.701,37.816],[-118.007,37.388],[-117.899,36.82],[-118.008,36.621],[-118.328,37.232],[-119.366,37.968],[-119.48,38.316],[-119.36,38.864],[-119.572,39.4],[-119.933,40.005],[-120.19,40.099],[-120.201,40.238],[-120.504,40.672],[-120.475,40.934],[-120.199,41.175],[-120.263,41.748],[-120.5,41.812],[-120.394,42.09],[-120.794,42.716],[-121.292,43.171],[-121.902,43.31],[-122.0,43.506],[-121.929,43.506],[-122.014,44.342],[-120.747,44.672],[-119.415,44.769],[-118.997,44.934],[-117.994,44.924],[-117.395,44.792]]]]}},{"type":"Feature","properties":{"NAME":null,"ABBREVN":null,"SUBJECTO":null,"BORDERPRECISION":3,"PARTOF":null},"geometry":{"type":"MultiPolygon","coordinates":[[[[-122.693,46.019],[-123.613,46.385],[-123.707,46.634],[-123.066,46.671],[-123.173,46.828],[-122.906,47.155],[-122.587,47.232],[-121.987,46.361],[-122.39,45.548],[-122.814,45.773],[-122.693,46.019]]]]}},{"type":"Feature","properties":{"NAME":null,"ABBREVN":null,"SUBJECTO":null,"BORDERPRECISION":3,"PARTOF":null},"geometry":{"type":"MultiPolygon","coordinates":[[[[-123.714,46.245],[-123.207,46.091],[-122.973,45.649],[-123.352,45.538],[-123.649,45.856],[-123.714,46.245]]]]}},{"type":"Feature","properties":{"NAME":null,"ABBREVN":null,"SUBJECTO":null,"BORDERPRECISION":3,"PARTOF":null},"geometry":{"type":"MultiPolygon","coordinates":[[[[-122.693,46.019],[-122.814,45.773],[-122.973,45.649],[-123.207,46.091],[-123.714,46.245],[-123.649,45.856],[-124.044,45.892],[-124.054,46.29],[-123.787,46.298],[-124.159,46.35],[-124.176,46.811],[-123.707,46.634],[-123.613,46.385],[-122.693,46.019]]]]}},{"type":"Feature","properties":{"NAME":null,"ABBREVN":null,"SUBJECTO":null,"BORDERPRECISION":3,"PARTOF":null},"geometry":{"type":"MultiPolygon","coordinates":[[[[-123.45,43.242],[-123.801,43.223],[-123.952,43.051],[-124.571,43.16],[-124.302,43.343],[-124.145,43.651],[-123.599,43.534],[-123.322,43.354],[-123.45,43.242]]]]}},{"type":"Feature","properties":{"NAME":null,"ABBREVN":null,"SUBJECTO":null,"BORDERPRECISION":3,"PARTOF":null},"geometry":{"type":"MultiPolygon","coordinates":[[[[-123.007,42.084],[-122.879,41.568],[-123.239,41.159],[-123.523,41.364],[-123.638,41.798],[-123.433,42.17],[-123.175,42.217],[-123.107,42.077],[-123.007,42.084]]]]}},{"type":"Feature","properties":{"NAME":null,"ABBREVN":null,"SUBJECTO":null,"BORDERPRECISION":3,"PARTOF":null},"geometry":{"type":"MultiPolygon","coordinates":[[[[-122.194,41.996],[-122.461,42.123],[-123.107,42.077],[-123.216,42.675],[-122.711,42.886],[-122.298,42.604],[-122.194,41.996]]]]}},{"type":"Feature","properties":{"NAME":null,"ABBREVN":null,"SUBJECTO":null,"BORDERPRECISION":3,"PARTOF":null},"geometry":{"type":"MultiPolygon","coordinates":[[[[-122.83,43.31],[-122.811,43.083],[-122.678,42.899],[-123.216,42.675],[-123.878,42.694],[-123.952,43.051],[-123.801,43.223],[-123.45,43.242],[-123.232,43.346],[-123.141,43.505],[-122.845,43.502],[-122.83,43.31]]]]}},{"type":"Feature","properties":{"NAME":null,"ABBREVN":null,"SUBJECTO":null,"BORDERPRECISION":3,"PARTOF":null},"geometry":{"type":"MultiPolygon","coordinates":[[[[-121.94,43.229],[-122.357,42.644],[-122.711,42.886],[-122.811,43.083],[-122.845,43.502],[-122.0,43.506],[-121.885,43.306],[-121.94,43.229]]]]}},{"type":"Feature","properties":{"NAME":null,"ABBREVN":null,"SUBJECTO":null,"BORDERPRECISION":3,"PARTOF":null},"geometry":{"type":"MultiPolygon","coordinates":[[[[-121.885,43.306],[-121.292,43.171],[-121.515,43.191],[-121.292,43.171],[-120.794,42.716],[-120.394,42.09],[-121.383,42.327],[-122.175,42.021],[-122.357,42.644],[-121.885,43.306]]]]}},{"type":"Feature","properties":{"NAME":null,"ABBREVN":null,"SUBJECTO":null,"BORDERPRECISION":3,"PARTOF":null},"geometry":{"type":"MultiPolygon","coordinates":[[[[-122.822,39.534],[-122.979,39.549],[-123.111,39.714],[-123.933,39.821],[-124.021,39.963],[-123.469,39.909],[-123.346,40.086],[-123.185,40.103],[-123.254,40.244],[-123.116,40.42],[-123.17,40.45],[-123.001,40.472],[-122.822,39.534]]]]}},{"type":"Feature","properties":{"NAME":null,"ABBREVN":null,"SUBJECTO":null,"BORDERPRECISION":3,"PARTOF":null},"geometry":{"type":"MultiPolygon","coordinates":[[[[-123.284,41.192],[-123.462,40.899],[-123.309,40.775],[-123.338,40.542],[-123.116,40.42],[-123.254,40.244],[-123.185,40.103],[-123.346,40.086],[-123.469,39.909],[-124.021,39.963],[-124.365,40.334],[-124.412,40.469],[-124.345,40.806],[-124.086,40.756],[-123.956,40.63],[-123.833,40.871],[-123.913,41.018],[-123.783,41.322],[-123.631,41.268],[-123.523,41.364],[-123.284,41.192]]]]}},{"type":"Feature","properties":{"NAME":null,"ABBREVN":null,"SUBJECTO":null,"BORDERPRECISION":3,"PARTOF":null},"geometry":{"type":"MultiPolygon","coordinates":[[[[-122.968,41.117],[-122.617,41.147],[-122.354,41.326],[-122.297,41.067],[-122.104,41.076],[-122.049,40.922],[-122.256,40.571],[-123.17,40.45],[-123.338,40.542],[-123.338,40.769],[-123.054,40.822],[-122.968,41.117]]]]}},{"type":"Feature","properties":{"NAME":null,"ABBREVN":null,"SUBJECTO":null,"BORDERPRECISION":3,"PARTOF":null},"geometry":{"type":"MultiPolygon","coordinates":[[[[-121.977,40.061],[-121.986,39.595],[-122.747,39.626],[-122.791,39.572],[-123.001,40.472],[-122.283,40.568],[-121.977,40.061]]]]}},{"type":"Feature","properties":{"NAME":null,"ABBREVN":null,"SUBJECTO":null,"BORDERPRECISION":3,"PARTOF":null},"geometry":{"type":"MultiPolygon","coordinates":[[[[-121.7,40.968],[-121.739,40.806],[-121.414,40.584],[-121.541,40.57],[-121.395,40.328],[-121.977,40.061],[-122.283,40.568],[-122.064,40.92],[-121.7,40.968]]]]}},{"type":"Feature","properties":{"NAME":null,"ABBREVN":null,"SUBJECTO":null,"BORDERPRECISION":3,"PARTOF":null},"geometry":{"type":"MultiPolygon","coordinates":[[[[-122.104,41.076],[-122.297,41.067],[-122.354,41.326],[-122.617,41.147],[-122.968,41.117],[-123.109,41.243],[-122.879,41.568],[-123.007,42.084],[-122.461,42.123],[-122.194,41.996],[-121.968,41.397],[-122.104,41.076]]]]}},{"type":"Feature","properties":{"NAME":null,"ABBREVN":null,"SUBJECTO":null,"BORDERPRECISION":3,"PARTOF":null},"geometry":{"type":"MultiPolygon","coordinates":[[[[-123.309,40.775],[-123.462,40.899],[-123.284,41.192],[-123.109,41.243],[-122.955,41.163],[-123.054,40.822],[-123.309,40.775]]]]}},{"type":"Feature","properties":{"NAME":null,"ABBREVN":null,"SUBJECTO":null,"BORDERPRECISION":3,"PARTOF":null},"geometry":{"type":"MultiPolygon","coordinates":[[[[-123.912,41.017],[-124.261,41.017],[-124.179,41.195],[-124.194,41.731],[-123.771,41.591],[-123.638,41.798],[-123.509,41.376],[-123.631,41.268],[-123.783,41.322],[-123.912,41.017]]]]}},{"type":"Feature","properties":{"NAME":"Montagnais Innu","ABBREVN":"Montagnais Innu","SUBJECTO":"Montagnais Innu","BORDERPRECISION":3,"PARTOF":"Montagnais Innu"},"geometry":{"type":"MultiPolygon","coordinates":[[[[-63.006,58.815],[-62.887,58.656],[-63.042,58.525],[-62.999,58.374],[-62.741,58.389],[-62.495,57.957],[-62.015,57.841],[-61.888,57.725],[-61.828,57.554],[-62.186,57.437],[-61.351,57.002],[-61.361,56.777],[-61.545,56.729],[-62.184,56.796],[-62.326,56.769],[-62.286,56.694],[-61.928,56.273],[-61.25,56.077],[-60.468,55.659],[-60.373,55.422],[-60.575,55.071],[-59.694,55.154],[-58.557,54.772],[-57.433,54.58],[-57.515,54.466],[-58.844,54.148],[-59.399,53.866],[-59.992,53.805],[-60.137,53.684],[-60.124,53.517],[-60.246,53.277],[-59.181,53.519],[-58.64,53.868],[-58.077,54.083],[-57.561,54.131],[-57.263,54.024],[-57.106,53.871],[-57.285,53.67],[-57.131,53.483],[-56.649,53.658],[-55.881,53.352],[-55.77,53.159],[-55.927,52.805],[-56.11,52.605],[-55.659,52.187],[-55.824,52.021],[-56.964,51.488],[-58.524,51.379],[-59.44,50.644],[-60.138,50.412],[-61.64,50.277],[-65.982,50.337],[-63.353,59.068],[-63.006,58.815]]]]}},{"type":"Feature","properties":{"NAME":null,"ABBREVN":null,"SUBJECTO":null,"BORDERPRECISION":3,"PARTOF":null},"geometry":{"type":"MultiPolygon","coordinates":[[[[19.334,57.956],[19.163,57.927],[19.126,57.84],[19.034,57.901],[19.096,57.974],[19.334,57.956]]]]}},{"type":"Feature","properties":{"NAME":null,"ABBREVN":null,"SUBJECTO":null,"BORDERPRECISION":3,"PARTOF":null},"geometry":{"type":"MultiPolygon","coordinates":[[[[-69.653,48.296],[-70.599,47.433],[-71.039,46.736],[-70.702,47.068],[-70.224,47.342],[-69.254,48.12],[-68.341,48.546],[-67.354,48.846],[-66.435,45.133],[-66.96,45.21],[-67.016,45.144],[-67.187,45.252],[-67.03,45.03],[-67.15,44.903],[-66.939,44.879],[-67.169,44.711],[-67.532,44.723],[-67.6,44.579],[-67.738,44.663],[-68.052,44.411],[-68.131,44.567],[-68.467,44.441],[-68.957,44.864],[-70.656,44.265],[-72.255,43.265],[-72.754,43.265],[-72.954,42.966],[-73.454,43.065],[-73.853,42.266],[-74.053,42.266],[-74.053,43.011],[-73.662,43.271],[-73.311,43.813],[-72.996,45.022],[-74.778,45.022],[-76.016,44.318],[-76.449,44.277],[-77.035,44.059],[-76.885,44.159],[-77.034,44.129],[-76.951,44.247],[-77.54,44.091],[-77.127,44.149],[-77.13,44.017],[-76.881,44.093],[-77.05,43.917],[-76.897,43.936],[-77.079,43.863],[-77.623,44.01],[-79.153,43.772],[-79.891,43.269],[-79.478,43.195],[-78.503,43.362],[-77.7,43.3],[-78.035,43.366],[-78.98,43.231],[-78.764,42.754],[-79.613,42.365],[-78.977,42.704],[-78.893,42.87],[-80.023,42.807],[-80.395,42.657],[-80.088,42.543],[-81.014,42.624],[-81.439,42.587],[-81.864,42.257],[-81.883,42.316],[-82.284,42.147],[-82.535,41.94],[-82.586,42.001],[-83.131,42.052],[-82.372,43.044],[-82.233,43.044],[-81.808,43.318],[-81.719,44.139],[-81.355,44.546],[-81.297,44.713],[-81.385,44.993],[-81.698,45.246],[-81.302,45.219],[-81.308,45.097],[-81.189,44.943],[-80.991,44.94],[-81.095,44.799],[-80.914,44.736],[-80.907,44.602],[-80.684,44.717],[-80.469,44.572],[-80.071,44.52],[-80.01,44.618],[-80.081,44.824],[-79.713,44.739],[-79.676,44.867],[-79.778,44.806],[-79.894,45.009],[-80.042,45.069],[-79.967,45.1],[-80.113,45.238],[-80.05,45.365],[-80.297,45.373],[-80.36,45.577],[-80.509,45.578],[-80.649,45.74],[-80.532,45.772],[-80.679,45.791],[-80.713,45.835],[-80.613,45.864],[-80.718,45.85],[-80.645,45.889],[-80.758,45.97],[-80.8,45.897],[-80.807,45.955],[-81.367,45.973],[-81.245,45.996],[-81.678,45.942],[-81.476,46.048],[-81.708,46.008],[-81.578,46.047],[-81.629,46.101],[-81.847,45.991],[-81.921,46.028],[-81.74,46.098],[-83.742,46.26],[-84.22,46.505],[-84.562,46.536],[-84.436,46.708],[-84.545,46.708],[-84.562,46.785],[-84.372,46.872],[-84.738,46.953],[-84.749,47.101],[-84.623,47.261],[-84.924,47.524],[-84.989,47.686],[-84.894,47.86],[-85.027,47.94],[-85.797,47.966],[-86.077,48.179],[-86.295,48.627],[-86.48,48.763],[-87.192,48.774],[-88.095,49.005],[-88.252,48.932],[-88.126,48.792],[-88.169,48.636],[-88.329,48.627],[-88.558,48.442],[-88.364,48.702],[-88.344,48.78],[-88.43,48.825],[-88.797,48.337],[-88.892,48.314],[-88.817,48.507],[-88.888,48.535],[-89.114,48.454],[-89.517,48.004],[-90.457,47.705],[-91.15,47.368],[-92.265,46.651],[-92.111,46.734],[-91.414,46.803],[-90.017,45.332],[-90.32,44.894],[-90.436,44.401],[-90.704,44.082],[-91.134,43.935],[-91.041,43.843],[-91.135,43.934],[-91.816,43.12],[-92.453,42.691],[-93.11,42.766],[-94.026,42.629],[-93.994,43.251],[-94.666,43.784],[-94.585,44.212],[-95.826,44.512],[-95.905,44.63],[-97.236,45.343],[-97.197,45.903],[-96.513,46.644],[-96.487,46.857],[-96.795,47.165],[-97.152,47.165],[-98.134,47.597],[-98.716,48.279],[-98.353,48.605],[-98.488,52.352],[-100.09,52.309],[-112.449,58.525],[-111.371,58.606],[-118.198,62.713],[-123.092,64.254],[-122.161,64.42],[-121.033,64.075],[-120.272,64.257],[-119.317,64.839],[-119.555,65.128],[-119.259,65.289],[-117.376,65.661],[-116.367,66.774],[-120.474,67.945],[-130.463,68.392],[-129.763,69.658],[-129.013,69.72],[-127.726,70.188],[-127.806,70.31],[-128.416,70.686],[-128.011,70.641],[-127.352,70.38],[-126.618,69.679],[-125.974,69.43],[-125.455,69.333],[-125.188,69.409],[-125.418,69.697],[-125.386,69.818],[-124.989,69.895],[-124.707,69.941],[-124.534,69.782],[-124.508,69.592],[-124.6,69.463],[-124.225,69.403],[-123.803,69.434],[-123.292,69.64],[-123.051,69.86],[-122.326,69.884],[-120.222,69.418],[-117.832,69.008],[-115.285,68.892],[-114.39,68.608],[-114.195,68.496],[-114.109,68.347],[-115.402,68.217],[-115.562,67.896],[-114.066,67.735],[-112.503,67.693],[-110.133,67.906],[-109.489,67.691],[-108.835,67.611],[-108.095,67.36],[-108.101,67.219],[-108.485,67.07],[-107.528,66.563],[-107.611,66.88],[-107.128,66.962],[-107.651,67.427],[-107.717,67.628],[-107.662,67.963],[-106.212,68.107],[-105.912,68.339],[-105.636,68.355],[-104.454,68.103],[-103.583,68.12],[-103.196,67.896],[-101.913,67.705],[-101.397,67.706],[-101.002,67.796],[-98.886,67.815],[-98.355,67.935],[-97.496,67.587],[-97.261,67.595],[-97.151,67.737],[-97.159,67.967],[-97.788,68.13],[-98.407,68.159],[-98.367,68.361],[-97.572,68.37],[-96.208,68.074],[-96.168,67.992],[-96.34,67.545],[-96.26,67.315],[-95.259,67.028],[-95.291,67.28],[-95.5,67.725],[-95.323,68.06],[-94.637,68.069],[-94.084,68.451],[-93.414,68.542],[-93.467,68.767],[-93.636,68.925],[-94.138,68.841],[-94.583,68.878],[-94.343,69.112],[-93.527,69.219],[-92.985,68.964],[-92.956,69.084],[-92.992,69.515],[-93.731,69.498],[-94.423,69.694],[-94.75,69.655],[-95.31,69.737],[-96.127,69.941],[-96.423,70.093],[-96.474,70.3],[-95.947,70.57],[-96.7,70.838],[-96.659,70.931],[-96.398,71.203],[-96.132,71.335],[-95.43,71.251],[-95.353,71.407],[-95.762,71.694],[-95.246,71.875],[-94.166,71.846],[-93.271,71.559],[-92.989,71.24],[-93.099,70.969],[-91.658,70.286],[-91.828,70.132],[-92.271,70.116],[-92.484,69.993],[-92.671,69.742],[-91.977,69.607],[-91.172,69.647],[-90.0,69.489],[-90.0,68.369],[-89.736,68.534],[-89.441,69.046],[-89.14,69.235],[-88.905,69.228],[-88.097,68.853],[-87.884,68.68],[-87.79,68.478],[-87.861,68.283],[-88.371,68.312],[-88.481,67.991],[-88.324,67.813],[-87.325,67.169],[-86.488,67.378],[-86.395,67.675],[-85.782,68.041],[-85.506,68.677],[-85.4,68.76],[-84.625,68.754],[-84.564,68.987],[-85.421,69.294],[-85.381,69.695],[-85.113,69.817],[-84.314,69.826],[-82.757,69.549],[-82.161,69.248],[-81.684,69.279],[-81.48,69.189],[-81.37,68.722],[-81.777,68.557],[-82.21,68.819],[-82.687,68.697],[-82.493,68.323],[-82.178,67.995],[-81.295,67.499],[-81.284,67.358],[-81.499,67.069],[-82.33,66.64],[-82.633,66.602],[-83.139,66.373],[-84.49,67.049],[-84.714,67.07],[-85.022,66.944],[-84.408,66.709],[-83.74,66.306],[-84.95,66.275],[-85.119,66.333],[-85.387,66.612],[-86.739,66.565],[-86.853,66.462],[-85.987,66.163],[-87.254,65.43],[-87.55,65.35],[-88.174,65.458],[-88.642,65.712],[-90.0,65.974],[-90.0,65.768],[-88.904,65.325],[-88.171,65.13],[-87.157,65.06],[-87.435,64.569],[-88.377,64.057],[-89.077,63.963],[-89.973,64.191],[-90.0,63.904],[-89.87,63.575],[-93.317,63.974],[-92.351,63.585],[-90.0,63.302],[-90.0,62.946],[-91.417,62.853],[-92.29,62.915],[-92.455,62.794],[-91.891,62.604],[-92.102,62.412],[-92.579,62.269],[-93.423,61.858],[-93.325,61.541],[-93.466,61.435],[-93.874,61.343],[-94.376,60.795],[-94.753,59.95],[-94.8,59.514],[-94.684,58.878],[-95.838,58.055],[-96.638,57.056],[-96.738,55.957],[-96.438,55.257],[-95.538,54.657],[-89.742,52.559],[-88.244,51.56],[-86.003,49.342],[-82.449,47.517],[-79.97,47.197],[-77.892,47.197],[-76.053,47.757],[-74.153,50.161],[-73.354,53.658],[-73.953,56.256],[-74.316,56.619],[-63.987,56.963],[-65.982,50.337],[-66.619,50.221],[-67.096,49.826],[-67.318,49.425],[-68.307,49.227],[-68.801,48.977],[-69.653,48.296]]],[[[-108.642,50.204],[-109.644,49.648],[-110.611,50.337],[-114.083,49.774],[-114.035,49.624],[-122.683,48.896],[-123.213,49.272],[-123.212,49.625],[-123.699,49.525],[-123.847,49.663],[-123.976,49.971],[-124.471,49.813],[-124.795,50.035],[-124.939,50.596],[-125.412,50.549],[-126.086,50.713],[-126.425,51.089],[-126.691,50.989],[-127.247,50.968],[-127.627,51.133],[-127.675,51.245],[-127.559,51.537],[-127.353,51.637],[-127.455,51.769],[-128.013,51.808],[-127.037,52.464],[-127.71,52.394],[-128.06,52.5],[-127.866,52.413],[-122.491,54.244],[-115.034,52.033],[-106.277,51.517],[-108.642,50.204]]],[[[-128.889,53.418],[-128.432,52.939],[-128.077,52.939],[-128.432,52.939],[-128.889,53.418]]],[[[-129.434,53.518],[-129.97,53.913],[-129.434,53.518],[-129.06,53.739],[-128.814,53.764],[-129.06,53.739],[-129.434,53.518]]],[[[-134.799,60.553],[-134.311,61.434],[-133.464,61.538],[-128.705,60.74],[-130.075,57.566],[-128.427,55.668],[-132.055,59.845],[-134.799,60.553]]],[[[-130.114,63.87],[-130.994,64.288],[-132.463,64.776],[-130.994,64.288],[-130.114,63.87]]],[[[-130.281,63.662],[-130.281,63.662],[-130.083,63.594],[-130.281,63.662]]],[[[-130.072,63.233],[-130.133,63.257],[-130.072,63.233]]],[[[-77.851,38.668],[-77.651,37.369],[-76.751,36.261],[-76.679,36.063],[-76.727,35.992],[-76.068,36.048],[-76.012,35.974],[-76.095,35.722],[-76.032,35.693],[-75.849,36.021],[-75.708,35.749],[-75.783,35.636],[-75.884,35.687],[-76.141,35.384],[-76.516,35.467],[-76.577,35.577],[-76.645,35.571],[-76.615,35.456],[-77.053,35.58],[-76.484,35.334],[-76.678,35.216],[-76.567,35.213],[-76.779,35.038],[-77.063,35.207],[-76.953,35.029],[-76.76,34.955],[-76.493,35.02],[-76.443,35.112],[-76.306,34.979],[-76.504,34.795],[-77.296,34.667],[-77.963,33.933],[-78.253,33.888],[-78.35,34.272],[-79.25,34.371],[-79.749,33.872],[-79.305,33.269],[-79.349,33.11],[-80.029,32.625],[-80.581,32.497],[-81.199,31.591],[-83.247,31.374],[-85.78,31.449],[-87.528,31.324],[-88.881,31.854],[-90.0,31.72],[-91.305,30.912],[-90.0,30.142],[-90.0,30.039],[-89.867,30.132],[-89.523,29.976],[-90.372,29.856],[-91.184,29.856],[-91.981,30.233],[-92.46,30.584],[-92.475,30.852],[-92.737,31.25],[-92.699,31.615],[-92.295,31.793],[-91.845,31.838],[-91.626,31.939],[-90.409,32.05],[-90.396,32.51],[-89.974,32.572],[-89.951,32.958],[-88.846,33.28],[-87.11,33.261],[-86.693,35.112],[-87.11,33.261],[-87.202,32.658],[-87.154,32.418],[-87.322,31.867],[-85.827,31.859],[-85.668,32.114],[-85.668,32.762],[-86.107,32.913],[-86.356,33.092],[-86.117,33.548],[-85.301,33.66],[-85.007,33.922],[-84.407,33.88],[-83.696,34.046],[-82.56,34.9],[-81.998,35.736],[-80.312,37.132],[-80.175,37.667],[-80.221,37.643],[-80.067,37.96],[-79.528,38.447],[-79.163,38.532],[-78.29,39.086],[-77.842,39.623],[-77.799,39.937],[-78.79,40.66],[-78.134,42.403],[-77.279,42.242],[-76.019,42.188],[-75.366,42.061],[-75.091,42.447],[-74.959,42.5],[-75.452,41.267],[-76.552,41.267],[-76.751,40.467],[-77.851,38.668]]],[[[-76.262,43.991],[-76.224,44.051],[-76.245,44.019],[-76.262,43.991]]],[[[-76.169,43.962],[-76.136,43.974],[-76.147,43.97],[-76.169,43.962]]],[[[-76.178,43.988],[-76.179,43.986],[-76.19,43.966],[-76.178,43.988]]],[[[-85.044,34.972],[-86.23,34.972],[-86.669,35.096],[-85.24,35.689],[-83.253,36.669],[-82.909,36.361],[-83.159,35.958],[-83.933,35.533],[-84.295,35.227],[-85.044,34.972]]]]}},{"type":"Feature","properties":{"NAME":null,"ABBREVN":null,"SUBJECTO":null,"BORDERPRECISION":3,"PARTOF":null},"geometry":{"type":"MultiPolygon","coordinates":[[[[-122.573,37.889],[-122.991,38.139],[-123.222,38.533],[-123.46,38.704],[-123.247,38.552],[-122.718,38.691],[-122.317,38.501],[-122.313,38.221],[-122.548,38.162],[-122.573,37.889]]],[[[-110.338,37.174],[-110.317,37.335],[-109.869,37.089],[-109.334,37.191],[-108.798,36.785],[-108.032,36.612],[-107.8,36.72],[-107.88,36.47],[-111.278,34.871],[-113.376,33.372],[-114.255,33.421],[-113.941,34.352],[-114.17,34.844],[-113.588,34.582],[-113.153,34.721],[-112.825,35.156],[-111.878,35.105],[-111.178,35.476],[-110.995,36.01],[-110.462,36.236],[-110.338,37.174]]],[[[-116.705,35.986],[-116.581,35.754],[-116.581,35.754],[-116.705,35.986]]],[[[-118.55,36.437],[-118.641,36.817],[-118.343,37.243],[-118.008,36.621],[-117.899,36.82],[-118.034,36.575],[-117.908,35.78],[-118.609,35.629],[-118.57,36.152],[-118.762,36.25],[-118.55,36.437]]],[[[-121.175,38.135],[-121.823,37.879],[-120.782,38.225],[-120.273,37.77],[-120.782,38.225],[-121.175,38.135]]],[[[-119.818,37.363],[-119.736,37.395],[-119.818,37.363],[-119.818,37.363]]]]}},{"type":"Feature","properties":{"NAME":null,"ABBREVN":null,"SUBJECTO":null,"BORDERPRECISION":3,"PARTOF":null},"geometry":{"type":"MultiPolygon","coordinates":[[[[-121.968,41.397],[-120.5,41.812],[-120.263,41.748],[-120.199,41.175],[-120.475,40.934],[-120.504,40.672],[-120.201,40.238],[-120.511,40.683],[-121.541,40.57],[-121.414,40.584],[-121.739,40.806],[-121.7,40.968],[-122.049,40.922],[-122.108,41.067],[-121.968,41.397]]]]}},{"type":"Feature","properties":{"NAME":null,"ABBREVN":null,"SUBJECTO":null,"BORDERPRECISION":3,"PARTOF":null},"geometry":{"type":"MultiPolygon","coordinates":[[[[-123.649,45.856],[-123.352,45.538],[-123.557,44.765],[-123.234,43.506],[-122.681,43.5],[-123.141,43.505],[-123.232,43.346],[-123.326,43.355],[-123.599,43.534],[-124.145,43.651],[-124.302,43.924],[-124.331,44.072],[-124.072,45.048],[-123.995,45.764],[-124.064,45.836],[-124.044,45.892],[-123.649,45.856]]]]}},{"type":"Feature","properties":{"NAME":null,"ABBREVN":null,"SUBJECTO":null,"BORDERPRECISION":3,"PARTOF":null},"geometry":{"type":"MultiPolygon","coordinates":[[[[-116.627,46.868],[-116.043,46.664],[-116.432,46.8],[-116.627,46.868]]],[[[-118.951,46.033],[-119.677,45.892],[-118.951,46.033],[-118.951,46.033]]],[[[-121.876,45.686],[-121.903,45.668],[-121.898,45.678],[-121.876,45.686]]],[[[-122.611,44.432],[-122.995,45.63],[-122.588,44.363],[-122.611,44.432]]],[[[-122.301,45.007],[-122.279,45.012],[-122.283,45.004],[-122.301,45.007]]],[[[-120.597,45.713],[-120.175,45.795],[-120.588,45.715],[-120.597,45.713]]],[[[-117.852,46.347],[-117.571,46.024],[-117.571,46.024],[-117.852,46.347]]],[[[-117.711,45.636],[-117.711,45.636],[-117.395,44.792],[-117.711,45.636]]]]}},{"type":"Feature","properties":{"NAME":null,"ABBREVN":null,"SUBJECTO":null,"BORDERPRECISION":3,"PARTOF":null},"geometry":{"type":"MultiPolygon","coordinates":[[[[-123.525,47.566],[-123.746,47.711],[-123.842,47.635],[-124.18,47.641],[-124.353,47.529],[-124.309,47.459],[-124.726,48.118],[-124.733,48.327],[-124.675,48.386],[-123.793,48.198],[-123.259,48.206],[-122.826,48.023],[-122.808,47.828],[-123.131,47.532],[-123.343,47.659],[-123.525,47.566]]]]}},{"type":"Feature","properties":{"NAME":null,"ABBREVN":null,"SUBJECTO":null,"BORDERPRECISION":3,"PARTOF":null},"geometry":{"type":"MultiPolygon","coordinates":[[[[-102.875,37.602],[-102.875,36.38],[-101.684,37.624],[-103.303,35.92],[-104.167,35.39],[-104.355,34.89],[-103.829,34.216],[-103.619,32.786],[-103.367,32.386],[-100.106,31.04],[-98.423,29.694],[-97.536,28.691],[-98.174,28.245],[-97.546,27.923],[-97.267,27.674],[-97.632,27.228],[-97.638,26.847],[-97.26,25.811],[-99.136,26.177],[-99.935,27.976],[-100.535,28.176],[-101.334,29.475],[-103.683,32.573],[-105.931,36.67],[-105.931,37.128],[-104.632,36.974],[-104.162,37.779],[-102.875,37.602]],[[-104.166,35.394],[-104.229,35.352],[-104.167,35.39],[-104.166,35.394]]]]}},{"type":"Feature","properties":{"NAME":null,"ABBREVN":null,"SUBJECTO":null,"BORDERPRECISION":3,"PARTOF":null},"geometry":{"type":"MultiPolygon","coordinates":[[[[-120.357,46.999],[-119.048,46.748],[-120.357,46.999]]]]}},{"type":"Feature","properties":{"NAME":"Miwok","ABBREVN":"Miwok","SUBJECTO":"Miwok","BORDERPRECISION":3,"PARTOF":"Miwok"},"geometry":{"type":"MultiPolygon","coordinates":[[[[-120.97,38.886],[-120.117,38.878],[-119.502,38.366],[-119.34,38.003],[-119.612,37.639],[-119.702,37.618],[-119.736,37.395],[-119.818,37.363],[-120.782,38.225],[-121.823,37.879],[-121.938,38.178],[-121.546,38.37],[-121.512,38.698],[-121.307,38.703],[-120.97,38.886]]]]}},{"type":"Feature","properties":{"NAME":"Serano","ABBREVN":"Serano","SUBJECTO":"Serano","BORDERPRECISION":3,"PARTOF":"Serano"},"geometry":{"type":"MultiPolygon","coordinates":[[[[-116.456,35.195],[-116.213,34.711],[-115.493,34.593],[-115.236,34.012],[-116.882,34.159],[-117.933,34.622],[-118.734,34.593],[-119.042,35.218],[-118.403,35.46],[-117.507,35.115],[-116.581,35.754],[-116.133,35.46],[-116.456,35.195]]]]}},{"type":"Feature","properties":{"NAME":"Yokuts","ABBREVN":"Yokuts","SUBJECTO":"Yokuts","BORDERPRECISION":3,"PARTOF":"Yokuts"},"geometry":{"type":"MultiPolygon","coordinates":[[[[-120.273,37.77],[-119.818,37.363],[-119.736,37.395],[-119.702,37.618],[-119.571,37.649],[-119.528,37.412],[-119.206,36.954],[-118.641,36.817],[-118.55,36.437],[-118.762,36.25],[-118.57,36.152],[-118.578,35.427],[-118.403,35.46],[-119.042,35.218],[-119.397,35.284],[-120.92,36.559],[-120.829,36.623],[-120.93,36.906],[-121.061,36.93],[-121.152,37.356],[-121.435,37.404],[-121.515,37.597],[-121.823,37.879],[-120.782,38.225],[-120.273,37.77]]]]}},{"type":"Feature","properties":{"NAME":"Kawahsu","ABBREVN":"Kawahsu","SUBJECTO":"Kawahsu","BORDERPRECISION":3,"PARTOF":"Kawahsu"},"geometry":{"type":"MultiPolygon","coordinates":[[[[-117.065,36.71],[-116.879,36.75],[-116.792,36.416],[-116.587,36.187],[-116.705,35.986],[-116.581,35.754],[-117.507,35.115],[-118.403,35.46],[-118.578,35.427],[-118.609,35.629],[-117.908,35.78],[-117.505,35.951],[-117.474,36.372],[-117.121,36.531],[-117.065,36.71]]]]}},{"type":"Feature","properties":{"NAME":null,"ABBREVN":null,"SUBJECTO":null,"BORDERPRECISION":3,"PARTOF":null},"geometry":{"type":"MultiPolygon","coordinates":[[[[-114.144,34.833],[-114.311,35.035],[-114.425,35.54],[-114.728,35.742],[-114.666,35.801],[-114.766,36.192],[-114.223,36.053],[-114.021,36.216],[-113.407,35.801],[-113.371,35.889],[-112.948,35.489],[-112.824,35.156],[-113.153,34.721],[-113.588,34.582],[-114.144,34.833]]]]}},{"type":"Feature","properties":{"NAME":null,"ABBREVN":null,"SUBJECTO":null,"BORDERPRECISION":3,"PARTOF":null},"geometry":{"type":"MultiPolygon","coordinates":[[[[-115.955,36.47],[-114.897,35.531],[-114.66,34.355],[-114.914,33.885],[-115.236,34.012],[-116.333,34.11],[-115.236,34.012],[-115.493,34.593],[-116.213,34.711],[-116.456,35.195],[-116.133,35.46],[-116.581,35.754],[-116.705,35.986],[-116.587,36.187],[-116.792,36.416],[-116.879,36.75],[-116.755,36.828],[-116.205,36.466],[-115.955,36.47]]]]}},{"type":"Feature","properties":{"NAME":"Southern Paiute","ABBREVN":"Southern Paiute","SUBJECTO":"Southern Paiute","BORDERPRECISION":3,"PARTOF":"Southern Paiute"},"geometry":{"type":"MultiPolygon","coordinates":[[[[-111.197,35.466],[-111.787,36.021],[-112.582,36.378],[-113.266,36.143],[-113.407,35.801],[-114.021,36.216],[-114.223,36.053],[-114.766,36.192],[-114.666,35.801],[-114.926,35.557],[-115.955,36.47],[-115.773,36.473],[-115.656,36.727],[-115.683,37.545],[-115.395,38.27],[-114.638,38.686],[-113.517,38.886],[-113.338,38.783],[-112.461,38.675],[-112.198,38.224],[-111.746,37.868],[-111.12,37.858],[-110.844,37.182],[-110.338,37.174],[-110.462,36.236],[-110.995,36.01],[-111.197,35.466]]]]}},{"type":"Feature","properties":{"NAME":null,"ABBREVN":null,"SUBJECTO":null,"BORDERPRECISION":3,"PARTOF":null},"geometry":{"type":"MultiPolygon","coordinates":[[[[-112.824,35.156],[-112.948,35.489],[-113.371,35.889],[-113.266,36.143],[-112.582,36.378],[-111.787,36.021],[-111.197,35.466],[-111.878,35.105],[-112.824,35.156]]]]}},{"type":"Feature","properties":{"NAME":null,"ABBREVN":null,"SUBJECTO":null,"BORDERPRECISION":3,"PARTOF":null},"geometry":{"type":"MultiPolygon","coordinates":[[[[-119.572,39.4],[-119.36,38.864],[-119.48,38.316],[-120.108,38.87],[-120.077,38.991],[-120.271,39.142],[-120.476,39.575],[-120.162,39.742],[-120.19,40.099],[-119.933,40.005],[-119.572,39.4]]],[[[-121.938,38.178],[-121.546,38.37],[-121.936,38.179],[-121.938,38.178]]],[[[-122.782,39.53],[-122.979,39.549],[-122.782,39.53]]],[[[-120.956,39.708],[-121.043,39.588],[-121.136,39.461],[-120.956,39.708]]],[[[-120.117,38.878],[-120.951,38.886],[-120.97,38.886],[-120.117,38.878]]],[[[-123.247,38.552],[-122.691,38.698],[-122.718,38.691],[-123.247,38.552]]],[[[-120.897,36.575],[-120.92,36.559],[-120.829,36.623],[-120.897,36.575]]],[[[-121.927,36.338],[-121.984,36.531],[-121.997,36.576],[-121.927,36.338]]],[[[-119.042,35.218],[-119.397,35.284],[-119.042,35.218],[-118.734,34.593],[-119.042,35.218]]],[[[-114.929,33.891],[-114.66,34.355],[-114.926,35.557],[-114.728,35.742],[-114.425,35.54],[-114.311,35.035],[-114.144,34.833],[-113.941,34.352],[-114.255,33.421],[-115.175,33.472],[-117.497,33.325],[-117.972,33.708],[-117.57,33.997],[-117.535,34.213],[-117.382,34.38],[-116.882,34.159],[-115.236,34.012],[-116.333,34.11],[-115.236,34.012],[-114.929,33.891]]],[[[-118.674,34.103],[-118.732,34.108],[-118.604,34.096],[-118.674,34.103]]],[[[-117.933,34.622],[-118.6,34.598],[-118.734,34.593],[-117.933,34.622]]],[[[-120.928,35.475],[-120.954,35.489],[-121.084,35.558],[-120.928,35.475]]]]}},{"type":"Feature","properties":{"NAME":"Cayuse","ABBREVN":"Cayuse","SUBJECTO":"Cayuse","BORDERPRECISION":3,"PARTOF":"Cayuse"},"geometry":{"type":"MultiPolygon","coordinates":[[[[-118.951,46.033],[-118.728,45.898],[-117.852,46.347],[-117.571,46.024],[-117.711,45.636],[-117.395,44.792],[-117.994,44.924],[-118.995,44.93],[-119.069,45.171],[-119.307,45.468],[-119.003,45.805],[-118.951,46.033]]]]}},{"type":"Feature","properties":{"NAME":null,"ABBREVN":null,"SUBJECTO":null,"BORDERPRECISION":3,"PARTOF":null},"geometry":{"type":"MultiPolygon","coordinates":[[[[-121.279,47.584],[-120.643,47.316],[-120.357,46.999],[-120.414,46.958],[-121.293,47.449],[-121.279,47.584]]]]}},{"type":"Feature","properties":{"NAME":"Umatilla","ABBREVN":"Umatilla","SUBJECTO":"Umatilla","BORDERPRECISION":3,"PARTOF":"Umatilla"},"geometry":{"type":"MultiPolygon","coordinates":[[[[-119.467,44.765],[-120.175,45.795],[-118.951,46.033],[-119.003,45.805],[-119.307,45.468],[-119.069,45.171],[-118.997,44.934],[-119.467,44.765]]]]}},{"type":"Feature","properties":{"NAME":"Tenimo","ABBREVN":"Tenimo","SUBJECTO":"Tenimo","BORDERPRECISION":3,"PARTOF":"Tenimo"},"geometry":{"type":"MultiPolygon","coordinates":[[[[-121.114,45.306],[-120.998,45.631],[-120.578,45.657],[-120.588,45.715],[-120.175,45.795],[-119.467,44.765],[-120.747,44.672],[-122.108,44.352],[-121.985,44.512],[-121.857,45.156],[-121.114,45.306]]]]}},{"type":"Feature","properties":{"NAME":null,"ABBREVN":null,"SUBJECTO":null,"BORDERPRECISION":3,"PARTOF":null},"geometry":{"type":"MultiPolygon","coordinates":[[[[-118.847,46.718],[-118.743,46.631],[-117.429,47.01],[-117.102,46.776],[-117.317,46.411],[-117.852,46.347],[-118.728,45.898],[-118.951,46.033],[-119.048,46.748],[-118.847,46.718]]]]}},{"type":"Feature","properties":{"NAME":null,"ABBREVN":null,"SUBJECTO":null,"BORDERPRECISION":3,"PARTOF":null},"geometry":{"type":"MultiPolygon","coordinates":[[[[-121.381,47.014],[-121.51,47.361],[-121.293,47.449],[-120.414,46.958],[-120.602,46.822],[-121.381,47.014]]]]}},{"type":"Feature","properties":{"NAME":null,"ABBREVN":null,"SUBJECTO":null,"BORDERPRECISION":3,"PARTOF":null},"geometry":{"type":"MultiPolygon","coordinates":[[[[-121.511,45.672],[-121.209,45.587],[-120.998,45.631],[-121.114,45.306],[-121.241,45.279],[-121.511,45.672]]]]}},{"type":"Feature","properties":{"NAME":null,"ABBREVN":null,"SUBJECTO":null,"BORDERPRECISION":3,"PARTOF":null},"geometry":{"type":"MultiPolygon","coordinates":[[[[-122.288,45.53],[-121.876,45.686],[-121.511,45.672],[-121.241,45.279],[-122.301,45.007],[-122.818,45.079],[-122.995,45.63],[-122.823,45.778],[-122.288,45.53]]]]}},{"type":"Feature","properties":{"NAME":null,"ABBREVN":null,"SUBJECTO":null,"BORDERPRECISION":3,"PARTOF":null},"geometry":{"type":"MultiPolygon","coordinates":[[[[-121.869,45.1],[-121.985,44.512],[-122.108,44.352],[-122.588,44.363],[-122.818,45.079],[-122.283,45.004],[-121.869,45.1]]]]}},{"type":"Feature","properties":{"NAME":null,"ABBREVN":null,"SUBJECTO":null,"BORDERPRECISION":3,"PARTOF":null},"geometry":{"type":"MultiPolygon","coordinates":[[[[-117.426,47.008],[-117.29,47.625],[-117.358,47.896],[-116.146,47.829],[-116.432,46.8],[-116.627,46.868],[-117.102,46.776],[-117.426,47.008]]]]}},{"type":"Feature","properties":{"NAME":"Fox","ABBREVN":"Fox","SUBJECTO":"Fox","BORDERPRECISION":3,"PARTOF":"Fox"},"geometry":{"type":"MultiPolygon","coordinates":[[[[-90.017,45.332],[-89.324,44.915],[-87.924,44.35],[-88.136,44.052],[-90.704,44.082],[-90.436,44.401],[-90.32,44.894],[-90.017,45.332]]]]}},{"type":"Feature","properties":{"NAME":null,"ABBREVN":null,"SUBJECTO":null,"BORDERPRECISION":3,"PARTOF":null},"geometry":{"type":"MultiPolygon","coordinates":[[[[-86.693,35.112],[-87.11,33.261],[-88.846,33.28],[-89.951,32.958],[-90.763,32.97],[-90.711,33.377],[-89.025,33.438],[-89.066,33.854],[-90.48,33.884],[-89.796,35.019],[-89.869,35.59],[-89.67,36.19],[-89.483,36.51],[-88.855,37.139],[-88.371,37.087],[-87.961,36.874],[-87.687,35.795],[-86.693,35.112]]]]}},{"type":"Feature","properties":{"NAME":"Cherokee","ABBREVN":"Cherokee","SUBJECTO":"Cherokee","BORDERPRECISION":3,"PARTOF":"Cherokee"},"geometry":{"type":"MultiPolygon","coordinates":[[[[-80.749,37.36],[-80.175,37.667],[-80.312,37.132],[-81.998,35.736],[-82.56,34.9],[-83.696,34.046],[-84.407,33.88],[-85.007,33.922],[-85.094,34.191],[-85.051,34.972],[-84.295,35.227],[-83.933,35.533],[-83.159,35.958],[-82.909,36.361],[-83.253,36.669],[-81.877,37.363],[-81.523,37.261],[-80.749,37.36]]]]}},{"type":"Feature","properties":{"NAME":null,"ABBREVN":null,"SUBJECTO":null,"BORDERPRECISION":3,"PARTOF":null},"geometry":{"type":"MultiPolygon","coordinates":[[[[-90.48,33.884],[-89.066,33.854],[-89.025,33.438],[-90.711,33.377],[-90.48,33.884]]]]}},{"type":"Feature","properties":{"NAME":null,"ABBREVN":null,"SUBJECTO":null,"BORDERPRECISION":3,"PARTOF":null},"geometry":{"type":"MultiPolygon","coordinates":[[[[-86.669,35.096],[-86.23,34.972],[-85.044,34.972],[-85.094,34.191],[-85.007,33.922],[-85.301,33.66],[-86.117,33.548],[-86.356,33.092],[-86.107,32.913],[-87.162,32.953],[-86.669,35.096]]]]}},{"type":"Feature","properties":{"NAME":null,"ABBREVN":null,"SUBJECTO":null,"BORDERPRECISION":3,"PARTOF":null},"geometry":{"type":"MultiPolygon","coordinates":[[[[-91.558,46.761],[-90.832,46.944],[-90.778,46.907],[-90.884,46.604],[-90.716,46.678],[-90.768,46.713],[-90.527,46.603],[-90.277,46.625],[-89.09,46.96],[-88.299,47.399],[-87.767,47.425],[-88.283,47.142],[-88.484,46.81],[-88.181,46.931],[-88.282,46.824],[-88.113,46.914],[-87.883,46.898],[-87.514,46.689],[-88.667,46.134],[-87.867,44.885],[-87.991,44.671],[-87.999,44.583],[-87.848,44.606],[-87.974,44.37],[-89.324,44.915],[-90.017,45.332],[-91.414,46.803],[-91.558,46.761]]]]}},{"type":"Feature","properties":{"NAME":"Missouri","ABBREVN":"Missouri","SUBJECTO":"Missouri","BORDERPRECISION":3,"PARTOF":"Missouri"},"geometry":{"type":"MultiPolygon","coordinates":[[[[-94.473,38.786],[-94.535,39.16],[-94.769,39.16],[-95.065,39.57],[-94.892,39.854],[-95.077,39.826],[-95.373,40.043],[-95.398,40.26],[-95.238,40.635],[-95.016,40.682],[-93.709,40.175],[-92.796,40.337],[-92.837,40.307],[-92.216,40.085],[-91.786,39.286],[-91.626,38.469],[-94.473,38.786]]]]}},{"type":"Feature","properties":{"NAME":"Omaha","ABBREVN":"Omaha","SUBJECTO":"Omaha","BORDERPRECISION":3,"PARTOF":"Omaha"},"geometry":{"type":"MultiPolygon","coordinates":[[[[-98.293,42.317],[-98.012,42.757],[-97.272,42.903],[-96.345,42.475],[-96.098,41.937],[-96.213,41.926],[-96.585,41.437],[-96.519,41.211],[-96.723,41.192],[-97.198,41.362],[-97.534,42.008],[-97.926,42.035],[-98.293,42.317]]]]}},{"type":"Feature","properties":{"NAME":"Ponca","ABBREVN":"Ponca","SUBJECTO":"Ponca","BORDERPRECISION":3,"PARTOF":"Ponca"},"geometry":{"type":"MultiPolygon","coordinates":[[[[-100.68,44.023],[-99.862,44.328],[-99.889,44.2],[-99.449,43.992],[-98.012,42.757],[-98.293,42.317],[-99.837,42.681],[-100.856,42.762],[-100.933,43.885],[-100.68,44.023]]]]}},{"type":"Feature","properties":{"NAME":null,"ABBREVN":null,"SUBJECTO":null,"BORDERPRECISION":3,"PARTOF":null},"geometry":{"type":"MultiPolygon","coordinates":[[[[-91.134,43.935],[-90.704,44.082],[-88.136,44.052],[-88.218,43.89],[-89.172,43.026],[-89.105,42.891],[-89.832,42.676],[-91.134,43.935]]]]}},{"type":"Feature","properties":{"NAME":"Teton","ABBREVN":"Teton","SUBJECTO":"Teton","BORDERPRECISION":3,"PARTOF":"Teton"},"geometry":{"type":"MultiPolygon","coordinates":[[[[-103.995,47.636],[-103.335,47.61],[-101.911,47.158],[-101.576,46.823],[-101.272,46.346],[-100.999,45.551],[-101.143,44.715],[-99.979,44.788],[-99.82,44.525],[-99.862,44.328],[-100.451,44.148],[-100.933,43.885],[-100.874,42.763],[-101.056,42.417],[-101.475,42.199],[-101.593,41.989],[-101.393,41.716],[-101.275,41.143],[-103.197,41.607],[-104.164,41.971],[-103.479,42.611],[-102.953,42.985],[-102.884,43.266],[-102.229,44.165],[-102.313,44.485],[-102.755,44.896],[-103.22,45.194],[-103.699,45.3],[-104.225,45.239],[-104.553,45.072],[-104.349,45.21],[-104.698,46.17],[-104.537,47.134],[-103.995,47.636]]]]}},{"type":"Feature","properties":{"NAME":"T'atsaot'ine","ABBREVN":"Yellowknives","SUBJECTO":"T'atsaot'ine","BORDERPRECISION":3,"PARTOF":"T'atsaot'ine"},"geometry":{"type":"MultiPolygon","coordinates":[[[[-71.258,63.567],[-71.879,63.802],[-72.388,63.858],[-72.73,64.015],[-73.148,64.344],[-73.164,64.574],[-73.666,64.602],[-74.256,64.766],[-74.559,64.78],[-74.431,64.435],[-74.501,64.392],[-75.452,64.548],[-75.591,64.533],[-75.936,64.267],[-76.526,64.23],[-78.103,64.507],[-78.127,64.651],[-77.867,64.99],[-77.387,65.064],[-77.301,65.144],[-77.358,65.376],[-76.022,65.262],[-75.356,64.916],[-75.368,65.263],[-74.079,65.448],[-73.494,65.405],[-73.42,65.529],[-74.28,66.06],[-74.333,66.163],[-73.036,66.642],[-72.874,66.886],[-72.305,67.264],[-72.354,67.53],[-73.185,68.296],[-73.937,68.444],[-74.405,68.66],[-74.515,68.87],[-74.752,69.043],[-75.199,68.862],[-76.546,68.731],[-76.643,69.032],[-75.625,69.102],[-75.552,69.222],[-76.971,69.802],[-77.622,69.892],[-77.699,70.136],[-79.101,70.655],[-79.376,70.586],[-80.49,70.815],[-80.66,70.753],[-80.422,70.614],[-78.941,70.271],[-78.744,70.149],[-78.713,70.011],[-79.241,69.881],[-79.826,69.918],[-80.713,70.153],[-81.013,70.183],[-81.158,70.106],[-80.829,69.711],[-81.807,69.983],[-82.269,69.86],[-82.926,70.011],[-83.313,69.957],[-84.874,70.115],[-85.984,70.113],[-86.372,70.196],[-86.373,70.465],[-86.537,70.534],[-86.944,70.556],[-87.121,70.402],[-87.402,70.363],[-88.432,70.461],[-89.019,70.675],[-89.205,70.845],[-89.15,70.968],[-87.309,70.933],[-87.169,71.019],[-87.949,71.351],[-89.997,71.541],[-89.814,71.979],[-89.371,72.066],[-89.334,72.168],[-89.821,72.348],[-89.841,72.427],[-89.639,72.782],[-89.1,73.196],[-88.099,73.636],[-86.246,73.88],[-85.254,73.777],[-86.662,73.097],[-86.855,72.859],[-86.779,72.693],[-86.214,72.449],[-86.414,72.315],[-86.448,72.134],[-86.333,71.993],[-85.945,71.744],[-85.243,71.465],[-85.859,71.261],[-85.891,71.122],[-84.783,71.062],[-84.488,71.349],[-84.535,71.536],[-84.689,71.66],[-85.205,71.769],[-85.602,72.01],[-85.116,72.278],[-84.289,72.256],[-84.831,72.468],[-85.504,72.608],[-85.506,72.94],[-85.107,73.084],[-83.885,73.07],[-84.862,73.355],[-84.505,73.491],[-82.697,73.782],[-81.532,73.688],[-80.463,72.974],[-81.044,72.38],[-81.027,72.05],[-80.863,72.011],[-80.57,71.996],[-80.081,72.138],[-79.953,72.343],[-79.33,72.368],[-79.125,72.289],[-79.056,71.96],[-78.663,71.875],[-78.574,71.93],[-78.666,72.314],[-78.363,72.582],[-77.896,72.701],[-77.119,72.711],[-76.15,72.57],[-75.632,72.611],[-75.322,72.548],[-74.313,72.039],[-74.313,71.953],[-75.137,71.67],[-75.204,71.569],[-75.002,71.453],[-74.809,71.422],[-74.112,71.688],[-73.886,71.665],[-73.672,71.556],[-73.275,71.161],[-72.535,71.629],[-71.664,71.513],[-71.253,71.351],[-71.882,70.931],[-70.667,71.08],[-70.652,70.764],[-70.293,70.618],[-69.092,70.782],[-68.724,70.682],[-68.469,70.56],[-68.75,70.39],[-69.591,70.197],[-69.698,70.074],[-69.463,69.96],[-68.366,70.123],[-68.021,70.299],[-67.805,70.269],[-67.044,69.798],[-68.043,69.773],[-68.234,69.712],[-68.207,69.591],[-67.017,69.419],[-66.773,69.322],[-66.668,69.186],[-67.626,69.207],[-68.391,69.334],[-68.533,69.25],[-67.98,68.988],[-68.077,68.897],[-68.775,68.844],[-68.665,68.716],[-67.032,68.307],[-66.745,67.927],[-66.407,68.025],[-65.53,67.87],[-64.829,67.953],[-63.933,67.413],[-64.601,67.315],[-64.614,67.115],[-62.991,67.177],[-63.165,66.926],[-62.521,66.846],[-62.096,67.017],[-61.211,66.635],[-61.449,66.488],[-61.495,66.341],[-61.864,66.318],[-62.298,66.435],[-62.655,66.338],[-62.094,66.061],[-62.068,65.937],[-62.544,65.848],[-62.845,65.614],[-63.381,65.927],[-63.511,65.431],[-63.352,65.025],[-63.541,64.995],[-64.184,65.19],[-64.425,65.502],[-64.844,65.378],[-65.178,65.654],[-65.034,65.953],[-65.717,66.054],[-66.913,66.595],[-67.256,66.616],[-67.749,66.476],[-67.76,66.373],[-67.161,65.986],[-67.305,65.934],[-67.614,65.912],[-68.376,66.284],[-67.865,65.627],[-67.329,65.584],[-66.598,64.766],[-66.321,64.911],[-66.193,64.889],[-65.663,64.588],[-65.042,64.41],[-65.327,64.359],[-65.423,64.265],[-64.474,63.744],[-64.365,63.438],[-64.415,63.245],[-65.001,63.765],[-65.251,63.872],[-65.21,63.643],[-64.735,63.067],[-64.739,62.931],[-65.156,62.988],[-64.768,62.477],[-65.298,62.696],[-65.698,63.008],[-66.496,63.077],[-67.144,63.375],[-67.766,63.802],[-67.682,63.453],[-68.486,63.737],[-68.879,63.75],[-68.476,63.337],[-66.681,62.566],[-66.332,62.319],[-65.94,61.79],[-68.014,62.259],[-69.155,62.42],[-69.559,62.709],[-70.648,62.927],[-70.674,62.862],[-70.779,62.956],[-71.319,63.061],[-71.622,63.21],[-71.691,63.331],[-71.258,63.567]]]]}},{"type":"Feature","properties":{"NAME":"Tokugawa shogunate","ABBREVN":"Tokugawa shogunate","SUBJECTO":"Tokugawa shogunate","BORDERPRECISION":3,"PARTOF":"Tokugawa shogunate"},"geometry":{"type":"MultiPolygon","coordinates":[[[[146.131,43.458],[146.081,43.518],[146.226,43.526],[146.131,43.458]]],[[[149.441,45.581],[149.668,45.851],[149.929,46.008],[150.343,46.212],[150.499,46.192],[150.159,45.9],[149.684,45.633],[149.441,45.581]]],[[[148.467,45.254],[147.868,44.971],[147.621,44.966],[147.548,44.812],[147.209,44.55],[146.841,44.416],[147.144,44.661],[147.112,44.794],[147.894,45.224],[147.856,45.356],[147.933,45.421],[148.07,45.248],[148.322,45.27],[148.701,45.521],[148.856,45.474],[148.825,45.335],[148.467,45.254]]],[[[146.489,44.426],[146.568,44.438],[146.508,44.358],[146.103,44.243],[145.774,43.925],[145.596,43.859],[145.555,43.651],[145.437,43.717],[145.41,43.835],[145.745,44.052],[146.127,44.507],[146.489,44.426]]],[[[146.905,43.84],[146.683,43.708],[146.596,43.737],[146.611,43.807],[146.905,43.84]]],[[[136.811,37.311],[137.31,37.433],[137.335,37.274],[137.014,37.037],[137.045,36.668],[137.176,36.643],[137.464,36.854],[138.317,37.206],[138.699,37.448],[138.856,37.735],[139.354,38.067],[139.896,38.999],[140.03,39.483],[140.011,39.694],[139.805,39.891],[139.985,40.115],[139.915,40.575],[140.386,40.986],[140.473,40.986],[140.657,40.724],[141.153,40.865],[141.077,41.102],[140.937,41.115],[140.775,41.255],[141.087,41.442],[141.437,41.269],[141.467,40.514],[141.676,40.316],[141.998,39.672],[141.999,39.449],[141.888,39.13],[141.467,38.587],[141.496,38.422],[141.024,38.211],[140.872,37.917],[140.964,36.956],[140.656,36.618],[140.547,36.287],[140.555,35.969],[140.834,35.677],[140.395,35.409],[140.317,35.034],[139.83,34.836],[139.788,34.963],[140.003,35.497],[139.914,35.554],[139.683,35.446],[139.423,35.166],[139.209,35.165],[139.053,35.025],[139.023,34.688],[138.864,34.567],[138.779,34.58],[138.684,34.992],[138.45,34.903],[138.149,34.528],[137.248,34.482],[137.042,34.729],[136.734,34.874],[136.507,34.518],[136.899,34.259],[136.199,34.003],[135.756,33.342],[135.063,33.69],[134.969,34.134],[135.317,34.471],[135.287,34.598],[135.206,34.617],[134.936,34.54],[134.427,34.628],[133.825,34.386],[133.589,34.442],[132.481,34.129],[132.387,34.269],[132.183,34.287],[131.997,34.09],[131.995,33.804],[131.655,33.912],[130.899,33.904],[130.779,33.967],[130.892,34.246],[131.334,34.292],[131.672,34.502],[132.663,35.381],[132.981,35.445],[133.006,35.254],[135.157,35.646],[135.188,35.443],[135.358,35.323],[135.727,35.45],[135.928,35.604],[135.978,35.973],[136.668,36.667],[136.64,37.17],[136.811,37.311]]],[[[132.568,32.637],[132.343,33.107],[132.121,33.348],[132.45,33.52],[132.784,33.908],[132.969,33.794],[133.245,33.801],[133.463,33.884],[133.806,34.176],[134.01,34.189],[134.54,34.013],[134.61,33.899],[134.519,33.651],[133.999,33.148],[133.727,33.376],[133.517,33.395],[133.241,33.299],[132.901,32.67],[132.699,32.549],[132.568,32.637]]],[[[130.579,30.907],[130.732,31.478],[130.582,31.529],[130.474,31.44],[130.233,31.026],[130.06,31.217],[130.219,31.56],[130.059,31.972],[130.444,32.284],[130.497,32.557],[130.257,32.912],[130.108,32.931],[129.846,32.587],[129.734,32.638],[129.63,32.866],[129.343,33.151],[129.528,33.298],[129.858,33.26],[130.176,33.337],[130.427,33.674],[130.644,33.7],[130.859,33.675],[131.093,33.428],[131.286,33.39],[131.569,33.486],[131.67,33.309],[131.414,33.111],[131.795,32.807],[131.831,32.693],[131.454,32.248],[131.319,31.511],[131.211,31.352],[130.96,31.193],[130.744,30.888],[130.579,30.907]]],[[[140.013,41.382],[139.978,41.503],[140.124,41.792],[140.1,41.946],[139.777,42.112],[139.712,42.478],[140.5,42.896],[140.517,43.057],[140.374,43.185],[140.498,43.32],[141.064,43.097],[141.304,43.187],[141.302,43.72],[141.709,43.914],[141.746,44.629],[141.523,45.183],[141.875,45.435],[143.021,44.464],[143.79,44.028],[144.614,43.843],[145.348,44.243],[145.059,43.786],[145.448,43.17],[144.754,42.866],[144.37,42.949],[144.003,42.878],[143.509,42.421],[143.214,41.927],[141.928,42.501],[141.397,42.519],[140.93,42.255],[140.694,42.55],[140.541,42.537],[140.223,42.363],[140.246,42.228],[141.155,41.749],[140.979,41.653],[140.589,41.678],[140.269,41.325],[140.112,41.273],[140.013,41.382]]]]}},{"type":"Feature","properties":{"NAME":null,"ABBREVN":null,"SUBJECTO":null,"BORDERPRECISION":3,"PARTOF":null},"geometry":{"type":"MultiPolygon","coordinates":[[[[-117.358,47.896],[-117.29,47.625],[-117.426,47.008],[-118.743,46.631],[-118.847,46.718],[-118.786,47.577],[-118.321,48.218],[-117.891,48.284],[-117.358,47.896]]]]}},{"type":"Feature","properties":{"NAME":null,"ABBREVN":null,"SUBJECTO":null,"BORDERPRECISION":3,"PARTOF":null},"geometry":{"type":"MultiPolygon","coordinates":[[[[-118.343,37.243],[-118.64,36.812],[-119.206,36.954],[-119.612,37.639],[-119.366,37.968],[-118.343,37.243]]]]}},{"type":"Feature","properties":{"NAME":null,"ABBREVN":null,"SUBJECTO":null,"BORDERPRECISION":3,"PARTOF":null},"geometry":{"type":"MultiPolygon","coordinates":[[[[-121.984,36.531],[-121.575,36.687],[-121.378,36.647],[-121.344,36.463],[-121.65,36.099],[-121.927,36.338],[-121.984,36.531]]]]}},{"type":"Feature","properties":{"NAME":null,"ABBREVN":null,"SUBJECTO":null,"BORDERPRECISION":3,"PARTOF":null},"geometry":{"type":"MultiPolygon","coordinates":[[[[-122.782,39.53],[-122.747,39.626],[-121.986,39.595],[-121.98,39.348],[-121.733,39.033],[-121.043,39.588],[-120.951,38.886],[-121.307,38.703],[-121.512,38.698],[-121.546,38.37],[-121.936,38.179],[-122.313,38.221],[-122.352,38.517],[-122.1,38.603],[-122.346,38.879],[-122.717,38.992],[-122.782,39.53]]]]}},{"type":"Feature","properties":{"NAME":null,"ABBREVN":null,"SUBJECTO":null,"BORDERPRECISION":3,"PARTOF":null},"geometry":{"type":"MultiPolygon","coordinates":[[[[-120.391,39.663],[-120.476,39.575],[-120.271,39.142],[-120.077,38.991],[-120.108,38.87],[-120.951,38.886],[-121.043,39.588],[-120.956,39.708],[-120.494,39.77],[-120.391,39.663]]]]}},{"type":"Feature","properties":{"NAME":null,"ABBREVN":null,"SUBJECTO":null,"BORDERPRECISION":3,"PARTOF":null},"geometry":{"type":"MultiPolygon","coordinates":[[[[-120.721,35.72],[-120.098,35.46],[-119.741,35.566],[-119.397,35.284],[-119.042,35.218],[-118.734,34.593],[-118.6,34.598],[-118.674,34.103],[-118.872,34.07],[-119.292,34.221],[-119.613,34.478],[-120.529,34.508],[-120.688,34.622],[-120.737,34.981],[-120.677,35.189],[-120.949,35.289],[-120.954,35.489],[-120.721,35.72]]]]}},{"type":"Feature","properties":{"NAME":null,"ABBREVN":null,"SUBJECTO":null,"BORDERPRECISION":3,"PARTOF":null},"geometry":{"type":"MultiPolygon","coordinates":[[[[-122.717,38.992],[-122.346,38.879],[-122.1,38.603],[-122.352,38.517],[-122.718,38.691],[-122.913,38.981],[-122.717,38.992]]]]}},{"type":"Feature","properties":{"NAME":null,"ABBREVN":null,"SUBJECTO":null,"BORDERPRECISION":3,"PARTOF":null},"geometry":{"type":"MultiPolygon","coordinates":[[[[-121.344,36.463],[-121.378,36.647],[-121.575,36.687],[-121.984,36.531],[-121.998,36.678],[-121.851,36.749],[-121.838,36.896],[-121.932,37.009],[-122.253,37.07],[-122.494,37.301],[-122.552,37.843],[-122.421,37.79],[-122.391,37.653],[-122.119,37.536],[-122.375,37.854],[-122.49,38.165],[-122.313,38.221],[-121.936,38.179],[-121.823,37.879],[-121.515,37.597],[-121.435,37.404],[-121.152,37.356],[-121.061,36.93],[-120.93,36.906],[-120.829,36.623],[-121.344,36.463]]]]}},{"type":"Feature","properties":{"NAME":null,"ABBREVN":null,"SUBJECTO":null,"BORDERPRECISION":3,"PARTOF":null},"geometry":{"type":"MultiPolygon","coordinates":[[[[-119.741,35.566],[-120.098,35.46],[-120.721,35.72],[-120.954,35.489],[-121.385,35.785],[-121.65,36.099],[-121.404,36.436],[-121.056,36.597],[-120.897,36.575],[-120.688,36.421],[-120.597,36.242],[-119.741,35.566]]]]}},{"type":"Feature","properties":{"NAME":null,"ABBREVN":null,"SUBJECTO":null,"BORDERPRECISION":3,"PARTOF":null},"geometry":{"type":"MultiPolygon","coordinates":[[[[-117.382,34.38],[-117.535,34.213],[-117.57,33.997],[-117.972,33.708],[-118.288,33.843],[-118.438,33.794],[-118.502,33.983],[-118.674,34.103],[-118.6,34.598],[-117.933,34.622],[-117.382,34.38]]]]}},{"type":"Feature","properties":{"NAME":"Caddo","ABBREVN":"Caddo","SUBJECTO":"Caddo","BORDERPRECISION":3,"PARTOF":"Caddo"},"geometry":{"type":"MultiPolygon","coordinates":[[[[-95.416,34.74],[-94.937,34.621],[-92.849,34.658],[-92.117,33.903],[-91.626,32.957],[-91.626,31.939],[-91.845,31.838],[-92.295,31.793],[-92.699,31.615],[-92.737,31.25],[-92.475,30.852],[-92.46,30.584],[-93.126,30.498],[-94.708,30.755],[-95.468,31.216],[-95.561,31.67],[-95.527,32.008],[-95.226,32.275],[-94.518,32.508],[-95.002,33.425],[-95.392,33.614],[-95.351,34.048],[-95.416,34.74]]]]}},{"type":"Feature","properties":{"NAME":"Kansa","ABBREVN":"Kansa","SUBJECTO":"Kansa","BORDERPRECISION":3,"PARTOF":"Kansa"},"geometry":{"type":"MultiPolygon","coordinates":[[[[-97.043,40.249],[-96.023,40.017],[-95.259,39.96],[-95.077,39.826],[-94.892,39.854],[-95.065,39.57],[-94.769,39.16],[-94.535,39.16],[-94.474,38.79],[-95.742,38.678],[-96.734,38.488],[-97.16,38.294],[-97.807,38.777],[-97.607,39.314],[-97.043,40.249]]]]}},{"type":"Feature","properties":{"NAME":"Osage","ABBREVN":"Osage","SUBJECTO":"Osage","BORDERPRECISION":3,"PARTOF":"Osage"},"geometry":{"type":"MultiPolygon","coordinates":[[[[-90.807,37.175],[-91.34,36.605],[-91.837,35.72],[-92.622,35.046],[-92.846,34.655],[-94.937,34.621],[-95.416,34.74],[-95.351,34.048],[-95.454,35.132],[-96.002,35.194],[-96.776,34.874],[-97.51,34.884],[-97.406,35.576],[-96.747,36.686],[-96.586,37.248],[-97.052,38.214],[-97.16,38.294],[-96.734,38.488],[-95.742,38.678],[-94.474,38.79],[-91.626,38.469],[-90.528,37.939],[-90.807,37.175]]]]}},{"type":"Feature","properties":{"NAME":"Quapaw","ABBREVN":"Quapaw","SUBJECTO":"Quapaw","BORDERPRECISION":3,"PARTOF":"Quapaw"},"geometry":{"type":"MultiPolygon","coordinates":[[[[-89.524,36.35],[-89.67,36.19],[-89.869,35.59],[-89.796,35.019],[-90.704,33.431],[-90.763,32.97],[-91.626,32.957],[-92.117,33.903],[-92.846,34.655],[-92.622,35.046],[-91.837,35.72],[-91.34,36.605],[-90.807,37.175],[-89.104,36.948],[-89.483,36.51],[-89.524,36.35]]]]}},{"type":"Feature","properties":{"NAME":"Oto","ABBREVN":"Oto","SUBJECTO":"Oto","BORDERPRECISION":3,"PARTOF":"Oto"},"geometry":{"type":"MultiPolygon","coordinates":[[[[-96.723,41.192],[-96.519,41.211],[-96.487,41.105],[-96.106,40.95],[-95.645,40.943],[-95.016,40.682],[-95.238,40.635],[-95.398,40.26],[-95.373,40.043],[-95.259,39.96],[-96.023,40.017],[-97.043,40.249],[-96.723,41.192]]]]}},{"type":"Feature","properties":{"NAME":"Iowa","ABBREVN":"Iowa","SUBJECTO":"Iowa","BORDERPRECISION":3,"PARTOF":"Iowa"},"geometry":{"type":"MultiPolygon","coordinates":[[[[-96.487,41.105],[-96.585,41.437],[-96.213,41.926],[-94.657,42.094],[-94.109,42.427],[-94.02,42.643],[-93.11,42.766],[-92.453,42.691],[-91.368,42.108],[-91.327,41.536],[-92.038,40.87],[-92.796,40.337],[-93.709,40.175],[-95.489,40.825],[-95.645,40.943],[-96.106,40.95],[-96.487,41.105]]]]}},{"type":"Feature","properties":{"NAME":"Naskapi Innu","ABBREVN":"Naskapi","SUBJECTO":"Naskapi Innu","BORDERPRECISION":3,"PARTOF":"Naskapi Innu"},"geometry":{"type":"MultiPolygon","coordinates":[[[[-74.853,57.156],[-78.065,58.408],[-78.469,58.709],[-78.042,58.993],[-77.662,59.574],[-77.348,59.623],[-77.215,59.748],[-77.262,59.983],[-77.507,60.415],[-77.388,60.694],[-78.176,60.742],[-77.688,61.156],[-77.462,61.473],[-77.985,61.859],[-78.005,62.099],[-77.868,62.29],[-77.618,62.432],[-77.362,62.517],[-76.99,62.49],[-75.356,62.182],[-74.708,62.176],[-73.66,62.39],[-73.395,62.355],[-71.724,61.547],[-71.856,61.371],[-71.673,61.266],[-70.028,60.883],[-69.702,60.898],[-69.536,60.989],[-69.384,60.856],[-69.389,60.674],[-69.649,60.52],[-69.704,60.318],[-69.343,59.209],[-69.365,59.051],[-69.476,58.975],[-69.832,58.988],[-69.894,58.684],[-69.726,58.561],[-69.214,58.748],[-68.569,58.783],[-68.095,58.481],[-68.129,58.31],[-68.005,58.166],[-66.821,58.388],[-66.475,58.808],[-66.241,58.746],[-65.929,58.424],[-65.861,58.795],[-65.719,59.057],[-65.263,59.348],[-65.555,59.576],[-65.552,59.714],[-64.988,59.819],[-64.671,60.181],[-63.744,59.517],[-63.476,59.158],[-63.006,58.815],[-63.353,59.068],[-63.987,56.963],[-74.316,56.619],[-74.853,57.156]]]]}},{"type":"Feature","properties":{"NAME":"Atakapa","ABBREVN":"Atakapa","SUBJECTO":"Atakapa","BORDERPRECISION":3,"PARTOF":"Atakapa"},"geometry":{"type":"MultiPolygon","coordinates":[[[[-98.174,28.245],[-97.653,28.558],[-97.399,28.848],[-95.821,29.645],[-95.776,30.002],[-95.972,30.84],[-96.212,31.165],[-95.468,31.216],[-94.708,30.755],[-93.126,30.498],[-92.46,30.584],[-91.981,30.233],[-92.017,29.825],[-92.228,29.802],[-91.978,29.625],[-92.117,29.542],[-92.643,29.579],[-93.446,29.768],[-94.142,29.69],[-94.426,29.543],[-94.797,29.563],[-94.857,29.784],[-95.007,29.758],[-95.058,29.675],[-94.845,29.346],[-95.603,28.799],[-96.015,28.656],[-96.717,28.712],[-96.774,28.623],[-96.577,28.426],[-96.831,28.158],[-97.546,27.923],[-98.174,28.245]]]]}},{"type":"Feature","properties":{"NAME":"Hindu Kingdoms","ABBREVN":"Hindu Kingdoms","SUBJECTO":"Hindu Kingdoms","BORDERPRECISION":3,"PARTOF":"Hindu Kingdoms"},"geometry":{"type":"MultiPolygon","coordinates":[[[[77.618,8.117],[77.053,12.557],[77.28,12.424],[77.996,12.578],[78.559,12.22],[79.07,11.35],[79.725,11.516],[79.826,10.359],[79.79,10.251],[79.306,10.256],[79.222,10.192],[78.927,9.493],[79.16,9.277],[78.314,8.996],[78.181,8.811],[78.065,8.385],[77.618,8.117]]]]}},{"type":"Feature","properties":{"NAME":null,"ABBREVN":null,"SUBJECTO":null,"BORDERPRECISION":3,"PARTOF":null},"geometry":{"type":"MultiPolygon","coordinates":[[[[2.617,6.341],[1.83,6.839],[0.181,6.42],[-1.596,5.441],[-1.81,4.829],[-2.031,4.698],[-2.717,5.04],[-2.934,5.275],[-3.135,5.141],[-3.942,5.266],[-5.0,5.238],[-6.316,4.873],[-7.413,4.331],[-7.529,4.337],[-9.248,5.172],[-9.937,5.863],[-12.264,7.351],[-12.274,7.631],[-12.869,7.973],[-13.212,8.347],[-12.99,8.456],[-12.927,8.627],[-13.145,8.722],[-13.141,9.027],[-13.626,9.623],[-13.68,9.916],[-14.466,10.333],[-14.591,10.467],[-14.575,10.784],[-14.966,10.847],[-15.029,11.158],[-15.341,11.221],[-15.416,11.335],[-15.361,11.52],[-15.099,11.813],[-15.459,12.48],[-16.567,12.31],[-16.696,12.413],[-16.772,12.597],[-16.767,13.36],[-16.452,13.545],[-16.471,13.723],[-16.64,13.843],[-16.87,14.364],[-16.051,15.069],[-15.755,16.253],[-16.45,16.118],[-16.379,16.716],[-16.125,17.301],[-15.983,18.178],[-16.191,19.03],[-16.472,19.366],[-16.27,19.684],[-16.269,20.364],[-16.711,20.89],[-16.845,20.941],[-17.021,20.744],[-16.984,21.595],[-16.806,21.99],[-16.353,22.493],[-15.714,23.873],[-14.975,24.51],[-14.82,24.733],[-14.66,25.636],[-14.367,26.119],[-13.629,26.591],[-13.06,27.673],[-12.866,27.857],[-12.091,28.024],[-11.576,28.229],[-10.339,29.146],[-8.593,28.641],[-8.284,28.783],[-4.95,28.857],[-1.714,28.394],[-1.344,29.042],[-1.714,30.059],[-1.081,32.454],[0.873,31.986],[6.269,31.873],[8.021,33.02],[10.413,33.631],[10.778,33.473],[10.957,33.575],[11.099,33.537],[11.209,33.252],[12.117,32.879],[12.413,32.464],[14.725,30.245],[15.649,30.523],[18.915,30.205],[20.365,30.338],[21.197,31.077],[22.122,31.077],[23.742,32.064],[24.034,31.937],[24.816,31.907],[24.952,31.818],[24.982,31.647],[25.107,31.514],[26.005,30.708],[29.426,22.664],[30.346,22.111],[29.466,20.766],[29.466,19.173],[30.691,16.845],[31.671,15.864],[31.426,13.291],[31.671,11.576],[33.142,11.576],[33.999,13.659],[33.632,15.742],[34.612,18.07],[33.877,19.663],[32.161,20.643],[31.617,21.295],[32.662,21.0],[35.251,21.369],[36.8,21.915],[37.128,21.227],[37.165,20.764],[36.695,20.398],[35.96,19.418],[36.45,18.07],[37.431,17.702],[38.527,18.161],[38.686,18.003],[38.963,17.192],[38.043,16.232],[36.083,16.109],[35.96,14.762],[36.462,8.547],[35.102,8.39],[34.98,7.287],[38.043,6.797],[38.043,5.694],[36.083,5.694],[36.45,2.63],[38.411,1.037],[42.332,1.773],[43.802,2.875],[43.435,3.856],[42.822,4.591],[41.719,4.713],[42.577,5.816],[42.945,6.919],[41.842,8.757],[40.494,9.86],[42.669,11.511],[43.104,11.531],[43.368,11.456],[44.281,10.396],[45.013,10.449],[45.909,10.832],[46.43,10.668],[46.677,10.7],[47.391,11.159],[47.996,11.116],[48.534,11.333],[48.97,11.233],[49.304,11.246],[50.081,11.476],[50.697,11.948],[51.181,11.777],[51.247,11.657],[51.061,11.243],[51.13,10.71],[50.887,10.277],[50.779,9.368],[50.211,8.351],[49.832,7.994],[49.777,7.854],[49.823,7.695],[49.046,6.416],[47.479,5.571],[45.941,3.502],[43.888,2.026],[41.055,-0.597],[38.746,-3.955],[38.222,-6.158],[38.904,-10.775],[40.524,-10.55],[40.62,-10.766],[40.311,-11.345],[40.527,-12.584],[40.482,-12.844],[40.366,-12.991],[40.603,-13.531],[40.599,-14.401],[40.618,-14.484],[40.849,-14.579],[40.781,-14.922],[40.527,-15.183],[40.61,-15.355],[40.574,-15.482],[39.471,-16.717],[38.859,-17.055],[37.275,-17.713],[36.386,-16.966],[35.546,-16.966],[34.287,-15.916],[33.343,-15.707],[33.972,-16.651],[34.812,-17.595],[34.917,-18.33],[35.378,-19.427],[34.726,-19.86],[34.673,-20.515],[35.023,-20.813],[35.107,-20.984],[34.994,-21.271],[35.261,-22.274],[35.512,-22.185],[35.425,-23.456],[35.297,-23.825],[35.512,-23.939],[35.501,-24.085],[35.198,-24.48],[34.585,-24.875],[33.347,-25.304],[32.945,-25.54],[32.627,-25.368],[32.094,-25.604],[32.094,-26.255],[32.568,-26.61],[32.887,-26.715],[32.767,-27.517],[32.609,-27.898],[32.345,-28.026],[32.303,-28.134],[32.393,-28.375],[32.346,-28.585],[32.235,-28.744],[31.563,-29.21],[30.391,-30.814],[28.922,-32.298],[26.963,-33.713],[26.659,-33.847],[25.619,-33.919],[25.516,-34.174],[24.929,-34.079],[24.592,-34.36],[23.743,-34.076],[23.499,-34.07],[23.189,-34.242],[22.589,-34.135],[22.507,-33.712],[22.092,-33.357],[20.494,-33.121],[20.199,-31.996],[19.962,-31.878],[18.336,-32.339],[18.179,-31.805],[17.354,-30.422],[16.788,-29.139],[15.454,-27.616],[15.076,-26.607],[15.153,-26.333],[14.947,-26.01],[14.843,-25.622],[14.909,-25.018],[14.668,-24.421],[14.409,-23.253],[14.396,-23.075],[14.524,-22.941],[14.577,-22.731],[14.533,-22.496],[13.804,-21.443],[12.929,-19.742],[12.08,-18.491],[11.85,-18.022],[11.775,-17.596],[11.782,-15.868],[12.06,-15.594],[12.177,-15.276],[12.333,-14.316],[12.585,-13.464],[12.848,-13.164],[13.051,-12.751],[13.339,-12.649],[13.459,-12.502],[13.649,-12.197],[13.813,-11.656],[13.816,-10.976],[13.73,-10.544],[13.204,-9.637],[13.084,-9.287],[14.329,-9.368],[14.267,-8.939],[14.325,-8.234],[14.09,-7.706],[14.103,-7.376],[14.399,-7.198],[14.872,-7.376],[14.99,-7.198],[15.05,-6.015],[14.576,-4.772],[14.103,-4.949],[13.274,-5.778],[13.215,-6.133],[12.801,-5.956],[12.372,-6.258],[12.194,-5.775],[12.227,-5.362],[11.773,-4.537],[9.931,-2.711],[10.06,-2.571],[9.894,-2.444],[9.656,-2.419],[9.243,-1.772],[9.465,-1.593],[9.321,-1.416],[9.112,-1.353],[8.815,-0.896],[9.203,-0.634],[9.473,0.116],[9.883,0.079],[9.854,0.174],[9.35,0.535],[9.566,0.612],[9.644,0.955],[9.622,1.089],[9.37,1.171],[9.851,1.877],[9.894,2.138],[9.801,2.379],[9.923,2.824],[9.765,3.383],[9.586,3.675],[9.78,3.853],[9.651,4.018],[9.284,4.017],[9.032,4.138],[8.875,4.62],[8.328,4.841],[8.263,4.746],[8.299,4.555],[8.14,4.466],[7.449,4.407],[7.176,4.527],[7.046,4.508],[6.844,4.292],[6.906,7.715],[6.157,9.339],[4.158,9.963],[3.159,9.714],[2.659,8.714],[2.617,6.341]],[[-10.832,14.46],[-11.331,15.085],[-13.954,15.834],[-14.704,15.585],[-14.954,15.085],[-12.58,12.836],[-11.456,12.961],[-10.832,14.46]],[[-8.833,11.587],[-10.332,11.462],[-11.331,9.838],[-10.207,8.839],[-8.333,8.839],[-7.584,10.713],[-8.833,11.587]],[[6.531,16.709],[7.781,16.584],[8.405,17.208],[8.155,18.208],[7.156,18.458],[6.531,17.958],[6.531,16.709]],[[-2.213,16.959],[-1.963,16.334],[-1.463,16.209],[-0.838,16.334],[-0.589,17.208],[-1.213,17.708],[-1.963,17.708],[-2.213,16.959]],[[1.035,8.09],[0.66,8.839],[0.036,8.964],[-0.963,8.215],[-1.338,7.465],[-0.838,6.716],[-0.089,6.716],[0.66,7.215],[1.035,8.09]],[[26.946,-18.668],[26.282,-20.661],[26.886,-21.929],[29.905,-22.05],[30.69,-20.057],[30.147,-18.547],[27.671,-18.004],[26.946,-18.668]],[[23.625,-6.772],[21.331,-6.712],[17.889,-7.376],[17.466,-8.161],[18.251,-11.12],[23.021,-10.818],[23.504,-10.335],[25.467,-10.395],[25.648,-9.972],[26.373,-10.274],[27.339,-9.61],[28.003,-9.791],[28.728,-9.731],[29.271,-9.187],[30.358,-9.248],[31.083,-8.704],[29.332,-5.323],[25.98,-5.142],[25.316,-6.531],[23.625,-6.772]],[[22.689,15.329],[23.172,13.578],[24.32,12.793],[29.09,13.155],[29.996,14.242],[29.15,17.926],[27.46,18.167],[23.112,16.597],[22.689,15.329]],[[20.515,16.476],[19.791,14.967],[19.368,13.397],[19.911,12.612],[22.629,13.215],[22.81,13.759],[22.327,15.329],[21.542,16.597],[20.515,16.476]],[[-3.836,12.587],[-3.836,10.088],[-2.088,9.838],[-0.076,10.075],[0.769,12.31],[-0.837,13.408],[-2.724,13.644],[-3.836,12.587]],[[0.697,15.413],[0.107,15.059],[0.649,13.155],[1.977,12.672],[3.185,12.914],[2.158,15.087],[0.697,15.413]],[[14.967,9.988],[16.619,11.049],[16.972,12.464],[16.845,14.366],[16.265,16.121],[13.552,16.121],[11.075,14.351],[7.16,16.039],[5.178,15.649],[4.825,12.582],[5.768,11.167],[7.183,11.049],[8.717,9.044],[9.424,9.044],[10.368,9.516],[10.84,10.577],[12.019,9.87],[14.967,9.988]],[[-8.333,13.211],[-8.583,12.212],[-7.459,11.837],[-3.836,14.086],[-4.961,14.835],[-7.977,13.383],[-7.584,14.585],[-9.333,15.46],[-9.832,15.21],[-10.082,13.211],[-9.582,12.836],[-8.333,13.211]]]]}},{"type":"Feature","properties":{"NAME":"Netherlands","ABBREVN":"Netherlands","SUBJECTO":"Netherlands","BORDERPRECISION":3,"PARTOF":"Netherlands"},"geometry":{"type":"MultiPolygon","coordinates":[[[[-1.81,4.829],[-1.596,5.441],[0.181,6.42],[1.83,6.839],[2.617,6.341],[1.342,6.18],[1.176,6.084],[0.939,5.759],[0.09,5.656],[-1.81,4.829]]]]}},{"type":"Feature","properties":{"NAME":"Ceylon","ABBREVN":"Ceylon","SUBJECTO":"Ceylon","BORDERPRECISION":3,"PARTOF":"Ceylon"},"geometry":{"type":"MultiPolygon","coordinates":[[[[80.619,8.833],[80.892,8.946],[81.093,8.627],[81.06,8.411],[81.326,8.259],[81.805,7.313],[81.866,7.085],[81.779,6.754],[81.476,6.316],[81.056,6.473],[81.345,6.608],[81.396,7.276],[81.165,7.584],[81.139,8.175],[80.728,8.175],[80.728,8.792],[80.619,8.833]]]]}},{"type":"Feature","properties":{"NAME":"Kandy","ABBREVN":"Kandy","SUBJECTO":"Kandy","BORDERPRECISION":3,"PARTOF":"Kandy"},"geometry":{"type":"MultiPolygon","coordinates":[[[[80.619,8.833],[80.503,8.785],[80.523,8.869],[80.619,8.833]]]]}},{"type":"Feature","properties":{"NAME":"Ceylon (Dutch)","ABBREVN":"Ceylon (Dutch)","SUBJECTO":"Netherlands","BORDERPRECISION":3,"PARTOF":"Ceylon (Dutch)"},"geometry":{"type":"MultiPolygon","coordinates":[[[[80.503,8.785],[80.392,8.739],[79.919,8.949],[80.178,9.445],[80.11,9.687],[80.662,9.299],[80.892,8.946],[80.619,8.833],[80.523,8.869],[80.503,8.785]]],[[[79.981,7.906],[80.786,6.574],[81.476,6.316],[81.203,6.079],[80.563,5.932],[80.222,6.058],[79.854,7.061],[79.838,7.816],[79.981,7.906]]]]}},{"type":"Feature","properties":{"NAME":null,"ABBREVN":null,"SUBJECTO":null,"BORDERPRECISION":3,"PARTOF":null},"geometry":{"type":"MultiPolygon","coordinates":[[[[-79.144,38.599],[-79.163,38.532],[-79.528,38.447],[-80.067,37.96],[-80.221,37.643],[-80.749,37.36],[-81.523,37.261],[-81.877,37.363],[-81.849,37.543],[-82.062,38.334],[-83.096,38.957],[-84.692,39.246],[-86.076,39.201],[-87.55,38.699],[-87.778,38.364],[-87.745,40.337],[-87.763,38.91],[-87.648,38.882],[-86.317,40.027],[-85.516,40.399],[-85.172,40.642],[-84.278,40.707],[-82.965,40.588],[-80.746,40.677],[-79.921,40.419],[-79.144,38.599]]]]}},{"type":"Feature","properties":{"NAME":"Iroquois","ABBREVN":"Iroquois","SUBJECTO":"Iroquois","BORDERPRECISION":3,"PARTOF":"Iroquois"},"geometry":{"type":"MultiPolygon","coordinates":[[[[-76.179,43.986],[-76.135,44.055],[-76.262,43.991],[-76.348,44.069],[-74.778,45.022],[-72.996,45.022],[-73.311,43.813],[-73.662,43.271],[-74.053,43.011],[-74.053,43.265],[-74.653,43.265],[-74.959,42.5],[-75.091,42.447],[-75.366,42.061],[-76.019,42.188],[-77.279,42.242],[-79.006,42.61],[-78.764,42.754],[-78.98,43.231],[-78.035,43.366],[-77.523,43.19],[-77.389,43.27],[-76.937,43.237],[-76.209,43.565],[-76.192,43.701],[-76.289,43.85],[-76.051,44.008],[-76.179,43.986]]]]}},{"type":"Feature","properties":{"NAME":"British American colonies","ABBREVN":"America","SUBJECTO":"United Kingdom","BORDERPRECISION":3,"PARTOF":"British American colonies"},"geometry":{"type":"MultiPolygon","coordinates":[[[[-68.804,44.393],[-68.715,44.609],[-68.782,44.627],[-69.249,43.991],[-69.395,44.093],[-69.507,43.896],[-69.662,43.931],[-69.608,44.069],[-69.754,43.955],[-69.68,43.884],[-69.826,43.752],[-69.969,43.812],[-69.922,43.913],[-70.216,43.8],[-70.187,43.638],[-70.306,43.62],[-70.378,43.452],[-70.536,43.404],[-70.868,42.871],[-70.759,42.71],[-70.57,42.716],[-70.871,42.602],[-71.054,42.357],[-70.776,42.303],[-70.506,41.986],[-70.482,41.807],[-70.302,41.759],[-69.991,41.867],[-70.001,41.951],[-70.222,42.106],[-70.138,42.136],[-69.936,41.915],[-69.922,41.724],[-70.642,41.592],[-70.712,41.795],[-70.967,41.562],[-71.173,41.527],[-71.194,41.676],[-71.104,41.825],[-71.304,41.771],[-71.373,41.837],[-71.449,41.425],[-72.854,41.294],[-73.386,41.139],[-73.993,40.781],[-73.89,41.174],[-74.074,40.727],[-74.293,40.632],[-74.231,40.542],[-74.177,40.642],[-74.074,40.649],[-74.212,40.514],[-73.946,40.447],[-74.153,39.765],[-74.289,39.572],[-74.406,39.614],[-74.414,39.418],[-74.86,38.99],[-74.969,39.032],[-74.889,39.171],[-74.94,39.251],[-75.133,39.246],[-75.401,39.424],[-75.549,39.667],[-75.339,39.893],[-75.461,39.839],[-75.624,39.673],[-75.404,39.293],[-75.389,39.133],[-75.215,38.871],[-75.089,38.842],[-75.042,38.497],[-75.431,37.993],[-75.593,37.61],[-75.652,37.551],[-75.7,37.607],[-75.857,37.225],[-75.958,37.207],[-76.02,37.326],[-75.866,37.714],[-75.64,38.005],[-75.85,37.978],[-75.748,38.15],[-75.926,38.174],[-75.92,38.26],[-75.811,38.278],[-75.846,38.426],[-76.044,38.293],[-76.223,38.361],[-76.326,38.539],[-76.008,38.667],[-76.279,38.809],[-76.353,38.735],[-76.305,38.88],[-76.112,38.845],[-76.156,38.946],[-76.344,39.026],[-76.15,39.067],[-76.063,39.195],[-76.26,39.201],[-76.151,39.367],[-75.858,39.436],[-76.006,39.462],[-75.94,39.646],[-76.066,39.605],[-76.06,39.51],[-76.201,39.424],[-76.259,39.501],[-76.272,39.361],[-76.339,39.462],[-76.385,39.275],[-76.587,39.311],[-76.405,39.085],[-76.538,38.785],[-76.408,38.397],[-76.663,38.634],[-76.652,38.542],[-76.384,38.337],[-76.324,38.109],[-76.608,38.29],[-76.767,38.293],[-76.82,38.42],[-76.89,38.444],[-76.861,38.331],[-77.104,38.477],[-77.253,38.459],[-77.246,38.589],[-77.054,38.735],[-77.246,38.699],[-77.332,38.489],[-77.24,38.385],[-77.034,38.364],[-76.943,38.251],[-76.215,37.943],[-76.314,37.732],[-76.416,37.705],[-76.885,38.067],[-76.566,37.702],[-76.284,37.625],[-76.396,37.584],[-76.25,37.548],[-76.258,37.373],[-76.399,37.459],[-76.384,37.332],[-76.481,37.323],[-76.787,37.563],[-76.598,37.349],[-76.377,37.29],[-76.283,37.056],[-76.417,37.029],[-76.639,37.269],[-76.852,37.358],[-76.942,37.286],[-76.503,37.029],[-76.524,36.922],[-76.311,36.991],[-75.975,36.937],[-75.522,35.858],[-75.703,36.057],[-75.958,36.768],[-75.983,36.629],[-75.907,36.54],[-76.038,36.57],[-75.793,36.137],[-75.953,36.333],[-75.953,36.232],[-76.186,36.368],[-76.094,36.205],[-76.205,36.152],[-76.442,36.244],[-76.34,36.152],[-76.509,36.057],[-76.7,36.161],[-76.673,36.33],[-76.751,36.261],[-77.651,37.369],[-77.851,38.668],[-76.751,40.467],[-76.552,41.267],[-75.452,41.267],[-74.653,43.265],[-74.053,43.265],[-74.053,42.266],[-73.853,42.266],[-73.454,43.065],[-72.954,42.966],[-72.754,43.265],[-72.255,43.265],[-70.656,44.265],[-68.957,44.864],[-68.467,44.441],[-68.558,44.483],[-68.504,44.297],[-68.804,44.393]]],[[[-72.289,41.12],[-72.621,40.913],[-71.856,41.069],[-72.666,40.794],[-73.653,40.62],[-73.577,40.597],[-73.914,40.563],[-73.768,40.642],[-74.033,40.626],[-73.923,40.79],[-73.589,40.921],[-72.751,40.964],[-72.24,41.161],[-72.289,41.12]]]]}},{"type":"Feature","properties":{"NAME":"Swiss Confederation","ABBREVN":"Swiss Confederation","SUBJECTO":"Swiss Confederation","BORDERPRECISION":3,"PARTOF":"Swiss Confederation"},"geometry":{"type":"MultiPolygon","coordinates":[[[[9.53,47.266],[9.473,47.057],[9.88,47.02],[9.876,46.938],[10.104,46.844],[10.39,47.001],[10.49,46.938],[10.379,46.688],[10.491,46.621],[10.468,46.546],[10.293,46.554],[10.236,46.638],[10.044,46.546],[10.04,46.447],[10.166,46.41],[10.129,46.229],[10.039,46.234],[9.953,46.381],[9.548,46.305],[9.46,46.379],[9.46,46.511],[9.283,46.499],[9.249,46.239],[9.009,46.041],[8.989,45.975],[9.088,45.905],[9.029,45.824],[8.911,45.835],[8.897,45.956],[8.785,45.993],[8.851,46.079],[8.613,46.125],[8.443,46.251],[8.437,46.466],[8.314,46.396],[8.176,46.471],[7.907,46.302],[7.75,46.321],[7.61,46.443],[7.221,46.327],[7.033,46.184],[6.907,46.44],[6.52,46.517],[6.102,46.286],[6.175,46.368],[6.069,46.417],[6.163,46.546],[6.108,46.576],[6.452,46.805],[6.672,46.797],[7.18,47.093],[7.606,47.432],[7.429,47.464],[7.598,47.59],[7.7,47.602],[7.64,47.563],[7.691,47.534],[8.217,47.621],[8.584,47.596],[8.609,47.672],[8.407,47.674],[8.572,47.808],[8.983,47.68],[8.86,47.657],[9.178,47.664],[9.562,47.5],[9.672,47.383],[9.53,47.266]],[[8.7,47.714],[8.7,47.714]],[[8.976,45.975],[8.976,45.975]]],[[[9.199,47.678],[9.118,47.679],[9.199,47.678]]]]}},{"type":"Feature","properties":{"NAME":"France","ABBREVN":"France","SUBJECTO":"France","BORDERPRECISION":3,"PARTOF":"France"},"geometry":{"type":"MultiPolygon","coordinates":[[[[-1.136,44.6],[-1.23,44.73],[-1.332,44.614],[-1.175,45.501],[-0.9,45.294],[-0.728,45.019],[-0.855,45.321],[-1.247,45.688],[-1.075,46.015],[-1.256,46.307],[-1.711,46.449],[-2.13,46.851],[-2.005,47.043],[-2.494,47.247],[-2.576,47.325],[-2.466,47.494],[-2.614,47.572],[-2.842,47.492],[-3.858,47.792],[-3.955,47.904],[-4.364,47.829],[-4.391,47.942],[-4.675,48.017],[-4.7,48.064],[-4.313,48.101],[-4.351,48.205],[-4.588,48.251],[-4.389,48.298],[-4.35,48.391],[-4.78,48.355],[-4.762,48.552],[-3.999,48.731],[-3.902,48.646],[-3.821,48.721],[-3.608,48.693],[-3.558,48.81],[-3.091,48.872],[-2.791,48.59],[-2.636,48.552],[-2.343,48.674],[-2.2,48.599],[-1.871,48.712],[-1.858,48.608],[-1.457,48.684],[-1.576,48.768],[-1.58,49.229],[-1.892,49.526],[-1.941,49.709],[-1.524,49.653],[-1.251,49.7],[-1.289,49.521],[-1.177,49.333],[-1.023,49.398],[-0.239,49.285],[0.033,49.334],[0.331,49.455],[0.09,49.511],[0.189,49.681],[1.275,50.004],[1.552,50.229],[1.589,50.822],[2.03,51.007],[2.522,51.091],[2.755,50.739],[2.875,50.682],[3.123,50.807],[3.37,50.465],[3.603,50.47],[3.675,50.334],[4.22,50.242],[4.156,49.966],[4.285,49.911],[4.668,49.96],[4.865,50.134],[4.812,49.966],[4.86,49.782],[5.098,49.761],[5.475,49.48],[5.788,49.559],[6.368,49.473],[6.777,49.177],[7.423,49.183],[7.465,49.099],[8.158,48.978],[7.729,48.616],[7.681,48.359],[7.536,48.191],[7.446,47.709],[7.583,47.579],[7.429,47.464],[7.606,47.432],[6.986,46.963],[6.672,46.797],[6.452,46.805],[6.108,46.576],[6.163,46.546],[6.069,46.417],[6.175,46.368],[5.941,46.176],[5.935,46.026],[5.86,46.026],[5.947,45.816],[5.91,45.507],[5.848,45.52],[5.823,45.396],[6.058,45.223],[6.033,45.334],[6.219,45.347],[6.28,45.199],[6.943,44.869],[7.003,44.72],[6.783,44.548],[6.87,44.349],[6.787,44.198],[6.997,44.05],[6.923,43.976],[6.96,43.914],[6.886,43.902],[6.923,43.815],[7.355,43.902],[7.397,43.764],[6.523,43.151],[5.647,43.033],[4.91,43.366],[4.647,43.321],[4.078,43.487],[3.807,43.467],[3.479,43.312],[3.068,42.945],[3.002,42.771],[3.087,42.369],[2.937,42.41],[2.599,42.348],[2.582,42.287],[2.171,42.382],[1.876,42.314],[1.709,42.423],[1.448,42.375],[1.364,42.41],[1.307,42.635],[0.744,42.772],[0.584,42.772],[0.592,42.628],[0.196,42.608],[0.18,42.663],[-0.166,42.649],[-0.41,42.786],[-0.612,42.731],[-0.84,42.909],[-1.515,42.998],[-1.491,43.21],[-1.702,43.196],[-1.915,43.305],[-1.561,43.524],[-1.314,44.559],[-1.136,44.6]]],[[[5.942,46.175],[5.942,46.175],[5.941,46.176],[5.942,46.175]]],[[[9.459,42.556],[9.453,42.048],[9.305,41.575],[9.173,41.35],[9.039,41.369],[9.013,41.458],[8.727,41.561],[8.823,41.688],[8.627,41.732],[8.742,41.882],[8.562,41.882],[8.538,41.948],[8.668,42.029],[8.511,42.134],[8.628,42.262],[8.5,42.36],[9.018,42.691],[9.238,42.664],[9.303,42.983],[9.414,42.91],[9.405,42.581],[9.459,42.556]]]]}},{"type":"Feature","properties":{"NAME":"Sardinia-Piedmont","ABBREVN":"Sardinia","SUBJECTO":"Sardinia-Piedmont","BORDERPRECISION":3,"PARTOF":"Sardinia-Piedmont"},"geometry":{"type":"MultiPolygon","coordinates":[[[[6.817,46.47],[6.744,46.488],[6.817,46.47]]],[[[6.857,46.457],[6.857,46.457]]],[[[6.872,46.448],[6.872,46.448]]],[[[6.907,46.44],[6.907,46.44]]],[[[6.878,46.394],[6.878,46.394]]],[[[6.809,46.38],[6.864,46.292],[6.804,46.137],[7.196,45.861],[7.577,45.991],[7.873,45.921],[8.154,46.146],[8.089,46.268],[8.437,46.466],[8.443,46.251],[8.637,46.117],[8.467,45.768],[8.45,45.519],[8.583,45.287],[9.131,45.121],[9.131,44.789],[8.764,44.864],[8.395,44.8],[7.769,44.367],[8.09,44.051],[7.98,43.965],[7.689,44.238],[7.673,43.981],[7.634,44.036],[7.467,43.92],[7.397,43.764],[7.355,43.902],[6.923,43.815],[6.886,43.902],[6.96,43.914],[6.923,43.976],[6.997,44.05],[6.787,44.198],[6.87,44.349],[6.783,44.548],[7.003,44.72],[6.943,44.869],[6.28,45.199],[6.219,45.347],[6.033,45.334],[6.058,45.223],[5.823,45.396],[5.848,45.52],[5.91,45.507],[5.947,45.816],[5.86,46.026],[5.935,46.026],[5.941,46.176],[6.108,46.126],[6.304,46.366],[6.809,46.38]]],[[[6.218,46.355],[6.218,46.355]]],[[[6.265,46.394],[6.265,46.394]]],[[[6.355,46.462],[6.426,46.467],[6.355,46.462]]],[[[6.52,46.517],[6.535,46.511],[6.517,46.515],[6.52,46.517]]],[[[6.563,46.508],[6.559,46.507],[6.553,46.508],[6.563,46.508]]],[[[6.592,46.518],[6.592,46.518]]],[[[6.674,46.505],[6.727,46.486],[6.674,46.505]]],[[[6.12,46.263],[6.075,46.253],[6.111,46.275],[6.12,46.263]]],[[[8.176,46.471],[8.314,46.396],[8.273,46.418],[8.176,46.471]]]]}},{"type":"Feature","properties":{"NAME":"Milan","ABBREVN":"Milan","SUBJECTO":"Austrian Empire","BORDERPRECISION":3,"PARTOF":"Milan"},"geometry":{"type":"MultiPolygon","coordinates":[[[[9.46,46.511],[9.582,45.893],[9.695,45.78],[9.506,45.515],[9.846,45.704],[9.922,45.666],[9.998,45.401],[10.377,45.374],[10.393,45.026],[9.662,45.22],[9.131,45.121],[8.583,45.287],[8.45,45.519],[8.617,46.124],[8.851,46.079],[8.785,45.993],[8.897,45.956],[8.911,45.835],[9.029,45.824],[9.088,45.905],[8.989,45.975],[9.009,46.041],[9.249,46.239],[9.283,46.499],[9.46,46.511]]],[[[8.961,45.979],[8.961,45.979]]]]}},{"type":"Feature","properties":{"NAME":"Venice","ABBREVN":"Venice","SUBJECTO":"Venice","BORDERPRECISION":3,"PARTOF":"Venice"},"geometry":{"type":"MultiPolygon","coordinates":[[[[13.105,45.582],[12.28,45.402],[12.176,45.214],[12.313,45.178],[12.322,45.042],[12.523,44.883],[12.378,44.732],[12.136,45.104],[12.037,45.137],[12.053,45.021],[11.771,45.071],[11.605,44.905],[11.24,45.071],[10.856,45.051],[10.824,45.353],[9.998,45.401],[9.922,45.666],[9.846,45.704],[9.506,45.515],[9.695,45.78],[9.582,45.893],[9.545,46.307],[9.953,46.381],[10.039,46.234],[10.129,46.229],[10.166,46.41],[10.04,46.447],[10.044,46.546],[10.236,46.638],[10.293,46.554],[10.468,46.546],[10.491,46.621],[10.379,46.688],[10.454,46.826],[10.558,46.718],[10.558,46.313],[10.457,46.212],[10.525,45.739],[10.66,45.807],[10.795,45.638],[10.93,45.84],[11.166,45.739],[11.233,46.009],[11.571,45.975],[11.571,46.245],[11.908,46.414],[11.74,46.752],[12.075,46.928],[12.218,46.884],[12.328,46.967],[12.698,46.951],[13.292,47.064],[13.516,47.0],[13.581,46.839],[13.709,46.839],[13.725,46.646],[13.621,46.421],[13.606,46.132],[13.368,45.694],[13.156,45.727],[13.105,45.582]]],[[[16.335,44.093],[16.536,44.007],[16.712,43.771],[17.013,43.555],[17.259,43.445],[17.294,43.269],[17.646,43.053],[17.676,42.958],[17.548,42.92],[16.992,43.323],[16.549,43.461],[16.367,43.513],[16.059,43.433],[15.913,43.652],[15.412,43.935],[15.149,44.24],[16.184,44.258],[16.335,44.093]]],[[[18.501,42.448],[18.514,42.362],[17.646,42.865],[17.821,42.897],[18.273,42.596],[18.429,42.586],[18.501,42.448]]],[[[14.06,44.895],[13.895,44.759],[13.672,45.05],[13.527,45.454],[13.8,45.566],[13.673,45.715],[14.076,45.678],[14.219,45.477],[13.99,45.42],[14.076,45.276],[14.354,45.323],[14.189,44.943],[14.06,44.895]]]]}},{"type":"Feature","properties":{"NAME":"Austrian Empire","ABBREVN":"Austrian Emp","SUBJECTO":"Austrian Empire","BORDERPRECISION":3,"PARTOF":"Austrian Empire"},"geometry":{"type":"MultiPolygon","coordinates":[[[[22.343,44.986],[22.41,44.75],[22.133,44.511],[21.859,44.681],[21.592,44.708],[21.583,44.793],[21.364,44.82],[20.769,44.66],[20.643,44.813],[20.334,44.915],[20.241,45.155],[19.872,45.264],[19.544,45.253],[19.408,45.168],[19.167,45.203],[19.102,45.132],[19.122,44.926],[18.931,44.841],[18.585,45.092],[17.987,45.122],[17.857,45.047],[16.892,45.243],[16.511,45.208],[16.345,45.002],[15.883,45.223],[15.787,45.122],[15.757,44.786],[16.039,44.6],[16.224,44.329],[16.184,44.258],[15.548,44.229],[15.286,44.329],[14.989,44.54],[14.907,44.723],[14.946,44.927],[14.815,45.078],[14.354,45.323],[14.076,45.276],[13.99,45.42],[14.219,45.477],[14.076,45.678],[13.565,45.727],[13.438,45.638],[13.368,45.694],[13.606,46.132],[13.709,46.839],[13.581,46.839],[13.516,47.0],[13.292,47.064],[12.407,46.964],[12.473,47.224],[12.778,47.289],[13.035,47.208],[13.854,47.192],[13.805,47.289],[13.902,47.401],[13.757,47.513],[13.677,47.465],[13.516,47.529],[13.565,47.786],[13.42,47.834],[13.253,48.069],[13.677,48.332],[13.947,48.655],[13.745,48.94],[13.578,49.037],[13.48,48.999],[12.945,49.398],[12.861,49.366],[12.536,49.563],[12.448,49.706],[12.484,49.889],[12.214,50.009],[12.084,50.262],[12.177,50.192],[12.462,50.398],[13.189,50.561],[13.233,50.664],[13.473,50.659],[13.524,50.757],[13.855,50.767],[13.911,50.844],[14.389,50.947],[14.262,51.045],[14.458,51.077],[14.596,51.023],[14.61,50.898],[14.765,50.865],[14.997,50.917],[15.009,51.056],[15.267,51.023],[15.342,51.287],[15.258,51.622],[14.867,51.594],[14.867,51.761],[15.174,51.789],[15.23,52.208],[15.765,52.265],[16.506,52.004],[16.506,52.178],[16.855,51.917],[16.855,51.655],[17.204,51.611],[17.291,51.786],[17.553,51.655],[17.64,51.437],[18.646,50.645],[18.796,49.713],[18.896,49.713],[18.927,49.622],[19.108,49.592],[19.138,49.713],[19.381,49.803],[19.562,49.713],[19.562,49.531],[19.895,49.471],[20.016,49.803],[20.349,49.743],[20.53,49.803],[20.681,49.652],[20.893,49.743],[20.803,49.834],[20.984,49.743],[21.135,49.834],[21.287,49.773],[21.317,49.864],[21.771,49.743],[21.771,49.592],[23.889,49.259],[24.161,48.987],[24.342,48.351],[24.736,48.23],[24.887,47.897],[24.796,47.807],[25.685,47.619],[26.292,47.214],[26.191,46.809],[25.853,46.674],[25.651,46.404],[25.448,46.302],[25.516,45.796],[24.942,45.965],[24.402,45.897],[24.065,46.1],[23.795,46.066],[23.558,45.897],[23.255,46.066],[23.018,45.864],[22.478,45.729],[22.343,44.986]]],[[[20.076,53.585],[19.925,53.918],[19.683,53.858],[19.57,54.255],[19.915,54.395],[20.046,54.19],[20.47,54.342],[21.014,54.1],[20.56,53.827],[20.409,53.434],[20.076,53.585]]],[[[11.233,46.009],[11.166,45.739],[10.93,45.84],[10.795,45.638],[10.66,45.807],[10.525,45.739],[10.457,46.212],[10.558,46.313],[10.558,46.718],[10.454,46.826],[10.49,46.938],[10.39,47.001],[10.104,46.844],[9.876,46.938],[9.88,47.02],[9.473,47.057],[9.53,47.266],[9.672,47.383],[9.562,47.5],[9.743,47.505],[9.665,47.556],[9.737,47.616],[10.138,47.389],[10.103,47.301],[10.2,47.301],[10.403,47.455],[10.388,47.579],[10.835,47.545],[10.903,47.415],[11.34,47.471],[11.56,47.613],[12.122,47.628],[12.163,47.709],[12.765,47.638],[12.744,47.564],[12.879,47.509],[12.826,47.449],[12.601,47.465],[12.585,47.545],[12.425,47.433],[12.361,47.529],[12.232,47.433],[12.088,47.449],[12.007,47.24],[12.28,47.24],[12.312,47.144],[12.184,47.096],[12.28,47.096],[12.328,46.967],[12.218,46.884],[12.075,46.928],[11.74,46.752],[11.908,46.414],[11.571,46.245],[11.571,45.975],[11.233,46.009]]]]}},{"type":"Feature","properties":{"NAME":"Baden","ABBREVN":"Baden","SUBJECTO":"Baden","BORDERPRECISION":3,"PARTOF":"Baden"},"geometry":{"type":"MultiPolygon","coordinates":[[[[8.407,47.674],[8.609,47.672],[8.584,47.596],[8.217,47.621],[7.691,47.534],[7.64,47.563],[7.7,47.602],[7.507,47.604],[7.446,47.709],[7.502,48.058],[7.681,48.359],[7.729,48.616],[8.483,49.294],[8.31,49.553],[8.512,49.524],[8.599,49.38],[8.656,49.553],[8.721,49.553],[8.742,49.398],[8.971,49.335],[8.908,49.273],[9.075,49.273],[9.075,49.377],[9.221,49.523],[9.325,49.523],[9.305,49.627],[9.596,49.648],[9.638,49.273],[9.471,49.21],[9.428,49.095],[9.261,49.063],[8.858,48.717],[8.743,48.833],[8.368,48.487],[8.022,48.458],[8.397,47.911],[8.512,48.112],[8.636,47.776],[8.572,47.808],[8.407,47.674]]]]}},{"type":"Feature","properties":{"NAME":"Holy Roman Empire","ABBREVN":"GermanStates","SUBJECTO":"Holy Roman Empire","BORDERPRECISION":3,"PARTOF":"Holy Roman Empire"},"geometry":{"type":"MultiPolygon","coordinates":[[[[10.18,51.596],[10.325,51.575],[10.518,51.677],[10.598,51.564],[10.872,51.651],[11.059,51.557],[11.126,51.58],[11.067,51.747],[11.39,51.77],[11.677,51.918],[11.833,52.075],[11.815,52.154],[12.107,52.203],[12.185,52.073],[13.141,52.046],[13.106,52.241],[13.398,52.252],[13.387,52.052],[13.603,52.111],[13.8,52.063],[13.86,52.148],[14.011,52.148],[14.054,52.325],[14.138,52.274],[14.324,52.333],[14.324,52.274],[14.551,52.274],[14.526,51.886],[15.2,51.985],[15.174,51.789],[14.867,51.761],[14.867,51.594],[15.258,51.622],[15.342,51.287],[15.267,51.023],[15.009,51.056],[14.997,50.917],[14.765,50.865],[14.61,50.898],[14.596,51.023],[14.458,51.077],[14.262,51.045],[14.389,50.947],[13.911,50.844],[13.855,50.767],[13.524,50.757],[13.473,50.659],[13.233,50.664],[13.189,50.561],[12.462,50.398],[12.177,50.192],[12.084,50.262],[12.214,50.009],[12.484,49.889],[12.448,49.706],[12.536,49.563],[12.861,49.366],[12.945,49.398],[13.48,48.999],[13.578,49.037],[13.745,48.94],[13.947,48.655],[13.677,48.332],[13.253,48.069],[13.42,47.834],[13.565,47.786],[13.516,47.529],[13.677,47.465],[13.757,47.513],[13.902,47.401],[13.805,47.289],[13.854,47.192],[13.035,47.208],[12.778,47.289],[12.473,47.224],[12.473,47.064],[12.328,46.967],[12.28,47.096],[12.184,47.096],[12.312,47.144],[12.28,47.24],[12.007,47.24],[12.088,47.449],[12.232,47.433],[12.296,47.529],[12.425,47.433],[12.521,47.545],[12.65,47.449],[12.879,47.509],[12.744,47.564],[12.7,47.69],[12.446,47.662],[12.358,47.724],[12.163,47.709],[12.122,47.628],[11.56,47.613],[11.17,47.424],[10.903,47.415],[10.835,47.545],[10.388,47.579],[10.403,47.455],[10.2,47.301],[10.103,47.301],[10.138,47.389],[10.021,47.406],[10.026,47.48],[9.892,47.564],[9.737,47.616],[9.653,47.556],[9.043,47.818],[9.216,47.671],[8.987,47.743],[8.995,47.684],[8.827,47.681],[8.636,47.776],[8.594,47.889],[8.682,47.97],[8.612,48.231],[8.291,48.352],[8.291,48.281],[8.512,48.141],[8.397,47.911],[8.022,48.458],[8.368,48.487],[8.743,48.833],[8.858,48.717],[9.261,49.063],[9.428,49.095],[9.471,49.21],[9.638,49.273],[9.596,49.648],[9.305,49.627],[9.325,49.523],[9.221,49.523],[9.075,49.377],[9.075,49.273],[8.908,49.273],[8.971,49.335],[8.742,49.398],[8.721,49.553],[8.656,49.553],[8.599,49.38],[8.512,49.524],[8.31,49.553],[8.483,49.294],[8.158,48.978],[7.465,49.099],[7.423,49.183],[6.777,49.177],[6.433,49.445],[6.399,49.604],[6.511,49.669],[6.531,49.798],[6.137,49.982],[6.109,50.117],[6.298,50.287],[6.281,50.498],[6.0,50.742],[6.074,50.867],[5.928,50.981],[6.176,51.144],[6.089,51.198],[6.222,51.389],[6.44,51.448],[6.487,51.588],[6.581,51.604],[6.627,51.417],[6.768,51.417],[6.768,51.635],[6.381,51.82],[6.825,51.956],[6.882,52.126],[7.068,52.219],[6.997,52.443],[6.714,52.476],[6.778,52.64],[7.035,52.624],[7.073,52.804],[7.228,52.967],[7.19,53.23],[6.981,53.317],[7.037,53.51],[7.166,53.592],[7.875,53.634],[7.854,53.396],[7.947,53.282],[7.772,53.147],[8.141,53.024],[8.187,52.926],[8.207,52.692],[8.109,52.692],[8.109,52.399],[8.199,52.113],[8.09,52.053],[8.05,51.913],[8.599,51.853],[8.579,52.043],[8.769,52.063],[8.719,52.223],[8.871,52.457],[9.099,52.373],[9.049,52.133],[9.159,51.943],[9.229,51.923],[9.219,52.053],[9.419,51.993],[9.409,52.223],[9.619,52.313],[10.553,52.167],[10.843,51.884],[10.665,51.728],[10.453,51.857],[10.335,51.774],[10.26,51.857],[10.211,51.663],[9.987,51.657],[9.987,51.565],[9.915,51.637],[9.854,51.554],[9.725,51.623],[9.351,51.598],[9.503,51.351],[9.472,51.259],[9.594,51.239],[9.574,51.31],[10.162,51.472],[10.18,51.596]],[[7.549,50.87],[7.768,50.839],[7.908,50.964],[7.658,51.26],[7.721,51.51],[8.049,51.432],[7.908,51.682],[7.174,51.666],[6.971,51.588],[7.299,50.839],[7.549,50.87]],[[7.541,52.002],[7.736,51.905],[7.697,52.256],[7.502,52.354],[7.385,52.608],[7.248,52.608],[7.19,52.557],[7.248,52.373],[7.502,52.198],[7.541,52.002]],[[11.178,51.546],[11.07,51.441],[11.204,51.274],[11.421,51.374],[11.421,51.307],[11.538,51.307],[11.39,51.651],[11.245,51.658],[11.178,51.546]],[[10.427,51.236],[10.519,51.264],[10.51,51.477],[10.288,51.519],[10.255,51.43],[10.427,51.236]]],[[[8.661,47.691],[8.717,47.691],[8.661,47.691]]]]}},{"type":"Feature","properties":{"NAME":"Republic of the Seven Zenden","ABBREVN":"Republic of the Seven Zenden","SUBJECTO":"Republic of the Seven Zenden","BORDERPRECISION":3,"PARTOF":"Republic of the Seven Zenden"},"geometry":{"type":"MultiPolygon","coordinates":[[[[8.243,46.356],[8.089,46.268],[8.154,46.146],[7.873,45.921],[7.577,45.991],[7.196,45.861],[6.804,46.137],[6.864,46.292],[6.776,46.362],[6.878,46.394],[7.033,46.184],[7.221,46.327],[7.61,46.443],[7.75,46.321],[7.907,46.302],[8.176,46.471],[8.314,46.396],[8.243,46.356]]]]}},{"type":"Feature","properties":{"NAME":"Geneva","ABBREVN":"Geneva","SUBJECTO":"Geneva","BORDERPRECISION":3,"PARTOF":"Geneva"},"geometry":{"type":"MultiPolygon","coordinates":[[[[6.156,46.27],[6.148,46.207],[6.275,46.257],[6.108,46.126],[5.941,46.176],[6.156,46.27]]]]}},{"type":"Feature","properties":{"NAME":"Sahtu","ABBREVN":"Sahtu","SUBJECTO":"Sahtu","BORDERPRECISION":3,"PARTOF":"Sahtu"},"geometry":{"type":"MultiPolygon","coordinates":[[[[-132.463,64.776],[-132.562,64.809],[-132.342,65.037],[-132.693,65.199],[-132.148,65.582],[-132.56,65.841],[-132.358,65.939],[-133.617,65.998],[-133.895,67.0],[-136.082,67.0],[-136.416,68.192],[-132.643,68.632],[-132.367,68.549],[-132.653,68.352],[-132.421,68.111],[-130.624,68.399],[-120.474,67.945],[-116.367,66.774],[-117.376,65.661],[-119.259,65.289],[-119.555,65.128],[-119.317,64.839],[-120.272,64.257],[-121.033,64.075],[-122.161,64.42],[-124.524,63.999],[-125.997,62.937],[-128.781,62.056],[-129.143,62.1],[-129.14,62.481],[-129.741,62.839],[-129.614,63.051],[-130.133,63.257],[-129.861,63.518],[-130.281,63.662],[-130.114,63.87],[-130.994,64.288],[-132.463,64.776]]]]}},{"type":"Feature","properties":{"NAME":"Tasmanian hunter-gatherers","ABBREVN":"Tasmanian hunter-gatherers","SUBJECTO":"Tasmanian hunter-gatherers","BORDERPRECISION":3,"PARTOF":"Tasmanian hunter-gatherers"},"geometry":{"type":"MultiPolygon","coordinates":[[[[146.713,-43.722],[145.723,-43.24],[145.279,-42.668],[145.183,-42.481],[145.566,-42.583],[145.624,-42.519],[144.869,-41.594],[144.7,-41.164],[144.697,-40.862],[146.382,-41.308],[147.596,-41.165],[147.734,-41.029],[148.056,-40.92],[148.27,-41.093],[148.319,-41.806],[147.981,-42.482],[147.926,-42.823],[147.815,-42.965],[147.391,-43.082],[147.142,-43.257],[146.836,-43.689],[146.713,-43.722]]]]}},{"type":"Feature","properties":{"NAME":"Athabascan","ABBREVN":"Athabascan","SUBJECTO":"Athabascan","BORDERPRECISION":3,"PARTOF":"Athabascan"},"geometry":{"type":"MultiPolygon","coordinates":[[[[-130.114,63.87],[-130.281,63.662],[-129.861,63.518],[-130.133,63.257],[-129.614,63.051],[-129.741,62.839],[-129.14,62.481],[-129.143,62.1],[-128.781,62.056],[-125.997,62.937],[-124.524,63.999],[-123.092,64.254],[-118.198,62.713],[-111.371,58.606],[-112.449,58.525],[-111.977,58.287],[-122.491,54.244],[-127.873,52.413],[-128.06,52.5],[-128.077,52.939],[-128.432,52.939],[-128.889,53.418],[-128.814,53.764],[-129.06,53.739],[-129.434,53.518],[-129.97,53.913],[-128.427,55.668],[-130.075,57.566],[-128.705,60.74],[-133.464,61.538],[-134.311,61.434],[-134.799,60.553],[-138.607,61.535],[-145.511,62.576],[-147.068,60.91],[-147.94,61.206],[-148.493,61.064],[-148.466,60.868],[-148.755,60.683],[-151.784,59.962],[-151.415,60.254],[-151.16,60.66],[-150.828,60.8],[-150.437,60.906],[-149.425,60.859],[-149.317,60.929],[-150.311,61.314],[-150.781,61.292],[-151.342,60.954],[-152.19,60.658],[-152.561,60.384],[-152.878,60.279],[-152.819,60.132],[-152.899,59.896],[-153.17,59.74],[-161.001,63.628],[-160.89,63.857],[-160.927,63.952],[-157.178,64.013],[-138.3,69.143],[-135.496,68.719],[-135.699,68.989],[-136.015,69.147],[-136.044,69.336],[-135.439,69.526],[-135.104,69.497],[-134.776,69.573],[-133.648,69.507],[-133.002,69.758],[-131.446,69.966],[-131.059,70.158],[-130.712,70.205],[-129.849,70.151],[-130.208,69.915],[-132.303,69.487],[-132.618,69.252],[-133.413,69.137],[-133.72,68.918],[-132.95,68.597],[-136.416,68.192],[-136.082,67.0],[-133.895,67.0],[-133.617,65.998],[-132.358,65.939],[-132.56,65.841],[-132.148,65.582],[-132.693,65.199],[-132.342,65.037],[-132.562,64.809],[-130.994,64.288],[-130.114,63.87]]],[[[-132.367,68.549],[-132.753,68.62],[-132.713,68.867],[-132.175,68.981],[-131.673,69.276],[-130.896,69.3],[-129.763,69.658],[-130.463,68.392],[-132.421,68.111],[-132.653,68.352],[-132.367,68.549]]]]}},{"type":"Feature","properties":{"NAME":"Subarctic forest hunter-gatherers","ABBREVN":"Subarctic forest hunter-gatherers","SUBJECTO":"Subarctic forest hunter-gatherers","BORDERPRECISION":3,"PARTOF":"Subarctic forest hunter-gatherers"},"geometry":{"type":"MultiPolygon","coordinates":[[[[-111.977,58.287],[-102.587,53.565],[-106.277,51.517],[-115.034,52.033],[-122.491,54.244],[-111.977,58.287]]]]}},{"type":"Feature","properties":{"NAME":"Savanna hunter-gatherers","ABBREVN":"Savanna hunter-gatherers","SUBJECTO":"Savanna hunter-gatherers","BORDERPRECISION":3,"PARTOF":"Savanna hunter-gatherers"},"geometry":{"type":"MultiPolygon","coordinates":[[[[-53.123,-14.275],[-49.002,-22.664],[-50.179,-24.638],[-50.054,-27.76],[-52.826,-31.597],[-53.544,-31.446],[-54.365,-30.593],[-56.675,-29.888],[-56.55,-28.76],[-53.802,-28.01],[-53.177,-27.511],[-53.677,-26.386],[-53.403,-24.285],[-52.194,-22.834],[-52.325,-22.244],[-52.053,-21.89],[-52.053,-19.266],[-53.677,-18.517],[-55.051,-19.516],[-56.175,-19.516],[-58.424,-17.393],[-60.584,-16.369],[-61.168,-14.23],[-61.367,-14.057],[-60.268,-13.81],[-53.123,-14.275]]],[[[-51.477,-31.823],[-51.333,-31.46],[-50.854,-30.938],[-50.582,-30.416],[-50.609,-30.302],[-50.582,-30.416],[-50.854,-30.938],[-51.333,-31.46],[-51.477,-31.823]]],[[[-61.413,-19.393],[-61.047,-21.117],[-61.782,-22.466],[-61.782,-26.153],[-65.793,-27.011],[-67.544,-26.393],[-67.154,-25.222],[-65.494,-19.135],[-65.719,-18.084],[-64.662,-16.805],[-64.401,-15.629],[-63.503,-17.426],[-61.905,-17.672],[-61.606,-17.522],[-60.936,-18.863],[-61.413,-19.393]]],[[[-37.888,-4.393],[-37.735,-4.53],[-37.888,-4.393],[-37.888,-4.393]]]]}},{"type":"Feature","properties":{"NAME":"Pampas cultures","ABBREVN":"Pampas cultures","SUBJECTO":"Pampas cultures","BORDERPRECISION":3,"PARTOF":"Pampas cultures"},"geometry":{"type":"MultiPolygon","coordinates":[[[[-72.044,-48.766],[-72.191,-45.99],[-71.634,-43.196],[-70.579,-40.579],[-71.799,-40.553],[-71.673,-40.338],[-71.517,-39.706],[-69.437,-37.159],[-67.65,-33.577],[-67.487,-31.716],[-58.34,-34.216],[-58.53,-34.485],[-58.523,-34.587],[-58.107,-34.961],[-57.479,-35.214],[-57.226,-35.436],[-57.237,-35.583],[-57.4,-35.818],[-57.372,-36.149],[-57.084,-36.416],[-56.8,-36.543],[-56.698,-36.944],[-57.502,-37.927],[-57.643,-38.259],[-58.183,-38.54],[-59.515,-38.875],[-60.936,-39.011],[-61.89,-38.981],[-62.31,-38.88],[-62.351,-39.333],[-62.068,-39.556],[-62.435,-40.195],[-62.466,-40.368],[-62.26,-40.803],[-62.401,-40.925],[-62.964,-41.137],[-63.476,-41.19],[-63.842,-41.158],[-64.939,-40.827],[-65.153,-40.975],[-65.135,-41.244],[-64.941,-41.552],[-64.925,-41.731],[-65.033,-42.02],[-64.992,-42.193],[-64.644,-42.437],[-64.286,-42.474],[-64.12,-42.384],[-64.294,-42.205],[-63.729,-42.101],[-63.6,-42.704],[-64.001,-42.853],[-64.217,-42.616],[-64.688,-42.649],[-65.085,-42.784],[-65.017,-42.881],[-64.309,-43.027],[-65.047,-43.331],[-65.307,-43.601],[-65.27,-44.258],[-65.637,-44.626],[-65.627,-44.723],[-65.436,-44.89],[-66.411,-45.021],[-66.695,-45.131],[-67.225,-45.553],[-67.472,-45.922],[-67.469,-46.266],[-67.112,-46.732],[-66.376,-47.127],[-65.776,-47.23],[-65.713,-47.354],[-65.781,-47.712],[-65.993,-48.077],[-67.257,-48.744],[-67.578,-49.059],[-67.7,-49.386],[-67.65,-49.621],[-67.833,-49.968],[-68.895,-50.384],[-69.041,-50.562],[-69.143,-50.918],[-69.115,-51.352],[-71.165,-51.561],[-71.487,-51.104],[-72.044,-48.766]]],[[[-53.544,-31.446],[-52.826,-31.597],[-53.51,-32.545],[-53.228,-32.816],[-53.236,-32.937],[-53.567,-33.403],[-53.406,-33.879],[-53.793,-34.4],[-54.423,-34.852],[-54.99,-34.967],[-55.383,-34.816],[-55.879,-34.887],[-56.167,-35.014],[-56.338,-34.995],[-56.719,-34.691],[-56.8,-31.008],[-56.675,-29.888],[-54.365,-30.593],[-53.544,-31.446]]]]}},{"type":"Feature","properties":{"NAME":"Patagonian shellfish and marine mammal hunters","ABBREVN":"Patagonian shellfish and marine mammal hunters","SUBJECTO":"Patagonian shellfish and marine mammal hunters","BORDERPRECISION":3,"PARTOF":"Patagonian shellfish and marine mammal hunters"},"geometry":{"type":"MultiPolygon","coordinates":[[[[-69.672,-54.774],[-70.721,-54.937],[-70.574,-54.642],[-70.621,-54.501],[-70.213,-54.434],[-69.568,-54.459],[-69.373,-54.605],[-69.055,-54.602],[-69.335,-54.292],[-69.89,-54.139],[-70.146,-53.806],[-69.421,-53.544],[-69.515,-53.345],[-70.333,-53.473],[-70.465,-53.373],[-70.281,-53.087],[-69.407,-52.566],[-69.221,-52.692],[-68.701,-52.72],[-68.332,-52.85],[-68.305,-52.943],[-68.705,-53.235],[-68.557,-53.349],[-68.13,-53.375],[-67.838,-53.701],[-66.983,-54.341],[-66.307,-54.64],[-65.259,-54.719],[-65.348,-54.913],[-66.458,-55.07],[-67.492,-54.87],[-68.376,-54.852],[-69.214,-54.934],[-69.672,-54.774]]],[[[-74.236,-43.368],[-74.296,-43.265],[-74.134,-42.764],[-74.169,-42.346],[-74.005,-42.019],[-73.637,-41.967],[-73.475,-42.114],[-73.455,-42.262],[-73.831,-42.564],[-73.609,-42.911],[-73.696,-43.386],[-73.771,-43.509],[-74.236,-43.368]]],[[[-73.626,-52.608],[-73.658,-52.442],[-73.56,-52.283],[-72.869,-52.281],[-72.845,-52.646],[-73.08,-53.032],[-73.281,-52.953],[-73.243,-52.574],[-73.626,-52.608]]],[[[-72.191,-45.99],[-72.044,-48.766],[-71.487,-51.104],[-71.165,-51.561],[-69.115,-51.352],[-68.831,-51.902],[-68.411,-52.405],[-68.594,-52.465],[-68.995,-52.426],[-69.343,-52.288],[-69.895,-52.627],[-70.573,-52.708],[-70.734,-52.802],[-70.854,-53.081],[-70.878,-53.474],[-70.998,-53.821],[-71.442,-53.882],[-71.872,-53.696],[-71.152,-52.962],[-71.443,-52.829],[-72.051,-53.07],[-72.751,-53.138],[-72.842,-52.985],[-72.784,-52.898],[-71.678,-52.644],[-71.95,-52.571],[-72.559,-52.573],[-72.565,-52.387],[-72.449,-52.161],[-72.65,-52.128],[-72.81,-51.93],[-73.107,-52.103],[-73.408,-52.024],[-73.258,-51.706],[-73.591,-51.792],[-73.875,-51.562],[-73.638,-51.356],[-73.703,-51.198],[-73.861,-51.211],[-74.269,-50.994],[-73.776,-50.835],[-73.53,-50.433],[-74.075,-50.473],[-74.19,-50.171],[-73.932,-49.993],[-74.187,-49.823],[-74.24,-49.634],[-73.9,-49.43],[-73.963,-49.241],[-74.272,-49.431],[-74.312,-48.745],[-74.133,-48.477],[-74.21,-48.008],[-73.439,-48.156],[-73.36,-47.974],[-73.764,-47.773],[-74.154,-47.839],[-74.297,-47.761],[-74.538,-47.787],[-74.545,-47.683],[-74.393,-47.533],[-74.412,-47.384],[-74.328,-47.292],[-74.087,-47.298],[-73.979,-47.032],[-74.463,-46.799],[-75.011,-46.774],[-75.022,-46.553],[-75.496,-46.58],[-74.864,-46.229],[-74.564,-45.872],[-74.189,-45.845],[-74.068,-45.935],[-74.042,-46.091],[-74.479,-46.306],[-74.376,-46.558],[-74.087,-46.298],[-73.979,-46.344],[-73.97,-46.713],[-73.571,-46.265],[-73.474,-45.669],[-73.331,-45.474],[-73.047,-45.376],[-73.335,-45.28],[-73.314,-45.086],[-72.947,-44.943],[-72.677,-44.749],[-72.555,-44.543],[-72.583,-44.44],[-73.058,-44.19],[-73.082,-44.022],[-72.972,-43.707],[-72.999,-43.334],[-72.53,-43.063],[-72.724,-42.8],[-72.747,-42.446],[-72.438,-42.305],[-72.466,-42.035],[-72.731,-41.907],[-72.587,-41.618],[-71.805,-41.574],[-71.86,-40.748],[-71.799,-40.553],[-70.579,-40.579],[-71.634,-43.196],[-72.191,-45.99]]]]}},{"type":"Feature","properties":{"NAME":"Andean hunter-gatherers","ABBREVN":"Andean hunter-gatherers","SUBJECTO":"Andean hunter-gatherers","BORDERPRECISION":3,"PARTOF":"Andean hunter-gatherers"},"geometry":{"type":"MultiPolygon","coordinates":[[[[-69.437,-37.159],[-71.551,-39.758],[-71.42,-39.106],[-70.844,-38.727],[-71.041,-38.307],[-71.153,-37.811],[-71.149,-37.216],[-71.027,-37.212],[-70.289,-36.474],[-69.367,-34.445],[-69.367,-33.093],[-69.041,-32.382],[-67.792,-31.633],[-67.487,-31.716],[-67.65,-33.577],[-69.437,-37.159]]],[[[-73.905,-40.839],[-73.759,-40.243],[-73.194,-39.565],[-73.196,-39.419],[-73.194,-39.565],[-73.759,-40.243],[-73.905,-40.839]]],[[[-73.441,-38.628],[-73.401,-38.099],[-73.441,-38.628]]],[[[-73.69,-37.367],[-73.584,-37.278],[-73.36,-37.322],[-73.144,-37.156],[-72.629,-35.646],[-72.167,-34.958],[-71.963,-34.246],[-71.823,-33.935],[-71.616,-33.706],[-71.61,-33.572],[-71.616,-33.706],[-71.823,-33.935],[-71.963,-34.246],[-72.167,-34.958],[-72.629,-35.646],[-73.144,-37.156],[-73.36,-37.322],[-73.584,-37.278],[-73.69,-37.367]]],[[[-71.75,-33.191],[-71.403,-32.645],[-71.75,-33.191]]]]}},{"type":"Feature","properties":{"NAME":"Amazon hunter-gatherers","ABBREVN":"Amazon hunter-gatherers","SUBJECTO":"Amazon hunter-gatherers","BORDERPRECISION":3,"PARTOF":"Amazon hunter-gatherers"},"geometry":{"type":"MultiPolygon","coordinates":[[[[-53.423,-24.31],[-53.403,-24.285],[-53.677,-26.386],[-53.423,-24.31]]],[[[-57.111,-20.622],[-58.709,-18.409],[-60.307,-18.163],[-61.413,-19.393],[-60.936,-18.863],[-61.606,-17.522],[-61.905,-17.672],[-60.43,-16.934],[-60.584,-16.369],[-58.424,-17.393],[-56.175,-19.516],[-55.051,-19.516],[-53.677,-18.517],[-52.053,-19.266],[-52.053,-21.89],[-52.325,-22.244],[-52.686,-20.622],[-53.915,-19.761],[-55.021,-20.622],[-57.111,-20.622]]],[[[-61.045,-21.114],[-61.047,-21.117],[-61.047,-21.104],[-61.045,-21.114]]],[[[-66.699,-20.253],[-66.33,-18.286],[-66.822,-16.688],[-66.699,-15.582],[-65.839,-14.23],[-65.962,-12.755],[-67.068,-11.28],[-68.42,-11.28],[-69.281,-11.771],[-68.789,-14.23],[-70.264,-14.23],[-74.288,-12.646],[-77.885,-6.977],[-76.656,-6.977],[-74.32,-7.961],[-73.214,-6.731],[-69.649,-6.117],[-69.281,-4.519],[-71.001,-2.675],[-76.041,-2.798],[-76.415,-1.634],[-75.685,1.558],[-74.474,4.386],[-72.723,6.675],[-70.434,7.482],[-70.165,7.079],[-71.511,6.54],[-71.107,3.443],[-70.03,2.5],[-66.798,2.366],[-64.779,5.059],[-64.913,6.001],[-66.26,7.348],[-65.317,8.021],[-59.834,8.44],[-60.066,4.52],[-58.719,4.116],[-57.777,4.52],[-56.565,4.52],[-52.929,3.712],[-51.135,3.715],[-50.9,2.838],[-50.555,1.969],[-52.678,-0.03],[-59.298,-2.653],[-59.673,-3.277],[-58.923,-3.652],[-53.052,-2.528],[-51.553,-3.402],[-47.206,-5.0],[-53.128,-14.265],[-47.206,-5.0],[-43.059,-6.525],[-42.435,-8.899],[-45.557,-16.893],[-50.179,-24.638],[-49.002,-22.664],[-53.123,-14.275],[-60.268,-13.81],[-61.367,-14.057],[-61.168,-14.23],[-63.011,-12.632],[-64.118,-12.878],[-64.487,-13.738],[-64.732,-14.967],[-63.503,-17.426],[-64.401,-15.629],[-64.662,-16.805],[-65.719,-18.084],[-65.494,-19.135],[-67.154,-25.222],[-67.544,-26.393],[-67.917,-26.261],[-67.667,-23.763],[-67.917,-22.014],[-66.699,-20.253]]],[[[-50.207,-0.191],[-49.358,-0.285],[-48.977,-0.208],[-48.402,-0.391],[-48.553,-0.632],[-48.64,-1.058],[-48.886,-1.421],[-49.347,-1.645],[-50.225,-1.735],[-50.476,-1.679],[-50.647,-1.266],[-50.574,-1.177],[-50.617,-0.891],[-50.501,-0.262],[-50.207,-0.191]]]]}},{"type":"Feature","properties":{"NAME":null,"ABBREVN":null,"SUBJECTO":null,"BORDERPRECISION":3,"PARTOF":null},"geometry":{"type":"MultiPolygon","coordinates":[[[[27.781,35.89],[27.72,36.166],[27.909,36.34],[28.226,36.453],[28.123,36.186],[27.781,35.89]]],[[[26.97,36.924],[26.891,37.076],[27.05,36.991],[26.97,36.924]]],[[[26.971,36.672],[26.918,36.755],[27.064,36.839],[27.353,36.872],[26.981,36.747],[26.971,36.672]]],[[[26.887,37.097],[26.769,37.176],[26.858,37.181],[26.887,37.097]]]]}},{"type":"Feature","properties":{"NAME":"Kalaako/Malpa","ABBREVN":"Kalaako/Malpa","SUBJECTO":"Kalaako/Malpa","BORDERPRECISION":3,"PARTOF":"Kalaako/Malpa"},"geometry":{"type":"MultiPolygon","coordinates":[[[[119.917,-32.18],[120.279,-31.743],[120.698,-31.405],[121.38,-31.02],[122.261,-30.699],[123.383,-30.992],[123.009,-31.987],[122.755,-33.391],[122.301,-33.4],[121.405,-33.115],[120.713,-33.172],[119.917,-32.18]]]]}},{"type":"Feature","properties":{"NAME":"Kadjerong","ABBREVN":"Kadjerong","SUBJECTO":"Kadjerong","BORDERPRECISION":3,"PARTOF":"Kadjerong"},"geometry":{"type":"MultiPolygon","coordinates":[[[[128.181,-15.249],[128.459,-14.886],[129.196,-14.993],[129.632,-15.278],[129.693,-15.09],[129.869,-15.284],[129.249,-15.358],[128.765,-15.093],[128.463,-15.242],[128.452,-15.575],[128.287,-15.575],[128.018,-15.512],[128.181,-15.249]]]]}},{"type":"Feature","properties":{"NAME":"Eora","ABBREVN":"Eora","SUBJECTO":"Eora","BORDERPRECISION":3,"PARTOF":"Eora"},"geometry":{"type":"MultiPolygon","coordinates":[[[[151.26,-34.01],[150.883,-33.943],[150.999,-33.729],[151.312,-33.765],[151.26,-34.01]]]]}},{"type":"Feature","properties":{"NAME":"Gooniyandi","ABBREVN":"Gooniyandi","SUBJECTO":"Gooniyandi","BORDERPRECISION":3,"PARTOF":"Gooniyandi"},"geometry":{"type":"MultiPolygon","coordinates":[[[[125.651,-18.115],[125.925,-18.047],[126.568,-18.146],[126.727,-18.282],[126.766,-18.73],[126.42,-18.911],[125.92,-18.953],[125.59,-18.646],[125.497,-18.417],[125.491,-18.308],[125.651,-18.115]]]]}},{"type":"Feature","properties":{"NAME":"Pinikura","ABBREVN":"Pinikura","SUBJECTO":"Pinikura","BORDERPRECISION":3,"PARTOF":"Pinikura"},"geometry":{"type":"MultiPolygon","coordinates":[[[[115.895,-22.568],[116.076,-22.37],[116.565,-22.37],[116.785,-22.477],[116.862,-22.609],[116.845,-22.913],[116.483,-23.029],[116.241,-22.943],[116.005,-22.781],[115.895,-22.568]]]]}},{"type":"Feature","properties":{"NAME":"Yiiji","ABBREVN":"Yiiji","SUBJECTO":"Yiiji","BORDERPRECISION":3,"PARTOF":"Yiiji"},"geometry":{"type":"MultiPolygon","coordinates":[[[[128.018,-15.021],[127.985,-15.288],[128.086,-15.355],[128.068,-15.432],[127.711,-15.586],[127.628,-15.342],[127.969,-14.739],[128.018,-15.021]]]]}},{"type":"Feature","properties":{"NAME":"Ganggalida","ABBREVN":"Ganggalida","SUBJECTO":"Ganggalida","BORDERPRECISION":3,"PARTOF":"Ganggalida"},"geometry":{"type":"MultiPolygon","coordinates":[[[[138.411,-16.899],[138.963,-16.994],[139.075,-17.076],[139.173,-17.356],[139.51,-17.59],[139.29,-17.974],[138.373,-17.989],[138.257,-17.723],[138.051,-17.589],[138.281,-16.85],[138.411,-16.899]]]]}},{"type":"Feature","properties":{"NAME":"Umpila","ABBREVN":"Umpila","SUBJECTO":"Umpila","BORDERPRECISION":3,"PARTOF":"Umpila"},"geometry":{"type":"MultiPolygon","coordinates":[[[[143.474,-13.665],[143.501,-13.785],[143.311,-13.849],[143.347,-13.342],[143.454,-13.343],[143.474,-13.665]]]]}},{"type":"Feature","properties":{"NAME":"Martuthunira","ABBREVN":"Martuthunira","SUBJECTO":"Martuthunira","BORDERPRECISION":3,"PARTOF":"Martuthunira"},"geometry":{"type":"MultiPolygon","coordinates":[[[[116.419,-20.837],[116.821,-20.784],[116.977,-20.884],[117.059,-20.972],[117.07,-21.3],[116.79,-21.428],[116.614,-21.407],[116.384,-21.248],[116.201,-20.95],[116.419,-20.837]]]]}},{"type":"Feature","properties":{"NAME":"Awngthim","ABBREVN":"Awngthim","SUBJECTO":"Awngthim","BORDERPRECISION":3,"PARTOF":"Awngthim"},"geometry":{"type":"MultiPolygon","coordinates":[[[[141.848,-12.843],[141.919,-12.703],[141.816,-12.602],[142.116,-12.517],[142.13,-12.839],[142.023,-12.911],[141.764,-12.882],[141.848,-12.843]]]]}},{"type":"Feature","properties":{"NAME":"Kuyani","ABBREVN":"Kuyani","SUBJECTO":"Kuyani","BORDERPRECISION":3,"PARTOF":"Kuyani"},"geometry":{"type":"MultiPolygon","coordinates":[[[[137.296,-29.554],[139.521,-29.487],[138.505,-30.765],[138.477,-31.166],[138.631,-31.728],[137.686,-31.311],[137.576,-31.189],[137.598,-31.001],[137.335,-30.416],[136.653,-29.793],[137.296,-29.554]]]]}},{"type":"Feature","properties":{"NAME":"Yinhawangka","ABBREVN":"Yinhawangka","SUBJECTO":"Yinhawangka","BORDERPRECISION":3,"PARTOF":"Yinhawangka"},"geometry":{"type":"MultiPolygon","coordinates":[[[[116.982,-22.796],[117.455,-22.731],[117.592,-22.898],[118.575,-23.499],[118.504,-23.629],[117.883,-24.031],[117.081,-23.896],[117.202,-23.206],[116.982,-22.933],[116.982,-22.796]]]]}},{"type":"Feature","properties":{"NAME":"Wangkumara","ABBREVN":"Wangkumara","SUBJECTO":"Wangkumara","BORDERPRECISION":3,"PARTOF":"Wangkumara"},"geometry":{"type":"MultiPolygon","coordinates":[[[[143.778,-25.463],[143.536,-26.697],[143.525,-27.225],[143.734,-27.888],[143.031,-28.053],[142.515,-28.266],[142.311,-28.536],[142.086,-28.401],[141.899,-28.159],[141.438,-27.352],[141.899,-27.03],[142.163,-26.362],[142.504,-26.284],[142.712,-26.441],[143.569,-25.384],[143.778,-25.463]]]]}},{"type":"Feature","properties":{"NAME":"Nari Nari","ABBREVN":"Nari Nari","SUBJECTO":"Nari Nari","BORDERPRECISION":3,"PARTOF":"Nari Nari"},"geometry":{"type":"MultiPolygon","coordinates":[[[[144.201,-34.121],[144.393,-34.148],[144.8,-33.943],[144.789,-34.683],[143.932,-34.809],[143.8,-34.416],[144.201,-34.121]]]]}},{"type":"Feature","properties":{"NAME":"Wambaya","ABBREVN":"Wambaya","SUBJECTO":"Wambaya","BORDERPRECISION":3,"PARTOF":"Wambaya"},"geometry":{"type":"MultiPolygon","coordinates":[[[[134.363,-17.853],[134.615,-17.696],[134.967,-17.644],[135.802,-17.686],[136.868,-18.115],[137.351,-18.417],[137.263,-18.521],[136.395,-18.771],[134.363,-17.853]]]]}},{"type":"Feature","properties":{"NAME":"Wailwan","ABBREVN":"Wailwan","SUBJECTO":"Wailwan","BORDERPRECISION":3,"PARTOF":"Wailwan"},"geometry":{"type":"MultiPolygon","coordinates":[[[[146.107,-29.955],[146.678,-29.926],[147.557,-30.022],[148.085,-29.974],[148.392,-30.098],[148.535,-30.515],[149.019,-30.723],[149.095,-31.044],[149.315,-31.1],[149.326,-31.513],[149.128,-31.934],[148.733,-31.84],[147.129,-31.728],[147.085,-31.232],[146.909,-31.034],[146.854,-30.591],[146.206,-30.107],[146.107,-29.955]]]]}},{"type":"Feature","properties":{"NAME":"Dainggatti","ABBREVN":"Dainggatti","SUBJECTO":"Dainggatti","BORDERPRECISION":3,"PARTOF":"Dainggatti"},"geometry":{"type":"MultiPolygon","coordinates":[[[[152.94,-30.699],[152.982,-31.297],[152.639,-31.325],[152.089,-31.152],[151.622,-31.114],[152.111,-30.444],[152.965,-30.623],[152.94,-30.699]]]]}},{"type":"Feature","properties":{"NAME":"Andegerebenha","ABBREVN":"Andegerebenha","SUBJECTO":"Andegerebenha","BORDERPRECISION":3,"PARTOF":"Andegerebenha"},"geometry":{"type":"MultiPolygon","coordinates":[[[[136.967,-21.78],[136.989,-21.647],[137.692,-21.637],[138.582,-22.116],[138.263,-22.675],[138.406,-23.524],[138.582,-23.634],[137.977,-23.655],[137.186,-23.342],[136.967,-22.888],[136.901,-22.543],[136.967,-21.78]]]]}},{"type":"Feature","properties":{"NAME":"Jabirrjabirr","ABBREVN":"Jabirrjabirr","SUBJECTO":"Jabirrjabirr","BORDERPRECISION":3,"PARTOF":"Jabirrjabirr"},"geometry":{"type":"MultiPolygon","coordinates":[[[[122.537,-16.923],[122.896,-17.038],[122.816,-17.366],[122.16,-17.39],[122.537,-16.923]]]]}},{"type":"Feature","properties":{"NAME":"Kuwarra","ABBREVN":"Kuwarra","SUBJECTO":"Kuwarra","BORDERPRECISION":3,"PARTOF":"Kuwarra"},"geometry":{"type":"MultiPolygon","coordinates":[[[[118.51,-28.401],[118.647,-28.145],[118.834,-28.043],[119.323,-27.284],[119.603,-27.269],[120.866,-27.538],[121.322,-27.528],[121.756,-27.907],[122.366,-28.806],[121.707,-28.922],[120.883,-28.883],[119.685,-29.008],[119.52,-28.806],[118.51,-28.401]]]]}},{"type":"Feature","properties":{"NAME":"Payungu","ABBREVN":"Payungu","SUBJECTO":"Payungu","BORDERPRECISION":3,"PARTOF":"Payungu"},"geometry":{"type":"MultiPolygon","coordinates":[[[[113.667,-23.78],[113.824,-22.756],[114.291,-22.685],[114.758,-22.771],[114.703,-23.493],[114.631,-23.765],[114.445,-24.021],[113.639,-23.826],[113.667,-23.78]]]]}},{"type":"Feature","properties":{"NAME":"Wakaya","ABBREVN":"Wakaya","SUBJECTO":"Wakaya","BORDERPRECISION":3,"PARTOF":"Wakaya"},"geometry":{"type":"MultiPolygon","coordinates":[[[[137.197,-18.438],[137.681,-18.375],[137.911,-18.5],[137.538,-19.612],[138.175,-19.849],[138.538,-19.87],[138.801,-20.097],[138.933,-20.437],[138.406,-20.489],[138.021,-20.633],[137.758,-20.838],[137.241,-20.951],[136.088,-20.705],[135.692,-20.149],[135.681,-19.88],[136.121,-18.896],[136.516,-18.542],[137.197,-18.438]]]]}},{"type":"Feature","properties":{"NAME":"Madi Madi","ABBREVN":"Madi Madi","SUBJECTO":"Madi Madi","BORDERPRECISION":3,"PARTOF":"Madi Madi"},"geometry":{"type":"MultiPolygon","coordinates":[[[[143.41,-33.66],[143.591,-33.669],[144.174,-34.053],[144.179,-34.18],[143.839,-34.452],[144.014,-34.854],[143.407,-34.699],[143.33,-34.488],[142.806,-34.034],[143.41,-33.66]]]]}},{"type":"Feature","properties":{"NAME":"Gunu","ABBREVN":"Gunu","SUBJECTO":"Gunu","BORDERPRECISION":3,"PARTOF":"Gunu"},"geometry":{"type":"MultiPolygon","coordinates":[[[[145.602,-28.955],[145.745,-29.286],[145.794,-29.745],[145.596,-30.164],[145.399,-30.311],[145.162,-30.354],[144.998,-30.297],[145.063,-29.31],[145.486,-28.84],[145.602,-28.955]]]]}},{"type":"Feature","properties":{"NAME":"Maya","ABBREVN":"Maya","SUBJECTO":"Maya","BORDERPRECISION":3,"PARTOF":"Maya"},"geometry":{"type":"MultiPolygon","coordinates":[[[[113.522,-24.016],[113.672,-23.766],[114.631,-23.996],[114.868,-24.107],[115.258,-24.487],[115.312,-24.807],[115.159,-25.051],[114.28,-24.747],[113.566,-24.792],[113.373,-24.447],[113.373,-24.264],[113.522,-24.016]]]]}},{"type":"Feature","properties":{"NAME":"Dyungungoo (Gubbi Gubbi)","ABBREVN":"Dyungungoo (Gubbi Gubbi)","SUBJECTO":"Dyungungoo (Gubbi Gubbi)","BORDERPRECISION":3,"PARTOF":"Dyungungoo (Gubbi Gubbi)"},"geometry":{"type":"MultiPolygon","coordinates":[[[[152.4,-25.072],[152.534,-25.364],[152.722,-25.411],[152.633,-25.587],[152.693,-26.017],[152.972,-25.874],[153.069,-26.228],[153.057,-27.102],[152.435,-26.736],[152.029,-26.259],[151.848,-25.79],[151.798,-25.135],[152.397,-24.971],[152.4,-25.072]]]]}},{"type":"Feature","properties":{"NAME":"Jawoyn","ABBREVN":"Jawoyn","SUBJECTO":"Jawoyn","BORDERPRECISION":3,"PARTOF":"Jawoyn"},"geometry":{"type":"MultiPolygon","coordinates":[[[[132.369,-13.096],[132.979,-13.304],[133.55,-13.299],[133.638,-13.411],[133.577,-14.11],[133.38,-14.685],[133.171,-14.908],[132.775,-14.663],[132.424,-14.552],[131.907,-14.626],[131.885,-14.429],[132.1,-13.721],[132.847,-13.55],[132.676,-13.384],[132.209,-13.24],[132.259,-13.085],[132.369,-13.096]]]]}},{"type":"Feature","properties":{"NAME":"Nguburinji","ABBREVN":"Nguburinji","SUBJECTO":"Nguburinji","BORDERPRECISION":3,"PARTOF":"Nguburinji"},"geometry":{"type":"MultiPolygon","coordinates":[[[[138.362,-17.947],[138.417,-17.885],[138.79,-17.958],[139.34,-17.874],[139.417,-18.062],[139.384,-19.052],[139.131,-19.207],[138.01,-18.719],[138.263,-18.313],[138.362,-17.947]]]]}},{"type":"Feature","properties":{"NAME":"Warumungu","ABBREVN":"Warumungu","SUBJECTO":"Warumungu","BORDERPRECISION":3,"PARTOF":"Warumungu"},"geometry":{"type":"MultiPolygon","coordinates":[[[[132.166,-19.373],[133.484,-19.124],[133.748,-18.854],[133.374,-18.448],[133.495,-18.031],[133.989,-18.146],[133.792,-17.979],[134.231,-17.937],[135.264,-18.031],[136.406,-18.823],[135.747,-20.015],[135.066,-20.118],[133.824,-20.931],[133.099,-20.951],[132.166,-19.373]]]]}},{"type":"Feature","properties":{"NAME":"Luritja","ABBREVN":"Luritja","SUBJECTO":"Luritja","BORDERPRECISION":3,"PARTOF":"Luritja"},"geometry":{"type":"MultiPolygon","coordinates":[[[[131.05,-23.7],[131.067,-22.999],[132.286,-22.979],[132.341,-23.09],[132.122,-23.413],[132.209,-23.705],[132.385,-23.976],[133.121,-24.577],[133.506,-25.493],[134.011,-25.988],[133.121,-26.441],[132.924,-26.471],[132.627,-26.195],[131.034,-25.513],[131.001,-25.041],[130.847,-24.881],[130.534,-24.777],[130.935,-24.237],[131.05,-23.7]]]]}},{"type":"Feature","properties":{"NAME":"Dja Dja Wurrung","ABBREVN":"Dja Dja Wurrung","SUBJECTO":"Dja Dja Wurrung","BORDERPRECISION":3,"PARTOF":"Dja Dja Wurrung"},"geometry":{"type":"MultiPolygon","coordinates":[[[[144.475,-37.164],[144.419,-37.215],[144.553,-37.342],[144.035,-37.474],[143.795,-37.474],[143.453,-37.268],[143.308,-37.296],[143.347,-37.129],[143.224,-37.044],[143.305,-36.953],[143.223,-36.935],[143.155,-36.665],[142.823,-36.567],[142.993,-36.41],[142.959,-36.258],[143.752,-36.099],[144.574,-36.199],[144.719,-36.356],[144.526,-36.643],[144.549,-37.055],[144.475,-37.164]]]]}},{"type":"Feature","properties":{"NAME":"Kaytej","ABBREVN":"Kaytej","SUBJECTO":"Kaytej","BORDERPRECISION":3,"PARTOF":"Kaytej"},"geometry":{"type":"MultiPolygon","coordinates":[[[[135.857,-19.953],[136.033,-20.159],[136.033,-20.571],[136.252,-20.777],[135.022,-21.882],[134.539,-22.573],[133.682,-22.208],[133.022,-22.126],[132.913,-21.902],[132.957,-21.043],[132.825,-20.777],[133.572,-20.777],[134.055,-20.612],[134.846,-20.056],[135.352,-19.953],[135.857,-19.953]]]]}},{"type":"Feature","properties":{"NAME":"Minang","ABBREVN":"Minang","SUBJECTO":"Minang","BORDERPRECISION":3,"PARTOF":"Minang"},"geometry":{"type":"MultiPolygon","coordinates":[[[[118.744,-34.58],[118.207,-35.09],[117.793,-35.212],[116.724,-35.187],[116.411,-35.084],[116.57,-34.827],[116.521,-34.33],[118.867,-34.257],[119.114,-34.525],[119.008,-34.615],[118.744,-34.58]]]]}},{"type":"Feature","properties":{"NAME":"Malkana","ABBREVN":"Malkana","SUBJECTO":"Malkana","BORDERPRECISION":3,"PARTOF":"Malkana"},"geometry":{"type":"MultiPolygon","coordinates":[[[[113.092,-26.058],[113.433,-26.572],[113.58,-26.656],[113.739,-26.667],[113.583,-26.152],[113.285,-25.827],[113.321,-25.69],[113.658,-26.068],[113.881,-26.509],[114.095,-26.539],[114.05,-26.289],[114.181,-26.271],[114.183,-26.017],[113.896,-25.59],[114.159,-25.736],[114.813,-25.78],[114.862,-26.215],[114.807,-26.426],[114.109,-26.623],[113.796,-26.819],[113.5,-26.687],[113.06,-26.116],[113.092,-26.058]]]]}},{"type":"Feature","properties":{"NAME":"Yir Yoront","ABBREVN":"Yir Yoront","SUBJECTO":"Yir Yoront","BORDERPRECISION":3,"PARTOF":"Yir Yoront"},"geometry":{"type":"MultiPolygon","coordinates":[[[[141.711,-15.227],[141.776,-15.229],[141.746,-15.348],[141.642,-15.336],[141.711,-15.227]]]]}},{"type":"Feature","properties":{"NAME":"Yawuru","ABBREVN":"Yawuru","SUBJECTO":"Yawuru","BORDERPRECISION":3,"PARTOF":"Yawuru"},"geometry":{"type":"MultiPolygon","coordinates":[[[[122.232,-18.167],[122.635,-17.921],[122.72,-17.72],[122.86,-17.66],[123.088,-18.081],[122.959,-18.464],[122.769,-18.441],[122.232,-18.167]]]]}},{"type":"Feature","properties":{"NAME":"Karangura","ABBREVN":"Karangura","SUBJECTO":"Karangura","BORDERPRECISION":3,"PARTOF":"Karangura"},"geometry":{"type":"MultiPolygon","coordinates":[[[[138.131,-25.998],[138.911,-25.904],[138.95,-26.343],[138.895,-26.421],[138.076,-26.48],[137.977,-26.032],[138.131,-25.998]]]]}},{"type":"Feature","properties":{"NAME":"Kaniyang","ABBREVN":"Kaniyang","SUBJECTO":"Kaniyang","BORDERPRECISION":3,"PARTOF":"Kaniyang"},"geometry":{"type":"MultiPolygon","coordinates":[[[[115.715,-33.018],[115.977,-32.981],[116.406,-33.101],[117.257,-33.5],[117.691,-33.989],[117.565,-34.207],[117.394,-34.28],[116.433,-34.307],[116.197,-34.194],[116.213,-33.948],[116.005,-33.72],[115.84,-33.66],[115.65,-33.349],[115.715,-33.018]]]]}},{"type":"Feature","properties":{"NAME":"Meru","ABBREVN":"Meru","SUBJECTO":"Meru","BORDERPRECISION":3,"PARTOF":"Meru"},"geometry":{"type":"MultiPolygon","coordinates":[[[[139.164,-34.733],[139.076,-33.669],[139.515,-33.468],[140.317,-33.294],[141.021,-33.459],[142.086,-33.907],[141.812,-34.452],[141.449,-34.832],[141.108,-34.597],[140.68,-34.687],[139.823,-34.669],[139.537,-35.219],[139.065,-35.138],[139.164,-34.733]]]]}},{"type":"Feature","properties":{"NAME":"Yilba","ABBREVN":"Yilba","SUBJECTO":"Yilba","BORDERPRECISION":3,"PARTOF":"Yilba"},"geometry":{"type":"MultiPolygon","coordinates":[[[[146.398,-20.345],[146.959,-20.504],[146.849,-20.643],[146.574,-20.694],[146.607,-21.601],[145.514,-21.698],[145.415,-21.545],[145.404,-20.992],[145.426,-20.664],[145.525,-20.509],[146.085,-20.314],[146.398,-20.345]]]]}},{"type":"Feature","properties":{"NAME":"Ngarinman","ABBREVN":"Ngarinman","SUBJECTO":"Ngarinman","BORDERPRECISION":3,"PARTOF":"Ngarinman"},"geometry":{"type":"MultiPolygon","coordinates":[[[[129.512,-15.977],[130.287,-15.395],[130.419,-15.528],[130.485,-15.961],[130.869,-16.104],[130.957,-16.441],[130.221,-17.172],[129.408,-16.925],[129.238,-16.836],[129.194,-16.699],[129.26,-16.331],[129.512,-15.977]]]]}},{"type":"Feature","properties":{"NAME":"Yawarawarka","ABBREVN":"Yawarawarka","SUBJECTO":"Yawarawarka","BORDERPRECISION":3,"PARTOF":"Yawarawarka"},"geometry":{"type":"MultiPolygon","coordinates":[[[[140.784,-26.002],[141.861,-26.765],[141.954,-26.912],[141.839,-27.216],[141.361,-27.523],[140.691,-27.737],[139.96,-27.542],[140.087,-26.814],[140.427,-26.077],[140.515,-25.929],[140.784,-26.002]]],[[[140.488,-25.923],[140.515,-25.928],[140.515,-25.929],[140.488,-25.923]]]]}},{"type":"Feature","properties":{"NAME":"Jukun","ABBREVN":"Jukun","SUBJECTO":"Jukun","BORDERPRECISION":3,"PARTOF":"Jukun"},"geometry":{"type":"MultiPolygon","coordinates":[[[[122.202,-17.983],[122.193,-17.764],[122.753,-17.715],[122.621,-17.976],[122.368,-18.062],[122.213,-18.049],[122.202,-17.983]]]]}},{"type":"Feature","properties":{"NAME":"Nakara","ABBREVN":"Nakara","SUBJECTO":"Nakara","BORDERPRECISION":3,"PARTOF":"Nakara"},"geometry":{"type":"MultiPolygon","coordinates":[[[[134.409,-12.121],[134.608,-12.058],[134.409,-12.121]]]]}},{"type":"Feature","properties":{"NAME":"Mara","ABBREVN":"Mara","SUBJECTO":"Mara","BORDERPRECISION":3,"PARTOF":"Mara"},"geometry":{"type":"MultiPolygon","coordinates":[[[[135.458,-14.681],[135.417,-14.973],[135.945,-15.359],[135.824,-15.448],[135.698,-15.724],[135.401,-15.84],[135.291,-15.432],[134.874,-15.136],[134.863,-14.87],[134.753,-14.759],[135.027,-14.445],[135.137,-14.424],[135.632,-14.499],[135.458,-14.681]]]]}},{"type":"Feature","properties":{"NAME":"Maranunggu","ABBREVN":"Maranunggu","SUBJECTO":"Maranunggu","BORDERPRECISION":3,"PARTOF":"Maranunggu"},"geometry":{"type":"MultiPolygon","coordinates":[[[[130.086,-13.592],[130.191,-13.498],[130.284,-13.643],[130.248,-13.878],[130.114,-13.854],[130.037,-13.67],[129.861,-13.715],[130.086,-13.592]]]]}},{"type":"Feature","properties":{"NAME":"Dharawala","ABBREVN":"Dharawala","SUBJECTO":"Dharawala","BORDERPRECISION":3,"PARTOF":"Dharawala"},"geometry":{"type":"MultiPolygon","coordinates":[[[[143.712,-25.314],[144.47,-24.747],[144.569,-24.567],[144.921,-24.677],[145.272,-24.916],[145.635,-24.737],[145.679,-24.547],[145.756,-24.567],[145.833,-24.427],[146.179,-24.462],[146.695,-24.302],[146.788,-24.906],[146.667,-25.036],[146.569,-25.632],[145.811,-26.293],[144.371,-26.647],[143.427,-26.628],[143.712,-25.314]]]]}},{"type":"Feature","properties":{"NAME":"Thiin","ABBREVN":"Thiin","SUBJECTO":"Thiin","BORDERPRECISION":3,"PARTOF":"Thiin"},"geometry":{"type":"MultiPolygon","coordinates":[[[[116.433,-23.976],[116.274,-23.876],[115.768,-23.836],[115.823,-23.7],[115.697,-23.251],[115.735,-22.903],[117.729,-23.856],[117.729,-23.986],[116.993,-24.162],[116.889,-24.482],[116.384,-24.642],[116.345,-24.462],[116.45,-24.182],[116.433,-23.976]]]]}},{"type":"Feature","properties":{"NAME":"Doolboong/Miriwoong","ABBREVN":"Doolboong/Miriwoong","SUBJECTO":"Doolboong/Miriwoong","BORDERPRECISION":3,"PARTOF":"Doolboong/Miriwoong"},"geometry":{"type":"MultiPolygon","coordinates":[[[[128.046,-15.644],[128.441,-15.491],[128.474,-15.168],[128.782,-15.083],[129.282,-15.295],[129.814,-15.252],[129.913,-15.411],[130.133,-15.438],[130.166,-15.512],[129.611,-15.94],[129.326,-16.315],[128.43,-16.041],[127.864,-15.961],[127.82,-15.866],[128.046,-15.644]]]]}},{"type":"Feature","properties":{"NAME":"Warlpiri","ABBREVN":"Warlpiri","SUBJECTO":"Warlpiri","BORDERPRECISION":3,"PARTOF":"Warlpiri"},"geometry":{"type":"MultiPolygon","coordinates":[[[[129.034,-18.01],[129.265,-18.323],[129.891,-18.313],[130.946,-18.104],[132.056,-18.948],[132.198,-19.156],[132.528,-19.818],[132.825,-20.211],[133.099,-21.207],[133.077,-21.678],[132.902,-21.963],[132.067,-22.004],[131.88,-22.289],[131.88,-22.553],[132.231,-23.029],[131.462,-23.009],[130.726,-22.796],[130.298,-22.35],[129.979,-21.678],[130.133,-21.207],[130.397,-21.002],[130.496,-20.797],[130.496,-20.551],[129.869,-19.942],[129.276,-19.674],[128.716,-19.301],[129.144,-18.917],[129.133,-18.177],[129.034,-18.01]]]]}},{"type":"Feature","properties":{"NAME":"Kuungkari","ABBREVN":"Kuungkari","SUBJECTO":"Kuungkari","BORDERPRECISION":3,"PARTOF":"Kuungkari"},"geometry":{"type":"MultiPolygon","coordinates":[[[[142.954,-24.487],[143.262,-23.836],[143.613,-23.705],[144.646,-23.735],[145.02,-23.836],[145.173,-24.067],[145.723,-24.477],[145.668,-24.747],[145.415,-24.916],[145.14,-24.916],[144.657,-24.647],[143.723,-25.344],[143.174,-24.837],[142.954,-24.487]]]]}},{"type":"Feature","properties":{"NAME":"Kureinji","ABBREVN":"Kureinji","SUBJECTO":"Kureinji","BORDERPRECISION":3,"PARTOF":"Kureinji"},"geometry":{"type":"MultiPolygon","coordinates":[[[[141.965,-33.998],[142.229,-33.752],[142.603,-33.743],[143.35,-34.443],[142.679,-34.715],[142.493,-34.715],[142.317,-34.606],[142.141,-34.235],[141.921,-34.189],[141.866,-34.089],[141.965,-33.998]]]]}},{"type":"Feature","properties":{"NAME":"Dadi Dadi","ABBREVN":"Dadi Dadi","SUBJECTO":"Dadi Dadi","BORDERPRECISION":3,"PARTOF":"Dadi Dadi"},"geometry":{"type":"MultiPolygon","coordinates":[[[[142.894,-34.611],[143.289,-34.452],[143.394,-34.516],[143.366,-34.719],[143.009,-34.863],[142.894,-34.611]]]]}},{"type":"Feature","properties":{"NAME":"Kaurna Pangkarra","ABBREVN":"Kaurna Pangkarra","SUBJECTO":"Kaurna Pangkarra","BORDERPRECISION":3,"PARTOF":"Kaurna Pangkarra"},"geometry":{"type":"MultiPolygon","coordinates":[[[[138.535,-35.297],[138.568,-34.928],[138.271,-34.579],[138.043,-34.148],[137.994,-33.793],[137.998,-33.458],[138.323,-33.298],[138.79,-34.687],[138.79,-34.859],[138.458,-35.483],[138.535,-35.297]]]]}},{"type":"Feature","properties":{"NAME":"Walmatjarri","ABBREVN":"Walmatjarri","SUBJECTO":"Walmatjarri","BORDERPRECISION":3,"PARTOF":"Walmatjarri"},"geometry":{"type":"MultiPolygon","coordinates":[[[[124.882,-18.48],[125.546,-18.428],[125.876,-18.854],[126.343,-18.958],[126.442,-19.067],[126.848,-19.093],[126.639,-20.046],[126.398,-20.427],[124.871,-20.252],[124.991,-20.046],[124.991,-19.787],[124.761,-19.104],[124.75,-18.677],[124.882,-18.48]]]]}},{"type":"Feature","properties":{"NAME":"Waka Waka","ABBREVN":"Waka Waka","SUBJECTO":"Waka Waka","BORDERPRECISION":3,"PARTOF":"Waka Waka"},"geometry":{"type":"MultiPolygon","coordinates":[[[[152.853,-26.942],[152.93,-27.059],[152.798,-27.299],[152.628,-27.323],[152.507,-27.206],[152.139,-27.216],[151.996,-26.942],[151.512,-26.657],[151.49,-26.392],[151.375,-26.224],[150.831,-25.711],[151.348,-25.096],[151.716,-25.026],[152.067,-26.229],[152.556,-26.78],[152.853,-26.942]]]]}},{"type":"Feature","properties":{"NAME":"Thaayorre","ABBREVN":"Thaayorre","SUBJECTO":"Thaayorre","BORDERPRECISION":3,"PARTOF":"Thaayorre"},"geometry":{"type":"MultiPolygon","coordinates":[[[[141.652,-15.036],[141.548,-14.86],[141.53,-14.476],[142.059,-14.456],[142.031,-14.754],[141.725,-15.219],[141.652,-15.036]]]]}},{"type":"Feature","properties":{"NAME":"Jaburrara","ABBREVN":"Jaburrara","SUBJECTO":"Jaburrara","BORDERPRECISION":3,"PARTOF":"Jaburrara"},"geometry":{"type":"MultiPolygon","coordinates":[[[[116.774,-20.786],[116.774,-20.786]]]]}},{"type":"Feature","properties":{"NAME":"Nyaki-nyaki","ABBREVN":"Nyaki-nyaki","SUBJECTO":"Nyaki-nyaki","BORDERPRECISION":3,"PARTOF":"Nyaki-nyaki"},"geometry":{"type":"MultiPolygon","coordinates":[[[[118.235,-30.836],[118.471,-31.1],[120.289,-32.217],[120.388,-32.357],[120.394,-32.773],[120.135,-33.142],[118.152,-33.105],[117.669,-32.547],[117.526,-31.957],[117.724,-31.527],[118.235,-30.836]]]]}},{"type":"Feature","properties":{"NAME":"Yorta Yorta","ABBREVN":"Yorta Yorta","SUBJECTO":"Yorta Yorta","BORDERPRECISION":3,"PARTOF":"Yorta Yorta"},"geometry":{"type":"MultiPolygon","coordinates":[[[[144.849,-35.47],[145.074,-35.241],[145.327,-35.142],[145.327,-35.639],[145.783,-35.938],[145.833,-36.018],[145.761,-36.138],[145.5,-36.213],[145.0,-36.187],[144.671,-36.04],[144.506,-35.822],[144.605,-35.619],[144.849,-35.47]]]]}},{"type":"Feature","properties":{"NAME":"Ngarigo","ABBREVN":"Ngarigo","SUBJECTO":"Ngarigo","BORDERPRECISION":3,"PARTOF":"Ngarigo"},"geometry":{"type":"MultiPolygon","coordinates":[[[[149.59,-35.38],[149.491,-35.836],[149.502,-37.038],[149.03,-37.081],[148.359,-37.388],[148.085,-37.274],[147.843,-36.967],[147.81,-36.739],[147.81,-35.96],[147.997,-35.147],[148.381,-35.147],[149.59,-35.38]]]]}},{"type":"Feature","properties":{"NAME":"Muruwari","ABBREVN":"Muruwari","SUBJECTO":"Muruwari","BORDERPRECISION":3,"PARTOF":"Muruwari"},"geometry":{"type":"MultiPolygon","coordinates":[[[[146.03,-27.994],[146.448,-28.459],[146.898,-28.758],[147.415,-28.979],[147.59,-29.143],[147.052,-29.679],[146.964,-29.917],[146.656,-29.736],[145.854,-29.64],[145.734,-29.707],[145.756,-29.306],[145.558,-28.931],[145.767,-28.585],[145.975,-27.975],[146.03,-27.994]]]]}},{"type":"Feature","properties":{"NAME":"Ngarluma","ABBREVN":"Ngarluma","SUBJECTO":"Ngarluma","BORDERPRECISION":3,"PARTOF":"Ngarluma"},"geometry":{"type":"MultiPolygon","coordinates":[[[[117.088,-20.778],[117.597,-20.758],[117.814,-20.619],[118.026,-21.3],[117.136,-21.064],[116.779,-20.828],[117.088,-20.778]]]]}},{"type":"Feature","properties":{"NAME":"Mbara","ABBREVN":"Mbara","SUBJECTO":"Mbara","BORDERPRECISION":3,"PARTOF":"Mbara"},"geometry":{"type":"MultiPolygon","coordinates":[[[[142.91,-19.456],[144.24,-19.674],[144.371,-19.942],[144.294,-20.53],[142.899,-20.612],[142.69,-20.458],[142.416,-20.138],[142.91,-19.456]]]]}},{"type":"Feature","properties":{"NAME":"Gumbainggir","ABBREVN":"Gumbainggir","SUBJECTO":"Gumbainggir","BORDERPRECISION":3,"PARTOF":"Gumbainggir"},"geometry":{"type":"MultiPolygon","coordinates":[[[[153.203,-29.91],[152.951,-30.666],[152.111,-30.477],[151.589,-30.102],[151.392,-29.893],[151.392,-29.76],[151.628,-29.569],[151.672,-29.435],[152.545,-29.487],[152.787,-29.573],[153.144,-29.272],[153.342,-29.251],[153.203,-29.91]]]]}},{"type":"Feature","properties":{"NAME":"Yinwum","ABBREVN":"Yinwum","SUBJECTO":"Yinwum","BORDERPRECISION":3,"PARTOF":"Yinwum"},"geometry":{"type":"MultiPolygon","coordinates":[[[[142.603,-12.445],[142.968,-12.678],[142.984,-12.978],[142.814,-13.117],[142.586,-13.031],[142.603,-12.445]]]]}},{"type":"Feature","properties":{"NAME":"Marramaninjsji","ABBREVN":"Marramaninjsji","SUBJECTO":"Marramaninjsji","BORDERPRECISION":3,"PARTOF":"Marramaninjsji"},"geometry":{"type":"MultiPolygon","coordinates":[[[[130.078,-14.07],[130.309,-13.886],[130.254,-14.105],[130.103,-14.129],[130.078,-14.07]]]]}},{"type":"Feature","properties":{"NAME":"Barna","ABBREVN":"Barna","SUBJECTO":"Barna","BORDERPRECISION":3,"PARTOF":"Barna"},"geometry":{"type":"MultiPolygon","coordinates":[[[[148.574,-22.35],[147.87,-22.746],[147.7,-22.431],[147.761,-22.274],[147.744,-21.566],[148.618,-21.622],[148.574,-22.35]]]]}},{"type":"Feature","properties":{"NAME":"Uutaalnganu","ABBREVN":"Uutaalnganu","SUBJECTO":"Uutaalnganu","BORDERPRECISION":3,"PARTOF":"Uutaalnganu"},"geometry":{"type":"MultiPolygon","coordinates":[[[[143.437,-13.081],[143.457,-13.395],[143.385,-13.395],[143.127,-12.946],[143.376,-12.833],[143.437,-13.081]]]]}},{"type":"Feature","properties":{"NAME":"Wergaia","ABBREVN":"Wergaia","SUBJECTO":"Wergaia","BORDERPRECISION":3,"PARTOF":"Wergaia"},"geometry":{"type":"MultiPolygon","coordinates":[[[[141.394,-34.859],[141.57,-34.66],[141.757,-34.588],[143.042,-34.859],[143.24,-35.012],[143.558,-35.747],[143.954,-35.862],[143.998,-35.987],[143.701,-36.227],[143.02,-36.368],[142.46,-36.315],[141.91,-36.8],[141.01,-36.897],[140.999,-35.96],[141.394,-34.859]]]]}},{"type":"Feature","properties":{"NAME":"Punuba","ABBREVN":"Punuba","SUBJECTO":"Punuba","BORDERPRECISION":3,"PARTOF":"Punuba"},"geometry":{"type":"MultiPolygon","coordinates":[[[[125.508,-17.571],[125.695,-17.414],[125.87,-17.414],[126.299,-17.644],[126.321,-17.791],[125.695,-18.156],[125.31,-17.77],[125.343,-17.602],[125.508,-17.571]]]]}},{"type":"Feature","properties":{"NAME":"Warlmanpa","ABBREVN":"Warlmanpa","SUBJECTO":"Warlmanpa","BORDERPRECISION":3,"PARTOF":"Warlmanpa"},"geometry":{"type":"MultiPolygon","coordinates":[[[[131.49,-17.979],[132.281,-17.686],[133.352,-17.749],[133.341,-18.167],[133.561,-18.532],[133.846,-18.813],[133.879,-18.989],[133.813,-19.135],[133.539,-19.27],[133.605,-19.264],[132.698,-19.337],[132.429,-19.342],[132.149,-19.223],[131.858,-18.901],[130.902,-18.156],[131.49,-17.979]]]]}},{"type":"Feature","properties":{"NAME":"Nguri","ABBREVN":"Nguri","SUBJECTO":"Nguri","BORDERPRECISION":3,"PARTOF":"Nguri"},"geometry":{"type":"MultiPolygon","coordinates":[[[[148.063,-25.061],[148.233,-25.076],[148.398,-25.265],[148.239,-26.141],[147.222,-26.062],[147.189,-25.656],[147.294,-25.513],[148.063,-25.061]]]]}},{"type":"Feature","properties":{"NAME":"Gunggari","ABBREVN":"Gunggari","SUBJECTO":"Gunggari","BORDERPRECISION":3,"PARTOF":"Gunggari"},"geometry":{"type":"MultiPolygon","coordinates":[[[[148.029,-24.679],[148.222,-24.805],[148.425,-25.181],[148.288,-25.951],[148.399,-26.118],[148.383,-26.752],[148.552,-27.426],[148.417,-27.592],[148.542,-27.811],[148.404,-27.87],[148.141,-27.72],[147.535,-27.696],[147.282,-27.435],[147.086,-27.6],[146.946,-27.117],[146.618,-27.268],[146.433,-27.248],[146.377,-27.162],[146.43,-27.008],[146.862,-26.702],[147.003,-26.215],[147.414,-25.4],[147.715,-24.942],[148.029,-24.679]]]]}},{"type":"Feature","properties":{"NAME":"Nganyaywana","ABBREVN":"Nganyaywana","SUBJECTO":"Nganyaywana","BORDERPRECISION":3,"PARTOF":"Nganyaywana"},"geometry":{"type":"MultiPolygon","coordinates":[[[[150.974,-29.798],[151.375,-29.793],[151.507,-29.979],[152.139,-30.453],[151.996,-30.756],[151.661,-31.044],[151.287,-31.18],[151.029,-31.015],[150.897,-30.822],[150.809,-30.321],[150.974,-29.798]]]]}},{"type":"Feature","properties":{"NAME":"Worla","ABBREVN":"Worla","SUBJECTO":"Worla","BORDERPRECISION":3,"PARTOF":"Worla"},"geometry":{"type":"MultiPolygon","coordinates":[[[[125.87,-16.836],[126.595,-16.784],[126.87,-16.352],[126.87,-16.109],[126.969,-15.94],[127.474,-15.94],[127.365,-16.615],[127.529,-17.277],[127.408,-17.361],[126.53,-17.728],[126.288,-17.738],[126.189,-17.592],[125.804,-17.435],[125.728,-17.309],[125.662,-17.046],[125.87,-16.836]]]]}},{"type":"Feature","properties":{"NAME":"Kalkadoon","ABBREVN":"Kalkadoon","SUBJECTO":"Kalkadoon","BORDERPRECISION":3,"PARTOF":"Kalkadoon"},"geometry":{"type":"MultiPolygon","coordinates":[[[[140.087,-20.18],[140.823,-21.688],[140.729,-21.739],[140.24,-21.805],[139.257,-21.514],[139.153,-21.576],[139.076,-20.91],[138.801,-20.324],[140.065,-20.108],[140.087,-20.18]]]]}},{"type":"Feature","properties":{"NAME":"Tjupany","ABBREVN":"Tjupany","SUBJECTO":"Tjupany","BORDERPRECISION":3,"PARTOF":"Tjupany"},"geometry":{"type":"MultiPolygon","coordinates":[[[[118.652,-28.033],[118.537,-27.844],[118.328,-27.713],[118.021,-27.206],[118.938,-25.731],[119.674,-25.884],[120.8,-26.357],[120.927,-26.907],[121.278,-27.401],[121.317,-27.576],[120.69,-27.538],[119.619,-27.294],[119.339,-27.318],[118.954,-27.946],[118.757,-28.125],[118.652,-28.033]]]]}},{"type":"Feature","properties":{"NAME":"Wunumara","ABBREVN":"Wunumara","SUBJECTO":"Wunumara","BORDERPRECISION":3,"PARTOF":"Wunumara"},"geometry":{"type":"MultiPolygon","coordinates":[[[[143.207,-20.633],[143.394,-21.361],[143.394,-21.668],[142.537,-21.882],[141.658,-21.708],[140.856,-21.963],[140.372,-20.869],[140.504,-20.54],[140.779,-20.252],[141.35,-20.035],[141.559,-20.386],[141.823,-20.592],[142.646,-20.664],[143.119,-20.53],[143.207,-20.633]]]]}},{"type":"Feature","properties":{"NAME":"Yankuntjatjara","ABBREVN":"Yankuntjatjara","SUBJECTO":"Yankuntjatjara","BORDERPRECISION":3,"PARTOF":"Yankuntjatjara"},"geometry":{"type":"MultiPolygon","coordinates":[[[[131.045,-25.453],[131.77,-25.741],[132.638,-25.849],[132.913,-26.096],[133.506,-28.208],[133.462,-28.401],[132.231,-28.42],[131.803,-28.343],[131.429,-28.208],[130.847,-27.722],[130.704,-27.518],[130.869,-26.736],[130.781,-26.077],[131.045,-25.453]]]]}},{"type":"Feature","properties":{"NAME":"Nakako","ABBREVN":"Nakako","SUBJECTO":"Nakako","BORDERPRECISION":3,"PARTOF":"Nakako"},"geometry":{"type":"MultiPolygon","coordinates":[[[[126.958,-26.638],[127.793,-26.284],[127.969,-26.077],[128.276,-25.919],[129.023,-25.839],[129.078,-26.824],[129.287,-27.128],[130.21,-27.499],[130.583,-27.518],[130.594,-27.674],[130.155,-28.033],[129.902,-28.372],[127.991,-28.44],[127.299,-28.633],[126.958,-26.638]]]]}},{"type":"Feature","properties":{"NAME":"Jaitmatang","ABBREVN":"Jaitmatang","SUBJECTO":"Jaitmatang","BORDERPRECISION":3,"PARTOF":"Jaitmatang"},"geometry":{"type":"MultiPolygon","coordinates":[[[[147.195,-37.09],[147.294,-36.545],[147.228,-36.129],[147.14,-36.022],[147.7,-35.951],[148.26,-36.085],[148.217,-37.055],[147.997,-37.344],[147.667,-37.51],[147.404,-37.501],[147.195,-37.09]]]]}},{"type":"Feature","properties":{"NAME":"Mandjindja","ABBREVN":"Mandjindja","SUBJECTO":"Mandjindja","BORDERPRECISION":3,"PARTOF":"Mandjindja"},"geometry":{"type":"MultiPolygon","coordinates":[[[[125.442,-25.869],[127.013,-26.608],[127.233,-27.274],[127.321,-27.79],[127.277,-28.15],[127.397,-28.633],[126.738,-28.941],[126.09,-28.777],[124.398,-27.674],[124.376,-27.118],[124.552,-26.392],[124.794,-26.086],[125.101,-25.859],[125.442,-25.869]]]]}},{"type":"Feature","properties":{"NAME":"Ngalea","ABBREVN":"Ngalea","SUBJECTO":"Ngalea","BORDERPRECISION":3,"PARTOF":"Ngalea"},"geometry":{"type":"MultiPolygon","coordinates":[[[[127.43,-28.671],[127.397,-28.575],[127.529,-28.478],[127.958,-28.314],[129.221,-28.256],[129.946,-28.314],[129.902,-28.95],[130.144,-29.507],[130.518,-29.869],[131.44,-30.231],[129.342,-30.088],[128.463,-30.126],[128.397,-29.793],[128.21,-29.507],[127.43,-28.671]]]]}},{"type":"Feature","properties":{"NAME":"Wurundjeri","ABBREVN":"Wurundjeri","SUBJECTO":"Wurundjeri","BORDERPRECISION":3,"PARTOF":"Wurundjeri"},"geometry":{"type":"MultiPolygon","coordinates":[[[[146.393,-38.299],[146.316,-38.385],[146.052,-38.359],[144.987,-37.858],[144.525,-37.953],[144.404,-37.884],[144.174,-37.178],[144.954,-37.081],[145.723,-37.414],[146.217,-37.423],[146.514,-38.005],[146.393,-38.299]]]]}},{"type":"Feature","properties":{"NAME":"Kariyarra","ABBREVN":"Kariyarra","SUBJECTO":"Kariyarra","BORDERPRECISION":3,"PARTOF":"Kariyarra"},"geometry":{"type":"MultiPolygon","coordinates":[[[[117.968,-20.471],[118.689,-20.34],[118.878,-20.509],[118.883,-20.946],[118.586,-21.657],[118.488,-21.678],[118.004,-21.392],[117.795,-20.689],[117.968,-20.471]]]]}},{"type":"Feature","properties":{"NAME":"Gadubanud","ABBREVN":"Gadubanud","SUBJECTO":"Gadubanud","BORDERPRECISION":3,"PARTOF":"Gadubanud"},"geometry":{"type":"MultiPolygon","coordinates":[[[[144.25,-38.393],[143.943,-38.686],[143.52,-38.912],[143.108,-38.771],[143.427,-38.531],[143.586,-38.574],[143.86,-38.411],[144.25,-38.393]]]]}},{"type":"Feature","properties":{"NAME":"Ngurraiillam","ABBREVN":"Ngurraiillam","SUBJECTO":"Ngurraiillam","BORDERPRECISION":3,"PARTOF":"Ngurraiillam"},"geometry":{"type":"MultiPolygon","coordinates":[[[[144.838,-36.111],[145.8,-36.111],[145.794,-36.227],[145.646,-36.443],[145.162,-36.655],[144.459,-36.585],[144.838,-36.111]]]]}},{"type":"Feature","properties":{"NAME":"Nyul Nyul","ABBREVN":"Nyul Nyul","SUBJECTO":"Nyul Nyul","BORDERPRECISION":3,"PARTOF":"Nyul Nyul"},"geometry":{"type":"MultiPolygon","coordinates":[[[[122.564,-16.895],[122.653,-16.736],[122.927,-16.734],[123.079,-16.979],[122.715,-17.028],[122.564,-16.895]]]]}},{"type":"Feature","properties":{"NAME":"Taungurung","ABBREVN":"Taungurung","SUBJECTO":"Taungurung","BORDERPRECISION":3,"PARTOF":"Taungurung"},"geometry":{"type":"MultiPolygon","coordinates":[[[[146.091,-36.488],[146.53,-36.919],[146.953,-37.02],[146.953,-37.099],[146.618,-37.331],[146.162,-37.492],[145.876,-37.488],[144.943,-37.165],[144.366,-37.165],[144.185,-36.734],[144.185,-36.642],[144.377,-36.549],[145.344,-36.567],[145.756,-36.08],[146.091,-36.488]]]]}},{"type":"Feature","properties":{"NAME":"Antakarinja","ABBREVN":"Antakarinja","SUBJECTO":"Antakarinja","BORDERPRECISION":3,"PARTOF":"Antakarinja"},"geometry":{"type":"MultiPolygon","coordinates":[[[[133.594,-26.067],[134.165,-26.037],[134.517,-26.274],[135.209,-26.971],[135.319,-27.196],[135.088,-27.606],[134.879,-28.729],[134.429,-29.047],[133.912,-28.931],[133.583,-28.739],[133.253,-28.391],[132.968,-26.362],[133.594,-26.067]]]]}},{"type":"Feature","properties":{"NAME":"Karangpurru","ABBREVN":"Karangpurru","SUBJECTO":"Karangpurru","BORDERPRECISION":3,"PARTOF":"Karangpurru"},"geometry":{"type":"MultiPolygon","coordinates":[[[[131.506,-15.787],[131.962,-15.755],[132.127,-15.84],[132.144,-16.004],[132.039,-16.23],[131.364,-16.715],[131.265,-16.552],[130.941,-16.415],[130.836,-16.125],[131.1,-15.998],[131.331,-15.993],[131.369,-15.792],[131.506,-15.787]]]]}},{"type":"Feature","properties":{"NAME":"Kurrama","ABBREVN":"Kurrama","SUBJECTO":"Kurrama","BORDERPRECISION":3,"PARTOF":"Kurrama"},"geometry":{"type":"MultiPolygon","coordinates":[[[[116.268,-21.392],[116.373,-21.31],[116.944,-21.422],[117.263,-21.734],[117.823,-22.07],[117.757,-22.365],[117.51,-22.756],[116.993,-22.877],[116.422,-22.431],[115.95,-22.462],[115.807,-22.573],[115.192,-22.502],[115.642,-22.116],[116.268,-21.392]]]]}},{"type":"Feature","properties":{"NAME":"Karuwali","ABBREVN":"Karuwali","SUBJECTO":"Karuwali","BORDERPRECISION":3,"PARTOF":"Karuwali"},"geometry":{"type":"MultiPolygon","coordinates":[[[[140.493,-23.966],[140.482,-23.906],[140.658,-23.886],[141.559,-24.036],[142.053,-24.006],[142.515,-24.077],[142.504,-24.257],[142.372,-24.477],[141.097,-26.264],[140.823,-26.067],[140.416,-25.919],[140.702,-25.245],[140.735,-24.966],[140.526,-24.497],[140.493,-23.966]]]]}},{"type":"Feature","properties":{"NAME":"Kunjen","ABBREVN":"Kunjen","SUBJECTO":"Kunjen","BORDERPRECISION":3,"PARTOF":"Kunjen"},"geometry":{"type":"MultiPolygon","coordinates":[[[[141.833,-14.945],[142.537,-14.817],[143.218,-14.807],[143.701,-14.945],[143.657,-16.035],[143.218,-16.004],[142.833,-16.162],[142.734,-16.299],[143.542,-16.641],[142.855,-17.382],[141.79,-16.92],[141.658,-15.887],[141.702,-15.337],[141.833,-14.945]]]]}},{"type":"Feature","properties":{"NAME":"Gabalbara","ABBREVN":"Gabalbara","SUBJECTO":"Gabalbara","BORDERPRECISION":3,"PARTOF":"Gabalbara"},"geometry":{"type":"MultiPolygon","coordinates":[[[[148.661,-22.309],[148.854,-22.33],[149.321,-23.251],[148.997,-23.322],[148.524,-23.569],[147.903,-22.68],[148.661,-22.309]]]]}},{"type":"Feature","properties":{"NAME":"Narangga","ABBREVN":"Narangga","SUBJECTO":"Narangga","BORDERPRECISION":3,"PARTOF":"Narangga"},"geometry":{"type":"MultiPolygon","coordinates":[[[[137.883,-34.687],[137.67,-35.255],[136.985,-35.396],[137.108,-35.071],[137.393,-35.089],[137.502,-35.025],[137.559,-34.911],[137.512,-34.459],[137.864,-33.879],[137.913,-33.517],[138.033,-33.456],[138.054,-34.189],[137.883,-34.687]]]]}},{"type":"Feature","properties":{"NAME":"Nana","ABBREVN":"Nana","SUBJECTO":"Nana","BORDERPRECISION":3,"PARTOF":"Nana"},"geometry":{"type":"MultiPolygon","coordinates":[[[[121.849,-26.037],[122.421,-25.978],[122.827,-26.037],[123.091,-26.244],[123.157,-26.392],[123.058,-26.677],[122.278,-27.684],[121.685,-27.956],[121.058,-27.313],[120.828,-26.785],[120.773,-26.421],[120.981,-26.244],[121.849,-26.037]]]]}},{"type":"Feature","properties":{"NAME":"Yuggera","ABBREVN":"Yuggera","SUBJECTO":"Yuggera","BORDERPRECISION":3,"PARTOF":"Yuggera"},"geometry":{"type":"MultiPolygon","coordinates":[[[[153.164,-27.697],[152.396,-27.754],[152.132,-27.155],[152.528,-27.106],[152.714,-27.326],[152.715,-27.443],[152.976,-27.541],[153.026,-27.47],[153.164,-27.697]]]]}},{"type":"Feature","properties":{"NAME":"Barindji","ABBREVN":"Barindji","SUBJECTO":"Barindji","BORDERPRECISION":3,"PARTOF":"Barindji"},"geometry":{"type":"MultiPolygon","coordinates":[[[[143.998,-31.607],[144.822,-31.457],[144.382,-32.538],[144.36,-32.843],[143.558,-33.642],[142.795,-34.03],[142.756,-33.633],[142.592,-33.358],[142.723,-32.639],[143.998,-31.607]]]]}},{"type":"Feature","properties":{"NAME":"Gunibidji","ABBREVN":"Gunibidji","SUBJECTO":"Gunibidji","BORDERPRECISION":3,"PARTOF":"Gunibidji"},"geometry":{"type":"MultiPolygon","coordinates":[[[[134.143,-12.084],[134.228,-12.096],[134.058,-12.321],[134.022,-12.056],[134.143,-12.084]]],[[[134.392,-12.119],[134.39,-12.12],[134.387,-12.118],[134.392,-12.119]]]]}},{"type":"Feature","properties":{"NAME":"Mangarayi","ABBREVN":"Mangarayi","SUBJECTO":"Mangarayi","BORDERPRECISION":3,"PARTOF":"Mangarayi"},"geometry":{"type":"MultiPolygon","coordinates":[[[[133.149,-14.881],[133.412,-14.461],[133.434,-14.275],[133.912,-14.493],[134.149,-14.722],[133.709,-15.067],[133.149,-14.881]]]]}},{"type":"Feature","properties":{"NAME":"Bundjalung","ABBREVN":"Bundjalung","SUBJECTO":"Bundjalung","BORDERPRECISION":3,"PARTOF":"Bundjalung"},"geometry":{"type":"MultiPolygon","coordinates":[[[[153.296,-27.913],[153.478,-28.504],[153.493,-28.841],[153.329,-29.314],[153.062,-29.377],[152.873,-29.604],[152.067,-29.511],[152.068,-29.059],[151.691,-28.34],[151.726,-28.189],[151.976,-27.99],[152.541,-27.987],[153.152,-27.677],[153.296,-27.913]]]]}},{"type":"Feature","properties":{"NAME":"Yuat","ABBREVN":"Yuat","SUBJECTO":"Yuat","BORDERPRECISION":3,"PARTOF":"Yuat"},"geometry":{"type":"MultiPolygon","coordinates":[[[[115.433,-31.391],[115.115,-30.78],[114.964,-30.278],[116.801,-30.003],[116.389,-31.391],[116.158,-31.466],[115.917,-31.372],[115.433,-31.391]]]]}},{"type":"Feature","properties":{"NAME":"Ngunawal","ABBREVN":"Ngunawal","SUBJECTO":"Ngunawal","BORDERPRECISION":3,"PARTOF":"Ngunawal"},"geometry":{"type":"MultiPolygon","coordinates":[[[[149.689,-35.241],[149.458,-35.416],[149.293,-35.42],[148.585,-35.232],[147.914,-35.192],[147.925,-34.565],[148.035,-34.411],[148.381,-34.221],[149.689,-35.241]]]]}},{"type":"Feature","properties":{"NAME":"Mayi-Thakurti","ABBREVN":"Mayi-Thakurti","SUBJECTO":"Mayi-Thakurti","BORDERPRECISION":3,"PARTOF":"Mayi-Thakurti"},"geometry":{"type":"MultiPolygon","coordinates":[[[[141.042,-19.363],[141.13,-19.353],[141.339,-20.035],[140.977,-20.221],[140.537,-20.602],[140.361,-20.91],[140.098,-20.499],[140.054,-20.169],[140.614,-19.601],[141.042,-19.363]]]]}},{"type":"Feature","properties":{"NAME":"Teppathiggi","ABBREVN":"Teppathiggi","SUBJECTO":"Teppathiggi","BORDERPRECISION":3,"PARTOF":"Teppathiggi"},"geometry":{"type":"MultiPolygon","coordinates":[[[[141.947,-11.963],[142.16,-12.003],[142.15,-12.138],[141.931,-12.186],[141.947,-11.963]]]]}},{"type":"Feature","properties":{"NAME":"Binbinga","ABBREVN":"Binbinga","SUBJECTO":"Binbinga","BORDERPRECISION":3,"PARTOF":"Binbinga"},"geometry":{"type":"MultiPolygon","coordinates":[[[[135.725,-15.538],[135.912,-15.507],[136.143,-15.634],[136.648,-16.046],[136.582,-17.162],[135.923,-16.794],[135.615,-16.457],[135.363,-16.31],[135.417,-15.771],[135.67,-15.697],[135.725,-15.538]]]]}},{"type":"Feature","properties":{"NAME":"Gunindiri","ABBREVN":"Gunindiri","SUBJECTO":"Gunindiri","BORDERPRECISION":3,"PARTOF":"Gunindiri"},"geometry":{"type":"MultiPolygon","coordinates":[[[[135.56,-17.539],[135.89,-17.046],[135.956,-16.805],[136.252,-16.836],[136.846,-17.214],[136.813,-18.073],[136.527,-18.062],[136.241,-17.947],[135.736,-17.707],[135.56,-17.539]]]]}},{"type":"Feature","properties":{"NAME":"Yirandali","ABBREVN":"Yirandali","SUBJECTO":"Yirandali","BORDERPRECISION":3,"PARTOF":"Yirandali"},"geometry":{"type":"MultiPolygon","coordinates":[[[[145.613,-20.561],[145.47,-20.941],[145.47,-21.279],[145.613,-21.759],[145.865,-22.157],[145.865,-22.502],[145.338,-22.34],[144.833,-22.035],[143.635,-22.187],[143.207,-22.431],[143.328,-22.086],[143.317,-21.494],[143.119,-21.054],[143.097,-20.468],[143.668,-20.489],[145.162,-20.314],[145.514,-20.386],[145.613,-20.561]]]]}},{"type":"Feature","properties":{"NAME":"Wargamaygan","ABBREVN":"Wargamaygan","SUBJECTO":"Wargamaygan","BORDERPRECISION":3,"PARTOF":"Wargamaygan"},"geometry":{"type":"MultiPolygon","coordinates":[[[[145.925,-18.257],[146.134,-18.633],[145.684,-18.657],[145.382,-18.146],[145.996,-17.956],[145.925,-18.257]]]]}},{"type":"Feature","properties":{"NAME":"Bandjigali","ABBREVN":"Bandjigali","SUBJECTO":"Bandjigali","BORDERPRECISION":3,"PARTOF":"Bandjigali"},"geometry":{"type":"MultiPolygon","coordinates":[[[[142.064,-29.85],[142.064,-29.631],[143.47,-29.755],[143.306,-30.25],[143.284,-30.865],[142.493,-30.996],[142.339,-31.213],[142.383,-31.429],[141.119,-31.401],[140.977,-31.307],[141.119,-31.269],[141.833,-30.382],[142.064,-29.85]]]]}},{"type":"Feature","properties":{"NAME":"Gangulu","ABBREVN":"Gangulu","SUBJECTO":"Gangulu","BORDERPRECISION":3,"PARTOF":"Gangulu"},"geometry":{"type":"MultiPolygon","coordinates":[[[[148.755,-24.257],[148.601,-24.107],[148.508,-23.559],[148.612,-23.448],[149.293,-23.171],[149.442,-23.393],[149.705,-23.549],[150.084,-23.499],[150.507,-23.614],[150.837,-24.332],[150.82,-24.637],[150.71,-24.767],[149.837,-24.936],[149.678,-24.212],[149.271,-23.836],[149.073,-24.402],[148.755,-24.257]]]]}},{"type":"Feature","properties":{"NAME":"Wajuk","ABBREVN":"Wajuk","SUBJECTO":"Wajuk","BORDERPRECISION":3,"PARTOF":"Wajuk"},"geometry":{"type":"MultiPolygon","coordinates":[[[[115.747,-32.208],[115.508,-31.436],[116.158,-31.403],[116.708,-31.658],[116.598,-32.148],[115.758,-32.494],[115.747,-32.208]]]]}},{"type":"Feature","properties":{"NAME":"Mayi-Kulan","ABBREVN":"Mayi-Kulan","SUBJECTO":"Mayi-Kulan","BORDERPRECISION":3,"PARTOF":"Mayi-Kulan"},"geometry":{"type":"MultiPolygon","coordinates":[[[[140.801,-17.728],[141.229,-17.455],[141.383,-18.156],[142.339,-18.657],[142.932,-18.782],[142.943,-19.207],[142.822,-19.508],[142.262,-19.311],[141.779,-19.27],[141.108,-19.404],[140.999,-18.625],[140.823,-18.167],[140.801,-17.728]]]]}},{"type":"Feature","properties":{"NAME":"Jingili","ABBREVN":"Jingili","SUBJECTO":"Jingili","BORDERPRECISION":3,"PARTOF":"Jingili"},"geometry":{"type":"MultiPolygon","coordinates":[[[[133.418,-16.204],[133.737,-16.331],[134.396,-17.025],[134.506,-17.235],[134.506,-17.539],[134.44,-17.811],[134.176,-18.094],[133.264,-18.292],[133.253,-17.906],[133.352,-17.435],[133.341,-16.531],[133.418,-16.204]]]]}},{"type":"Feature","properties":{"NAME":"Kuku-yalanji","ABBREVN":"Kuku-yalanji","SUBJECTO":"Kuku-yalanji","BORDERPRECISION":3,"PARTOF":"Kuku-yalanji"},"geometry":{"type":"MultiPolygon","coordinates":[[[[145.222,-15.664],[145.346,-16.014],[145.326,-16.49],[145.394,-16.549],[145.267,-17.109],[145.382,-17.351],[144.657,-17.461],[143.921,-16.778],[143.871,-16.12],[144.272,-16.099],[144.866,-15.887],[145.031,-15.771],[145.199,-15.399],[145.222,-15.664]]]]}},{"type":"Feature","properties":{"NAME":"Mpalitjanh","ABBREVN":"Mpalitjanh","SUBJECTO":"Mpalitjanh","BORDERPRECISION":3,"PARTOF":"Mpalitjanh"},"geometry":{"type":"MultiPolygon","coordinates":[[[[142.147,-12.026],[142.707,-11.996],[142.943,-12.622],[142.479,-12.407],[142.147,-12.026]]]]}},{"type":"Feature","properties":{"NAME":"Nhuwala","ABBREVN":"Nhuwala","SUBJECTO":"Nhuwala","BORDERPRECISION":3,"PARTOF":"Nhuwala"},"geometry":{"type":"MultiPolygon","coordinates":[[[[114.8,-21.883],[115.349,-21.602],[116.251,-20.924],[116.444,-21.207],[116.455,-21.422],[115.719,-22.279],[115.422,-22.401],[115.126,-22.401],[114.685,-21.953],[114.8,-21.883]]]]}},{"type":"Feature","properties":{"NAME":"Yiman","ABBREVN":"Yiman","SUBJECTO":"Yiman","BORDERPRECISION":3,"PARTOF":"Yiman"},"geometry":{"type":"MultiPolygon","coordinates":[[[[150.007,-24.961],[150.04,-25.77],[149.925,-26.126],[149.42,-26.19],[148.909,-26.116],[149.024,-25.18],[150.007,-24.961]]]]}},{"type":"Feature","properties":{"NAME":"Jaru","ABBREVN":"Jaru","SUBJECTO":"Jaru","BORDERPRECISION":3,"PARTOF":"Jaru"},"geometry":{"type":"MultiPolygon","coordinates":[[[[126.716,-18.667],[126.859,-18.386],[127.419,-18.302],[127.617,-18.073],[128.123,-17.811],[128.221,-17.581],[128.375,-17.539],[128.804,-17.634],[129.199,-17.926],[129.276,-18.219],[129.199,-18.937],[129.034,-19.104],[128.782,-19.249],[128.112,-19.384],[127.727,-19.425],[127.354,-19.363],[126.694,-19.083],[126.442,-19.104],[126.31,-19.021],[126.299,-18.885],[126.716,-18.667]]]]}},{"type":"Feature","properties":{"NAME":"Ngan\u2019gikurunggurr","ABBREVN":"Ngan\u2019gikurunggurr","SUBJECTO":"Ngan\u2019gikurunggurr","BORDERPRECISION":3,"PARTOF":"Ngan\u2019gikurunggurr"},"geometry":{"type":"MultiPolygon","coordinates":[[[[129.852,-14.123],[130.106,-14.117],[130.004,-14.338],[130.044,-14.456],[129.874,-14.359],[129.852,-14.123]]]]}},{"type":"Feature","properties":{"NAME":"Yitha Yitha","ABBREVN":"Yitha Yitha","SUBJECTO":"Yitha Yitha","BORDERPRECISION":3,"PARTOF":"Yitha Yitha"},"geometry":{"type":"MultiPolygon","coordinates":[[[[143.52,-33.624],[144.256,-32.926],[145.206,-33.541],[145.223,-33.656],[144.564,-34.153],[144.294,-34.194],[143.47,-33.697],[143.52,-33.624]]]]}},{"type":"Feature","properties":{"NAME":"Mbeiwum","ABBREVN":"Mbeiwum","SUBJECTO":"Mbeiwum","BORDERPRECISION":3,"PARTOF":"Mbeiwum"},"geometry":{"type":"MultiPolygon","coordinates":[[[[142.037,-12.914],[142.213,-12.812],[142.342,-13.053],[142.679,-13.117],[141.985,-13.219],[142.037,-12.914]]]]}},{"type":"Feature","properties":{"NAME":"Limilngan","ABBREVN":"Limilngan","SUBJECTO":"Limilngan","BORDERPRECISION":3,"PARTOF":"Limilngan"},"geometry":{"type":"MultiPolygon","coordinates":[[[[131.817,-12.368],[132.216,-12.341],[132.242,-12.426],[132.215,-12.796],[131.913,-13.021],[131.611,-12.914],[131.635,-12.39],[131.817,-12.368]]]]}},{"type":"Feature","properties":{"NAME":"Kalaamaya","ABBREVN":"Kalaamaya","SUBJECTO":"Kalaamaya","BORDERPRECISION":3,"PARTOF":"Kalaamaya"},"geometry":{"type":"MultiPolygon","coordinates":[[[[116.31,-29.215],[117.105,-28.903],[117.889,-28.353],[118.224,-28.304],[118.69,-28.557],[119.421,-28.748],[120.004,-29.325],[120.509,-30.06],[120.739,-30.634],[121.215,-31.114],[120.279,-31.743],[119.917,-32.18],[118.869,-31.53],[118.087,-30.744],[116.779,-30.025],[116.31,-29.215]]]]}},{"type":"Feature","properties":{"NAME":"Jiwarli","ABBREVN":"Jiwarli","SUBJECTO":"Jiwarli","BORDERPRECISION":3,"PARTOF":"Jiwarli"},"geometry":{"type":"MultiPolygon","coordinates":[[[[115.889,-22.619],[116.856,-23.206],[117.724,-23.473],[117.823,-23.579],[117.779,-23.755],[117.658,-23.866],[117.356,-23.745],[115.697,-22.908],[115.889,-22.619]]]]}},{"type":"Feature","properties":{"NAME":"Wunambul","ABBREVN":"Wunambul","SUBJECTO":"Wunambul","BORDERPRECISION":3,"PARTOF":"Wunambul"},"geometry":{"type":"MultiPolygon","coordinates":[[[[125.108,-15.205],[125.156,-14.805],[125.497,-14.677],[125.863,-14.695],[125.968,-14.48],[125.936,-15.268],[125.744,-15.829],[125.376,-15.459],[125.376,-15.332],[125.294,-15.252],[125.211,-15.337],[125.084,-15.308],[125.108,-15.205]]]]}},{"type":"Feature","properties":{"NAME":"Yalarrnga","ABBREVN":"Yalarrnga","SUBJECTO":"Yalarrnga","BORDERPRECISION":3,"PARTOF":"Yalarrnga"},"geometry":{"type":"MultiPolygon","coordinates":[[[[139.208,-21.504],[139.79,-21.463],[140.383,-21.754],[140.295,-21.923],[140.284,-22.238],[139.384,-22.065],[139.241,-22.167],[139.208,-21.504]]]]}},{"type":"Feature","properties":{"NAME":"Mudburra","ABBREVN":"Mudburra","SUBJECTO":"Mudburra","BORDERPRECISION":3,"PARTOF":"Mudburra"},"geometry":{"type":"MultiPolygon","coordinates":[[[[130.979,-17.55],[131.743,-16.431],[131.929,-16.436],[132.429,-16.162],[132.632,-16.415],[132.88,-16.489],[133.391,-16.41],[133.5,-17.314],[133.38,-17.644],[133.259,-17.717],[132.473,-17.77],[132.308,-17.874],[131.55,-17.979],[130.99,-17.906],[130.979,-17.55]]]]}},{"type":"Feature","properties":{"NAME":"Nawu","ABBREVN":"Nawu","SUBJECTO":"Nawu","BORDERPRECISION":3,"PARTOF":"Nawu"},"geometry":{"type":"MultiPolygon","coordinates":[[[[136.4,-34.277],[136.106,-34.532],[135.777,-35.107],[135.595,-35.111],[135.239,-34.197],[134.844,-33.695],[134.71,-33.364],[134.631,-33.269],[134.208,-33.257],[134.108,-33.028],[134.246,-32.8],[134.89,-32.334],[135.242,-32.556],[135.472,-32.852],[135.967,-33.174],[136.154,-33.624],[136.802,-33.952],[136.4,-34.277]]]]}},{"type":"Feature","properties":{"NAME":"Ngalkbun","ABBREVN":"Ngalkbun","SUBJECTO":"Ngalkbun","BORDERPRECISION":3,"PARTOF":"Ngalkbun"},"geometry":{"type":"MultiPolygon","coordinates":[[[[135.005,-13.058],[135.22,-13.203],[135.374,-13.518],[135.137,-13.795],[134.681,-13.939],[134.451,-13.891],[134.368,-13.785],[134.33,-13.422],[134.412,-13.272],[134.786,-13.069],[135.005,-13.058]]]]}},{"type":"Feature","properties":{"NAME":"Mithaka","ABBREVN":"Mithaka","SUBJECTO":"Mithaka","BORDERPRECISION":3,"PARTOF":"Mithaka"},"geometry":{"type":"MultiPolygon","coordinates":[[[[139.576,-24.652],[140.598,-24.377],[140.828,-25.081],[140.652,-25.572],[139.944,-25.275],[139.636,-25.23],[139.241,-25.334],[139.351,-25.23],[139.576,-24.652]]]]}},{"type":"Feature","properties":{"NAME":"Wadjigu","ABBREVN":"Wadjigu","SUBJECTO":"Wadjigu","BORDERPRECISION":3,"PARTOF":"Wadjigu"},"geometry":{"type":"MultiPolygon","coordinates":[[[[149.2,-23.851],[149.233,-23.785],[149.59,-23.971],[149.875,-24.587],[149.941,-24.946],[149.046,-25.2],[148.986,-25.115],[148.991,-24.587],[149.2,-23.851]]]]}},{"type":"Feature","properties":{"NAME":"Nukunu","ABBREVN":"Nukunu","SUBJECTO":"Nukunu","BORDERPRECISION":3,"PARTOF":"Nukunu"},"geometry":{"type":"MultiPolygon","coordinates":[[[[138.189,-33.294],[137.868,-32.747],[137.826,-33.024],[137.653,-32.889],[137.609,-32.709],[137.615,-32.491],[137.878,-32.306],[138.131,-32.245],[138.356,-32.538],[138.45,-32.986],[138.411,-33.28],[138.148,-33.359],[138.189,-33.294]]]]}},{"type":"Feature","properties":{"NAME":"Barundji","ABBREVN":"Barundji","SUBJECTO":"Barundji","BORDERPRECISION":3,"PARTOF":"Barundji"},"geometry":{"type":"MultiPolygon","coordinates":[[[[143.295,-28.797],[143.503,-28.729],[144.481,-28.748],[145.481,-28.902],[145.096,-29.478],[145.031,-29.764],[144.987,-30.439],[145.25,-30.921],[144.8,-31.541],[144.382,-31.625],[143.866,-31.607],[143.547,-31.532],[143.273,-31.222],[143.295,-29.945],[143.394,-29.659],[143.295,-28.797]]]]}},{"type":"Feature","properties":{"NAME":"Badtjala","ABBREVN":"Badtjala","SUBJECTO":"Badtjala","BORDERPRECISION":3,"PARTOF":"Badtjala"},"geometry":{"type":"MultiPolygon","coordinates":[[[[152.761,-25.421],[152.989,-25.939],[152.677,-26.057],[152.6,-25.899],[152.6,-25.533],[152.683,-25.401],[152.761,-25.421]]]]}},{"type":"Feature","properties":{"NAME":"Ngalawangka","ABBREVN":"Ngalawangka","SUBJECTO":"Ngalawangka","BORDERPRECISION":3,"PARTOF":"Ngalawangka"},"geometry":{"type":"MultiPolygon","coordinates":[[[[118.982,-23.433],[119.185,-23.383],[119.603,-23.438],[119.872,-23.821],[119.982,-24.087],[120.004,-24.522],[119.778,-24.986],[119.647,-25.021],[118.575,-24.447],[118.652,-23.901],[118.79,-23.584],[118.982,-23.433]]]]}},{"type":"Feature","properties":{"NAME":"Birria","ABBREVN":"Birria","SUBJECTO":"Birria","BORDERPRECISION":3,"PARTOF":"Birria"},"geometry":{"type":"MultiPolygon","coordinates":[[[[142.471,-24.157],[142.888,-24.267],[143.756,-25.265],[143.745,-25.414],[142.712,-26.51],[142.57,-26.421],[142.262,-26.421],[142.13,-26.53],[141.954,-26.961],[141.064,-26.224],[141.383,-25.562],[142.042,-24.857],[142.24,-24.427],[142.471,-24.157]]]]}},{"type":"Feature","properties":{"NAME":"Mangala","ABBREVN":"Mangala","SUBJECTO":"Mangala","BORDERPRECISION":3,"PARTOF":"Mangala"},"geometry":{"type":"MultiPolygon","coordinates":[[[[122.844,-18.537],[122.932,-18.448],[123.322,-18.443],[123.876,-18.802],[124.014,-18.698],[124.146,-18.344],[124.354,-18.208],[124.459,-18.245],[124.7,-18.558],[124.86,-18.589],[124.799,-18.958],[125.112,-19.875],[125.002,-20.149],[124.382,-20.664],[123.838,-20.679],[123.371,-19.668],[122.739,-19.0],[122.844,-18.537]]]]}},{"type":"Feature","properties":{"NAME":"Bukurnidja","ABBREVN":"Bukurnidja","SUBJECTO":"Bukurnidja","BORDERPRECISION":3,"PARTOF":"Bukurnidja"},"geometry":{"type":"MultiPolygon","coordinates":[[[[132.77,-12.651],[132.891,-12.769],[132.819,-12.855],[132.643,-12.726],[132.77,-12.651]]]]}},{"type":"Feature","properties":{"NAME":"Wangkathaa","ABBREVN":"Wangkathaa","SUBJECTO":"Wangkathaa","BORDERPRECISION":3,"PARTOF":"Wangkathaa"},"geometry":{"type":"MultiPolygon","coordinates":[[[[120.959,-30.581],[120.652,-29.86],[119.729,-28.97],[119.872,-28.854],[121.102,-28.777],[121.355,-28.864],[121.849,-28.845],[122.542,-28.652],[122.739,-28.748],[123.552,-30.259],[123.585,-30.704],[123.552,-30.949],[121.069,-31.1],[120.959,-30.581]]]]}},{"type":"Feature","properties":{"NAME":"Banggarla","ABBREVN":"Banggarla","SUBJECTO":"Banggarla","BORDERPRECISION":3,"PARTOF":"Banggarla"},"geometry":{"type":"MultiPolygon","coordinates":[[[[135.461,-31.952],[136.802,-31.639],[137.455,-31.161],[137.593,-31.161],[137.604,-31.227],[138.84,-31.873],[138.84,-32.031],[137.653,-32.496],[137.659,-32.792],[137.769,-32.944],[137.719,-33.105],[137.538,-33.17],[137.054,-33.87],[136.703,-33.962],[136.494,-33.962],[136.187,-33.715],[135.791,-33.138],[134.923,-32.361],[135.11,-32.11],[135.461,-31.952]]]]}},{"type":"Feature","properties":{"NAME":"Ngambri","ABBREVN":"Ngambri","SUBJECTO":"Ngambri","BORDERPRECISION":3,"PARTOF":"Ngambri"},"geometry":{"type":"MultiPolygon","coordinates":[[[[149.204,-36.189],[148.835,-36.161],[148.497,-35.84],[148.59,-35.007],[148.817,-34.837],[149.389,-34.978],[149.49,-35.32],[149.426,-35.496],[149.188,-35.693],[149.141,-35.963],[149.204,-36.189]]]]}},{"type":"Feature","properties":{"NAME":"Maiawali","ABBREVN":"Maiawali","SUBJECTO":"Maiawali","BORDERPRECISION":3,"PARTOF":"Maiawali"},"geometry":{"type":"MultiPolygon","coordinates":[[[[140.889,-22.431],[141.01,-22.269],[141.273,-22.35],[142.097,-22.817],[142.954,-22.523],[143.251,-22.523],[143.262,-23.14],[143.448,-23.805],[143.152,-24.387],[142.943,-24.567],[142.207,-24.077],[141.372,-24.127],[140.526,-23.916],[140.515,-23.282],[140.68,-22.766],[140.889,-22.431]]]]}},{"type":"Feature","properties":{"NAME":"Waanyi","ABBREVN":"Waanyi","SUBJECTO":"Waanyi","BORDERPRECISION":3,"PARTOF":"Waanyi"},"geometry":{"type":"MultiPolygon","coordinates":[[[[136.747,-17.225],[138.186,-17.602],[138.406,-18.0],[138.406,-18.24],[138.142,-18.521],[137.472,-18.459],[136.945,-18.302],[136.736,-18.125],[136.747,-17.225]]]]}},{"type":"Feature","properties":{"NAME":"Wadigali","ABBREVN":"Wadigali","SUBJECTO":"Wadigali","BORDERPRECISION":3,"PARTOF":"Wadigali"},"geometry":{"type":"MultiPolygon","coordinates":[[[[140.114,-30.207],[140.246,-29.864],[140.817,-29.607],[140.949,-29.468],[141.031,-29.047],[140.955,-28.821],[142.119,-28.358],[142.141,-29.76],[141.515,-29.774],[140.312,-30.212],[140.114,-30.207]]]]}},{"type":"Feature","properties":{"NAME":"Guringai","ABBREVN":"Guringai","SUBJECTO":"Guringai","BORDERPRECISION":3,"PARTOF":"Guringai"},"geometry":{"type":"MultiPolygon","coordinates":[[[[151.574,-33.215],[151.364,-33.521],[151.31,-33.774],[150.999,-33.731],[151.108,-33.135],[151.574,-33.215]]]]}},{"type":"Feature","properties":{"NAME":"Tharrgari","ABBREVN":"Tharrgari","SUBJECTO":"Tharrgari","BORDERPRECISION":3,"PARTOF":"Tharrgari"},"geometry":{"type":"MultiPolygon","coordinates":[[[[114.697,-24.056],[114.521,-24.026],[114.675,-23.317],[115.054,-23.423],[115.439,-23.67],[115.818,-23.76],[115.34,-25.086],[114.999,-25.031],[115.093,-24.457],[114.697,-24.056]]]]}},{"type":"Feature","properties":{"NAME":"Mbabaram","ABBREVN":"Mbabaram","SUBJECTO":"Mbabaram","BORDERPRECISION":3,"PARTOF":"Mbabaram"},"geometry":{"type":"MultiPolygon","coordinates":[[[[145.278,-17.33],[145.294,-17.45],[145.135,-17.597],[144.816,-17.576],[144.646,-17.435],[145.278,-17.33]]]]}},{"type":"Feature","properties":{"NAME":"Worora","ABBREVN":"Worora","SUBJECTO":"Worora","BORDERPRECISION":3,"PARTOF":"Worora"},"geometry":{"type":"MultiPolygon","coordinates":[[[[124.531,-16.325],[124.338,-16.262],[124.425,-15.658],[124.689,-15.467],[125.109,-15.625],[125.096,-15.259],[125.359,-15.215],[125.464,-15.332],[125.414,-15.464],[125.771,-15.761],[125.821,-15.956],[125.013,-15.866],[124.854,-16.019],[124.893,-16.151],[124.81,-16.373],[124.531,-16.325]]]]}},{"type":"Feature","properties":{"NAME":"Gureng Gureng","ABBREVN":"Gureng Gureng","SUBJECTO":"Gureng Gureng","BORDERPRECISION":3,"PARTOF":"Gureng Gureng"},"geometry":{"type":"MultiPolygon","coordinates":[[[[151.2,-23.942],[151.73,-24.157],[152.073,-24.742],[152.318,-24.818],[152.399,-25.046],[151.864,-25.165],[151.6,-25.006],[150.82,-25.731],[150.71,-25.602],[150.612,-25.12],[150.617,-24.757],[150.743,-24.532],[150.699,-24.167],[151.2,-23.942]]]]}},{"type":"Feature","properties":{"NAME":"Bularnu","ABBREVN":"Bularnu","SUBJECTO":"Bularnu","BORDERPRECISION":3,"PARTOF":"Bularnu"},"geometry":{"type":"MultiPolygon","coordinates":[[[[136.648,-20.941],[136.846,-20.756],[137.483,-20.797],[138.494,-20.365],[138.911,-20.365],[139.043,-20.612],[139.087,-21.002],[138.933,-21.269],[137.966,-21.739],[137.329,-21.739],[136.912,-21.698],[136.758,-21.453],[136.758,-21.146],[136.648,-20.941]]]]}},{"type":"Feature","properties":{"NAME":"Nyikina","ABBREVN":"Nyikina","SUBJECTO":"Nyikina","BORDERPRECISION":3,"PARTOF":"Nyikina"},"geometry":{"type":"MultiPolygon","coordinates":[[[[123.558,-17.209],[124.398,-17.403],[125.206,-17.445],[125.48,-17.906],[125.744,-18.12],[125.37,-18.526],[124.838,-18.615],[124.64,-18.594],[124.563,-18.355],[124.365,-18.208],[124.167,-18.344],[123.937,-18.885],[123.234,-18.428],[123.058,-18.553],[122.893,-18.454],[123.168,-17.859],[123.426,-17.691],[123.558,-17.209]]]]}},{"type":"Feature","properties":{"NAME":"Djabwurung","ABBREVN":"Djabwurung","SUBJECTO":"Djabwurung","BORDERPRECISION":3,"PARTOF":"Djabwurung"},"geometry":{"type":"MultiPolygon","coordinates":[[[[143.454,-37.046],[142.998,-37.532],[143.058,-37.623],[142.762,-37.992],[142.366,-37.975],[141.91,-37.766],[141.943,-37.579],[142.108,-37.492],[142.443,-37.562],[142.498,-37.095],[142.581,-37.051],[143.454,-37.046]]]]}},{"type":"Feature","properties":{"NAME":"Unggarangi","ABBREVN":"Unggarangi","SUBJECTO":"Unggarangi","BORDERPRECISION":3,"PARTOF":"Unggarangi"},"geometry":{"type":"MultiPolygon","coordinates":[[[[123.632,-16.804],[123.553,-16.696],[123.576,-16.391],[124.036,-16.636],[123.887,-16.883],[123.632,-16.804]]]]}},{"type":"Feature","properties":{"NAME":"Nimanburu","ABBREVN":"Nimanburu","SUBJECTO":"Nimanburu","BORDERPRECISION":3,"PARTOF":"Nimanburu"},"geometry":{"type":"MultiPolygon","coordinates":[[[[123.301,-17.466],[123.419,-17.58],[123.498,-17.319],[123.547,-17.639],[123.217,-17.864],[123.091,-18.083],[122.921,-18.005],[122.8,-17.408],[122.838,-17.099],[122.932,-16.989],[123.061,-16.94],[123.301,-17.466]]]]}},{"type":"Feature","properties":{"NAME":"Garawa","ABBREVN":"Garawa","SUBJECTO":"Garawa","BORDERPRECISION":3,"PARTOF":"Garawa"},"geometry":{"type":"MultiPolygon","coordinates":[[[[138.26,-16.842],[138.318,-16.864],[138.109,-17.555],[137.856,-17.639],[137.736,-17.518],[137.357,-17.482],[136.675,-17.24],[136.56,-17.136],[136.609,-16.088],[137.06,-16.172],[137.686,-16.415],[137.823,-16.615],[138.26,-16.842]]]]}},{"type":"Feature","properties":{"NAME":"Wandjiwalgu","ABBREVN":"Wandjiwalgu","SUBJECTO":"Wandjiwalgu","BORDERPRECISION":3,"PARTOF":"Wandjiwalgu"},"geometry":{"type":"MultiPolygon","coordinates":[[[[142.614,-30.902],[142.932,-30.827],[143.328,-30.865],[143.35,-31.25],[143.427,-31.382],[142.328,-31.41],[142.284,-31.128],[142.35,-30.978],[142.614,-30.902]]]]}},{"type":"Feature","properties":{"NAME":"Wakabunga","ABBREVN":"Wakabunga","SUBJECTO":"Wakabunga","BORDERPRECISION":3,"PARTOF":"Wakabunga"},"geometry":{"type":"MultiPolygon","coordinates":[[[[137.802,-18.438],[138.164,-18.553],[139.142,-19.093],[140.065,-20.159],[139.065,-20.396],[138.735,-20.324],[138.691,-20.097],[138.45,-19.932],[137.472,-19.767],[137.472,-19.456],[137.802,-18.438]]]]}},{"type":"Feature","properties":{"NAME":"Kokatha","ABBREVN":"Kokatha","SUBJECTO":"Kokatha","BORDERPRECISION":3,"PARTOF":"Kokatha"},"geometry":{"type":"MultiPolygon","coordinates":[[[[130.671,-27.46],[131.276,-28.043],[132.122,-28.401],[133.264,-28.314],[133.561,-28.43],[133.627,-28.546],[134.11,-28.691],[134.714,-29.018],[135.11,-29.449],[135.385,-29.593],[136.417,-29.516],[136.978,-30.041],[137.472,-30.373],[137.736,-30.865],[137.725,-31.109],[137.076,-31.625],[136.187,-31.878],[135.868,-31.597],[134.945,-31.081],[133.231,-30.496],[131.847,-30.373],[130.66,-29.945],[129.99,-29.468],[129.825,-28.633],[129.847,-28.256],[130.671,-27.46]]]]}},{"type":"Feature","properties":{"NAME":"Winda Winda","ABBREVN":"Winda Winda","SUBJECTO":"Winda Winda","BORDERPRECISION":3,"PARTOF":"Winda Winda"},"geometry":{"type":"MultiPolygon","coordinates":[[[[141.599,-13.046],[141.833,-12.849],[142.048,-12.908],[141.886,-13.526],[141.655,-13.537],[141.599,-13.046]]]]}},{"type":"Feature","properties":{"NAME":"Margany","ABBREVN":"Margany","SUBJECTO":"Margany","BORDERPRECISION":3,"PARTOF":"Margany"},"geometry":{"type":"MultiPolygon","coordinates":[[[[143.52,-26.623],[144.624,-26.569],[145.107,-26.466],[145.338,-27.645],[145.267,-27.96],[145.146,-28.082],[144.943,-28.091],[143.926,-27.96],[143.613,-27.829],[143.47,-27.357],[143.52,-26.623]]]]}},{"type":"Feature","properties":{"NAME":"Gunbalang","ABBREVN":"Gunbalang","SUBJECTO":"Gunbalang","BORDERPRECISION":3,"PARTOF":"Gunbalang"},"geometry":{"type":"MultiPolygon","coordinates":[[[[134.044,-12.061],[134.039,-12.286],[133.761,-12.112],[133.726,-11.989],[134.044,-12.061]]]]}},{"type":"Feature","properties":{"NAME":"Badimaya","ABBREVN":"Badimaya","SUBJECTO":"Badimaya","BORDERPRECISION":3,"PARTOF":"Badimaya"},"geometry":{"type":"MultiPolygon","coordinates":[[[[115.818,-28.565],[116.543,-27.994],[117.4,-27.538],[117.675,-27.186],[117.828,-27.157],[118.059,-27.196],[118.202,-27.479],[118.685,-27.897],[118.735,-28.101],[118.416,-28.372],[117.812,-28.469],[117.339,-28.797],[116.274,-29.267],[115.818,-28.565]]]]}},{"type":"Feature","properties":{"NAME":"Kungarakany","ABBREVN":"Kungarakany","SUBJECTO":"Kungarakany","BORDERPRECISION":3,"PARTOF":"Kungarakany"},"geometry":{"type":"MultiPolygon","coordinates":[[[[130.274,-13.363],[130.233,-13.147],[130.403,-12.861],[131.166,-13.037],[131.6,-13.342],[131.407,-13.502],[130.605,-13.374],[130.218,-13.462],[130.274,-13.363]]]]}},{"type":"Feature","properties":{"NAME":"Ngalakan","ABBREVN":"Ngalakan","SUBJECTO":"Ngalakan","BORDERPRECISION":3,"PARTOF":"Ngalakan"},"geometry":{"type":"MultiPolygon","coordinates":[[[[133.632,-13.678],[133.802,-13.929],[134.929,-14.732],[134.995,-14.934],[134.901,-15.178],[134.522,-15.093],[133.462,-14.302],[133.478,-13.982],[133.632,-13.678]]]]}},{"type":"Feature","properties":{"NAME":"Mirning","ABBREVN":"Mirning","SUBJECTO":"Mirning","BORDERPRECISION":3,"PARTOF":"Mirning"},"geometry":{"type":"MultiPolygon","coordinates":[[[[124.222,-31.034],[125.189,-30.647],[126.359,-30.384],[128.687,-30.336],[131.243,-30.808],[131.336,-30.986],[131.188,-31.466],[130.782,-31.617],[130.11,-31.575],[128.903,-31.709],[128.418,-31.94],[127.314,-32.267],[126.013,-32.271],[124.75,-32.897],[124.431,-32.944],[124.222,-31.034]]]]}},{"type":"Feature","properties":{"NAME":"Worimi","ABBREVN":"Worimi","SUBJECTO":"Worimi","BORDERPRECISION":3,"PARTOF":"Worimi"},"geometry":{"type":"MultiPolygon","coordinates":[[[[152.537,-32.208],[152.445,-32.507],[152.166,-32.806],[151.826,-32.847],[151.54,-32.764],[151.496,-32.63],[151.606,-32.273],[151.82,-32.013],[151.974,-32.11],[152.529,-32.083],[152.537,-32.208]]]]}},{"type":"Feature","properties":{"NAME":"Kokomini","ABBREVN":"Kokomini","SUBJECTO":"Kokomini","BORDERPRECISION":3,"PARTOF":"Kokomini"},"geometry":{"type":"MultiPolygon","coordinates":[[[[143.509,-15.951],[143.981,-16.199],[143.871,-16.557],[143.745,-16.678],[143.311,-16.636],[142.679,-16.346],[142.663,-16.109],[142.839,-16.009],[143.509,-15.951]]]]}},{"type":"Feature","properties":{"NAME":"Arabana","ABBREVN":"Arabana","SUBJECTO":"Arabana","BORDERPRECISION":3,"PARTOF":"Arabana"},"geometry":{"type":"MultiPolygon","coordinates":[[[[135.494,-27.108],[135.923,-27.118],[136.714,-27.372],[136.901,-27.771],[136.901,-28.517],[137.274,-29.631],[136.648,-29.822],[136.637,-29.679],[136.428,-29.631],[135.791,-29.707],[135.406,-29.659],[134.967,-29.411],[134.528,-28.941],[134.769,-28.401],[135.011,-27.44],[135.22,-27.167],[135.494,-27.108]]]]}},{"type":"Feature","properties":{"NAME":"Nunggubuyu","ABBREVN":"Nunggubuyu","SUBJECTO":"Nunggubuyu","BORDERPRECISION":3,"PARTOF":"Nunggubuyu"},"geometry":{"type":"MultiPolygon","coordinates":[[[[135.829,-13.733],[135.965,-13.891],[135.881,-14.203],[135.618,-14.542],[135.489,-14.472],[135.514,-14.113],[135.258,-13.603],[135.385,-13.539],[135.829,-13.678],[135.829,-13.733]]]]}},{"type":"Feature","properties":{"NAME":"Nungali","ABBREVN":"Nungali","SUBJECTO":"Nungali","BORDERPRECISION":3,"PARTOF":"Nungali"},"geometry":{"type":"MultiPolygon","coordinates":[[[[131.006,-15.335],[131.248,-15.361],[131.388,-15.496],[131.418,-15.684],[130.427,-15.705],[130.356,-15.48],[131.006,-15.335]]]]}},{"type":"Feature","properties":{"NAME":"Wangan","ABBREVN":"Wangan","SUBJECTO":"Wangan","BORDERPRECISION":3,"PARTOF":"Wangan"},"geometry":{"type":"MultiPolygon","coordinates":[[[[147.568,-22.421],[147.755,-22.457],[148.074,-22.852],[147.744,-23.206],[147.195,-23.347],[147.096,-23.292],[147.145,-22.599],[147.371,-22.421],[147.568,-22.421]]]]}},{"type":"Feature","properties":{"NAME":"Mandandanji","ABBREVN":"Mandandanji","SUBJECTO":"Mandandanji","BORDERPRECISION":3,"PARTOF":"Mandandanji"},"geometry":{"type":"MultiPolygon","coordinates":[[[[148.669,-27.83],[148.513,-27.809],[148.411,-27.595],[148.609,-27.392],[148.31,-26.317],[148.317,-26.062],[148.547,-26.009],[148.988,-26.244],[149.671,-26.399],[149.629,-27.374],[149.504,-27.696],[149.199,-27.981],[149.005,-27.995],[148.837,-27.623],[148.743,-27.627],[148.669,-27.83]]]]}},{"type":"Feature","properties":{"NAME":"Bindjali","ABBREVN":"Bindjali","SUBJECTO":"Bindjali","BORDERPRECISION":3,"PARTOF":"Bindjali"},"geometry":{"type":"MultiPolygon","coordinates":[[[[140.098,-36.368],[140.076,-36.284],[140.186,-36.258],[140.944,-36.244],[141.13,-36.324],[141.026,-36.734],[140.658,-36.924],[140.18,-36.8],[140.098,-36.368]]]]}},{"type":"Feature","properties":{"NAME":"Mayi-Kutuna","ABBREVN":"Mayi-Kutuna","SUBJECTO":"Mayi-Kutuna","BORDERPRECISION":3,"PARTOF":"Mayi-Kutuna"},"geometry":{"type":"MultiPolygon","coordinates":[[[[139.329,-17.926],[139.812,-17.989],[139.999,-18.219],[140.12,-18.75],[140.12,-19.798],[139.977,-20.19],[139.691,-19.973],[139.12,-19.207],[139.329,-18.823],[139.263,-18.563],[139.329,-17.926]]]]}},{"type":"Feature","properties":{"NAME":"Yindjibarndi","ABBREVN":"Yindjibarndi","SUBJECTO":"Yindjibarndi","BORDERPRECISION":3,"PARTOF":"Yindjibarndi"},"geometry":{"type":"MultiPolygon","coordinates":[[[[117.422,-21.1],[118.971,-21.8],[119.042,-22.233],[118.878,-22.375],[118.784,-22.355],[117.96,-22.126],[117.208,-21.785],[116.873,-21.443],[116.889,-21.341],[117.026,-21.043],[117.422,-21.1]]]]}},{"type":"Feature","properties":{"NAME":"Karajarri","ABBREVN":"Karajarri","SUBJECTO":"Karajarri","BORDERPRECISION":3,"PARTOF":"Karajarri"},"geometry":{"type":"MultiPolygon","coordinates":[[[[121.576,-18.703],[122.234,-18.188],[122.75,-18.365],[122.926,-18.563],[122.849,-18.948],[122.686,-19.06],[121.542,-18.814],[121.576,-18.703]]]]}},{"type":"Feature","properties":{"NAME":"Darumbal","ABBREVN":"Darumbal","SUBJECTO":"Darumbal","BORDERPRECISION":3,"PARTOF":"Darumbal"},"geometry":{"type":"MultiPolygon","coordinates":[[[[150.356,-22.552],[150.611,-22.621],[150.754,-22.812],[150.8,-23.558],[150.54,-23.72],[150.331,-23.564],[149.562,-23.544],[149.189,-23.181],[148.799,-22.452],[148.876,-22.36],[149.288,-22.35],[149.398,-22.685],[149.584,-22.852],[149.799,-22.872],[150.189,-22.786],[150.125,-22.424],[150.356,-22.552]]]]}},{"type":"Feature","properties":{"NAME":"Boonwurrung","ABBREVN":"Boonwurrung","SUBJECTO":"Boonwurrung","BORDERPRECISION":3,"PARTOF":"Boonwurrung"},"geometry":{"type":"MultiPolygon","coordinates":[[[[146.428,-38.9],[146.299,-38.894],[146.526,-39.181],[145.536,-38.723],[145.504,-38.442],[144.97,-38.066],[144.569,-38.013],[144.569,-37.892],[144.91,-37.762],[145.997,-38.255],[146.349,-38.324],[146.36,-38.677],[146.624,-38.694],[146.635,-38.877],[146.428,-38.9]]],[[[144.748,-38.456],[144.577,-38.499],[144.569,-38.411],[144.596,-38.361],[144.748,-38.456]]]]}},{"type":"Feature","properties":{"NAME":"Yanda","ABBREVN":"Yanda","SUBJECTO":"Yanda","BORDERPRECISION":3,"PARTOF":"Yanda"},"geometry":{"type":"MultiPolygon","coordinates":[[[[140.35,-21.729],[140.823,-21.647],[141.021,-21.861],[141.053,-22.218],[140.977,-22.553],[140.724,-22.533],[140.339,-22.37],[140.219,-22.187],[140.219,-22.025],[140.35,-21.729]]]]}},{"type":"Feature","properties":{"NAME":"Gugu-Badhun","ABBREVN":"Gugu-Badhun","SUBJECTO":"Gugu-Badhun","BORDERPRECISION":3,"PARTOF":"Gugu-Badhun"},"geometry":{"type":"MultiPolygon","coordinates":[[[[144.646,-17.55],[145.173,-17.529],[145.525,-18.355],[145.964,-18.885],[146.349,-19.239],[146.854,-19.404],[146.81,-19.839],[147.206,-19.849],[147.272,-20.087],[147.217,-20.509],[147.063,-20.623],[146.338,-20.345],[145.844,-20.396],[145.558,-20.53],[144.899,-20.406],[144.086,-20.489],[144.163,-19.632],[144.492,-19.041],[144.492,-18.177],[144.646,-17.55]]]]}},{"type":"Feature","properties":{"NAME":"Wudjari","ABBREVN":"Wudjari","SUBJECTO":"Wudjari","BORDERPRECISION":3,"PARTOF":"Wudjari"},"geometry":{"type":"MultiPolygon","coordinates":[[[[123.623,-33.915],[122.171,-34.179],[121.74,-33.963],[119.771,-34.12],[119.508,-34.336],[118.784,-33.752],[118.477,-33.11],[120.015,-33.156],[121.091,-32.778],[121.52,-32.778],[122.454,-33.018],[123.651,-33.138],[123.955,-33.479],[123.623,-33.915]]]]}},{"type":"Feature","properties":{"NAME":"Bilinara","ABBREVN":"Bilinara","SUBJECTO":"Bilinara","BORDERPRECISION":3,"PARTOF":"Bilinara"},"geometry":{"type":"MultiPolygon","coordinates":[[[[130.726,-16.552],[130.979,-16.394],[131.396,-16.626],[131.385,-16.773],[130.968,-17.393],[130.265,-17.351],[130.298,-17.078],[130.726,-16.552]]]]}},{"type":"Feature","properties":{"NAME":"Tjerratj","ABBREVN":"Tjerratj","SUBJECTO":"Tjerratj","BORDERPRECISION":3,"PARTOF":"Tjerratj"},"geometry":{"type":"MultiPolygon","coordinates":[[[[130.366,-13.374],[130.405,-13.445],[130.322,-13.459],[130.366,-13.374]]]]}},{"type":"Feature","properties":{"NAME":"Biripi","ABBREVN":"Biripi","SUBJECTO":"Biripi","BORDERPRECISION":3,"PARTOF":"Biripi"},"geometry":{"type":"MultiPolygon","coordinates":[[[[152.972,-31.418],[152.58,-32.144],[151.913,-32.143],[151.556,-31.738],[151.326,-31.63],[151.408,-31.494],[151.232,-31.152],[151.425,-31.053],[152.001,-31.091],[152.578,-31.26],[152.946,-31.25],[152.972,-31.418]]]]}},{"type":"Feature","properties":{"NAME":"Karenggapa","ABBREVN":"Karenggapa","SUBJECTO":"Karenggapa","BORDERPRECISION":3,"PARTOF":"Karenggapa"},"geometry":{"type":"MultiPolygon","coordinates":[[[[142.081,-28.416],[142.108,-28.362],[142.405,-28.594],[142.663,-28.671],[143.416,-28.777],[143.388,-29.051],[143.503,-29.76],[142.954,-29.812],[142.048,-29.721],[142.081,-28.416]]]]}},{"type":"Feature","properties":{"NAME":"Gungabula","ABBREVN":"Gungabula","SUBJECTO":"Gungabula","BORDERPRECISION":3,"PARTOF":"Gungabula"},"geometry":{"type":"MultiPolygon","coordinates":[[[[148.359,-25.314],[149.271,-25.14],[149.271,-25.602],[149.194,-25.894],[149.03,-26.096],[148.557,-26.052],[148.195,-26.131],[148.359,-25.314]]]]}},{"type":"Feature","properties":{"NAME":"Kaantju","ABBREVN":"Kaantju","SUBJECTO":"Kaantju","BORDERPRECISION":3,"PARTOF":"Kaantju"},"geometry":{"type":"MultiPolygon","coordinates":[[[[142.822,-13.101],[143.113,-12.919],[143.421,-13.379],[143.339,-14.115],[142.855,-14.286],[142.784,-13.934],[142.822,-13.101]]]]}},{"type":"Feature","properties":{"NAME":"Wiradjuri","ABBREVN":"Wiradjuri","SUBJECTO":"Wiradjuri","BORDERPRECISION":3,"PARTOF":"Wiradjuri"},"geometry":{"type":"MultiPolygon","coordinates":[[[[144.954,-32.602],[146.008,-32.027],[146.689,-31.784],[147.305,-31.672],[148.755,-31.672],[149.656,-32.027],[150.117,-32.732],[149.875,-33.797],[149.678,-34.089],[148.469,-34.343],[148.271,-34.452],[148.14,-34.687],[148.14,-35.335],[147.986,-36.085],[146.953,-36.12],[146.184,-36.085],[145.547,-35.925],[145.195,-35.729],[145.129,-35.264],[144.756,-34.633],[144.646,-34.198],[144.668,-33.889],[145.063,-33.56],[144.514,-33.193],[144.229,-32.861],[144.866,-32.88],[144.954,-32.602]]]]}},{"type":"Feature","properties":{"NAME":"Wulgurukaba","ABBREVN":"Wulgurukaba","SUBJECTO":"Wulgurukaba","BORDERPRECISION":3,"PARTOF":"Wulgurukaba"},"geometry":{"type":"MultiPolygon","coordinates":[[[[146.949,-19.443],[146.883,-19.819],[146.611,-19.688],[146.63,-19.26],[146.949,-19.443]]]]}},{"type":"Feature","properties":{"NAME":"Ngamini","ABBREVN":"Ngamini","SUBJECTO":"Ngamini","BORDERPRECISION":3,"PARTOF":"Ngamini"},"geometry":{"type":"MultiPolygon","coordinates":[[[[138.131,-26.559],[138.065,-26.431],[138.219,-26.362],[138.889,-26.343],[138.889,-26.195],[139.779,-26.284],[140.405,-26.215],[140.065,-27.274],[139.57,-27.323],[139.417,-27.45],[139.109,-27.528],[138.56,-27.479],[138.274,-27.284],[138.131,-26.559]]]]}},{"type":"Feature","properties":{"NAME":"Giraiwurung","ABBREVN":"Giraiwurung","SUBJECTO":"Giraiwurung","BORDERPRECISION":3,"PARTOF":"Giraiwurung"},"geometry":{"type":"MultiPolygon","coordinates":[[[[142.531,-38.471],[142.784,-37.766],[143.042,-37.688],[143.08,-38.048],[142.998,-38.368],[143.438,-38.501],[143.448,-38.574],[143.152,-38.754],[142.69,-38.6],[142.531,-38.471]]]]}},{"type":"Feature","properties":{"NAME":"Kuuku-ya\u2019u","ABBREVN":"Kuuku-ya\u2019u","SUBJECTO":"Kuuku-ya\u2019u","BORDERPRECISION":3,"PARTOF":"Kuuku-ya\u2019u"},"geometry":{"type":"MultiPolygon","coordinates":[[[[142.971,-12.535],[143.292,-12.687],[143.361,-12.865],[142.976,-13.029],[142.968,-12.772],[142.767,-12.294],[143.1,-12.238],[142.971,-12.535]]]]}},{"type":"Feature","properties":{"NAME":"Mardu","ABBREVN":"Mardu","SUBJECTO":"Mardu","BORDERPRECISION":3,"PARTOF":"Mardu"},"geometry":{"type":"MultiPolygon","coordinates":[[[[121.333,-21.994],[121.399,-22.147],[122.201,-22.401],[122.542,-22.411],[123.168,-21.381],[123.409,-21.361],[123.893,-21.637],[124.08,-21.943],[124.091,-22.35],[125.211,-21.963],[125.387,-21.811],[125.991,-21.811],[126.562,-22.35],[127.046,-23.302],[128.013,-24.107],[126.156,-24.227],[125.607,-24.637],[125.255,-24.467],[124.266,-24.257],[122.981,-25.423],[121.954,-24.527],[121.19,-23.765],[120.97,-23.438],[121.124,-23.049],[121.08,-22.106],[121.333,-21.994]]]]}},{"type":"Feature","properties":{"NAME":"Goreng","ABBREVN":"Goreng","SUBJECTO":"Goreng","BORDERPRECISION":3,"PARTOF":"Goreng"},"geometry":{"type":"MultiPolygon","coordinates":[[[[119.354,-34.546],[119.075,-34.484],[118.922,-34.289],[118.57,-34.225],[117.581,-34.262],[117.675,-34.048],[117.653,-33.811],[117.449,-33.651],[117.51,-33.551],[118.35,-33.147],[118.438,-33.165],[119.46,-34.401],[119.354,-34.546]]]]}},{"type":"Feature","properties":{"NAME":"Gunwinggu","ABBREVN":"Gunwinggu","SUBJECTO":"Gunwinggu","BORDERPRECISION":3,"PARTOF":"Gunwinggu"},"geometry":{"type":"MultiPolygon","coordinates":[[[[133.559,-11.951],[133.762,-11.997],[134.006,-12.254],[133.577,-12.994],[133.319,-12.806],[133.33,-12.479],[133.014,-12.077],[133.102,-11.862],[133.559,-11.951]]]]}},{"type":"Feature","properties":{"NAME":"Yinggarda","ABBREVN":"Yinggarda","SUBJECTO":"Yinggarda","BORDERPRECISION":3,"PARTOF":"Yinggarda"},"geometry":{"type":"MultiPolygon","coordinates":[[[[115.768,-25.17],[115.895,-25.294],[115.939,-25.26],[115.889,-25.686],[114.214,-25.765],[114.005,-25.711],[113.555,-24.881],[113.758,-24.727],[114.137,-24.672],[114.868,-24.921],[115.439,-25.011],[115.768,-25.17]],[[115.719,-25.19],[115.746,-25.18],[115.752,-25.177],[115.719,-25.19]]]]}},{"type":"Feature","properties":{"NAME":"Yidinjdji","ABBREVN":"Yidinjdji","SUBJECTO":"Yidinjdji","BORDERPRECISION":3,"PARTOF":"Yidinjdji"},"geometry":{"type":"MultiPolygon","coordinates":[[[[145.869,-17.195],[145.976,-17.468],[145.464,-17.256],[145.572,-17.212],[145.686,-16.933],[145.869,-17.195]]]]}},{"type":"Feature","properties":{"NAME":"Arrernte","ABBREVN":"Arrernte","SUBJECTO":"Arrernte","BORDERPRECISION":3,"PARTOF":"Arrernte"},"geometry":{"type":"MultiPolygon","coordinates":[[[[132.539,-22.796],[134.319,-23.019],[136.099,-23.039],[136.274,-25.086],[136.187,-27.216],[135.879,-27.372],[135.374,-27.352],[134.692,-26.687],[133.77,-26.017],[133.242,-25.443],[133.132,-25.026],[132.869,-24.547],[132.495,-24.307],[132.034,-23.665],[132.034,-23.181],[132.539,-22.796]]]]}},{"type":"Feature","properties":{"NAME":"Yadhaigana","ABBREVN":"Yadhaigana","SUBJECTO":"Yadhaigana","BORDERPRECISION":3,"PARTOF":"Yadhaigana"},"geometry":{"type":"MultiPolygon","coordinates":[[[[142.644,-11.093],[142.749,-11.321],[142.795,-11.757],[142.674,-11.784],[142.663,-11.143],[142.259,-10.998],[142.338,-10.915],[142.644,-11.093]]]]}},{"type":"Feature","properties":{"NAME":"Peramangk","ABBREVN":"Peramangk","SUBJECTO":"Peramangk","BORDERPRECISION":3,"PARTOF":"Peramangk"},"geometry":{"type":"MultiPolygon","coordinates":[[[[138.741,-34.832],[138.708,-34.608],[139.216,-34.445],[139.235,-34.863],[139.156,-35.111],[138.579,-35.4],[138.741,-34.832]]]]}},{"type":"Feature","properties":{"NAME":"Wangkamana","ABBREVN":"Wangkamana","SUBJECTO":"Wangkamana","BORDERPRECISION":3,"PARTOF":"Wangkamana"},"geometry":{"type":"MultiPolygon","coordinates":[[[[139.307,-22.604],[139.109,-23.282],[138.911,-23.443],[139.142,-24.016],[139.537,-24.457],[139.603,-24.667],[139.197,-25.552],[138.862,-25.998],[138.713,-25.938],[138.527,-25.661],[138.384,-25.006],[138.362,-23.645],[138.263,-23.292],[138.252,-22.655],[138.296,-22.381],[138.45,-22.106],[139.208,-22.147],[139.362,-22.299],[139.307,-22.604]]]]}},{"type":"Feature","properties":{"NAME":"Konbudj","ABBREVN":"Konbudj","SUBJECTO":"Konbudj","BORDERPRECISION":3,"PARTOF":"Konbudj"},"geometry":{"type":"MultiPolygon","coordinates":[[[[132.398,-12.329],[132.429,-12.748],[132.372,-12.806],[132.193,-12.766],[132.176,-12.344],[132.398,-12.329]]]]}},{"type":"Feature","properties":{"NAME":"Gayiri","ABBREVN":"Gayiri","SUBJECTO":"Gayiri","BORDERPRECISION":3,"PARTOF":"Gayiri"},"geometry":{"type":"MultiPolygon","coordinates":[[[[147.129,-23.347],[147.673,-23.176],[148.013,-22.852],[148.53,-23.483],[148.607,-23.986],[148.744,-24.207],[148.118,-24.807],[147.612,-24.502],[147.239,-24.036],[147.129,-23.347]]]]}},{"type":"Feature","properties":{"NAME":"Dhirari","ABBREVN":"Dhirari","SUBJECTO":"Dhirari","BORDERPRECISION":3,"PARTOF":"Dhirari"},"geometry":{"type":"MultiPolygon","coordinates":[[[[136.802,-27.742],[136.934,-27.664],[138.12,-27.606],[138.691,-28.478],[138.604,-29.171],[138.45,-29.602],[137.538,-29.573],[137.175,-29.659],[136.835,-28.719],[136.802,-27.742]]]]}},{"type":"Feature","properties":{"NAME":"Ngaanyatjarra","ABBREVN":"Ngaanyatjarra","SUBJECTO":"Ngaanyatjarra","BORDERPRECISION":3,"PARTOF":"Ngaanyatjarra"},"geometry":{"type":"MultiPolygon","coordinates":[[[[123.948,-24.347],[124.255,-24.197],[125.244,-24.417],[125.508,-24.597],[125.585,-24.966],[125.903,-25.651],[127.43,-26.579],[126.837,-26.579],[126.376,-26.441],[126.112,-26.224],[125.486,-25.909],[125.255,-25.909],[124.882,-26.136],[124.706,-26.421],[124.365,-27.469],[123.728,-27.157],[123.157,-26.785],[122.893,-26.49],[122.783,-26.155],[122.761,-25.622],[122.937,-25.165],[123.948,-24.347]]]]}},{"type":"Feature","properties":{"NAME":"Yuwi","ABBREVN":"Yuwi","SUBJECTO":"Yuwi","BORDERPRECISION":3,"PARTOF":"Yuwi"},"geometry":{"type":"MultiPolygon","coordinates":[[[[148.706,-20.845],[149.101,-21.06],[149.294,-21.582],[149.041,-21.673],[148.585,-20.89],[148.706,-20.845]]]]}},{"type":"Feature","properties":{"NAME":"Ngarinyin","ABBREVN":"Ngarinyin","SUBJECTO":"Ngarinyin","BORDERPRECISION":3,"PARTOF":"Ngarinyin"},"geometry":{"type":"MultiPolygon","coordinates":[[[[124.846,-16.53],[124.816,-15.94],[125.002,-15.792],[125.563,-15.845],[125.728,-15.771],[126.046,-14.637],[126.694,-14.381],[127.277,-14.445],[127.441,-15.178],[127.716,-15.295],[127.716,-15.464],[127.826,-15.56],[128.024,-15.422],[128.123,-15.517],[128.024,-15.824],[127.738,-15.982],[127.079,-16.004],[126.958,-16.088],[126.859,-16.562],[126.53,-16.899],[126.288,-16.952],[125.936,-16.836],[125.618,-17.12],[124.846,-16.53]]]]}},{"type":"Feature","properties":{"NAME":"Turrbal","ABBREVN":"Turrbal","SUBJECTO":"Turrbal","BORDERPRECISION":3,"PARTOF":"Turrbal"},"geometry":{"type":"MultiPolygon","coordinates":[[[[152.946,-27.341],[153.092,-27.578],[153.048,-27.62],[152.856,-27.607],[152.886,-27.485],[152.747,-27.22],[152.981,-27.278],[152.946,-27.341]]]]}},{"type":"Feature","properties":{"NAME":"Kija","ABBREVN":"Kija","SUBJECTO":"Kija","BORDERPRECISION":3,"PARTOF":"Kija"},"geometry":{"type":"MultiPolygon","coordinates":[[[[127.408,-16.077],[127.804,-15.866],[128.079,-15.877],[129.012,-16.141],[129.221,-16.267],[129.342,-16.457],[129.265,-16.626],[128.804,-16.699],[129.056,-17.853],[128.782,-17.665],[128.298,-17.55],[128.057,-17.937],[127.546,-18.261],[127.029,-18.469],[126.738,-18.48],[126.486,-18.135],[125.936,-18.062],[126.222,-17.728],[126.958,-17.497],[127.496,-17.204],[127.321,-16.668],[127.408,-16.077]]]]}},{"type":"Feature","properties":{"NAME":"Wagiman","ABBREVN":"Wagiman","SUBJECTO":"Wagiman","BORDERPRECISION":3,"PARTOF":"Wagiman"},"geometry":{"type":"MultiPolygon","coordinates":[[[[130.457,-14.488],[130.891,-14.32],[130.855,-13.809],[131.311,-13.715],[131.468,-13.422],[131.528,-13.403],[131.998,-13.977],[131.924,-14.451],[132.001,-14.541],[131.973,-14.647],[131.671,-14.653],[131.012,-14.839],[130.847,-14.764],[130.353,-14.748],[130.336,-14.514],[130.457,-14.488]]]]}},{"type":"Feature","properties":{"NAME":"Yupangathi","ABBREVN":"Yupangathi","SUBJECTO":"Yupangathi","BORDERPRECISION":3,"PARTOF":"Yupangathi"},"geometry":{"type":"MultiPolygon","coordinates":[[[[141.863,-12.1],[141.943,-12.121],[141.928,-12.187],[141.812,-12.183],[141.863,-12.1]]]]}},{"type":"Feature","properties":{"NAME":"Ngombur","ABBREVN":"Ngombur","SUBJECTO":"Ngombur","BORDERPRECISION":3,"PARTOF":"Ngombur"},"geometry":{"type":"MultiPolygon","coordinates":[[[[132.616,-12.742],[132.726,-12.828],[132.671,-13.037],[132.49,-13.058],[132.336,-12.978],[132.413,-12.801],[132.616,-12.742]]]]}},{"type":"Feature","properties":{"NAME":"Alyawarre","ABBREVN":"Alyawarre","SUBJECTO":"Alyawarre","BORDERPRECISION":3,"PARTOF":"Alyawarre"},"geometry":{"type":"MultiPolygon","coordinates":[[[[133.945,-22.837],[133.989,-22.37],[134.407,-22.126],[134.67,-21.8],[135.879,-20.941],[136.384,-20.715],[136.56,-20.736],[136.89,-21.064],[137.043,-21.841],[137.065,-22.391],[136.494,-23.06],[135.022,-23.241],[134.055,-23.241],[133.945,-22.837]]]]}},{"type":"Feature","properties":{"NAME":"Djabuganjdji","ABBREVN":"Djabuganjdji","SUBJECTO":"Djabuganjdji","BORDERPRECISION":3,"PARTOF":"Djabuganjdji"},"geometry":{"type":"MultiPolygon","coordinates":[[[[145.451,-16.598],[145.718,-16.978],[145.585,-17.23],[145.327,-17.324],[145.294,-16.673],[145.363,-16.523],[145.451,-16.598]]]]}},{"type":"Feature","properties":{"NAME":"Geawegal","ABBREVN":"Geawegal","SUBJECTO":"Geawegal","BORDERPRECISION":3,"PARTOF":"Geawegal"},"geometry":{"type":"MultiPolygon","coordinates":[[[[151.414,-31.607],[151.633,-31.719],[151.798,-32.027],[151.611,-32.519],[150.853,-32.259],[150.557,-32.259],[149.771,-32.5],[149.623,-32.278],[149.716,-32.055],[150.183,-31.854],[150.947,-31.635],[151.414,-31.607]]]]}},{"type":"Feature","properties":{"NAME":"Ngandji","ABBREVN":"Ngandji","SUBJECTO":"Ngandji","BORDERPRECISION":3,"PARTOF":"Ngandji"},"geometry":{"type":"MultiPolygon","coordinates":[[[[134.385,-17.256],[134.659,-17.109],[135.264,-16.362],[135.67,-16.457],[136.033,-16.773],[135.967,-17.162],[135.615,-17.539],[135.297,-17.728],[134.659,-17.686],[134.418,-17.791],[134.385,-17.256]]]]}},{"type":"Feature","properties":{"NAME":"Wongaibon","ABBREVN":"Wongaibon","SUBJECTO":"Wongaibon","BORDERPRECISION":3,"PARTOF":"Wongaibon"},"geometry":{"type":"MultiPolygon","coordinates":[[[[144.948,-30.269],[145.206,-30.307],[145.536,-30.221],[145.97,-29.95],[146.212,-29.945],[146.31,-30.131],[146.986,-30.572],[146.986,-30.803],[147.189,-31.185],[147.266,-31.719],[145.102,-32.598],[145.031,-32.99],[144.24,-32.953],[144.283,-32.361],[144.492,-31.784],[144.855,-31.41],[145.063,-31.015],[145.118,-30.78],[144.91,-30.468],[144.948,-30.269]]]]}},{"type":"Feature","properties":{"NAME":"Kooma","ABBREVN":"Kooma","SUBJECTO":"Kooma","BORDERPRECISION":3,"PARTOF":"Kooma"},"geometry":{"type":"MultiPolygon","coordinates":[[[[145.845,-27.495],[146.435,-27.128],[146.78,-27.121],[147.151,-27.233],[147.679,-27.831],[148.05,-27.793],[148.408,-28.398],[148.117,-28.755],[147.826,-28.95],[147.504,-29.041],[147.263,-29.004],[146.721,-28.772],[146.195,-28.343],[145.86,-27.868],[145.845,-27.495]]]]}},{"type":"Feature","properties":{"NAME":"Anguthimri","ABBREVN":"Anguthimri","SUBJECTO":"Anguthimri","BORDERPRECISION":3,"PARTOF":"Anguthimri"},"geometry":{"type":"MultiPolygon","coordinates":[[[[141.679,-12.468],[141.825,-12.163],[142.067,-12.233],[142.089,-12.528],[141.831,-12.617],[141.679,-12.468]]]]}},{"type":"Feature","properties":{"NAME":"Kunja","ABBREVN":"Kunja","SUBJECTO":"Kunja","BORDERPRECISION":3,"PARTOF":"Kunja"},"geometry":{"type":"MultiPolygon","coordinates":[[[[145.228,-27.503],[145.904,-27.596],[145.953,-28.411],[145.602,-28.979],[144.531,-28.816],[144.871,-28.057],[145.025,-28.043],[145.272,-27.698],[145.228,-27.503]]]]}},{"type":"Feature","properties":{"NAME":"Iwaidja","ABBREVN":"Iwaidja","SUBJECTO":"Iwaidja","BORDERPRECISION":3,"PARTOF":"Iwaidja"},"geometry":{"type":"MultiPolygon","coordinates":[[[[132.626,-11.75],[132.303,-11.503],[132.134,-11.541],[132.025,-11.478],[132.041,-11.383],[132.384,-11.299],[132.661,-11.534],[132.929,-11.533],[133.174,-11.773],[133.058,-11.905],[132.803,-11.607],[132.626,-11.75]]]]}},{"type":"Feature","properties":{"NAME":"Andyamathanha","ABBREVN":"Andyamathanha","SUBJECTO":"Andyamathanha","BORDERPRECISION":3,"PARTOF":"Andyamathanha"},"geometry":{"type":"MultiPolygon","coordinates":[[[[139.433,-29.569],[139.592,-29.497],[140.219,-29.564],[139.878,-30.808],[140.164,-32.073],[138.801,-32.148],[138.757,-31.924],[138.576,-31.742],[138.472,-31.48],[138.439,-30.865],[138.51,-30.581],[139.114,-29.831],[139.433,-29.569]]]]}},{"type":"Feature","properties":{"NAME":"Mbukarla","ABBREVN":"Mbukarla","SUBJECTO":"Mbukarla","BORDERPRECISION":3,"PARTOF":"Mbukarla"},"geometry":{"type":"MultiPolygon","coordinates":[[[[132.347,-12.962],[132.665,-13.015],[132.715,-12.812],[132.869,-12.871],[132.847,-13.026],[132.66,-13.197],[132.286,-13.117],[132.347,-12.962]]]]}},{"type":"Feature","properties":{"NAME":"Warriyangga","ABBREVN":"Warriyangga","SUBJECTO":"Warriyangga","BORDERPRECISION":3,"PARTOF":"Warriyangga"},"geometry":{"type":"MultiPolygon","coordinates":[[[[115.708,-23.981],[115.867,-23.826],[116.252,-23.846],[116.444,-23.896],[116.554,-24.077],[116.406,-24.487],[115.977,-25.18],[115.746,-25.215],[115.389,-25.051],[115.356,-24.931],[115.708,-23.981]]]]}},{"type":"Feature","properties":{"NAME":"Yanga","ABBREVN":"Yanga","SUBJECTO":"Yanga","BORDERPRECISION":3,"PARTOF":"Yanga"},"geometry":{"type":"MultiPolygon","coordinates":[[[[142.872,-18.802],[142.96,-18.657],[143.476,-18.49],[143.987,-19.612],[143.102,-19.539],[142.839,-19.446],[142.872,-18.802]]]]}},{"type":"Feature","properties":{"NAME":"Giya","ABBREVN":"Giya","SUBJECTO":"Giya","BORDERPRECISION":3,"PARTOF":"Giya"},"geometry":{"type":"MultiPolygon","coordinates":[[[[148.19,-20.172],[148.704,-20.203],[148.756,-20.292],[148.567,-20.654],[148.711,-20.847],[148.587,-20.913],[148.521,-20.849],[148.092,-20.137],[148.19,-20.172]]]]}},{"type":"Feature","properties":{"NAME":"Gagudju","ABBREVN":"Gagudju","SUBJECTO":"Gagudju","BORDERPRECISION":3,"PARTOF":"Gagudju"},"geometry":{"type":"MultiPolygon","coordinates":[[[[132.628,-12.271],[132.725,-12.201],[132.709,-12.742],[132.479,-12.785],[132.407,-12.721],[132.4,-12.328],[132.628,-12.271]]]]}},{"type":"Feature","properties":{"NAME":"Ngarrindjeri","ABBREVN":"Ngarrindjeri","SUBJECTO":"Ngarrindjeri","BORDERPRECISION":3,"PARTOF":"Ngarrindjeri"},"geometry":{"type":"MultiPolygon","coordinates":[[[[139.863,-36.78],[139.743,-36.372],[139.444,-36.041],[139.368,-35.614],[138.226,-35.732],[138.494,-35.395],[138.996,-35.079],[139.348,-35.07],[139.521,-35.183],[139.878,-35.982],[140.117,-36.289],[140.238,-36.836],[140.677,-36.855],[140.731,-36.965],[140.625,-37.069],[139.84,-37.042],[139.863,-36.78]]]]}},{"type":"Feature","properties":{"NAME":"Bardi","ABBREVN":"Bardi","SUBJECTO":"Bardi","BORDERPRECISION":3,"PARTOF":"Bardi"},"geometry":{"type":"MultiPolygon","coordinates":[[[[122.869,-16.659],[122.949,-16.762],[122.734,-16.715],[122.761,-16.597],[122.869,-16.659]]]]}},{"type":"Feature","properties":{"NAME":"Maung","ABBREVN":"Maung","SUBJECTO":"Maung","BORDERPRECISION":3,"PARTOF":"Maung"},"geometry":{"type":"MultiPolygon","coordinates":[[[[133.397,-11.882],[133.537,-11.942],[133.083,-11.857],[133.136,-11.702],[133.397,-11.882]]]]}},{"type":"Feature","properties":{"NAME":"Nyamal","ABBREVN":"Nyamal","SUBJECTO":"Nyamal","BORDERPRECISION":3,"PARTOF":"Nyamal"},"geometry":{"type":"MultiPolygon","coordinates":[[[[118.734,-20.317],[118.828,-20.14],[119.636,-20.391],[119.927,-20.113],[120.037,-20.144],[120.157,-20.35],[120.553,-20.669],[120.883,-20.818],[120.97,-20.956],[121.229,-21.601],[121.201,-22.101],[121.069,-22.233],[120.685,-22.111],[119.932,-22.111],[118.96,-21.984],[118.894,-21.836],[118.652,-21.708],[118.806,-20.617],[118.621,-20.375],[118.734,-20.317]]]]}},{"type":"Feature","properties":{"NAME":"Yarluyandi","ABBREVN":"Yarluyandi","SUBJECTO":"Yarluyandi","BORDERPRECISION":3,"PARTOF":"Yarluyandi"},"geometry":{"type":"MultiPolygon","coordinates":[[[[139.23,-25.374],[139.197,-25.245],[139.856,-25.195],[140.504,-25.423],[140.658,-25.523],[140.581,-25.948],[140.394,-26.254],[140.175,-26.333],[139.076,-26.254],[138.856,-26.096],[138.845,-25.869],[139.23,-25.374]]]]}},{"type":"Feature","properties":{"NAME":"Yuru","ABBREVN":"Yuru","SUBJECTO":"Yuru","BORDERPRECISION":3,"PARTOF":"Yuru"},"geometry":{"type":"MultiPolygon","coordinates":[[[[147.594,-19.855],[148.106,-20.143],[147.681,-19.966],[147.269,-19.95],[147.263,-19.749],[147.467,-19.651],[147.594,-19.855]]]]}},{"type":"Feature","properties":{"NAME":"Marringarr","ABBREVN":"Marringarr","SUBJECTO":"Marringarr","BORDERPRECISION":3,"PARTOF":"Marringarr"},"geometry":{"type":"MultiPolygon","coordinates":[[[[129.763,-14.019],[129.93,-13.979],[129.861,-14.267],[130.02,-14.413],[129.979,-14.451],[129.787,-14.459],[129.633,-14.342],[129.581,-14.182],[129.763,-14.019]]]]}},{"type":"Feature","properties":{"NAME":"Wuli-wuli","ABBREVN":"Wuli-wuli","SUBJECTO":"Wuli-wuli","BORDERPRECISION":3,"PARTOF":"Wuli-wuli"},"geometry":{"type":"MultiPolygon","coordinates":[[[[149.941,-24.901],[150.656,-24.702],[150.837,-25.661],[150.441,-25.745],[149.974,-25.686],[149.941,-24.901]]]]}},{"type":"Feature","properties":{"NAME":"Wadi Wadi","ABBREVN":"Wadi Wadi","SUBJECTO":"Wadi Wadi","BORDERPRECISION":3,"PARTOF":"Wadi Wadi"},"geometry":{"type":"MultiPolygon","coordinates":[[[[143.015,-34.8],[143.289,-34.669],[143.74,-34.715],[143.992,-34.818],[144.075,-35.03],[143.822,-35.282],[143.383,-35.353],[143.251,-35.308],[143.24,-35.12],[143.015,-34.8]]]]}},{"type":"Feature","properties":{"NAME":"Bibbulman","ABBREVN":"Bibbulman","SUBJECTO":"Bibbulman","BORDERPRECISION":3,"PARTOF":"Bibbulman"},"geometry":{"type":"MultiPolygon","coordinates":[[[[115.137,-34.398],[115.373,-34.085],[115.724,-33.889],[115.845,-33.669],[115.961,-33.674],[116.202,-33.934],[116.186,-34.216],[116.499,-34.339],[116.559,-34.836],[116.428,-35.048],[116.005,-34.935],[115.648,-34.597],[115.137,-34.398]]]]}},{"type":"Feature","properties":{"NAME":"Yambina","ABBREVN":"Yambina","SUBJECTO":"Yambina","BORDERPRECISION":3,"PARTOF":"Yambina"},"geometry":{"type":"MultiPolygon","coordinates":[[[[146.799,-21.943],[146.777,-21.811],[147.426,-21.739],[147.788,-21.821],[147.887,-22.147],[147.876,-22.452],[147.25,-22.513],[146.7,-22.36],[146.799,-21.943]]]]}},{"type":"Feature","properties":{"NAME":"Gananggalinda","ABBREVN":"Gananggalinda","SUBJECTO":"Gananggalinda","BORDERPRECISION":3,"PARTOF":"Gananggalinda"},"geometry":{"type":"MultiPolygon","coordinates":[[[[138.963,-16.994],[139.05,-17.057],[138.963,-16.994]]]]}},{"type":"Feature","properties":{"NAME":"Gamberre","ABBREVN":"Gamberre","SUBJECTO":"Gamberre","BORDERPRECISION":3,"PARTOF":"Gamberre"},"geometry":{"type":"MultiPolygon","coordinates":[[[[126.101,-14.205],[126.268,-14.071],[126.426,-14.147],[126.546,-14.35],[126.64,-14.155],[126.766,-14.35],[126.689,-14.483],[126.315,-14.647],[125.958,-14.695],[125.922,-14.573],[126.101,-14.205]]]]}},{"type":"Feature","properties":{"NAME":"Ngatatjara","ABBREVN":"Ngatatjara","SUBJECTO":"Ngatatjara","BORDERPRECISION":3,"PARTOF":"Ngatatjara"},"geometry":{"type":"MultiPolygon","coordinates":[[[[126.409,-24.197],[127.441,-23.986],[128.123,-23.986],[128.672,-24.107],[129.034,-24.797],[129.067,-25.849],[128.925,-26.007],[128.21,-25.998],[127.683,-26.48],[127.365,-26.539],[126.683,-26.244],[125.837,-25.681],[125.519,-25.046],[125.508,-24.617],[126.002,-24.227],[126.409,-24.197]]]]}},{"type":"Feature","properties":{"NAME":"Wawula","ABBREVN":"Wawula","SUBJECTO":"Wawula","BORDERPRECISION":3,"PARTOF":"Wawula"},"geometry":{"type":"MultiPolygon","coordinates":[[[[119.806,-23.373],[120.278,-23.403],[120.981,-23.282],[121.794,-24.277],[122.3,-24.597],[122.937,-25.314],[122.948,-26.027],[122.498,-26.007],[121.937,-26.096],[121.772,-26.274],[121.025,-26.49],[119.235,-25.81],[118.905,-25.81],[118.894,-25.681],[119.092,-25.443],[119.575,-25.125],[119.828,-24.707],[119.861,-24.167],[119.619,-23.514],[119.619,-23.403],[119.806,-23.373]]]]}},{"type":"Feature","properties":{"NAME":"Nyangumarda","ABBREVN":"Nyangumarda","SUBJECTO":"Nyangumarda","BORDERPRECISION":3,"PARTOF":"Nyangumarda"},"geometry":{"type":"MultiPolygon","coordinates":[[[[120.223,-19.983],[120.872,-19.677],[121.194,-19.377],[121.54,-18.785],[122.487,-18.958],[123.146,-19.135],[123.585,-19.674],[123.805,-20.035],[123.838,-20.746],[122.893,-21.841],[122.563,-22.513],[122.19,-22.472],[121.421,-22.259],[121.135,-21.953],[121.058,-21.289],[120.905,-20.982],[120.223,-20.52],[119.926,-20.081],[120.223,-19.983]]]]}},{"type":"Feature","properties":{"NAME":"Warluwarra","ABBREVN":"Warluwarra","SUBJECTO":"Warluwarra","BORDERPRECISION":3,"PARTOF":"Warluwarra"},"geometry":{"type":"MultiPolygon","coordinates":[[[[137.922,-21.749],[138.076,-21.514],[139.076,-20.951],[139.241,-21.166],[139.263,-22.279],[138.142,-21.994],[137.922,-21.749]]]]}},{"type":"Feature","properties":{"NAME":"Mayi-Yapi","ABBREVN":"Mayi-Yapi","SUBJECTO":"Mayi-Yapi","BORDERPRECISION":3,"PARTOF":"Mayi-Yapi"},"geometry":{"type":"MultiPolygon","coordinates":[[[[139.9,-18.448],[140.087,-18.396],[140.625,-18.5],[140.867,-18.073],[141.163,-18.667],[141.185,-19.104],[141.185,-19.373],[140.9,-19.456],[140.208,-20.149],[139.977,-20.221],[140.021,-19.031],[139.9,-18.448]]]]}},{"type":"Feature","properties":{"NAME":"Biri","ABBREVN":"Biri","SUBJECTO":"Biri","BORDERPRECISION":3,"PARTOF":"Biri"},"geometry":{"type":"MultiPolygon","coordinates":[[[[147.973,-20.096],[148.299,-20.273],[149.09,-21.632],[147.986,-21.657],[147.722,-21.571],[147.783,-21.356],[147.733,-21.269],[147.59,-21.182],[147.118,-20.54],[147.228,-20.092],[147.189,-19.911],[147.739,-19.947],[147.973,-20.096]]]]}},{"type":"Feature","properties":{"NAME":"Kamilaroi","ABBREVN":"Kamilaroi","SUBJECTO":"Kamilaroi","BORDERPRECISION":3,"PARTOF":"Kamilaroi"},"geometry":{"type":"MultiPolygon","coordinates":[[[[150.282,-28.459],[150.677,-28.411],[150.974,-28.777],[150.919,-29.516],[150.996,-29.717],[150.974,-30.647],[151.315,-31.109],[151.458,-31.457],[151.425,-31.625],[150.282,-31.892],[149.661,-32.124],[149.332,-32.038],[148.999,-31.901],[149.181,-31.257],[148.942,-31.062],[148.909,-30.865],[148.793,-30.737],[148.64,-30.61],[148.453,-30.636],[148.082,-30.069],[147.382,-30.119],[147.066,-30.074],[146.813,-29.905],[147.0,-29.547],[147.283,-29.337],[147.439,-29.035],[149.634,-28.797],[150.282,-28.459]]]]}},{"type":"Feature","properties":{"NAME":"Agwarmin","ABBREVN":"Agwarmin","SUBJECTO":"Agwarmin","BORDERPRECISION":3,"PARTOF":"Agwarmin"},"geometry":{"type":"MultiPolygon","coordinates":[[[[143.372,-16.731],[143.701,-16.489],[143.943,-16.489],[144.371,-17.12],[144.778,-17.445],[144.811,-17.571],[144.657,-17.654],[144.47,-18.428],[144.547,-19.197],[144.24,-19.539],[144.009,-19.632],[143.646,-19.114],[143.514,-18.698],[143.383,-17.602],[142.932,-17.246],[143.031,-16.889],[143.372,-16.731]]]]}},{"type":"Feature","properties":{"NAME":"Yuin","ABBREVN":"Yuin","SUBJECTO":"Yuin","BORDERPRECISION":3,"PARTOF":"Yuin"},"geometry":{"type":"MultiPolygon","coordinates":[[[[150.801,-35.151],[150.222,-35.694],[150.087,-36.154],[149.975,-37.049],[149.823,-37.101],[149.398,-37.02],[149.442,-35.333],[150.257,-34.915],[150.796,-35.086],[150.801,-35.151]]]]}},{"type":"Feature","properties":{"NAME":"Yangga","ABBREVN":"Yangga","SUBJECTO":"Yangga","BORDERPRECISION":3,"PARTOF":"Yangga"},"geometry":{"type":"MultiPolygon","coordinates":[[[[147.09,-20.499],[147.821,-21.289],[147.887,-21.448],[147.777,-21.581],[147.783,-21.821],[146.678,-21.877],[146.552,-21.657],[146.442,-20.972],[146.552,-20.664],[147.09,-20.499]]]]}},{"type":"Feature","properties":{"NAME":"Bigambul","ABBREVN":"Bigambul","SUBJECTO":"Bigambul","BORDERPRECISION":3,"PARTOF":"Bigambul"},"geometry":{"type":"MultiPolygon","coordinates":[[[[150.59,-27.176],[150.958,-27.416],[150.969,-27.538],[150.831,-27.64],[150.804,-28.023],[150.958,-28.7],[150.914,-28.744],[150.721,-28.662],[150.601,-28.474],[150.436,-28.449],[149.496,-28.917],[147.711,-29.056],[148.266,-28.464],[148.431,-28.135],[148.804,-28.135],[149.507,-27.965],[149.381,-27.727],[149.425,-27.299],[149.81,-27.186],[150.59,-27.176]]]]}},{"type":"Feature","properties":{"NAME":"Alawa","ABBREVN":"Alawa","SUBJECTO":"Alawa","BORDERPRECISION":3,"PARTOF":"Alawa"},"geometry":{"type":"MultiPolygon","coordinates":[[[[133.901,-14.839],[134.143,-14.722],[134.725,-15.115],[135.231,-15.284],[135.385,-15.401],[135.428,-15.57],[135.396,-16.362],[134.912,-16.91],[134.451,-17.214],[134.308,-16.973],[133.484,-16.215],[133.627,-15.115],[133.901,-14.839]]]]}},{"type":"Feature","properties":{"NAME":"Gunditjmara","ABBREVN":"Gunditjmara","SUBJECTO":"Gunditjmara","BORDERPRECISION":3,"PARTOF":"Gunditjmara"},"geometry":{"type":"MultiPolygon","coordinates":[[[[140.993,-38.091],[140.946,-38.02],[141.004,-37.986],[141.251,-38.061],[141.299,-37.916],[141.239,-37.682],[141.395,-37.671],[141.408,-37.595],[142.031,-37.725],[142.71,-37.983],[142.663,-38.28],[142.424,-38.462],[141.735,-38.372],[141.356,-38.423],[140.993,-38.091]]]]}},{"type":"Feature","properties":{"NAME":"Waveroo","ABBREVN":"Waveroo","SUBJECTO":"Waveroo","BORDERPRECISION":3,"PARTOF":"Waveroo"},"geometry":{"type":"MultiPolygon","coordinates":[[[[147.129,-36.022],[147.272,-36.138],[147.294,-36.985],[147.118,-37.055],[146.558,-36.985],[145.964,-36.421],[145.767,-36.049],[145.942,-35.951],[146.118,-36.031],[147.129,-36.022]]]]}},{"type":"Feature","properties":{"NAME":"Wemba Wemba","ABBREVN":"Wemba Wemba","SUBJECTO":"Wemba Wemba","BORDERPRECISION":3,"PARTOF":"Wemba Wemba"},"geometry":{"type":"MultiPolygon","coordinates":[[[[143.328,-35.308],[143.707,-35.264],[143.937,-35.079],[144.102,-34.809],[144.547,-34.66],[144.866,-34.755],[144.218,-35.474],[143.756,-35.796],[143.427,-35.729],[143.328,-35.537],[143.328,-35.308]]]]}},{"type":"Feature","properties":{"NAME":"Yangman","ABBREVN":"Yangman","SUBJECTO":"Yangman","BORDERPRECISION":3,"PARTOF":"Yangman"},"geometry":{"type":"MultiPolygon","coordinates":[[[[133.198,-14.87],[133.704,-14.945],[133.693,-15.411],[133.605,-15.951],[133.429,-16.394],[133.198,-16.573],[132.968,-16.594],[132.693,-16.52],[132.33,-16.109],[132.319,-15.485],[132.231,-15.21],[132.286,-15.03],[132.462,-14.977],[132.902,-15.03],[133.198,-14.87]]]]}},{"type":"Feature","properties":{"NAME":"Barunggam","ABBREVN":"Barunggam","SUBJECTO":"Barunggam","BORDERPRECISION":3,"PARTOF":"Barunggam"},"geometry":{"type":"MultiPolygon","coordinates":[[[[150.09,-25.701],[150.848,-25.642],[151.029,-25.78],[151.474,-26.244],[151.584,-26.628],[151.974,-26.834],[152.227,-27.235],[152.43,-27.771],[151.326,-27.839],[151.183,-27.781],[151.062,-27.533],[150.892,-27.547],[150.848,-27.362],[150.557,-27.206],[150.084,-27.196],[149.271,-27.377],[149.42,-26.288],[149.529,-26.126],[149.848,-26.096],[149.974,-25.993],[150.002,-25.681],[150.09,-25.701]]]]}},{"type":"Feature","properties":{"NAME":"Wirangu","ABBREVN":"Wirangu","SUBJECTO":"Wirangu","BORDERPRECISION":3,"PARTOF":"Wirangu"},"geometry":{"type":"MultiPolygon","coordinates":[[[[134.237,-32.742],[133.837,-32.342],[133.125,-32.337],[132.698,-32.09],[132.182,-32.148],[131.082,-31.49],[131.188,-31.466],[131.336,-30.986],[131.243,-30.808],[131.026,-30.768],[131.045,-30.638],[131.287,-30.278],[131.451,-30.183],[132.484,-30.259],[132.715,-30.373],[133.912,-30.619],[135.582,-31.316],[136.143,-31.775],[135.659,-31.961],[134.835,-32.436],[134.154,-33.046],[134.258,-32.875],[134.237,-32.742]]]]}},{"type":"Feature","properties":{"NAME":"Bayali","ABBREVN":"Bayali","SUBJECTO":"Bayali","BORDERPRECISION":3,"PARTOF":"Bayali"},"geometry":{"type":"MultiPolygon","coordinates":[[[[150.802,-23.6],[151.214,-23.95],[150.694,-24.182],[150.507,-23.685],[150.797,-23.504],[150.802,-23.6]]]]}},{"type":"Feature","properties":{"NAME":"Ngawun","ABBREVN":"Ngawun","SUBJECTO":"Ngawun","BORDERPRECISION":3,"PARTOF":"Ngawun"},"geometry":{"type":"MultiPolygon","coordinates":[[[[141.119,-19.368],[141.691,-19.207],[142.789,-19.389],[142.976,-19.513],[142.822,-19.798],[142.482,-20.123],[142.949,-20.607],[141.696,-20.638],[141.251,-19.999],[141.119,-19.368]]]]}},{"type":"Feature","properties":{"NAME":"Kwini","ABBREVN":"Kwini","SUBJECTO":"Kwini","BORDERPRECISION":3,"PARTOF":"Kwini"},"geometry":{"type":"MultiPolygon","coordinates":[[[[127.397,-14.1],[127.963,-14.703],[127.989,-14.857],[127.661,-15.231],[127.452,-15.274],[127.31,-15.189],[127.244,-14.445],[127.244,-14.275],[127.397,-14.1]]]]}},{"type":"Feature","properties":{"NAME":"Baradha","ABBREVN":"Baradha","SUBJECTO":"Baradha","BORDERPRECISION":3,"PARTOF":"Baradha"},"geometry":{"type":"MultiPolygon","coordinates":[[[[148.59,-21.647],[149.128,-21.586],[149.359,-21.943],[149.37,-22.35],[148.997,-22.401],[148.689,-22.32],[148.546,-22.391],[148.59,-21.647]]]]}},{"type":"Feature","properties":{"NAME":"Budjari","ABBREVN":"Budjari","SUBJECTO":"Budjari","BORDERPRECISION":3,"PARTOF":"Budjari"},"geometry":{"type":"MultiPolygon","coordinates":[[[[144.113,-27.999],[144.926,-27.97],[144.827,-28.782],[143.992,-28.84],[143.652,-28.768],[143.569,-28.372],[144.113,-27.999]]]]}},{"type":"Feature","properties":{"NAME":"Dieri","ABBREVN":"Dieri","SUBJECTO":"Dieri","BORDERPRECISION":3,"PARTOF":"Dieri"},"geometry":{"type":"MultiPolygon","coordinates":[[[[138.461,-29.573],[138.593,-28.642],[138.538,-28.42],[138.153,-27.771],[138.23,-27.528],[138.417,-27.362],[139.186,-27.382],[139.603,-27.255],[140.032,-27.235],[139.845,-28.237],[139.636,-28.739],[139.636,-29.564],[138.461,-29.573]]]]}},{"type":"Feature","properties":{"NAME":"Wik","ABBREVN":"Wik","SUBJECTO":"Wik","BORDERPRECISION":3,"PARTOF":"Wik"},"geometry":{"type":"MultiPolygon","coordinates":[[[[141.585,-14.331],[141.668,-14.114],[141.512,-13.809],[141.584,-13.358],[141.652,-13.344],[141.688,-13.515],[141.888,-13.491],[141.982,-13.192],[142.866,-13.074],[142.96,-14.243],[142.394,-14.472],[141.998,-14.499],[141.524,-14.493],[141.585,-14.331]]]]}},{"type":"Feature","properties":{"NAME":"Mutumui","ABBREVN":"Mutumui","SUBJECTO":"Mutumui","BORDERPRECISION":3,"PARTOF":"Mutumui"},"geometry":{"type":"MultiPolygon","coordinates":[[[[144.212,-14.452],[144.385,-14.369],[144.529,-14.668],[145.138,-14.998],[145.031,-15.072],[144.454,-14.801],[144.207,-14.86],[144.212,-14.452]]]]}},{"type":"Feature","properties":{"NAME":"Tjungundji","ABBREVN":"Tjungundji","SUBJECTO":"Tjungundji","BORDERPRECISION":3,"PARTOF":"Tjungundji"},"geometry":{"type":"MultiPolygon","coordinates":[[[[141.927,-11.996],[141.924,-12.117],[141.859,-12.108],[141.927,-11.996]]]]}},{"type":"Feature","properties":{"NAME":"Jardwadjali","ABBREVN":"Jardwadjali","SUBJECTO":"Jardwadjali","BORDERPRECISION":3,"PARTOF":"Jardwadjali"},"geometry":{"type":"MultiPolygon","coordinates":[[[[142.839,-36.589],[142.855,-36.814],[143.015,-36.902],[143.443,-36.937],[143.443,-37.02],[143.289,-37.103],[142.57,-37.055],[142.526,-37.562],[142.427,-37.623],[142.059,-37.571],[141.905,-37.775],[141.663,-37.775],[141.378,-37.597],[141.064,-37.125],[140.977,-36.84],[140.993,-36.734],[141.817,-36.686],[142.336,-36.218],[143.004,-36.244],[142.839,-36.589]]]]}},{"type":"Feature","properties":{"NAME":"Luthigh","ABBREVN":"Luthigh","SUBJECTO":"Luthigh","BORDERPRECISION":3,"PARTOF":"Luthigh"},"geometry":{"type":"MultiPolygon","coordinates":[[[[141.987,-12.176],[142.169,-12.082],[142.589,-12.388],[142.638,-12.651],[142.583,-13.109],[142.35,-13.098],[142.158,-12.863],[141.987,-12.176]]]]}},{"type":"Feature","properties":{"NAME":"Guugu-Yimidhirr","ABBREVN":"Guugu-Yimidhirr","SUBJECTO":"Guugu-Yimidhirr","BORDERPRECISION":3,"PARTOF":"Guugu-Yimidhirr"},"geometry":{"type":"MultiPolygon","coordinates":[[[[145.12,-14.978],[145.184,-15.048],[145.238,-15.709],[145.102,-15.877],[144.8,-15.977],[144.602,-15.448],[145.12,-14.978]]]]}},{"type":"Feature","properties":{"NAME":"Walangama","ABBREVN":"Walangama","SUBJECTO":"Walangama","BORDERPRECISION":3,"PARTOF":"Walangama"},"geometry":{"type":"MultiPolygon","coordinates":[[[[141.235,-17.518],[141.422,-17.503],[142.57,-18.01],[143.036,-18.698],[143.02,-18.823],[142.251,-18.672],[141.46,-18.292],[141.29,-18.088],[141.235,-17.518]]]]}},{"type":"Feature","properties":{"NAME":"Anggamudi","ABBREVN":"Anggamudi","SUBJECTO":"Anggamudi","BORDERPRECISION":3,"PARTOF":"Anggamudi"},"geometry":{"type":"MultiPolygon","coordinates":[[[[142.686,-11.183],[142.71,-12.021],[141.939,-11.976],[142.093,-11.532],[142.126,-11.157],[142.267,-10.99],[142.646,-11.098],[142.686,-11.183]]]]}},{"type":"Feature","properties":{"NAME":"Larrakia","ABBREVN":"Larrakia","SUBJECTO":"Larrakia","BORDERPRECISION":3,"PARTOF":"Larrakia"},"geometry":{"type":"MultiPolygon","coordinates":[[[[130.463,-12.759],[130.951,-12.631],[130.859,-12.447],[131.122,-12.262],[131.232,-12.579],[131.204,-12.919],[130.93,-12.989],[130.386,-12.889],[130.463,-12.759]]]]}},{"type":"Feature","properties":{"NAME":"Pitta-Pitta","ABBREVN":"Pitta-Pitta","SUBJECTO":"Pitta-Pitta","BORDERPRECISION":3,"PARTOF":"Pitta-Pitta"},"geometry":{"type":"MultiPolygon","coordinates":[[[[139.224,-22.152],[139.307,-22.004],[139.493,-22.004],[140.24,-22.116],[140.548,-22.37],[141.053,-22.381],[140.735,-22.837],[140.614,-23.181],[140.603,-24.427],[139.642,-24.712],[139.12,-24.077],[138.983,-23.725],[138.735,-23.388],[139.059,-22.948],[139.224,-22.152]]]]}},{"type":"Feature","properties":{"NAME":"Ngarabal","ABBREVN":"Ngarabal","SUBJECTO":"Ngarabal","BORDERPRECISION":3,"PARTOF":"Ngarabal"},"geometry":{"type":"MultiPolygon","coordinates":[[[[150.996,-27.479],[151.458,-27.946],[151.501,-28.111],[151.908,-28.546],[152.04,-28.845],[152.007,-29.095],[151.754,-29.507],[151.326,-29.874],[150.952,-29.822],[150.87,-29.468],[150.875,-28.912],[150.941,-28.797],[150.749,-28.343],[150.721,-27.902],[150.809,-27.552],[150.996,-27.479]]]]}},{"type":"Feature","properties":{"NAME":"Amangu","ABBREVN":"Amangu","SUBJECTO":"Amangu","BORDERPRECISION":3,"PARTOF":"Amangu"},"geometry":{"type":"MultiPolygon","coordinates":[[[[114.912,-29.697],[114.543,-28.772],[115.73,-28.416],[115.977,-28.686],[116.669,-29.95],[116.505,-30.107],[116.153,-30.221],[115.016,-30.368],[114.9,-30.129],[114.912,-29.697]]]]}},{"type":"Feature","properties":{"NAME":"Djargurdwurung","ABBREVN":"Djargurdwurung","SUBJECTO":"Djargurdwurung","BORDERPRECISION":3,"PARTOF":"Djargurdwurung"},"geometry":{"type":"MultiPolygon","coordinates":[[[[143.674,-38.044],[143.635,-38.169],[143.391,-38.204],[143.421,-38.477],[142.979,-38.387],[143.047,-37.801],[143.674,-38.044]]]]}},{"type":"Feature","properties":{"NAME":"Yanyuwa","ABBREVN":"Yanyuwa","SUBJECTO":"Yanyuwa","BORDERPRECISION":3,"PARTOF":"Yanyuwa"},"geometry":{"type":"MultiPolygon","coordinates":[[[[136.094,-15.449],[136.687,-16.026],[137.074,-16.031],[137.426,-16.189],[138.355,-16.878],[138.032,-16.794],[137.648,-16.489],[136.912,-16.13],[136.615,-16.109],[135.736,-15.475],[135.9,-15.333],[136.094,-15.449]]]]}},{"type":"Feature","properties":{"NAME":"Gungurugoni","ABBREVN":"Gungurugoni","SUBJECTO":"Gungurugoni","BORDERPRECISION":3,"PARTOF":"Gungurugoni"},"geometry":{"type":"MultiPolygon","coordinates":[[[[134.392,-12.119],[134.35,-12.296],[134.117,-12.289],[134.171,-12.119],[134.392,-12.119]]]]}},{"type":"Feature","properties":{"NAME":"Barkindji","ABBREVN":"Barkindji","SUBJECTO":"Barkindji","BORDERPRECISION":3,"PARTOF":"Barkindji"},"geometry":{"type":"MultiPolygon","coordinates":[[[[140.867,-33.431],[141.438,-33.082],[143.295,-31.588],[143.602,-31.41],[144.141,-31.504],[143.91,-31.859],[142.756,-32.898],[142.679,-33.202],[142.905,-33.993],[142.471,-33.669],[142.35,-33.952],[142.119,-33.934],[142.02,-34.034],[141.086,-33.642],[140.867,-33.431]]]]}},{"type":"Feature","properties":{"NAME":"Gulidjan","ABBREVN":"Gulidjan","SUBJECTO":"Gulidjan","BORDERPRECISION":3,"PARTOF":"Gulidjan"},"geometry":{"type":"MultiPolygon","coordinates":[[[[143.86,-37.979],[144.031,-37.988],[144.025,-38.385],[143.723,-38.565],[143.427,-38.522],[143.35,-38.376],[143.388,-38.156],[143.569,-38.156],[143.86,-37.979]]]]}},{"type":"Feature","properties":{"NAME":"Ngadjuri","ABBREVN":"Ngadjuri","SUBJECTO":"Ngadjuri","BORDERPRECISION":3,"PARTOF":"Ngadjuri"},"geometry":{"type":"MultiPolygon","coordinates":[[[[138.12,-32.324],[138.549,-32.064],[140.065,-32.045],[140.01,-32.538],[139.889,-32.852],[139.362,-32.999],[139.043,-33.239],[139.219,-34.044],[139.219,-34.498],[138.669,-34.687],[138.323,-33.431],[138.362,-33.013],[138.12,-32.324]]]]}},{"type":"Feature","properties":{"NAME":"Ngatjumay","ABBREVN":"Ngatjumay","SUBJECTO":"Ngatjumay","BORDERPRECISION":3,"PARTOF":"Ngatjumay"},"geometry":{"type":"MultiPolygon","coordinates":[[[[123.922,-33.521],[123.608,-33.382],[122.755,-33.391],[123.009,-31.987],[123.383,-30.992],[124.222,-31.034],[124.431,-32.944],[124.235,-33.012],[124.099,-33.166],[123.922,-33.521]]]]}},{"type":"Feature","properties":{"NAME":"Ngaliwuru","ABBREVN":"Ngaliwuru","SUBJECTO":"Ngaliwuru","BORDERPRECISION":3,"PARTOF":"Ngaliwuru"},"geometry":{"type":"MultiPolygon","coordinates":[[[[130.413,-15.708],[131.429,-15.66],[131.429,-15.988],[130.902,-16.088],[130.562,-16.025],[130.43,-15.956],[130.413,-15.708]]]]}},{"type":"Feature","properties":{"NAME":"Thalanyji","ABBREVN":"Thalanyji","SUBJECTO":"Thalanyji","BORDERPRECISION":3,"PARTOF":"Thalanyji"},"geometry":{"type":"MultiPolygon","coordinates":[[[[113.625,-22.566],[113.901,-22.038],[114.027,-22.521],[114.075,-22.603],[114.232,-22.616],[114.309,-22.564],[114.456,-22.094],[114.639,-21.982],[114.664,-22.218],[114.922,-22.416],[116.016,-22.467],[115.812,-22.827],[115.598,-22.872],[114.225,-22.72],[113.862,-22.781],[113.818,-22.852],[113.719,-22.817],[113.625,-22.566]]]]}},{"type":"Feature","properties":{"NAME":"Woolna","ABBREVN":"Woolna","SUBJECTO":"Woolna","BORDERPRECISION":3,"PARTOF":"Woolna"},"geometry":{"type":"MultiPolygon","coordinates":[[[[131.183,-12.236],[131.54,-12.401],[131.676,-12.385],[131.611,-13.031],[131.177,-12.876],[131.169,-12.52],[131.063,-12.261],[131.183,-12.236]]]]}},{"type":"Feature","properties":{"NAME":"Rembarnga","ABBREVN":"Rembarnga","SUBJECTO":"Rembarnga","BORDERPRECISION":3,"PARTOF":"Rembarnga"},"geometry":{"type":"MultiPolygon","coordinates":[[[[134.637,-12.437],[134.923,-12.603],[135.154,-13.074],[134.874,-13.117],[134.319,-13.427],[134.061,-13.4],[133.962,-13.293],[133.962,-12.983],[134.275,-12.662],[134.637,-12.437]]]]}},{"type":"Feature","properties":{"NAME":"Murrinh-patha","ABBREVN":"Murrinh-patha","SUBJECTO":"Murrinh-patha","BORDERPRECISION":3,"PARTOF":"Murrinh-patha"},"geometry":{"type":"MultiPolygon","coordinates":[[[[129.729,-14.674],[129.423,-14.414],[129.427,-14.306],[129.596,-14.168],[129.65,-14.336],[129.809,-14.445],[130.221,-14.453],[130.372,-14.525],[130.399,-14.711],[130.32,-14.801],[129.817,-14.781],[129.729,-14.674]]]]}},{"type":"Feature","properties":{"NAME":"Pitjantjatjara","ABBREVN":"Pitjantjatjara","SUBJECTO":"Pitjantjatjara","BORDERPRECISION":3,"PARTOF":"Pitjantjatjara"},"geometry":{"type":"MultiPolygon","coordinates":[[[[128.804,-24.437],[129.935,-24.547],[130.891,-24.837],[131.111,-25.135],[131.122,-25.324],[130.836,-26.106],[130.99,-26.471],[131.001,-26.844],[130.748,-27.45],[130.507,-27.528],[129.716,-27.499],[129.331,-27.245],[129.111,-26.961],[128.892,-26.618],[128.881,-24.996],[128.804,-24.437]]]]}},{"type":"Feature","properties":{"NAME":"Yandruwandha","ABBREVN":"Yandruwandha","SUBJECTO":"Yandruwandha","BORDERPRECISION":3,"PARTOF":"Yandruwandha"},"geometry":{"type":"MultiPolygon","coordinates":[[[[141.581,-27.333],[141.779,-27.829],[142.119,-28.353],[141.152,-28.816],[140.746,-28.931],[139.515,-28.912],[139.614,-28.343],[139.911,-27.479],[140.295,-27.528],[140.526,-27.654],[140.933,-27.654],[141.581,-27.333]]]]}},{"type":"Feature","properties":{"NAME":"Minang","ABBREVN":"Minang","SUBJECTO":"Minang","BORDERPRECISION":3,"PARTOF":"Minang"},"geometry":{"type":"MultiPolygon","coordinates":[[[[117.978,-35.098],[117.978,-35.098]]]]}},{"type":"Feature","properties":{"NAME":"Yugambeh","ABBREVN":"Yugambeh","SUBJECTO":"Yugambeh","BORDERPRECISION":3,"PARTOF":"Yugambeh"},"geometry":{"type":"MultiPolygon","coordinates":[[[[153.296,-27.913],[153.479,-28.521],[152.797,-28.447],[152.552,-28.307],[152.606,-27.975],[152.754,-27.731],[153.12,-27.625],[153.296,-27.913]]]]}},{"type":"Feature","properties":{"NAME":"Lamalama","ABBREVN":"Lamalama","SUBJECTO":"Lamalama","BORDERPRECISION":3,"PARTOF":"Lamalama"},"geometry":{"type":"MultiPolygon","coordinates":[[[[143.743,-14.466],[143.875,-14.586],[144.065,-14.592],[144.199,-14.464],[144.234,-14.87],[143.756,-14.987],[143.454,-14.955],[143.405,-14.323],[143.673,-14.287],[143.743,-14.466]]]]}},{"type":"Feature","properties":{"NAME":"Wardandi","ABBREVN":"Wardandi","SUBJECTO":"Wardandi","BORDERPRECISION":3,"PARTOF":"Wardandi"},"geometry":{"type":"MultiPolygon","coordinates":[[[[114.961,-33.869],[114.986,-33.755],[115.409,-33.767],[115.654,-33.331],[115.807,-33.541],[115.752,-33.852],[115.367,-34.071],[115.175,-34.384],[115.054,-34.375],[114.961,-33.869]]]]}},{"type":"Feature","properties":{"NAME":"Amarak","ABBREVN":"Amarak","SUBJECTO":"Amarak","BORDERPRECISION":3,"PARTOF":"Amarak"},"geometry":{"type":"MultiPolygon","coordinates":[[[[132.751,-12.169],[132.611,-11.732],[132.836,-11.566],[133.094,-11.91],[132.841,-12.227],[132.751,-12.169]]]]}},{"type":"Feature","properties":{"NAME":"Umida","ABBREVN":"Umida","SUBJECTO":"Umida","BORDERPRECISION":3,"PARTOF":"Umida"},"geometry":{"type":"MultiPolygon","coordinates":[[[[123.576,-16.391],[124.435,-16.516],[124.497,-16.773],[124.448,-16.889],[124.008,-16.868],[123.915,-16.568],[123.576,-16.391]]]]}},{"type":"Feature","properties":{"NAME":"Kundjey\u2019mi","ABBREVN":"Kundjey\u2019mi","SUBJECTO":"Kundjey\u2019mi","BORDERPRECISION":3,"PARTOF":"Kundjey\u2019mi"},"geometry":{"type":"MultiPolygon","coordinates":[[[[132.733,-12.195],[132.734,-12.117],[132.968,-12.442],[132.965,-12.646],[132.855,-12.745],[132.638,-12.605],[132.733,-12.195]]]]}},{"type":"Feature","properties":{"NAME":"Kurnai","ABBREVN":"Kurnai","SUBJECTO":"Kurnai","BORDERPRECISION":3,"PARTOF":"Kurnai"},"geometry":{"type":"MultiPolygon","coordinates":[[[[146.917,-38.713],[146.217,-38.728],[146.409,-37.975],[146.162,-37.427],[146.904,-37.077],[147.184,-37.003],[147.546,-37.484],[148.156,-37.16],[148.453,-37.409],[148.958,-37.479],[149.255,-37.619],[149.315,-37.736],[149.31,-37.831],[148.326,-37.901],[147.744,-38.052],[146.917,-38.713]]]]}},{"type":"Feature","properties":{"NAME":"Palyku","ABBREVN":"Palyku","SUBJECTO":"Palyku","BORDERPRECISION":3,"PARTOF":"Palyku"},"geometry":{"type":"MultiPolygon","coordinates":[[[[118.982,-22.06],[119.081,-21.963],[119.993,-22.019],[120.663,-21.882],[121.075,-21.999],[121.223,-22.182],[121.262,-22.741],[121.08,-23.312],[120.58,-23.488],[119.724,-23.448],[119.614,-23.383],[119.355,-22.705],[118.954,-22.396],[118.911,-22.279],[118.982,-22.06]]]]}},{"type":"Feature","properties":{"NAME":"Watjarri","ABBREVN":"Watjarri","SUBJECTO":"Watjarri","BORDERPRECISION":3,"PARTOF":"Watjarri"},"geometry":{"type":"MultiPolygon","coordinates":[[[[114.642,-26.466],[114.741,-26.387],[114.769,-26.22],[114.73,-25.711],[115.823,-25.552],[115.812,-25.294],[116.136,-24.762],[116.505,-24.512],[116.834,-24.482],[116.988,-24.062],[117.098,-24.001],[117.675,-24.031],[118.004,-24.227],[118.878,-24.457],[119.773,-24.971],[119.647,-25.175],[119.174,-25.379],[119.009,-25.547],[118.883,-25.993],[118.229,-27.04],[117.977,-27.206],[117.746,-27.25],[117.57,-27.464],[115.856,-28.594],[115.73,-28.512],[115.395,-28.57],[115.203,-28.474],[115.049,-28.246],[114.906,-27.951],[114.868,-27.162],[114.642,-26.466]]]]}},{"type":"Feature","properties":{"NAME":"Malyangaba","ABBREVN":"Malyangaba","SUBJECTO":"Malyangaba","BORDERPRECISION":3,"PARTOF":"Malyangaba"},"geometry":{"type":"MultiPolygon","coordinates":[[[[139.812,-30.316],[139.9,-30.202],[140.845,-29.86],[141.658,-29.65],[142.141,-29.65],[142.141,-29.898],[141.987,-30.278],[141.724,-30.676],[141.152,-31.279],[140.427,-31.728],[140.054,-32.064],[139.768,-31.091],[139.812,-30.316]]]]}},{"type":"Feature","properties":{"NAME":"Kokowarra","ABBREVN":"Kokowarra","SUBJECTO":"Kokowarra","BORDERPRECISION":3,"PARTOF":"Kokowarra"},"geometry":{"type":"MultiPolygon","coordinates":[[[[143.558,-14.977],[144.481,-14.786],[144.976,-14.966],[145.107,-15.146],[144.745,-15.475],[144.8,-15.961],[144.415,-16.141],[143.712,-16.151],[143.58,-16.088],[143.558,-14.977]]]]}},{"type":"Feature","properties":{"NAME":"Pirlatapa","ABBREVN":"Pirlatapa","SUBJECTO":"Pirlatapa","BORDERPRECISION":3,"PARTOF":"Pirlatapa"},"geometry":{"type":"MultiPolygon","coordinates":[[[[139.537,-28.931],[140.944,-28.835],[141.108,-29.008],[141.097,-29.373],[140.966,-29.593],[140.273,-29.907],[140.131,-30.221],[140.043,-30.231],[140.076,-29.583],[139.57,-29.507],[139.537,-28.931]]]]}},{"type":"Feature","properties":{"NAME":"Ngarti","ABBREVN":"Ngarti","SUBJECTO":"Ngarti","BORDERPRECISION":3,"PARTOF":"Ngarti"},"geometry":{"type":"MultiPolygon","coordinates":[[[[127.738,-19.456],[127.958,-19.311],[128.738,-19.239],[129.1,-19.549],[129.76,-19.829],[130.287,-20.221],[130.573,-20.52],[130.49,-20.915],[130.111,-21.269],[129.628,-20.931],[129.188,-21.146],[128.134,-20.91],[127.738,-20.602],[127.738,-19.456]]]]}},{"type":"Feature","properties":{"NAME":"Dharug","ABBREVN":"Dharug","SUBJECTO":"Dharug","BORDERPRECISION":3,"PARTOF":"Dharug"},"geometry":{"type":"MultiPolygon","coordinates":[[[[151.194,-33.409],[150.815,-34.157],[149.414,-34.357],[148.925,-34.307],[148.634,-34.171],[149.002,-34.189],[149.403,-34.062],[149.562,-33.934],[149.832,-33.518],[149.87,-33.161],[151.221,-33.317],[151.194,-33.409]]]]}},{"type":"Feature","properties":{"NAME":"Wathaurong","ABBREVN":"Wathaurong","SUBJECTO":"Wathaurong","BORDERPRECISION":3,"PARTOF":"Wathaurong"},"geometry":{"type":"MultiPolygon","coordinates":[[[[144.562,-38.137],[144.411,-38.246],[144.591,-38.38],[144.256,-38.441],[143.899,-38.363],[144.02,-38.208],[143.948,-37.983],[143.558,-38.083],[143.339,-38.009],[142.987,-37.749],[142.888,-37.497],[143.251,-37.213],[143.712,-37.204],[143.866,-37.27],[144.152,-37.191],[144.41,-37.501],[144.602,-38.052],[144.696,-38.089],[144.562,-38.137]]]]}},{"type":"Feature","properties":{"NAME":"Warwa","ABBREVN":"Warwa","SUBJECTO":"Warwa","BORDERPRECISION":3,"PARTOF":"Warwa"},"geometry":{"type":"MultiPolygon","coordinates":[[[[123.704,-17.217],[123.827,-17.248],[123.912,-16.975],[123.86,-16.857],[124.47,-16.841],[124.486,-17.44],[123.777,-17.345],[123.596,-17.157],[123.704,-17.217]]]]}},{"type":"Feature","properties":{"NAME":"Kurtjar","ABBREVN":"Kurtjar","SUBJECTO":"Kurtjar","BORDERPRECISION":3,"PARTOF":"Kurtjar"},"geometry":{"type":"MultiPolygon","coordinates":[[[[141.132,-16.957],[141.295,-16.52],[142.603,-17.183],[143.13,-17.309],[143.13,-17.602],[142.581,-18.041],[141.806,-17.702],[140.879,-17.42],[141.132,-16.957]]]]}},{"type":"Feature","properties":{"NAME":"Thul Garrie Waja (Bindal)","ABBREVN":"Thul Garrie Waja (Bindal)","SUBJECTO":"Thul Garrie Waja (Bindal)","BORDERPRECISION":3,"PARTOF":"Thul Garrie Waja (Bindal)"},"geometry":{"type":"MultiPolygon","coordinates":[[[[146.949,-19.443],[147.413,-19.563],[147.467,-19.65],[147.25,-19.715],[147.2,-19.891],[146.761,-19.87],[146.796,-19.355],[146.949,-19.443]]]]}},{"type":"Feature","properties":{"NAME":"Dangbon","ABBREVN":"Dangbon","SUBJECTO":"Dangbon","BORDERPRECISION":3,"PARTOF":"Dangbon"},"geometry":{"type":"MultiPolygon","coordinates":[[[[134.368,-12.168],[134.692,-12.115],[134.753,-12.351],[133.962,-13.026],[133.748,-13.015],[133.599,-12.903],[133.852,-12.388],[133.984,-12.27],[134.357,-12.254],[134.368,-12.168]]]]}},{"type":"Feature","properties":{"NAME":"Wardaman","ABBREVN":"Wardaman","SUBJECTO":"Wardaman","BORDERPRECISION":3,"PARTOF":"Wardaman"},"geometry":{"type":"MultiPolygon","coordinates":[[[[131.792,-14.584],[131.984,-14.557],[132.209,-14.775],[132.319,-15.067],[132.347,-15.745],[132.155,-16.23],[132.177,-15.982],[131.94,-15.776],[131.402,-15.808],[131.27,-15.438],[131.034,-15.268],[130.974,-15.003],[131.028,-14.775],[131.792,-14.584]]]]}},{"type":"Feature","properties":{"NAME":"Kukatj","ABBREVN":"Kukatj","SUBJECTO":"Kukatj","BORDERPRECISION":3,"PARTOF":"Kukatj"},"geometry":{"type":"MultiPolygon","coordinates":[[[[139.818,-17.761],[140.25,-17.798],[140.751,-17.599],[140.889,-17.759],[140.911,-17.968],[140.817,-18.355],[140.537,-18.662],[140.251,-18.526],[139.889,-18.49],[139.878,-18.282],[139.686,-17.916],[139.719,-17.706],[139.818,-17.761]]]]}},{"type":"Feature","properties":{"NAME":"Wiilman","ABBREVN":"Wiilman","SUBJECTO":"Wiilman","BORDERPRECISION":3,"PARTOF":"Wiilman"},"geometry":{"type":"MultiPolygon","coordinates":[[[[115.988,-32.953],[116.098,-32.431],[116.628,-32.143],[117.65,-32.385],[117.957,-32.981],[118.466,-33.101],[117.419,-33.644],[117.158,-33.438],[115.988,-32.953]]]]}},{"type":"Feature","properties":{"NAME":"Yolngu","ABBREVN":"Yolngu","SUBJECTO":"Yolngu","BORDERPRECISION":3,"PARTOF":"Yolngu"},"geometry":{"type":"MultiPolygon","coordinates":[[[[134.762,-12.063],[134.94,-12.336],[135.129,-12.387],[135.445,-12.176],[135.649,-12.188],[135.942,-12.359],[136.091,-12.575],[136.299,-12.511],[136.353,-12.155],[136.435,-12.117],[136.86,-12.44],[136.664,-12.625],[136.469,-13.223],[136.009,-13.332],[135.831,-13.485],[135.829,-13.729],[135.423,-13.606],[135.055,-13.272],[135.055,-12.871],[134.687,-12.453],[134.703,-12.098],[134.762,-12.063]]]]}},{"type":"Feature","properties":{"NAME":"Iningai","ABBREVN":"Iningai","SUBJECTO":"Iningai","BORDERPRECISION":3,"PARTOF":"Iningai"},"geometry":{"type":"MultiPolygon","coordinates":[[[[143.212,-22.406],[143.41,-22.131],[143.839,-22.009],[144.893,-21.969],[146.058,-22.457],[146.409,-23.054],[146.365,-23.488],[146.706,-24.051],[146.783,-24.832],[146.464,-24.871],[145.849,-24.732],[144.75,-23.841],[144.047,-23.76],[143.454,-23.841],[143.179,-23.438],[143.069,-23.115],[143.212,-22.406]]]]}},{"type":"Feature","properties":{"NAME":"Warray","ABBREVN":"Warray","SUBJECTO":"Warray","BORDERPRECISION":3,"PARTOF":"Warray"},"geometry":{"type":"MultiPolygon","coordinates":[[[[131.528,-13.32],[131.688,-13.026],[131.765,-13.015],[132.907,-13.518],[132.88,-13.619],[132.072,-13.753],[131.99,-14.014],[131.539,-13.582],[131.528,-13.32]]]]}},{"type":"Feature","properties":{"NAME":"Wuthathi","ABBREVN":"Wuthathi","SUBJECTO":"Wuthathi","BORDERPRECISION":3,"PARTOF":"Wuthathi"},"geometry":{"type":"MultiPolygon","coordinates":[[[[142.823,-11.919],[142.938,-12.007],[143.127,-12.013],[143.173,-12.121],[143.117,-12.236],[142.792,-12.327],[142.74,-12.281],[142.663,-11.776],[142.792,-11.738],[142.823,-11.919]]]]}},{"type":"Feature","properties":{"NAME":"Kukatja","ABBREVN":"Kukatja","SUBJECTO":"Kukatja","BORDERPRECISION":3,"PARTOF":"Kukatja"},"geometry":{"type":"MultiPolygon","coordinates":[[[[126.804,-19.197],[126.925,-19.114],[127.771,-19.353],[127.782,-20.499],[127.705,-20.684],[127.463,-20.951],[127.068,-21.207],[126.881,-21.484],[126.156,-21.933],[125.519,-21.811],[126.156,-20.961],[126.804,-19.197]]]]}},{"type":"Feature","properties":{"NAME":"Mingin","ABBREVN":"Mingin","SUBJECTO":"Mingin","BORDERPRECISION":3,"PARTOF":"Mingin"},"geometry":{"type":"MultiPolygon","coordinates":[[[[139.751,-17.724],[139.719,-17.937],[139.51,-17.979],[139.296,-17.916],[139.477,-17.572],[139.751,-17.724]]]]}},{"type":"Feature","properties":{"NAME":"Wiljali","ABBREVN":"Wiljali","SUBJECTO":"Wiljali","BORDERPRECISION":3,"PARTOF":"Wiljali"},"geometry":{"type":"MultiPolygon","coordinates":[[[[142.339,-31.354],[142.46,-31.504],[141.768,-32.213],[140.35,-32.815],[139.878,-32.815],[139.944,-32.11],[140.427,-31.579],[140.867,-31.325],[142.339,-31.354]]]]}},{"type":"Feature","properties":{"NAME":"Jurruru","ABBREVN":"Jurruru","SUBJECTO":"Jurruru","BORDERPRECISION":3,"PARTOF":"Jurruru"},"geometry":{"type":"MultiPolygon","coordinates":[[[[116.84,-22.781],[117.059,-22.7],[117.455,-22.908],[117.85,-23.468],[117.713,-23.534],[116.565,-23.085],[116.84,-22.781]]]]}},{"type":"Feature","properties":{"NAME":"Latje Latje","ABBREVN":"Latje Latje","SUBJECTO":"Latje Latje","BORDERPRECISION":3,"PARTOF":"Latje Latje"},"geometry":{"type":"MultiPolygon","coordinates":[[[[141.658,-34.098],[141.943,-34.08],[142.339,-34.244],[142.482,-34.633],[142.734,-34.696],[142.756,-34.579],[142.965,-34.669],[142.954,-34.94],[141.515,-34.696],[141.471,-34.507],[141.658,-34.098]]]]}},{"type":"Feature","properties":{"NAME":"Gundungurra","ABBREVN":"Gundungurra","SUBJECTO":"Gundungurra","BORDERPRECISION":3,"PARTOF":"Gundungurra"},"geometry":{"type":"MultiPolygon","coordinates":[[[[150.787,-34.175],[150.315,-34.958],[149.661,-35.255],[148.788,-34.719],[148.326,-34.275],[148.464,-34.175],[149.601,-34.284],[150.787,-34.175]]]]}},{"type":"Feature","properties":{"NAME":"Bidwell","ABBREVN":"Bidwell","SUBJECTO":"Bidwell","BORDERPRECISION":3,"PARTOF":"Bidwell"},"geometry":{"type":"MultiPolygon","coordinates":[[[[149.985,-37.347],[149.849,-37.643],[149.672,-37.758],[149.31,-37.814],[149.227,-37.636],[149.013,-37.545],[148.524,-37.51],[148.282,-37.405],[148.118,-37.213],[148.112,-37.099],[148.837,-36.972],[149.667,-37.003],[149.976,-37.08],[149.985,-37.347]]]]}},{"type":"Feature","properties":{"NAME":"Wangkangurru","ABBREVN":"Wangkangurru","SUBJECTO":"Wangkangurru","BORDERPRECISION":3,"PARTOF":"Wangkangurru"},"geometry":{"type":"MultiPolygon","coordinates":[[[[136.143,-25.265],[136.11,-25.076],[136.857,-24.847],[138.384,-24.707],[138.472,-25.245],[138.845,-25.968],[138.032,-26.057],[138.417,-27.43],[138.076,-27.732],[136.89,-27.839],[136.582,-27.401],[136.088,-27.216],[136.187,-26.539],[136.143,-25.265]]]]}},{"type":"Feature","properties":{"NAME":"Purduna","ABBREVN":"Purduna","SUBJECTO":"Purduna","BORDERPRECISION":3,"PARTOF":"Purduna"},"geometry":{"type":"MultiPolygon","coordinates":[[[[114.752,-22.827],[115.626,-22.807],[115.768,-22.872],[115.884,-23.78],[115.565,-23.73],[114.763,-23.373],[114.686,-23.256],[114.752,-22.827]]]]}},{"type":"Feature","properties":{"NAME":"Djirbalngan","ABBREVN":"Djirbalngan","SUBJECTO":"Djirbalngan","BORDERPRECISION":3,"PARTOF":"Djirbalngan"},"geometry":{"type":"MultiPolygon","coordinates":[[[[145.994,-17.513],[145.984,-18.006],[145.558,-18.143],[145.341,-18.094],[145.19,-17.652],[145.327,-17.269],[145.492,-17.185],[145.961,-17.429],[145.994,-17.513]]]]}},{"type":"Feature","properties":{"NAME":"Koko-bera","ABBREVN":"Koko-bera","SUBJECTO":"Koko-bera","BORDERPRECISION":3,"PARTOF":"Koko-bera"},"geometry":{"type":"MultiPolygon","coordinates":[[[[141.402,-15.857],[141.65,-15.323],[141.776,-15.348],[141.724,-15.924],[141.392,-15.919],[141.402,-15.857]]]]}},{"type":"Feature","properties":{"NAME":"Yagalingu","ABBREVN":"Yagalingu","SUBJECTO":"Yagalingu","BORDERPRECISION":3,"PARTOF":"Yagalingu"},"geometry":{"type":"MultiPolygon","coordinates":[[[[147.277,-22.528],[147.162,-22.989],[147.244,-23.986],[146.75,-24.257],[146.398,-23.634],[146.321,-22.963],[146.063,-22.436],[146.503,-22.335],[146.986,-22.345],[147.277,-22.528]]]]}},{"type":"Feature","properties":{"NAME":"Ngargad","ABBREVN":"Ngargad","SUBJECTO":"Ngargad","BORDERPRECISION":3,"PARTOF":"Ngargad"},"geometry":{"type":"MultiPolygon","coordinates":[[[[141.114,-36.297],[139.999,-36.324],[139.845,-36.173],[139.57,-35.47],[139.384,-35.219],[139.691,-34.796],[139.768,-34.552],[140.801,-34.57],[141.064,-34.507],[141.24,-34.534],[141.493,-34.796],[141.482,-35.138],[141.169,-35.697],[141.114,-36.297]]]]}},{"type":"Feature","properties":{"NAME":"Guwinmal","ABBREVN":"Guwinmal","SUBJECTO":"Guwinmal","BORDERPRECISION":3,"PARTOF":"Guwinmal"},"geometry":{"type":"MultiPolygon","coordinates":[[[[149.411,-21.918],[149.557,-22.433],[149.67,-22.572],[150.017,-22.73],[149.945,-22.324],[150.226,-22.48],[150.249,-22.776],[150.139,-22.893],[149.738,-22.948],[149.403,-22.802],[149.299,-22.594],[149.227,-21.918],[149.057,-21.637],[149.279,-21.541],[149.411,-21.918]]]]}},{"type":"Feature","properties":{"NAME":"Tharawal","ABBREVN":"Tharawal","SUBJECTO":"Tharawal","BORDERPRECISION":3,"PARTOF":"Tharawal"},"geometry":{"type":"MultiPolygon","coordinates":[[[[151.249,-34.058],[150.996,-34.346],[150.85,-34.718],[150.818,-35.106],[150.216,-34.92],[150.894,-33.937],[151.224,-33.966],[151.249,-34.058]]]]}},{"type":"Feature","properties":{"NAME":"Pintupi","ABBREVN":"Pintupi","SUBJECTO":"Pintupi","BORDERPRECISION":3,"PARTOF":"Pintupi"},"geometry":{"type":"MultiPolygon","coordinates":[[[[127.617,-20.653],[129.144,-21.064],[129.452,-20.941],[129.792,-20.961],[130.089,-21.095],[130.441,-21.136],[130.737,-21.32],[130.869,-21.637],[130.825,-21.923],[130.671,-22.075],[130.682,-22.34],[130.858,-22.624],[131.133,-22.756],[131.32,-22.756],[130.913,-24.387],[130.496,-24.867],[128.958,-24.427],[127.881,-24.026],[127.068,-23.504],[126.519,-22.553],[126.167,-22.147],[126.211,-21.882],[126.628,-21.617],[127.024,-21.043],[127.332,-20.961],[127.617,-20.653]]]]}},{"type":"Feature","properties":{"NAME":"Miwa","ABBREVN":"Miwa","SUBJECTO":"Miwa","BORDERPRECISION":3,"PARTOF":"Miwa"},"geometry":{"type":"MultiPolygon","coordinates":[[[[126.665,-14.102],[126.853,-13.784],[127.166,-14.063],[127.432,-14.126],[127.293,-14.483],[126.859,-14.44],[126.689,-14.35],[126.617,-14.203],[126.665,-14.102]]]]}},{"type":"Feature","properties":{"NAME":"Banjima","ABBREVN":"Banjima","SUBJECTO":"Banjima","BORDERPRECISION":3,"PARTOF":"Banjima"},"geometry":{"type":"MultiPolygon","coordinates":[[[[117.768,-22.121],[117.894,-22.04],[118.202,-22.081],[119.163,-22.447],[119.531,-22.898],[119.658,-23.529],[118.575,-23.534],[117.493,-22.913],[117.427,-22.817],[117.768,-22.121]]]]}},{"type":"Feature","properties":{"NAME":"Kuwema","ABBREVN":"Kuwema","SUBJECTO":"Kuwema","BORDERPRECISION":3,"PARTOF":"Kuwema"},"geometry":{"type":"MultiPolygon","coordinates":[[[[130.206,-13.484],[130.353,-13.467],[130.288,-13.633],[130.2,-13.602],[130.206,-13.484]]]]}},{"type":"Feature","properties":{"NAME":"Gurindji","ABBREVN":"Gurindji","SUBJECTO":"Gurindji","BORDERPRECISION":3,"PARTOF":"Gurindji"},"geometry":{"type":"MultiPolygon","coordinates":[[[[128.738,-16.868],[128.76,-16.689],[128.859,-16.636],[129.111,-16.562],[129.254,-16.605],[129.254,-16.794],[130.144,-17.067],[130.287,-17.183],[130.287,-17.288],[130.935,-17.372],[130.979,-17.874],[131.616,-18.01],[130.287,-18.334],[129.265,-18.407],[128.87,-17.518],[128.738,-16.868]]]]}},{"type":"Feature","properties":{"NAME":"Bakanh","ABBREVN":"Bakanh","SUBJECTO":"Bakanh","BORDERPRECISION":3,"PARTOF":"Bakanh"},"geometry":{"type":"MultiPolygon","coordinates":[[[[141.899,-14.918],[141.998,-14.488],[143.344,-14.083],[143.459,-14.456],[143.421,-14.823],[141.899,-14.918]]]]}},{"type":"Feature","properties":{"NAME":"Takalak","ABBREVN":"Takalak","SUBJECTO":"Takalak","BORDERPRECISION":3,"PARTOF":"Takalak"},"geometry":{"type":"MultiPolygon","coordinates":[[[[142.762,-17.832],[143.075,-17.435],[143.212,-17.335],[143.333,-17.398],[143.481,-17.586],[143.564,-18.48],[142.976,-18.756],[142.597,-18.188],[142.57,-18.015],[142.762,-17.832]]]]}},{"type":"Feature","properties":{"NAME":"Anmatyerre","ABBREVN":"Anmatyerre","SUBJECTO":"Anmatyerre","BORDERPRECISION":3,"PARTOF":"Anmatyerre"},"geometry":{"type":"MultiPolygon","coordinates":[[[[132.968,-21.892],[133.989,-22.228],[134.154,-22.35],[133.978,-22.888],[133.066,-22.918],[132.144,-23.06],[131.847,-22.685],[131.726,-22.309],[131.924,-21.984],[132.308,-21.872],[132.968,-21.892]]]]}},{"type":"Feature","properties":{"NAME":"Marrithiyel","ABBREVN":"Marrithiyel","SUBJECTO":"Marrithiyel","BORDERPRECISION":3,"PARTOF":"Marrithiyel"},"geometry":{"type":"MultiPolygon","coordinates":[[[[129.766,-13.816],[130.114,-13.619],[130.207,-14.013],[129.884,-14.097],[129.897,-13.993],[129.763,-14.007],[129.766,-13.816]]]]}},{"type":"Feature","properties":{"NAME":"Malak malak","ABBREVN":"Malak malak","SUBJECTO":"Malak malak","BORDERPRECISION":3,"PARTOF":"Malak malak"},"geometry":{"type":"MultiPolygon","coordinates":[[[[130.369,-13.379],[131.287,-13.571],[131.342,-13.745],[130.312,-13.915],[130.224,-13.881],[130.237,-13.713],[130.369,-13.379]]]]}},{"type":"Feature","properties":{"NAME":"Bidjara","ABBREVN":"Bidjara","SUBJECTO":"Bidjara","BORDERPRECISION":3,"PARTOF":"Bidjara"},"geometry":{"type":"MultiPolygon","coordinates":[[[[146.058,-27.068],[145.57,-27.113],[145.591,-26.561],[145.466,-26.264],[145.103,-26.084],[145.041,-26.181],[144.879,-26.2],[144.606,-25.911],[144.875,-25.049],[145.043,-24.864],[145.125,-24.347],[145.459,-23.655],[145.916,-23.864],[147.985,-24.027],[148.742,-24.526],[148.862,-24.879],[148.819,-25.48],[148.943,-25.895],[148.638,-25.855],[148.368,-25.959],[148.37,-26.21],[148.136,-26.743],[146.933,-26.777],[146.058,-27.068]]]]}},{"type":"Feature","properties":{"NAME":"Burarra","ABBREVN":"Burarra","SUBJECTO":"Burarra","BORDERPRECISION":3,"PARTOF":"Burarra"},"geometry":{"type":"MultiPolygon","coordinates":[[[[134.733,-12.062],[134.658,-12.159],[134.596,-12.09],[134.733,-12.062]]]]}},{"type":"Feature","properties":{"NAME":"Unggumi","ABBREVN":"Unggumi","SUBJECTO":"Unggumi","BORDERPRECISION":3,"PARTOF":"Unggumi"},"geometry":{"type":"MultiPolygon","coordinates":[[[[124.566,-16.509],[124.846,-16.53],[124.56,-16.343],[124.887,-16.378],[125.156,-16.699],[125.81,-17.151],[125.782,-17.45],[125.48,-17.67],[125.299,-17.644],[125.145,-17.455],[124.459,-17.45],[124.396,-16.517],[124.566,-16.509]]]]}},{"type":"Feature","properties":{"NAME":"Tjalkanti","ABBREVN":"Tjalkanti","SUBJECTO":"Tjalkanti","BORDERPRECISION":3,"PARTOF":"Tjalkanti"},"geometry":{"type":"MultiPolygon","coordinates":[[[[122.498,-27.294],[123.047,-26.421],[123.442,-26.775],[124.365,-27.333],[124.442,-27.508],[123.64,-28.295],[122.52,-28.797],[122.146,-28.758],[121.849,-28.208],[121.575,-27.936],[122.498,-27.294]]]]}},{"type":"Feature","properties":{"NAME":"Ngumbarl","ABBREVN":"Ngumbarl","SUBJECTO":"Ngumbarl","BORDERPRECISION":3,"PARTOF":"Ngumbarl"},"geometry":{"type":"MultiPolygon","coordinates":[[[[122.161,-17.319],[122.846,-17.317],[122.868,-17.683],[122.682,-17.764],[122.19,-17.783],[122.094,-17.414],[122.161,-17.319]]]]}},{"type":"Feature","properties":{"NAME":"Nhanta","ABBREVN":"Nhanta","SUBJECTO":"Nhanta","BORDERPRECISION":3,"PARTOF":"Nhanta"},"geometry":{"type":"MultiPolygon","coordinates":[[[[114.338,-28.485],[114.088,-27.975],[113.939,-27.279],[113.703,-26.814],[114.016,-26.589],[114.631,-26.397],[114.955,-27.23],[114.977,-28.009],[115.334,-28.58],[114.675,-28.758],[114.452,-28.649],[114.338,-28.485]]]]}},{"type":"Feature","properties":{"NAME":"Darkinung","ABBREVN":"Darkinung","SUBJECTO":"Darkinung","BORDERPRECISION":3,"PARTOF":"Darkinung"},"geometry":{"type":"MultiPolygon","coordinates":[[[[149.925,-32.755],[151.254,-32.852],[151.469,-32.898],[151.463,-33.082],[151.243,-33.395],[150.167,-33.298],[149.755,-33.092],[149.925,-32.755]]]]}},{"type":"Feature","properties":{"NAME":"Kullilla","ABBREVN":"Kullilla","SUBJECTO":"Kullilla","BORDERPRECISION":3,"PARTOF":"Kullilla"},"geometry":{"type":"MultiPolygon","coordinates":[[[[142.85,-28.082],[143.701,-27.902],[144.19,-27.97],[143.646,-28.401],[143.701,-28.816],[142.767,-28.719],[142.267,-28.531],[142.405,-28.29],[142.85,-28.082]]]]}},{"type":"Feature","properties":{"NAME":"Buandig","ABBREVN":"Buandig","SUBJECTO":"Buandig","BORDERPRECISION":3,"PARTOF":"Buandig"},"geometry":{"type":"MultiPolygon","coordinates":[[[[140.249,-37.794],[140.004,-37.625],[139.823,-37.246],[139.841,-37.027],[140.186,-37.077],[140.205,-37.228],[140.356,-37.392],[141.045,-37.746],[141.25,-37.779],[141.316,-37.933],[141.229,-38.064],[140.985,-37.986],[140.948,-38.071],[140.721,-38.097],[140.249,-37.794]]]]}},{"type":"Feature","properties":{"NAME":"Koknar","ABBREVN":"Koknar","SUBJECTO":"Koknar","BORDERPRECISION":3,"PARTOF":"Koknar"},"geometry":{"type":"MultiPolygon","coordinates":[[[[141.314,-16.448],[141.4,-15.864],[141.74,-15.872],[141.949,-16.978],[141.257,-16.652],[141.314,-16.448]]]]}},{"type":"Feature","properties":{"NAME":"Ngarla","ABBREVN":"Ngarla","SUBJECTO":"Ngarla","BORDERPRECISION":3,"PARTOF":"Ngarla"},"geometry":{"type":"MultiPolygon","coordinates":[[[[118.865,-20.069],[119.976,-20.113],[119.68,-20.432],[118.993,-20.257],[118.81,-20.173],[118.865,-20.069]]]]}},{"type":"Feature","properties":{"NAME":"Jaminjung","ABBREVN":"Jaminjung","SUBJECTO":"Jaminjung","BORDERPRECISION":3,"PARTOF":"Jaminjung"},"geometry":{"type":"MultiPolygon","coordinates":[[[[129.702,-15.062],[129.839,-14.928],[129.794,-14.754],[130.995,-14.759],[131.1,-14.892],[131.116,-15.279],[130.984,-15.422],[130.204,-15.528],[129.93,-15.491],[129.672,-15.154],[129.702,-15.062]]]]}},{"type":"Feature","properties":{"NAME":"Ballardong","ABBREVN":"Ballardong","SUBJECTO":"Ballardong","BORDERPRECISION":3,"PARTOF":"Ballardong"},"geometry":{"type":"MultiPolygon","coordinates":[[[[117.135,-30.376],[117.591,-30.6],[118.06,-30.712],[118.307,-31.081],[117.604,-31.97],[117.708,-32.168],[117.708,-32.433],[116.731,-32.124],[116.731,-31.604],[116.431,-31.471],[116.848,-30.072],[117.135,-30.376]]]]}},{"type":"Feature","properties":{"NAME":"Umbindhamu","ABBREVN":"Umbindhamu","SUBJECTO":"Umbindhamu","BORDERPRECISION":3,"PARTOF":"Umbindhamu"},"geometry":{"type":"MultiPolygon","coordinates":[[[[143.677,-14.299],[143.385,-14.363],[143.315,-14.119],[143.577,-14.043],[143.677,-14.299]]]]}},{"type":"Feature","properties":{"NAME":"Ngandi","ABBREVN":"Ngandi","SUBJECTO":"Ngandi","BORDERPRECISION":3,"PARTOF":"Ngandi"},"geometry":{"type":"MultiPolygon","coordinates":[[[[135.505,-14.467],[135.049,-14.461],[134.786,-13.913],[134.874,-13.811],[135.236,-13.63],[135.324,-13.694],[135.593,-14.179],[135.505,-14.467]]]]}},{"type":"Feature","properties":{"NAME":"Kuuku-yani","ABBREVN":"Kuuku-yani","SUBJECTO":"Kuuku-yani","BORDERPRECISION":3,"PARTOF":"Kuuku-yani"},"geometry":{"type":"MultiPolygon","coordinates":[[[[143.538,-13.945],[143.582,-14.057],[143.299,-14.129],[143.319,-13.837],[143.498,-13.773],[143.538,-13.945]]]]}},{"type":"Feature","properties":{"NAME":"Nyawaygi","ABBREVN":"Nyawaygi","SUBJECTO":"Nyawaygi","BORDERPRECISION":3,"PARTOF":"Nyawaygi"},"geometry":{"type":"MultiPolygon","coordinates":[[[[146.106,-18.549],[146.179,-18.889],[146.569,-19.329],[146.709,-19.363],[146.591,-19.639],[145.886,-19.138],[145.681,-18.429],[146.106,-18.549]]]]}},{"type":"Feature","properties":{"NAME":"Miyan","ABBREVN":"Miyan","SUBJECTO":"Miyan","BORDERPRECISION":3,"PARTOF":"Miyan"},"geometry":{"type":"MultiPolygon","coordinates":[[[[145.558,-21.749],[145.712,-21.576],[146.591,-21.535],[146.821,-21.923],[146.843,-22.157],[146.755,-22.391],[145.92,-22.482],[145.558,-21.749]]]]}},{"type":"Feature","properties":{"NAME":"Yulparitja","ABBREVN":"Yulparitja","SUBJECTO":"Yulparitja","BORDERPRECISION":3,"PARTOF":"Yulparitja"},"geometry":{"type":"MultiPolygon","coordinates":[[[[124.255,-20.53],[124.717,-20.221],[125.112,-20.18],[126.453,-20.365],[126.453,-20.633],[126.035,-21.576],[125.815,-21.841],[125.53,-22.065],[124.541,-22.411],[123.926,-22.411],[123.838,-21.821],[123.662,-21.617],[123.289,-21.514],[123.289,-21.289],[123.508,-20.838],[123.816,-20.53],[124.255,-20.53]]]]}},{"type":"Feature","properties":{"NAME":"Garingbal","ABBREVN":"Garingbal","SUBJECTO":"Garingbal","BORDERPRECISION":3,"PARTOF":"Garingbal"},"geometry":{"type":"MultiPolygon","coordinates":[[[[148.118,-24.782],[148.689,-24.187],[149.052,-24.352],[149.019,-25.225],[148.365,-25.324],[148.288,-25.135],[148.123,-25.066],[148.118,-24.782]]]]}},{"type":"Feature","properties":{"NAME":"Baraba Baraba","ABBREVN":"Baraba Baraba","SUBJECTO":"Baraba Baraba","BORDERPRECISION":3,"PARTOF":"Baraba Baraba"},"geometry":{"type":"MultiPolygon","coordinates":[[[[143.685,-35.836],[144.465,-35.25],[144.838,-34.755],[145.322,-35.111],[144.668,-35.581],[144.575,-35.742],[144.555,-35.925],[144.868,-36.08],[144.77,-36.37],[144.492,-36.62],[144.267,-36.58],[143.91,-35.956],[143.685,-35.836]]]]}},{"type":"Feature","properties":{"NAME":"Kuthant","ABBREVN":"Kuthant","SUBJECTO":"Kuthant","BORDERPRECISION":3,"PARTOF":"Kuthant"},"geometry":{"type":"MultiPolygon","coordinates":[[[[140.708,-17.632],[140.879,-17.42],[141.246,-17.539],[140.839,-17.785],[140.708,-17.632]]]]}},{"type":"Feature","properties":{"NAME":"Wonnarua","ABBREVN":"Wonnarua","SUBJECTO":"Wonnarua","BORDERPRECISION":3,"PARTOF":"Wonnarua"},"geometry":{"type":"MultiPolygon","coordinates":[[[[151.567,-32.454],[151.595,-32.746],[151.403,-32.907],[149.903,-32.764],[150.013,-32.25],[151.013,-32.255],[151.567,-32.454]]]]}},{"type":"Feature","properties":{"NAME":"Wuningangk","ABBREVN":"Wuningangk","SUBJECTO":"Wuningangk","BORDERPRECISION":3,"PARTOF":"Wuningangk"},"geometry":{"type":"MultiPolygon","coordinates":[[[[132.638,-13.186],[132.833,-12.964],[132.863,-12.777],[133.391,-12.836],[133.671,-13.106],[133.66,-13.245],[133.531,-13.336],[133.113,-13.28],[132.998,-13.371],[132.638,-13.186]]]]}},{"type":"Feature","properties":{"NAME":"Danggali","ABBREVN":"Danggali","SUBJECTO":"Danggali","BORDERPRECISION":3,"PARTOF":"Danggali"},"geometry":{"type":"MultiPolygon","coordinates":[[[[143.41,-31.382],[143.531,-31.513],[142.943,-32.036],[141.773,-32.935],[140.966,-33.45],[140.164,-33.349],[139.098,-33.679],[138.933,-33.477],[138.933,-33.193],[139.296,-32.898],[141.218,-32.38],[141.844,-32.055],[142.284,-31.635],[142.328,-31.419],[143.41,-31.382]]]]}},{"type":"Feature","properties":{"NAME":"Barranbinya","ABBREVN":"Barranbinya","SUBJECTO":"Barranbinya","BORDERPRECISION":3,"PARTOF":"Barranbinya"},"geometry":{"type":"MultiPolygon","coordinates":[[[[146.876,-29.912],[146.937,-29.998],[145.975,-30.022],[145.541,-30.202],[145.827,-29.607],[146.7,-29.698],[146.876,-29.912]]]]}},{"type":"Feature","properties":{"NAME":"Ngan\u2019giwumirri","ABBREVN":"Ngan\u2019giwumirri","SUBJECTO":"Ngan\u2019giwumirri","BORDERPRECISION":3,"PARTOF":"Ngan\u2019giwumirri"},"geometry":{"type":"MultiPolygon","coordinates":[[[[130.012,-14.28],[130.292,-14.003],[130.303,-13.891],[130.875,-13.801],[130.941,-14.254],[130.891,-14.408],[130.446,-14.536],[130.07,-14.467],[130.012,-14.28]]]]}},{"type":"Feature","properties":{"NAME":"Awabakal","ABBREVN":"Awabakal","SUBJECTO":"Awabakal","BORDERPRECISION":3,"PARTOF":"Awabakal"},"geometry":{"type":"MultiPolygon","coordinates":[[[[151.765,-33.005],[151.563,-33.232],[151.293,-33.174],[151.499,-32.72],[151.96,-32.824],[151.765,-33.005]]]]}},{"type":"Feature","properties":{"NAME":"Pinjarup","ABBREVN":"Pinjarup","SUBJECTO":"Pinjarup","BORDERPRECISION":3,"PARTOF":"Pinjarup"},"geometry":{"type":"MultiPolygon","coordinates":[[[[115.767,-32.755],[115.757,-32.474],[116.142,-32.38],[115.966,-32.99],[115.715,-33.019],[115.767,-32.755]]]]}},{"type":"Feature","properties":{"NAME":"Guwa","ABBREVN":"Guwa","SUBJECTO":"Guwa","BORDERPRECISION":3,"PARTOF":"Guwa"},"geometry":{"type":"MultiPolygon","coordinates":[[[[140.944,-21.953],[141.196,-21.729],[141.559,-21.647],[141.899,-21.627],[142.152,-21.749],[142.559,-21.78],[143.383,-21.617],[143.394,-22.065],[143.251,-22.563],[142.284,-22.807],[142.097,-22.948],[141.57,-22.726],[140.955,-22.299],[140.944,-21.953]]]]}},{"type":"Feature","properties":{"NAME":"Nyanganyatjara","ABBREVN":"Nyanganyatjara","SUBJECTO":"Nyanganyatjara","BORDERPRECISION":3,"PARTOF":"Nyanganyatjara"},"geometry":{"type":"MultiPolygon","coordinates":[[[[124.036,-30.949],[123.563,-30.921],[123.409,-30.107],[122.64,-28.854],[122.629,-28.662],[124.387,-27.508],[125.464,-28.285],[126.65,-28.883],[126.936,-28.825],[127.375,-28.517],[128.342,-29.497],[128.474,-29.783],[128.452,-30.126],[128.167,-30.126],[127.13,-30.368],[126.359,-30.384],[125.189,-30.647],[124.42,-30.955],[124.036,-30.949]]]]}},{"type":"Feature","properties":{"NAME":null,"ABBREVN":null,"SUBJECTO":null,"BORDERPRECISION":3,"PARTOF":null},"geometry":{"type":"MultiPolygon","coordinates":[[[[127.13,-30.368],[128.167,-30.126],[129.342,-30.088],[131.44,-30.231],[131.287,-30.278],[131.026,-30.768],[128.687,-30.336],[127.13,-30.368]]]]}},{"type":"Feature","properties":{"NAME":"Australian aboriginal hunter-gatherers","ABBREVN":"Australian aboriginal hunter-gatherers","SUBJECTO":"Australian aboriginal hunter-gatherers","BORDERPRECISION":1,"PARTOF":"Australian aboriginal hunter-gatherers"},"geometry":{"type":"MultiPolygon","coordinates":[[[[143.112,-12.246],[143.103,-12.24],[143.117,-12.236],[143.112,-12.246]]],[[[146.23,-18.924],[146.282,-19.013],[146.121,-18.789],[146.157,-18.702],[146.23,-18.924]]],[[[146.63,-19.26],[146.568,-19.327],[146.354,-19.101],[146.63,-19.26]]],[[[147.467,-19.651],[147.288,-19.705],[147.223,-19.911],[147.25,-19.715],[147.467,-19.651]]],[[[153.028,-27.195],[152.981,-27.278],[152.83,-27.217],[152.919,-27.043],[153.057,-27.102],[153.028,-27.195]]],[[[152.176,-32.877],[151.767,-33.004],[151.926,-32.845],[152.166,-32.806],[152.308,-32.696],[152.176,-32.877]]],[[[151.217,-34.208],[150.957,-34.561],[150.996,-34.346],[151.249,-34.058],[151.217,-34.208]]],[[[150.854,-34.92],[150.845,-34.897],[150.853,-34.879],[150.854,-34.92]]],[[[150.818,-35.108],[150.818,-35.108]]],[[[150.762,-35.253],[150.48,-35.469],[150.801,-35.151],[150.762,-35.253]]],[[[149.976,-37.08],[149.952,-37.075],[149.975,-37.049],[149.976,-37.08]]],[[[149.712,-37.794],[149.504,-37.929],[148.037,-38.098],[146.934,-38.708],[147.744,-38.052],[148.326,-37.901],[149.31,-37.831],[149.672,-37.758],[149.849,-37.643],[149.712,-37.794]]],[[[146.821,-38.841],[146.635,-38.877],[146.628,-38.761],[146.914,-38.717],[146.821,-38.841]]],[[[144.696,-38.089],[144.606,-38.028],[144.696,-38.089]]],[[[144.311,-38.565],[143.365,-38.97],[141.904,-38.43],[141.675,-38.411],[141.547,-38.533],[141.225,-38.457],[140.652,-38.164],[140.326,-37.865],[140.721,-38.097],[140.952,-38.068],[141.482,-38.454],[141.735,-38.372],[142.218,-38.462],[142.547,-38.399],[142.531,-38.471],[142.69,-38.6],[143.13,-38.711],[143.108,-38.771],[143.344,-38.887],[143.734,-38.831],[144.211,-38.438],[144.586,-38.381],[144.577,-38.499],[144.311,-38.565]]],[[[140.012,-37.642],[140.127,-37.716],[140.012,-37.642]]],[[[138.774,-35.788],[138.352,-35.865],[138.197,-35.757],[138.79,-35.657],[138.941,-35.703],[138.774,-35.788]]],[[[138.213,-34.515],[138.101,-34.356],[137.92,-34.632],[138.054,-34.164],[138.271,-34.579],[138.213,-34.515]]],[[[137.683,-35.331],[136.947,-35.473],[136.985,-35.396],[137.72,-35.214],[137.683,-35.331]]],[[[137.82,-33.065],[137.457,-33.314],[137.067,-33.951],[136.646,-34.115],[136.792,-33.949],[137.181,-33.761],[137.538,-33.17],[137.719,-33.105],[137.764,-32.99],[137.82,-33.065]]],[[[135.712,-35.207],[135.595,-35.111],[135.777,-35.107],[135.712,-35.207]]],[[[134.314,-33.302],[134.237,-33.269],[134.421,-33.291],[134.314,-33.302]]],[[[131.28,-31.635],[130.857,-31.731],[129.185,-31.798],[127.265,-32.381],[126.059,-32.434],[124.847,-32.952],[124.411,-33.055],[124.001,-33.423],[124.235,-33.012],[124.75,-32.897],[126.013,-32.271],[127.314,-32.267],[128.418,-31.94],[128.903,-31.709],[129.558,-31.612],[130.782,-31.617],[131.082,-31.49],[131.356,-31.671],[131.28,-31.635]]],[[[123.359,-34.043],[123.186,-34.04],[123.46,-33.994],[123.359,-34.043]]],[[[119.46,-34.401],[119.074,-33.986],[119.508,-34.336],[119.46,-34.401]]],[[[119.33,-34.579],[119.008,-34.615],[119.114,-34.525],[118.884,-34.282],[119.075,-34.484],[119.33,-34.579]]],[[[117.53,-35.251],[116.561,-35.189],[116.251,-35.101],[115.616,-34.631],[115.047,-34.422],[115.022,-34.262],[115.054,-34.375],[115.461,-34.493],[116.005,-34.935],[116.446,-35.027],[116.45,-35.115],[117.741,-35.22],[117.53,-35.251]]],[[[115.058,-30.804],[114.9,-30.129],[115.115,-30.78],[115.433,-31.391],[116.031,-31.417],[115.59,-31.412],[115.508,-31.436],[115.493,-31.546],[115.058,-30.804]]],[[[114.452,-28.649],[114.597,-28.719],[114.544,-28.78],[114.452,-28.649]]],[[[114.332,-28.478],[113.965,-28.033],[114.022,-27.626],[113.925,-27.385],[113.595,-26.883],[113.158,-26.425],[113.06,-26.116],[113.5,-26.687],[113.734,-26.801],[113.736,-26.976],[113.939,-27.279],[114.088,-27.975],[114.332,-28.478]]],[[[113.592,-25.185],[113.433,-24.874],[113.373,-24.264],[113.373,-24.447],[113.612,-24.808],[113.555,-24.881],[113.621,-25.091],[113.955,-25.634],[113.592,-25.185]]],[[[113.725,-23.017],[113.617,-22.661],[113.783,-22.839],[113.743,-23.248],[113.725,-23.017]]],[[[114.685,-21.953],[115.126,-22.401],[115.291,-22.401],[115.093,-22.441],[114.796,-22.345],[114.664,-22.218],[114.685,-21.953]]],[[[121.546,-18.771],[121.544,-18.786],[121.54,-18.785],[121.546,-18.771]]],[[[122.224,-18.183],[122.225,-18.19],[122.221,-18.191],[122.224,-18.183]]],[[[122.213,-18.049],[122.326,-18.061],[122.228,-18.144],[122.213,-18.049]]],[[[122.093,-17.621],[122.101,-17.382],[122.182,-17.918],[122.093,-17.621]]],[[[122.543,-16.917],[122.543,-16.917]]],[[[122.738,-16.583],[122.76,-16.741],[122.653,-16.736],[122.738,-16.583]]],[[[123.508,-17.109],[123.635,-17.21],[123.569,-17.167],[123.534,-17.389],[123.508,-17.109]]],[[[134.735,-12.062],[134.729,-12.068],[134.733,-12.062],[134.735,-12.062]]],[[[135.709,-14.464],[135.655,-14.511],[135.739,-14.419],[135.709,-14.464]]],[[[140.879,-17.42],[140.881,-17.42],[140.879,-17.42],[140.879,-17.42]]],[[[141.468,-14.757],[141.494,-14.575],[141.554,-14.887],[141.468,-14.757]]],[[[141.588,-13.149],[141.622,-13.35],[141.564,-13.386],[141.588,-13.149]]],[[[152.886,-27.485],[152.715,-27.443],[152.714,-27.331],[152.805,-27.281],[152.821,-27.46],[152.886,-27.485]]],[[[152.43,-27.771],[152.741,-27.748],[152.541,-27.987],[152.071,-27.97],[151.867,-28.044],[151.689,-28.315],[151.35,-27.839],[152.43,-27.771]]],[[[116.9,-32.222],[116.599,-32.145],[116.708,-31.658],[116.261,-31.433],[116.389,-31.391],[116.827,-30.052],[117.978,-30.693],[117.135,-30.376],[116.848,-30.072],[116.431,-31.471],[116.731,-31.604],[116.731,-32.124],[117.53,-32.376],[116.9,-32.222]]],[[[116.764,-30.0],[116.641,-30.009],[116.312,-29.254],[116.764,-30.0]]],[[[115.304,-22.401],[115.315,-22.401],[115.31,-22.405],[115.304,-22.401]]],[[[118.466,-28.396],[119.394,-28.741],[118.69,-28.557],[118.372,-28.384],[118.532,-28.304],[118.466,-28.396]]],[[[118.079,-30.741],[118.186,-30.901],[118.079,-30.741]]],[[[120.959,-30.581],[121.034,-30.932],[120.739,-30.634],[120.509,-30.06],[120.004,-29.325],[119.436,-28.763],[120.223,-29.401],[120.652,-29.86],[120.959,-30.581]]],[[[132.468,-12.776],[132.336,-12.887],[132.325,-13.053],[132.2,-13.223],[131.765,-13.015],[131.688,-13.026],[131.556,-13.277],[130.978,-12.981],[131.205,-12.911],[131.611,-13.031],[131.659,-12.93],[131.913,-13.021],[132.072,-12.962],[132.218,-12.771],[132.468,-12.776]]],[[[142.61,-13.074],[142.61,-13.074]]],[[[143.405,-14.826],[143.405,-14.828],[143.398,-14.828],[143.405,-14.826]]],[[[141.907,-14.918],[141.947,-14.918],[141.898,-14.93],[141.907,-14.918]]],[[[141.729,-15.212],[141.729,-15.211],[141.729,-15.212],[141.729,-15.212]]],[[[117.675,-34.048],[117.581,-34.262],[118.73,-34.254],[116.521,-34.33],[116.547,-34.865],[116.499,-34.339],[116.18,-34.166],[116.202,-33.936],[116.197,-34.194],[116.433,-34.307],[117.394,-34.28],[117.565,-34.207],[117.675,-34.048]]],[[[117.449,-33.651],[117.653,-33.811],[117.665,-33.947],[117.425,-33.639],[117.488,-33.587],[117.449,-33.651]]],[[[134.945,-14.318],[135.037,-14.444],[134.844,-14.647],[133.802,-13.929],[133.637,-13.685],[133.572,-13.327],[133.66,-13.245],[133.622,-12.92],[133.748,-13.015],[133.956,-13.026],[133.962,-13.293],[134.061,-13.4],[134.331,-13.419],[134.368,-13.785],[134.451,-13.891],[134.793,-13.904],[134.945,-14.318]]],[[[118.037,-32.976],[118.109,-33.056],[117.957,-32.981],[117.743,-32.633],[118.037,-32.976]]],[[[118.575,-33.285],[118.688,-33.538],[118.371,-33.151],[118.491,-33.136],[118.575,-33.285]]],[[[120.328,-32.953],[120.395,-32.761],[120.53,-32.959],[120.193,-33.086],[120.328,-32.953]]],[[[131.32,-16.857],[131.391,-16.7],[131.697,-16.497],[130.979,-17.55],[130.979,-17.874],[130.94,-17.394],[131.32,-16.857]]],[[[132.039,-16.23],[132.137,-15.939],[132.155,-16.23],[132.319,-15.893],[132.391,-16.19],[131.929,-16.436],[131.782,-16.432],[132.039,-16.23]]],[[[123.194,-30.938],[124.42,-30.955],[124.222,-31.034],[123.194,-30.938]]],[[[118.795,-23.539],[118.845,-23.54],[118.575,-24.127],[118.573,-24.39],[117.594,-24.031],[117.883,-24.031],[118.56,-23.527],[118.795,-23.539]]],[[[142.044,-12.897],[142.042,-12.902],[142.04,-12.899],[142.044,-12.897]]],[[[141.986,-13.092],[141.986,-13.092]]],[[[141.975,-13.197],[141.978,-13.204],[141.972,-13.224],[141.975,-13.197]]],[[[142.139,-12.812],[142.129,-12.816],[142.129,-12.785],[142.139,-12.812]]],[[[132.462,-14.977],[132.303,-15.025],[132.209,-14.775],[132.038,-14.609],[132.424,-14.552],[132.775,-14.663],[133.162,-14.902],[132.902,-15.03],[132.462,-14.977]]],[[[141.424,-37.643],[141.239,-37.682],[141.227,-37.776],[141.045,-37.746],[140.356,-37.392],[140.205,-37.228],[140.186,-37.077],[140.041,-37.053],[140.625,-37.069],[140.718,-37.006],[140.718,-36.894],[140.988,-36.749],[141.064,-37.125],[141.424,-37.643]]],[[[142.938,-36.352],[142.993,-36.41],[142.907,-36.489],[142.938,-36.352]]],[[[143.248,-36.877],[143.015,-36.902],[142.855,-36.814],[142.839,-36.589],[143.147,-36.654],[143.248,-36.877]]],[[[138.373,-24.577],[138.373,-24.707],[137.45,-24.747],[136.857,-24.847],[136.271,-25.059],[136.12,-23.126],[136.494,-23.06],[136.907,-22.576],[136.967,-22.888],[137.186,-23.342],[137.977,-23.655],[138.362,-23.669],[138.373,-24.577]]],[[[149.216,-26.316],[148.705,-26.068],[149.494,-26.178],[149.42,-26.323],[149.216,-26.316]]],[[[148.439,-26.93],[148.36,-26.516],[148.609,-27.392],[148.549,-27.473],[148.439,-26.93]]],[[[146.505,-26.959],[146.382,-27.146],[145.893,-27.445],[145.81,-27.579],[145.281,-27.49],[145.109,-26.482],[145.522,-26.368],[145.591,-26.561],[145.57,-27.113],[146.505,-26.959]]],[[[148.892,-27.683],[149.005,-27.995],[149.248,-27.971],[149.413,-27.79],[149.507,-27.965],[148.804,-28.135],[148.431,-28.135],[148.388,-28.292],[148.05,-27.793],[147.735,-27.849],[147.537,-27.696],[148.141,-27.72],[148.404,-27.87],[148.669,-27.83],[148.743,-27.627],[148.892,-27.683]]],[[[130.155,-30.117],[131.373,-30.228],[131.133,-30.496],[131.026,-30.768],[128.687,-30.336],[127.13,-30.368],[128.167,-30.126],[130.155,-30.117]]],[[[123.988,-16.81],[123.99,-16.815],[123.986,-16.815],[123.988,-16.81]]],[[[140.957,-38.004],[140.956,-38.004],[140.959,-38.002],[140.957,-38.004]]],[[[140.972,-37.994],[140.985,-37.986],[140.994,-37.989],[140.972,-37.994]]],[[[141.194,-38.053],[141.089,-38.017],[141.194,-38.053]]],[[[141.238,-38.059],[141.265,-38.043],[141.251,-38.061],[141.238,-38.059]]],[[[130.468,-13.374],[131.397,-13.5],[131.337,-13.644],[131.287,-13.571],[130.396,-13.384],[130.468,-13.374]]],[[[130.293,-13.426],[130.305,-13.417],[130.304,-13.43],[130.293,-13.426]]],[[[117.633,-33.496],[118.088,-33.28],[117.633,-33.496]]],[[[139.712,-17.963],[139.669,-17.952],[139.701,-17.942],[139.712,-17.963]]],[[[141.162,-17.493],[141.142,-17.482],[141.173,-17.487],[141.162,-17.493]]],[[[132.849,-12.839],[132.849,-12.839]]],[[[132.845,-12.221],[133.026,-12.03],[133.025,-12.123],[133.33,-12.479],[133.319,-12.806],[133.374,-12.833],[132.884,-12.777],[132.968,-12.442],[132.845,-12.221]]],[[[133.407,-12.849],[133.407,-12.849]]],[[[133.506,-12.911],[133.49,-12.904],[133.521,-12.913],[133.506,-12.911]]]]}},{"type":"Feature","properties":{"NAME":null,"ABBREVN":null,"SUBJECTO":null,"BORDERPRECISION":3,"PARTOF":null},"geometry":{"type":"MultiPolygon","coordinates":[[[[-4.153,53.226],[-4.402,53.126],[-4.567,53.273],[-4.569,53.388],[-4.314,53.412],[-4.047,53.303],[-4.153,53.226]]]]}},{"type":"Feature","properties":{"NAME":null,"ABBREVN":null,"SUBJECTO":null,"BORDERPRECISION":3,"PARTOF":null},"geometry":{"type":"MultiPolygon","coordinates":[[[[-5.104,55.439],[-5.34,55.475],[-5.381,55.669],[-5.16,55.679],[-5.104,55.439]]]]}},{"type":"Feature","properties":{"NAME":null,"ABBREVN":null,"SUBJECTO":null,"BORDERPRECISION":3,"PARTOF":null},"geometry":{"type":"MultiPolygon","coordinates":[[[[-6.122,55.879],[-6.03,55.721],[-6.077,55.65],[-6.326,55.587],[-6.265,55.778],[-6.509,55.682],[-6.442,55.854],[-6.142,55.934],[-6.122,55.879]]]]}},{"type":"Feature","properties":{"NAME":null,"ABBREVN":null,"SUBJECTO":null,"BORDERPRECISION":3,"PARTOF":null},"geometry":{"type":"MultiPolygon","coordinates":[[[[-5.947,55.83],[-6.071,55.808],[-6.079,55.906],[-5.694,56.147],[-5.947,55.83]]]]}},{"type":"Feature","properties":{"NAME":null,"ABBREVN":null,"SUBJECTO":null,"BORDERPRECISION":3,"PARTOF":null},"geometry":{"type":"MultiPolygon","coordinates":[[[[-7.467,56.941],[-7.561,56.956],[-7.446,57.056],[-7.376,56.979],[-7.467,56.941]]]]}},{"type":"Feature","properties":{"NAME":null,"ABBREVN":null,"SUBJECTO":null,"BORDERPRECISION":3,"PARTOF":null},"geometry":{"type":"MultiPolygon","coordinates":[[[[-7.223,57.337],[-7.288,57.322],[-7.215,57.11],[-7.381,57.109],[-7.425,57.382],[-7.223,57.337]]]]}},{"type":"Feature","properties":{"NAME":null,"ABBREVN":null,"SUBJECTO":null,"BORDERPRECISION":3,"PARTOF":null},"geometry":{"type":"MultiPolygon","coordinates":[[[[-7.269,57.399],[-7.406,57.464],[-7.205,57.461],[-7.269,57.399]]]]}},{"type":"Feature","properties":{"NAME":null,"ABBREVN":null,"SUBJECTO":null,"BORDERPRECISION":3,"PARTOF":null},"geometry":{"type":"MultiPolygon","coordinates":[[[[-7.189,57.687],[-7.066,57.633],[-7.154,57.509],[-7.543,57.591],[-7.189,57.687]]]]}},{"type":"Feature","properties":{"NAME":null,"ABBREVN":null,"SUBJECTO":null,"BORDERPRECISION":3,"PARTOF":null},"geometry":{"type":"MultiPolygon","coordinates":[[[[-7.006,57.881],[-7.078,57.88],[-7.006,57.881]]]]}},{"type":"Feature","properties":{"NAME":null,"ABBREVN":null,"SUBJECTO":null,"BORDERPRECISION":3,"PARTOF":null},"geometry":{"type":"MultiPolygon","coordinates":[[[[-6.802,58.203],[-6.89,58.252],[-6.802,58.203]]]]}},{"type":"Feature","properties":{"NAME":null,"ABBREVN":null,"SUBJECTO":null,"BORDERPRECISION":3,"PARTOF":null},"geometry":{"type":"MultiPolygon","coordinates":[[[[-6.204,58.356],[-6.328,58.233],[-6.164,58.212],[-6.62,58.082],[-6.396,58.105],[-6.354,58.033],[-6.474,57.94],[-6.662,57.924],[-6.706,58.008],[-6.59,58.05],[-6.684,58.057],[-6.761,57.998],[-6.661,57.885],[-6.735,57.826],[-6.973,57.725],[-7.123,57.817],[-6.83,57.901],[-7.113,57.984],[-7.056,58.02],[-7.128,58.135],[-7.041,58.233],[-6.908,58.213],[-6.862,58.104],[-6.873,58.179],[-6.745,58.197],[-6.798,58.302],[-6.267,58.512],[-6.166,58.425],[-6.204,58.356]]]]}},{"type":"Feature","properties":{"NAME":null,"ABBREVN":null,"SUBJECTO":null,"BORDERPRECISION":3,"PARTOF":null},"geometry":{"type":"MultiPolygon","coordinates":[[[[-2.918,58.732],[-3.037,58.818],[-2.886,58.832],[-2.918,58.732]]]]}},{"type":"Feature","properties":{"NAME":null,"ABBREVN":null,"SUBJECTO":null,"BORDERPRECISION":3,"PARTOF":null},"geometry":{"type":"MultiPolygon","coordinates":[[[[-3.231,58.776],[-3.433,58.879],[-3.336,58.927],[-3.135,58.801],[-3.231,58.776]]]]}},{"type":"Feature","properties":{"NAME":null,"ABBREVN":null,"SUBJECTO":null,"BORDERPRECISION":3,"PARTOF":null},"geometry":{"type":"MultiPolygon","coordinates":[[[[-2.793,58.951],[-2.824,58.879],[-3.195,58.911],[-3.346,58.966],[-3.35,59.11],[-3.077,59.122],[-2.793,58.951]]]]}},{"type":"Feature","properties":{"NAME":null,"ABBREVN":null,"SUBJECTO":null,"BORDERPRECISION":3,"PARTOF":null},"geometry":{"type":"MultiPolygon","coordinates":[[[[-2.681,59.196],[-2.556,59.303],[-2.39,59.283],[-2.681,59.196]]]]}},{"type":"Feature","properties":{"NAME":null,"ABBREVN":null,"SUBJECTO":null,"BORDERPRECISION":3,"PARTOF":null},"geometry":{"type":"MultiPolygon","coordinates":[[[[-2.89,59.295],[-2.877,59.229],[-3.076,59.331],[-2.89,59.295]]]]}},{"type":"Feature","properties":{"NAME":null,"ABBREVN":null,"SUBJECTO":null,"BORDERPRECISION":3,"PARTOF":null},"geometry":{"type":"MultiPolygon","coordinates":[[[[-1.296,60.491],[-1.037,60.444],[-1.101,60.276],[-1.201,60.263],[-1.126,60.148],[-1.212,60.103],[-1.269,59.851],[-1.378,59.902],[-1.263,60.107],[-1.291,60.241],[-1.41,60.255],[-1.358,60.192],[-1.449,60.151],[-1.693,60.28],[-1.32,60.356],[-1.61,60.474],[-1.547,60.536],[-1.302,60.637],[-1.296,60.491]]]]}},{"type":"Feature","properties":{"NAME":null,"ABBREVN":null,"SUBJECTO":null,"BORDERPRECISION":3,"PARTOF":null},"geometry":{"type":"MultiPolygon","coordinates":[[[[-1.029,60.496],[-1.17,60.527],[-1.099,60.73],[-0.991,60.72],[-1.029,60.496]]]]}},{"type":"Feature","properties":{"NAME":null,"ABBREVN":null,"SUBJECTO":null,"BORDERPRECISION":3,"PARTOF":null},"geometry":{"type":"MultiPolygon","coordinates":[[[[-0.82,60.689],[-0.966,60.688],[-0.878,60.844],[-0.758,60.818],[-0.82,60.689]]]]}},{"type":"Feature","properties":{"NAME":null,"ABBREVN":null,"SUBJECTO":null,"BORDERPRECISION":3,"PARTOF":null},"geometry":{"type":"MultiPolygon","coordinates":[[[[-6.655,61.389],[-6.846,61.468],[-6.96,61.623],[-6.724,61.573],[-6.655,61.389]]],[[[-6.604,61.822],[-6.652,61.743],[-6.908,61.905],[-6.604,61.822]]],[[[-7.05,62.068],[-7.202,62.019],[-7.435,62.14],[-7.223,62.159],[-7.05,62.068]]],[[[-6.707,61.937],[-7.232,62.172],[-7.211,62.285],[-7.066,62.282],[-6.725,62.035],[-6.707,61.937]]],[[[-6.62,62.23],[-6.721,62.331],[-6.62,62.23]]],[[[-6.657,62.092],[-6.922,62.167],[-7.06,62.314],[-6.95,62.338],[-6.601,62.197],[-6.657,62.092]]],[[[-6.419,62.184],[-6.572,62.212],[-6.574,62.35],[-6.389,62.255],[-6.419,62.184]]],[[[-6.586,62.256],[-6.661,62.372],[-6.586,62.256]]],[[[-6.406,62.284],[-6.545,62.387],[-6.406,62.284]]]]}},{"type":"Feature","properties":{"NAME":null,"ABBREVN":null,"SUBJECTO":null,"BORDERPRECISION":3,"PARTOF":null},"geometry":{"type":"MultiPolygon","coordinates":[[[[-4.778,54.056],[-4.714,54.214],[-4.354,54.411],[-4.308,54.297],[-4.394,54.186],[-4.778,54.056]]]]}},{"type":"Feature","properties":{"NAME":null,"ABBREVN":null,"SUBJECTO":null,"BORDERPRECISION":3,"PARTOF":null},"geometry":{"type":"MultiPolygon","coordinates":[[[[129.716,28.451],[129.376,28.115],[129.144,28.25],[129.575,28.462],[129.716,28.451]]]]}},{"type":"Feature","properties":{"NAME":null,"ABBREVN":null,"SUBJECTO":null,"BORDERPRECISION":3,"PARTOF":null},"geometry":{"type":"MultiPolygon","coordinates":[[[[129.963,29.957],[129.929,30.0],[129.963,29.957]]]]}},{"type":"Feature","properties":{"NAME":null,"ABBREVN":null,"SUBJECTO":null,"BORDERPRECISION":3,"PARTOF":null},"geometry":{"type":"MultiPolygon","coordinates":[[[[129.896,29.874],[129.922,29.82],[129.896,29.874]]]]}},{"type":"Feature","properties":{"NAME":null,"ABBREVN":null,"SUBJECTO":null,"BORDERPRECISION":3,"PARTOF":null},"geometry":{"type":"MultiPolygon","coordinates":[[[[130.906,30.355],[130.869,30.47],[131.054,30.84],[131.074,30.689],[130.906,30.355]]]]}},{"type":"Feature","properties":{"NAME":null,"ABBREVN":null,"SUBJECTO":null,"BORDERPRECISION":3,"PARTOF":null},"geometry":{"type":"MultiPolygon","coordinates":[[[[130.559,30.236],[130.44,30.253],[130.383,30.394],[130.49,30.461],[130.666,30.382],[130.559,30.236]]]]}},{"type":"Feature","properties":{"NAME":null,"ABBREVN":null,"SUBJECTO":null,"BORDERPRECISION":3,"PARTOF":null},"geometry":{"type":"MultiPolygon","coordinates":[[[[121.735,25.139],[122.002,25.007],[121.817,24.848],[121.84,24.476],[121.605,24.081],[121.356,23.087],[120.97,22.568],[120.824,21.928],[120.716,21.928],[120.621,22.295],[120.307,22.54],[120.136,23.023],[120.051,23.05],[120.148,23.327],[120.111,23.62],[121.009,25.009],[121.441,25.129],[121.395,25.187],[121.512,25.282],[121.735,25.139]]]]}},{"type":"Feature","properties":{"NAME":null,"ABBREVN":null,"SUBJECTO":null,"BORDERPRECISION":3,"PARTOF":null},"geometry":{"type":"MultiPolygon","coordinates":[[[[128.901,32.643],[128.601,32.619],[128.661,32.782],[128.813,32.792],[128.901,32.643]]]]}},{"type":"Feature","properties":{"NAME":null,"ABBREVN":null,"SUBJECTO":null,"BORDERPRECISION":3,"PARTOF":null},"geometry":{"type":"MultiPolygon","coordinates":[[[[126.622,33.24],[126.266,33.191],[126.158,33.315],[126.378,33.475],[126.898,33.523],[126.937,33.424],[126.847,33.312],[126.622,33.24]]],[[[126.766,34.281],[126.658,34.376],[126.766,34.281]]],[[[127.214,34.419],[127.111,34.46],[127.223,34.484],[127.214,34.419]]],[[[127.791,34.476],[127.712,34.527],[127.791,34.476]]],[[[126.187,34.351],[126.1,34.419],[126.239,34.57],[126.377,34.499],[126.342,34.401],[126.187,34.351]]],[[[127.804,34.576],[127.734,34.613],[127.768,34.664],[127.804,34.576]]],[[[125.991,34.668],[125.915,34.692],[125.991,34.668]]],[[[125.993,34.792],[125.888,34.732],[125.993,34.792]]],[[[128.086,34.83],[127.974,34.858],[128.024,34.914],[128.086,34.83]]],[[[126.064,34.854],[125.984,34.865],[126.063,34.928],[126.064,34.854]]],[[[127.956,34.801],[128.073,34.805],[128.061,34.701],[127.857,34.724],[127.88,34.929],[127.956,34.801]]],[[[128.754,34.877],[128.742,34.782],[128.594,34.698],[128.601,34.831],[128.489,34.856],[128.711,34.977],[128.754,34.877]]],[[[126.106,35.047],[126.06,35.091],[126.162,35.143],[126.106,35.047]]],[[[126.428,36.4],[126.338,36.434],[126.347,36.591],[126.428,36.4]]],[[[126.169,36.826],[126.169,36.826]]],[[[130.887,37.453],[130.807,37.518],[130.919,37.545],[130.887,37.453]]],[[[126.501,37.594],[126.375,37.617],[126.401,37.819],[126.514,37.766],[126.501,37.594]]],[[[124.696,37.916],[124.615,37.969],[124.726,37.982],[124.696,37.916]]],[[[128.532,38.331],[129.063,37.669],[129.434,37.059],[129.473,36.71],[129.387,36.036],[129.457,35.993],[129.557,36.079],[129.588,36.019],[129.439,35.476],[129.137,35.112],[128.811,35.084],[128.573,35.17],[128.378,35.036],[128.501,35.008],[128.409,34.832],[128.329,34.949],[128.204,34.888],[128.021,34.986],[127.593,34.942],[127.639,34.814],[127.774,34.844],[127.641,34.617],[127.556,34.651],[127.494,34.852],[127.364,34.751],[127.514,34.591],[127.389,34.471],[127.125,34.537],[127.329,34.652],[127.329,34.743],[127.01,34.602],[126.889,34.412],[126.777,34.586],[126.6,34.3],[126.525,34.316],[126.267,34.683],[126.304,34.751],[126.452,34.578],[126.451,34.648],[126.618,34.619],[126.477,34.725],[126.66,34.813],[126.54,34.873],[126.511,34.776],[126.371,34.789],[126.434,34.964],[126.318,34.932],[126.249,35.117],[126.345,35.152],[126.431,35.023],[126.459,35.091],[126.361,35.18],[126.422,35.407],[126.523,35.525],[126.688,35.533],[126.475,35.636],[126.801,35.862],[126.615,35.891],[126.632,35.967],[126.873,36.055],[126.685,36.0],[126.544,36.136],[126.497,36.724],[126.347,36.74],[126.293,36.582],[126.273,36.717],[126.173,36.673],[126.129,36.752],[126.291,36.962],[126.289,36.786],[126.401,36.852],[126.356,36.996],[126.442,37.0],[126.483,36.842],[126.502,37.053],[126.781,36.964],[126.839,36.753],[127.0,36.93],[126.753,37.049],[126.869,37.176],[126.661,37.156],[126.662,37.254],[126.866,37.267],[126.656,37.411],[126.659,37.555],[126.533,37.762],[126.681,37.684],[126.728,37.952],[127.134,38.299],[128.08,38.312],[128.28,38.43],[128.364,38.625],[128.532,38.331]]]]}},{"type":"Feature","properties":{"NAME":null,"ABBREVN":null,"SUBJECTO":null,"BORDERPRECISION":3,"PARTOF":null},"geometry":{"type":"MultiPolygon","coordinates":[[[[123.871,24.252],[123.679,24.316],[123.771,24.418],[123.922,24.371],[123.871,24.252]]]]}},{"type":"Feature","properties":{"NAME":null,"ABBREVN":null,"SUBJECTO":null,"BORDERPRECISION":3,"PARTOF":null},"geometry":{"type":"MultiPolygon","coordinates":[[[[125.356,24.777],[125.451,24.74],[125.257,24.729],[125.263,24.884],[125.356,24.777]]]]}},{"type":"Feature","properties":{"NAME":null,"ABBREVN":null,"SUBJECTO":null,"BORDERPRECISION":3,"PARTOF":null},"geometry":{"type":"MultiPolygon","coordinates":[[[[124.262,24.457],[124.179,24.328],[124.076,24.425],[124.215,24.443],[124.324,24.587],[124.262,24.457]]]]}},{"type":"Feature","properties":{"NAME":null,"ABBREVN":null,"SUBJECTO":null,"BORDERPRECISION":3,"PARTOF":null},"geometry":{"type":"MultiPolygon","coordinates":[[[[128.253,26.639],[127.842,26.429],[127.813,26.156],[127.653,26.083],[127.717,26.435],[127.959,26.544],[127.884,26.667],[128.067,26.642],[128.287,26.855],[128.336,26.765],[128.253,26.639]]]]}},{"type":"Feature","properties":{"NAME":null,"ABBREVN":null,"SUBJECTO":null,"BORDERPRECISION":3,"PARTOF":null},"geometry":{"type":"MultiPolygon","coordinates":[[[[126.762,26.387],[126.787,26.297],[126.692,26.361],[126.762,26.387]]]]}},{"type":"Feature","properties":{"NAME":null,"ABBREVN":null,"SUBJECTO":null,"BORDERPRECISION":3,"PARTOF":null},"geometry":{"type":"MultiPolygon","coordinates":[[[[128.951,27.676],[128.88,27.825],[128.947,27.907],[129.03,27.774],[128.951,27.676]]]]}},{"type":"Feature","properties":{"NAME":null,"ABBREVN":null,"SUBJECTO":null,"BORDERPRECISION":3,"PARTOF":null},"geometry":{"type":"MultiPolygon","coordinates":[[[[128.609,27.359],[128.524,27.414],[128.702,27.446],[128.609,27.359]]]]}},{"type":"Feature","properties":{"NAME":null,"ABBREVN":null,"SUBJECTO":null,"BORDERPRECISION":3,"PARTOF":null},"geometry":{"type":"MultiPolygon","coordinates":[[[[129.992,28.282],[129.914,28.291],[130.027,28.366],[129.992,28.282]]]]}},{"type":"Feature","properties":{"NAME":null,"ABBREVN":null,"SUBJECTO":null,"BORDERPRECISION":3,"PARTOF":null},"geometry":{"type":"MultiPolygon","coordinates":[[[[129.336,28.075],[129.219,28.098],[129.191,28.189],[129.336,28.075]]]]}},{"type":"Feature","properties":{"NAME":null,"ABBREVN":null,"SUBJECTO":null,"BORDERPRECISION":3,"PARTOF":null},"geometry":{"type":"MultiPolygon","coordinates":[[[[129.733,29.61],[129.747,29.662],[129.733,29.61]]]]}},{"type":"Feature","properties":{"NAME":null,"ABBREVN":null,"SUBJECTO":null,"BORDERPRECISION":3,"PARTOF":null},"geometry":{"type":"MultiPolygon","coordinates":[[[[60.374,69.956],[60.546,69.799],[60.206,69.679],[59.602,69.712],[59.534,69.754],[59.616,69.809],[59.439,69.881],[58.942,69.937],[59.128,69.866],[59.018,69.854],[58.671,70.01],[58.573,70.071],[58.582,70.18],[58.41,70.257],[58.821,70.214],[58.632,70.326],[59.033,70.479],[60.374,69.956]]]]}},{"type":"Feature","properties":{"NAME":null,"ABBREVN":null,"SUBJECTO":null,"BORDERPRECISION":3,"PARTOF":null},"geometry":{"type":"MultiPolygon","coordinates":[[[[50.119,69.041],[50.224,69.15],[49.959,69.076],[49.678,68.873],[48.795,68.723],[48.576,68.733],[48.216,68.895],[48.313,69.279],[48.943,69.507],[49.379,69.48],[50.143,69.267],[50.329,69.138],[50.143,68.993],[50.119,69.041]]]]}},{"type":"Feature","properties":{"NAME":"Denmark-Norway","ABBREVN":"DenmarkNorwa","SUBJECTO":"Denmark-Norway","BORDERPRECISION":3,"PARTOF":"Denmark-Norway"},"geometry":{"type":"MultiPolygon","coordinates":[[[[19.562,79.768],[19.218,79.74],[18.331,79.882],[18.696,80.087],[19.068,80.165],[19.915,80.633],[20.524,80.322],[21.881,80.277],[22.198,80.123],[23.216,80.611],[23.077,80.241],[23.115,80.096],[23.498,80.097],[23.944,80.32],[24.421,80.437],[24.783,80.38],[25.034,80.167],[26.254,80.199],[26.949,80.114],[27.197,79.944],[26.067,79.574],[25.337,79.403],[24.416,79.312],[23.821,79.147],[20.998,79.191],[20.983,79.361],[21.655,79.478],[21.971,79.783],[19.562,79.768]]],[[[14.825,55.257],[15.148,55.082],[15.043,54.995],[14.68,55.1],[14.746,55.296],[14.825,55.257]]],[[[10.529,55.029],[10.153,55.084],[9.811,55.437],[9.63,55.459],[9.421,54.976],[9.987,54.592],[9.865,54.411],[10.065,54.434],[10.142,54.337],[9.449,54.189],[9.441,54.247],[9.056,54.349],[8.884,54.229],[8.581,54.194],[8.554,54.275],[8.951,54.419],[8.596,54.761],[8.645,55.069],[8.56,55.356],[8.319,55.481],[8.214,55.399],[8.035,55.476],[8.32,55.768],[8.117,56.092],[8.183,56.431],[8.309,56.479],[8.675,56.358],[8.869,56.616],[9.003,56.657],[9.136,56.46],[9.312,56.481],[9.37,56.882],[10.216,56.85],[10.314,56.469],[10.826,56.443],[10.889,56.369],[10.751,56.097],[10.496,56.034],[10.442,56.151],[10.293,56.137],[10.175,56.076],[10.23,55.951],[10.147,55.765],[10.007,55.73],[9.976,55.62],[9.69,55.605],[9.905,55.506],[10.31,55.617],[10.485,55.532],[10.416,55.453],[10.469,55.437],[10.606,55.486],[10.627,55.617],[10.835,55.294],[10.74,55.067],[10.529,55.029]]],[[[11.785,54.64],[11.456,54.619],[11.032,54.756],[11.014,54.896],[11.24,54.957],[11.564,54.822],[11.649,54.907],[11.862,54.746],[11.785,54.64]]],[[[12.072,54.786],[11.929,54.573],[11.709,54.937],[12.168,54.842],[12.072,54.786]]],[[[11.285,55.189],[11.102,55.634],[11.296,55.675],[11.568,55.885],[11.728,55.662],[11.962,55.581],[12.088,55.967],[12.444,55.968],[12.409,55.548],[12.158,55.379],[12.43,55.245],[12.077,54.995],[11.97,54.954],[11.767,55.176],[11.285,55.189]]],[[[8.661,57.104],[9.302,57.166],[9.849,57.582],[10.558,57.745],[10.401,57.506],[10.463,57.242],[10.333,57.171],[10.257,57.006],[8.847,56.986],[8.778,56.798],[8.471,56.597],[8.183,56.798],[8.534,57.141],[8.661,57.104]]],[[[10.829,59.106],[10.549,59.379],[10.634,59.45],[10.57,59.581],[10.407,59.497],[10.43,59.26],[10.172,58.987],[9.938,58.94],[9.698,58.999],[8.03,58.066],[6.959,57.972],[6.726,58.137],[6.644,58.042],[6.479,58.09],[6.652,58.172],[5.615,58.455],[5.4,58.715],[5.531,58.881],[5.475,58.976],[5.627,58.964],[5.666,58.822],[5.794,58.916],[6.094,58.798],[5.984,58.887],[6.041,58.952],[6.266,58.993],[5.94,58.934],[5.772,59.076],[6.238,59.284],[5.877,59.313],[6.076,59.42],[6.113,59.527],[5.816,59.313],[5.8,59.432],[5.68,59.509],[5.717,59.337],[5.529,59.266],[5.344,59.266],[5.35,59.39],[5.283,59.272],[5.177,59.307],[5.087,59.509],[5.383,59.711],[5.419,59.515],[5.449,59.658],[5.646,59.586],[5.741,59.628],[5.667,59.676],[6.185,59.824],[5.694,59.753],[5.543,59.824],[5.806,59.949],[5.894,60.161],[5.279,60.125],[5.096,60.264],[5.551,60.509],[5.456,60.592],[5.075,60.592],[4.98,60.689],[5.109,60.906],[5.387,61.026],[5.12,61.137],[5.018,61.305],[5.141,61.39],[5.101,61.699],[5.797,61.77],[5.834,61.819],[5.426,62.009],[5.47,62.094],[5.824,62.179],[6.053,62.335],[6.533,62.336],[6.613,62.583],[7.289,62.486],[7.547,62.599],[7.102,62.705],[6.982,62.846],[7.088,62.91],[7.989,62.94],[8.231,62.841],[8.258,63.054],[8.606,63.325],[8.957,63.404],[9.216,63.284],[9.441,63.498],[9.832,63.684],[9.87,63.876],[10.066,64.056],[10.891,64.473],[11.364,64.416],[11.508,64.517],[11.407,64.617],[12.112,65.13],[12.526,65.109],[12.496,65.384],[12.284,65.435],[12.709,65.909],[13.087,65.88],[13.152,66.136],[13.581,66.188],[13.169,66.458],[13.383,66.679],[13.992,66.687],[13.747,66.922],[14.639,67.123],[14.778,67.217],[14.616,67.245],[14.569,67.329],[14.976,67.523],[15.385,67.464],[15.746,67.597],[15.762,67.676],[15.572,67.821],[15.854,67.925],[15.92,68.049],[16.412,67.874],[16.649,68.046],[16.522,68.341],[17.033,68.338],[17.126,68.416],[16.855,68.558],[17.407,68.772],[17.566,68.974],[18.052,69.028],[18.319,69.359],[18.553,69.247],[18.985,69.315],[19.58,69.181],[20.158,69.748],[20.286,69.786],[20.358,69.71],[20.197,69.318],[20.553,69.522],[20.734,69.779],[21.103,69.818],[21.412,70.015],[21.908,69.804],[22.306,70.216],[22.746,70.171],[23.204,69.943],[23.508,70.279],[23.827,70.479],[24.208,70.472],[24.571,70.741],[25.389,70.905],[25.832,70.898],[25.231,70.558],[25.122,70.435],[25.074,70.144],[25.263,70.107],[26.263,70.791],[26.607,70.915],[26.617,70.392],[27.131,70.577],[27.516,70.97],[27.948,71.017],[28.308,70.949],[27.985,70.717],[28.019,70.609],[27.875,70.425],[28.29,70.372],[28.389,70.572],[28.795,70.865],[30.754,70.43],[30.799,70.308],[30.252,70.131],[28.73,70.136],[29.556,69.833],[29.729,69.698],[30.735,69.752],[31.054,69.64],[30.641,69.418],[29.924,69.355],[28.697,68.696],[28.74,68.95],[29.133,69.366],[29.113,69.486],[27.909,69.888],[26.507,69.812],[25.863,69.454],[25.625,68.807],[24.801,68.429],[24.082,68.717],[23.336,68.616],[22.46,68.694],[21.625,69.237],[21.406,69.273],[20.791,68.932],[20.166,68.958],[19.965,68.276],[19.843,68.164],[18.179,68.469],[18.104,68.386],[18.057,67.999],[17.914,67.864],[17.083,67.912],[16.874,67.837],[16.206,67.307],[16.305,66.983],[16.221,66.828],[15.038,66.06],[14.597,66.05],[14.515,65.503],[14.371,65.234],[13.718,64.553],[14.042,64.376],[14.155,64.111],[14.078,64.032],[13.88,63.953],[12.853,63.897],[12.577,63.782],[12.124,63.345],[11.933,62.554],[12.226,62.226],[12.075,61.698],[12.792,61.33],[12.597,61.029],[12.174,60.956],[12.548,60.434],[12.436,60.278],[12.423,60.039],[12.077,59.866],[11.891,59.86],[11.838,59.67],[11.61,59.569],[11.709,59.195],[11.563,58.863],[11.379,58.857],[11.112,59.165],[10.829,59.106]]],[[[13.283,79.487],[14.159,79.364],[14.317,79.722],[14.81,79.804],[15.774,79.242],[16.133,79.136],[16.389,79.235],[16.082,79.528],[15.917,79.842],[16.326,80.025],[17.834,79.809],[17.722,79.487],[17.769,79.415],[18.016,79.362],[18.549,79.56],[19.152,79.231],[19.932,79.108],[20.908,78.809],[19.429,78.587],[19.116,78.455],[18.787,77.94],[18.389,77.542],[17.829,77.489],[17.485,77.248],[17.28,76.983],[17.267,76.813],[16.663,76.727],[15.099,77.115],[14.485,77.371],[14.778,77.535],[16.287,77.615],[16.712,77.789],[16.418,77.901],[14.131,77.766],[13.905,78.0],[15.921,78.265],[16.617,78.467],[15.084,78.781],[14.819,78.718],[14.353,78.428],[13.872,78.296],[13.062,78.347],[12.075,78.696],[11.76,78.88],[12.525,79.059],[12.157,79.315],[11.545,79.172],[11.335,79.207],[10.919,79.545],[11.284,79.707],[13.252,79.801],[13.283,79.487]]]]}},{"type":"Feature","properties":{"NAME":"Tsardom of Muscovy","ABBREVN":"Muscovy","SUBJECTO":"Tsardom of Muscovy","BORDERPRECISION":3,"PARTOF":"Tsardom of Muscovy"},"geometry":{"type":"MultiPolygon","coordinates":[[[[150.876,46.447],[150.799,46.45],[150.876,46.447]]],[[[150.762,46.727],[150.762,46.727]]],[[[152.534,47.319],[152.388,47.344],[152.486,47.382],[152.534,47.319]]],[[[153.048,47.702],[152.981,47.723],[153.056,47.814],[153.048,47.702]]],[[[153.291,48.054],[153.138,48.101],[153.223,48.133],[153.291,48.054]]],[[[154.189,48.835],[153.975,48.736],[154.129,48.906],[154.229,48.902],[154.189,48.835]]],[[[153.9,48.95],[154.011,48.937],[153.9,48.95]]],[[[154.442,49.162],[154.601,49.118],[154.501,49.074],[154.442,49.162]]],[[[154.878,49.542],[154.79,49.443],[154.811,49.303],[154.594,49.291],[154.749,49.592],[154.904,49.624],[154.878,49.542]]],[[[154.376,49.742],[154.367,49.819],[154.456,49.821],[154.376,49.742]]],[[[151.822,46.779],[151.706,46.847],[151.86,46.861],[152.217,47.172],[152.293,47.148],[151.822,46.779]]],[[[155.245,50.057],[155.248,50.301],[155.661,50.385],[155.889,50.693],[156.112,50.755],[156.153,50.525],[155.893,50.264],[155.245,50.057]]],[[[156.443,50.87],[156.49,50.756],[156.401,50.626],[156.167,50.695],[156.192,50.771],[156.443,50.87]]],[[[155.601,50.931],[155.644,50.814],[155.449,50.872],[155.601,50.931]]],[[[54.664,73.472],[54.018,73.734],[54.894,74.063],[55.885,74.105],[55.946,74.265],[55.619,74.417],[55.965,74.603],[56.652,74.693],[56.303,74.871],[56.995,75.273],[57.226,75.331],[57.729,75.291],[58.17,75.532],[59.018,75.799],[60.043,75.918],[60.617,75.894],[60.949,75.961],[61.303,76.238],[61.819,76.289],[62.593,76.165],[65.926,76.507],[66.442,76.83],[68.457,76.927],[68.867,76.766],[68.937,76.606],[68.571,76.394],[67.722,76.175],[60.463,75.156],[60.334,75.033],[60.623,74.935],[60.009,74.675],[58.851,74.689],[58.656,74.608],[58.603,74.504],[58.882,74.391],[58.733,74.287],[58.191,74.085],[57.671,74.188],[57.405,74.052],[57.799,73.924],[57.823,73.781],[56.96,73.357],[55.757,73.577],[54.664,73.472]]],[[[55.181,73.266],[55.816,73.307],[56.509,73.174],[56.272,72.857],[55.623,72.651],[55.518,72.478],[55.52,72.11],[55.721,71.642],[56.151,71.271],[57.251,70.818],[57.238,70.691],[55.679,70.707],[54.998,70.522],[54.694,70.744],[53.729,70.765],[53.715,70.927],[54.321,71.09],[54.353,71.198],[53.234,71.514],[52.55,71.59],[52.121,71.465],[51.815,71.48],[51.534,71.658],[51.482,71.845],[51.76,72.079],[52.351,72.041],[53.089,72.473],[53.198,72.631],[52.611,72.74],[53.502,73.137],[55.181,73.266]]],[[[33.01,69.387],[33.281,69.342],[33.316,69.071],[33.628,69.215],[35.437,69.15],[37.246,68.793],[38.668,68.146],[39.918,67.94],[40.826,67.66],[40.973,67.534],[40.951,67.335],[41.255,66.937],[40.836,66.561],[39.978,66.201],[38.782,66.001],[38.048,66.007],[35.772,66.259],[34.153,66.63],[33.437,66.702],[32.991,66.988],[32.644,67.046],[32.219,66.994],[33.47,66.313],[34.544,66.001],[34.726,65.797],[34.726,65.615],[34.601,65.484],[34.293,65.396],[34.426,65.107],[34.773,64.682],[34.885,64.367],[36.015,64.197],[36.24,63.919],[37.411,63.749],[37.945,63.85],[38.054,63.986],[38.054,64.129],[37.88,64.308],[37.262,64.314],[36.997,64.407],[36.569,64.765],[36.884,65.068],[37.102,65.068],[37.604,64.853],[39.193,64.511],[39.622,64.476],[39.997,64.541],[40.322,64.463],[40.44,64.564],[40.462,64.75],[39.979,65.153],[39.823,65.436],[39.951,65.581],[41.354,65.955],[42.211,66.41],[43.241,66.251],[44.029,66.011],[44.122,66.267],[44.384,66.612],[44.362,66.906],[44.219,67.09],[43.838,67.163],[43.704,67.266],[44.261,67.83],[44.169,68.097],[43.822,68.327],[43.853,68.469],[44.012,68.492],[44.668,68.389],[45.58,68.443],[45.863,68.383],[46.634,67.701],[45.463,67.639],[45.093,67.542],[44.871,67.312],[45.386,67.099],[45.715,66.85],[46.402,66.719],[47.571,66.816],[47.706,66.89],[48.081,67.562],[52.245,68.545],[52.337,68.336],[52.72,68.351],[52.939,68.471],[53.006,68.681],[53.502,68.816],[53.889,68.787],[53.782,68.338],[53.316,68.233],[53.317,68.136],[53.626,68.048],[54.38,68.161],[54.576,68.161],[54.752,68.05],[54.996,68.207],[55.126,68.401],[55.723,68.536],[56.54,68.553],[57.364,68.457],[58.409,68.833],[58.77,68.856],[59.346,68.7],[59.062,68.497],[59.12,68.393],[59.762,68.297],[59.892,68.402],[59.925,68.581],[60.512,68.59],[60.934,68.815],[60.986,69.003],[60.369,69.468],[61.03,69.741],[62.281,69.705],[65.355,69.183],[66.584,68.886],[68.385,68.179],[69.109,68.83],[68.512,68.837],[68.258,68.941],[68.094,69.136],[68.106,69.429],[67.779,69.557],[66.884,69.623],[66.828,69.819],[67.422,70.223],[67.398,70.599],[67.285,70.706],[66.775,70.736],[66.67,70.866],[66.818,71.105],[68.316,71.635],[68.812,72.095],[69.057,72.645],[69.343,72.834],[70.214,72.733],[72.455,72.824],[72.714,72.77],[72.853,72.644],[72.845,72.495],[72.655,72.118],[71.898,71.587],[71.798,71.432],[72.136,71.278],[72.68,70.824],[72.774,70.455],[72.437,70.187],[72.551,69.656],[72.526,69.069],[72.643,68.807],[72.846,68.635],[73.309,68.517],[73.394,68.382],[72.838,67.646],[71.4,66.949],[71.544,66.714],[70.84,66.551],[69.792,66.755],[69.085,66.688],[69.173,66.548],[69.767,66.33],[70.983,66.2],[72.209,66.173],[72.557,66.496],[73.69,66.865],[73.985,67.263],[74.353,67.404],[74.742,67.686],[74.771,67.849],[74.669,68.102],[74.395,68.347],[74.505,68.593],[74.612,68.639],[75.537,68.775],[76.328,68.776],[77.04,68.464],[77.108,68.114],[76.955,67.653],[77.091,67.528],[78.089,67.411],[78.478,67.479],[78.536,67.612],[77.946,67.774],[77.483,67.803],[77.514,67.973],[77.978,68.145],[78.007,68.257],[77.636,68.816],[77.406,68.936],[75.598,69.21],[74.902,69.081],[73.915,69.154],[73.654,69.756],[73.791,70.052],[74.25,70.573],[73.698,71.141],[73.217,71.458],[73.591,71.707],[74.137,71.755],[74.921,72.029],[75.075,72.42],[75.016,72.719],[75.617,72.625],[75.666,72.414],[75.583,72.171],[75.297,71.897],[75.221,71.648],[75.284,71.446],[75.452,71.322],[75.671,71.199],[77.736,71.025],[78.105,70.841],[78.609,70.85],[78.372,71.251],[78.137,71.374],[76.866,71.449],[76.607,71.518],[76.333,71.72],[76.457,71.868],[77.075,71.892],[77.79,71.777],[78.126,71.848],[78.086,72.175],[79.223,72.271],[80.339,72.008],[80.828,71.767],[81.425,71.613],[82.491,71.568],[82.818,71.646],[82.88,71.491],[82.215,71.204],[82.046,70.419],[82.196,70.358],[82.675,70.842],[82.804,70.819],[83.076,70.582],[83.036,70.245],[83.677,70.46],[83.657,70.598],[83.168,71.182],[83.561,71.624],[83.202,71.826],[82.436,72.051],[82.321,72.222],[80.982,72.447],[80.844,72.58],[80.829,73.014],[80.464,73.314],[80.501,73.425],[80.838,73.553],[83.02,73.612],[84.616,73.743],[85.001,73.576],[85.856,73.825],[86.492,73.874],[86.757,73.787],[86.326,73.634],[86.124,73.451],[86.905,73.556],[87.57,73.772],[87.691,73.9],[87.541,74.1],[86.978,74.299],[86.814,74.435],[86.958,74.782],[89.285,75.466],[90.0,75.602],[91.635,75.653],[93.592,75.881],[94.694,76.184],[95.967,76.169],[96.139,76.086],[95.982,75.902],[96.658,75.853],[98.289,76.057],[99.467,75.967],[99.779,76.059],[99.833,76.21],[99.774,76.285],[99.983,76.437],[100.83,76.455],[101.389,76.625],[101.112,76.853],[101.166,77.006],[101.69,77.203],[103.393,77.558],[105.063,77.569],[105.45,77.449],[105.47,77.329],[104.782,77.149],[104.485,76.995],[104.705,76.928],[105.528,76.98],[107.24,76.898],[106.537,76.567],[106.404,76.432],[107.771,76.401],[108.244,76.646],[110.548,76.642],[112.057,76.451],[112.589,76.259],[112.822,76.059],[113.533,76.094],[113.723,75.869],[113.113,75.494],[113.625,75.273],[112.577,74.886],[111.587,74.731],[108.34,73.691],[106.208,73.259],[105.279,72.752],[106.087,72.855],[106.502,73.061],[107.804,73.143],[109.991,73.44],[110.442,73.568],[110.4,73.743],[110.163,73.83],[110.551,74.038],[110.944,73.943],[111.215,73.768],[111.762,73.658],[113.222,73.748],[113.308,73.613],[113.312,73.383],[113.547,73.201],[114.187,73.551],[116.671,73.619],[118.46,73.519],[118.338,73.186],[118.498,73.036],[120.579,72.835],[122.243,72.909],[122.882,72.753],[123.515,73.172],[123.41,73.481],[124.457,73.705],[125.717,73.398],[127.72,73.402],[128.499,73.126],[128.525,72.952],[127.314,72.714],[126.216,72.382],[126.111,72.28],[127.418,72.142],[128.432,71.755],[129.355,71.176],[130.172,70.815],[130.779,70.678],[131.055,70.687],[131.413,70.864],[132.284,71.661],[132.554,71.809],[132.684,71.801],[132.791,71.592],[133.138,71.453],[134.241,71.262],[135.861,71.543],[136.765,71.406],[137.63,71.075],[138.076,71.246],[138.175,71.362],[138.119,71.47],[138.446,71.61],[138.675,71.618],[139.159,71.418],[139.744,71.404],[139.826,71.628],[139.739,71.838],[139.848,72.236],[139.339,72.164],[138.969,72.211],[139.312,72.383],[140.589,72.495],[141.408,72.787],[144.562,72.456],[145.6,72.426],[144.82,72.143],[145.665,72.161],[145.815,72.098],[145.678,71.927],[144.881,71.723],[144.801,71.591],[145.746,71.694],[146.915,72.202],[148.698,72.166],[149.53,72.027],[149.722,71.895],[148.711,71.629],[151.119,71.255],[151.48,71.086],[151.899,70.733],[152.134,70.664],[156.043,70.987],[158.409,70.814],[159.229,70.547],[159.466,70.395],[159.628,70.22],[159.444,69.765],[159.673,69.652],[160.682,69.578],[160.674,69.27],[160.862,69.083],[161.171,69.159],[161.416,69.354],[162.118,69.559],[163.038,69.545],[163.722,69.674],[164.054,69.66],[164.318,69.465],[164.636,69.413],[166.309,69.378],[166.7,69.432],[167.32,69.659],[168.1,69.232],[168.986,68.963],[169.113,68.784],[169.389,68.717],[170.833,68.922],[170.905,69.034],[170.431,69.559],[170.056,69.611],[170.452,70.019],[172.359,69.909],[172.908,69.835],[173.008,69.692],[175.611,69.779],[177.705,69.49],[178.965,69.229],[180.0,68.92],[180.0,64.953],[179.016,64.773],[178.726,64.606],[178.004,64.548],[177.427,64.607],[177.251,64.856],[177.026,64.844],[177.135,64.927],[176.712,64.782],[176.332,64.773],[175.965,64.904],[176.156,64.678],[175.9,64.547],[176.468,64.409],[176.753,64.571],[176.931,64.553],[177.082,64.517],[177.082,64.303],[177.193,64.21],[177.535,64.09],[178.011,64.192],[177.813,64.047],[178.147,64.157],[178.403,63.664],[178.078,63.429],[178.344,63.458],[178.714,63.154],[178.939,63.083],[179.004,62.97],[178.932,62.765],[179.288,62.815],[179.242,62.526],[179.049,62.391],[178.738,62.299],[178.452,62.32],[177.291,62.487],[177.135,62.55],[177.19,62.67],[176.832,62.676],[176.549,62.38],[175.173,61.969],[174.542,61.891],[173.927,61.616],[173.481,61.601],[172.918,61.278],[172.492,61.263],[172.0,60.858],[171.248,60.654],[171.072,60.452],[170.337,60.277],[170.273,60.013],[170.06,59.882],[169.877,59.875],[169.614,60.012],[169.456,60.296],[169.154,60.435],[168.671,60.455],[167.104,60.271],[166.027,59.709],[165.945,59.771],[166.203,60.353],[165.78,60.354],[165.415,60.115],[164.933,59.962],[164.882,59.734],[164.585,59.665],[164.442,59.74],[164.328,59.961],[164.111,60.078],[163.65,59.792],[163.767,59.884],[163.389,59.814],[163.043,59.462],[163.255,59.29],[162.753,58.966],[162.907,58.891],[162.22,58.486],[161.804,58.102],[161.8,57.863],[161.989,57.72],[162.826,57.701],[163.078,57.626],[163.128,57.552],[162.593,57.17],[162.512,57.033],[162.744,56.6],[163.098,56.56],[163.166,56.106],[163.009,55.944],[162.771,55.917],[162.555,56.011],[162.722,56.342],[162.522,56.349],[162.318,56.24],[161.861,55.861],[161.609,55.557],[161.503,55.287],[161.647,54.985],[162.008,54.738],[161.876,54.564],[161.567,54.423],[160.683,54.448],[160.027,54.153],[159.695,53.859],[159.633,53.706],[159.905,53.4],[159.897,53.241],[158.461,52.826],[158.39,52.203],[158.258,52.017],[157.898,51.666],[156.696,50.958],[156.362,51.914],[156.333,52.272],[156.038,52.781],[155.711,53.805],[155.63,54.465],[155.465,54.92],[155.506,55.64],[155.703,56.37],[156.558,56.947],[156.878,57.363],[156.777,57.58],[157.962,57.883],[159.104,58.425],[159.393,58.61],[159.649,58.954],[161.535,59.942],[161.818,60.268],[163.329,60.695],[163.445,60.89],[163.793,61.128],[163.831,61.233],[163.576,61.33],[163.942,61.737],[163.926,61.955],[164.008,62.131],[164.277,62.223],[165.286,62.288],[165.067,62.436],[164.138,62.533],[162.99,62.326],[163.009,62.178],[162.711,61.763],[162.749,61.609],[162.235,61.51],[160.645,60.718],[160.119,60.564],[160.007,60.591],[160.236,60.947],[159.816,60.981],[159.744,61.1],[160.149,61.66],[160.118,61.751],[159.231,61.546],[159.106,61.707],[158.841,61.784],[156.825,61.563],[156.423,61.401],[156.418,61.121],[155.667,60.778],[155.734,60.555],[154.693,60.199],[154.316,59.983],[153.943,59.569],[153.944,59.397],[154.182,59.301],[154.753,59.281],[154.906,59.103],[153.924,58.922],[152.968,58.996],[152.504,58.769],[152.191,58.926],[151.354,58.691],[151.007,58.793],[151.056,58.924],[151.857,59.056],[151.524,59.344],[151.14,59.44],[150.279,59.362],[149.73,59.595],[149.38,59.608],[148.728,59.476],[148.747,59.297],[148.416,59.097],[147.919,59.261],[147.0,59.191],[146.307,59.286],[146.054,59.251],[145.957,58.983],[145.653,58.975],[145.513,59.037],[145.404,59.326],[142.927,59.28],[142.358,59.141],[141.924,58.941],[141.35,58.501],[140.587,58.239],[140.029,57.644],[138.867,57.124],[137.229,55.983],[135.27,55.029],[134.894,54.72],[134.902,54.559],[135.095,54.433],[136.492,54.455],[136.351,53.701],[136.77,53.695],[137.041,53.862],[137.383,53.81],[137.071,53.489],[137.239,53.457],[136.161,53.021],[134.681,52.947],[134.237,53.464],[133.424,52.651],[133.128,52.651],[132.388,52.355],[132.018,52.429],[131.13,53.908],[130.538,53.908],[130.908,55.24],[130.39,56.054],[129.207,56.868],[128.837,56.646],[128.171,56.72],[124.916,56.202],[124.102,56.276],[123.51,56.424],[122.697,55.98],[121.957,55.906],[121.735,55.388],[121.291,55.092],[121.217,54.722],[120.921,54.5],[121.069,54.278],[120.921,53.834],[121.661,53.76],[121.675,53.357],[120.702,53.185],[119.997,52.704],[119.943,52.591],[120.564,52.614],[120.773,52.476],[120.821,52.364],[120.746,52.007],[120.129,51.733],[119.182,50.702],[119.164,50.524],[119.322,50.368],[119.291,50.125],[117.645,49.594],[117.491,49.586],[116.566,50.006],[115.734,49.864],[115.347,49.94],[114.856,50.226],[114.523,50.296],[114.098,50.274],[113.574,50.055],[113.033,49.654],[112.524,49.462],[110.2,49.241],[109.424,49.296],[108.424,49.518],[107.549,49.827],[106.668,50.314],[106.323,50.417],[105.155,50.443],[103.681,50.166],[103.378,50.217],[102.639,50.456],[102.45,50.606],[102.266,50.809],[102.117,51.361],[101.011,51.672],[99.758,51.903],[97.61,52.148],[97.319,52.826],[95.866,53.796],[95.187,53.796],[93.567,52.349],[92.591,52.4],[91.965,51.569],[90.0,51.569],[85.601,48.231],[85.383,48.148],[83.116,48.283],[84.267,49.205],[81.479,50.291],[78.65,50.806],[74.921,54.149],[72.992,55.307],[64.687,54.272],[64.457,53.581],[63.038,51.176],[60.82,50.859],[58.331,50.934],[55.245,51.706],[51.387,51.063],[51.13,50.42],[51.901,49.391],[51.387,48.105],[51.773,47.462],[51.369,47.09],[50.632,46.91],[49.948,46.56],[49.535,46.542],[49.058,46.137],[48.833,46.083],[48.77,45.885],[48.635,45.975],[48.303,45.768],[47.871,45.678],[47.628,45.732],[47.655,45.543],[47.17,44.86],[46.873,44.68],[44.755,44.439],[43.88,44.814],[43.381,46.188],[42.257,46.813],[40.633,46.688],[40.508,47.437],[39.259,48.437],[37.885,49.186],[37.385,48.811],[33.388,47.313],[31.991,47.403],[31.08,47.793],[31.167,48.618],[32.381,48.487],[33.553,48.878],[31.514,49.702],[31.514,49.962],[30.516,49.962],[30.472,50.093],[30.342,51.394],[30.559,51.828],[31.383,52.001],[31.297,52.956],[31.383,53.26],[32.468,53.086],[32.208,54.431],[31.557,54.301],[31.427,54.908],[31.731,54.952],[31.514,55.559],[31.253,55.602],[31.21,55.732],[31.861,55.993],[32.078,56.774],[31.557,57.034],[31.167,56.73],[30.386,57.294],[30.472,57.771],[29.995,58.205],[29.518,58.075],[28.173,58.986],[29.041,59.29],[29.518,59.247],[29.995,59.463],[31.318,59.594],[31.298,59.936],[31.547,59.94],[31.591,60.156],[31.699,60.236],[32.5,60.177],[32.677,60.392],[32.6,60.533],[32.816,60.482],[32.944,60.643],[32.527,61.118],[31.604,61.423],[31.365,61.627],[31.194,61.634],[31.123,62.804],[30.559,63.108],[30.603,65.147],[30.993,65.754],[30.603,66.665],[30.733,68.574],[31.331,69.663],[32.072,69.883],[32.191,69.642],[32.352,69.514],[33.01,69.387]],[[36.2,61.531],[35.689,62.04],[35.803,62.461],[35.504,62.625],[34.489,62.904],[34.739,62.621],[34.943,62.643],[35.352,62.523],[35.54,62.354],[35.554,62.236],[35.387,62.158],[35.046,62.229],[35.168,62.097],[35.115,62.054],[34.557,62.54],[34.696,62.365],[34.609,62.339],[34.636,62.095],[34.343,62.199],[34.054,62.495],[33.944,62.5],[34.586,61.938],[34.531,61.812],[34.315,61.869],[34.388,61.796],[35.457,61.356],[35.629,61.15],[35.527,61.023],[35.062,61.126],[35.231,61.165],[35.157,61.194],[34.887,61.206],[34.797,61.123],[34.846,61.027],[35.4,61.04],[35.88,60.878],[35.88,60.948],[36.387,61.184],[36.419,61.392],[36.2,61.531]]],[[[35.196,61.988],[35.252,62.08],[35.347,61.998],[35.202,61.839],[35.196,61.988]]]]}},{"type":"Feature","properties":{"NAME":"Sweden","ABBREVN":"Sweden","SUBJECTO":"Sweden","BORDERPRECISION":3,"PARTOF":"Sweden"},"geometry":{"type":"MultiPolygon","coordinates":[[[[9.939,53.183],[9.969,53.063],[9.489,52.943],[9.339,52.723],[9.049,52.843],[8.679,52.783],[8.641,53.013],[8.744,53.085],[8.423,53.261],[8.434,53.396],[8.506,53.385],[8.537,53.478],[8.429,53.612],[8.54,53.801],[9.125,53.79],[9.484,53.538],[9.752,53.503],[9.679,53.383],[9.729,53.273],[9.939,53.183]]],[[[18.142,57.409],[18.119,57.531],[18.467,57.812],[18.725,57.923],[19.005,57.909],[19.033,57.827],[18.809,57.704],[18.712,57.242],[18.397,57.134],[18.302,56.937],[18.216,56.913],[18.14,56.915],[18.257,57.032],[18.142,57.409]]],[[[13.668,54.084],[13.85,53.729],[14.537,53.538],[14.449,53.313],[14.177,53.132],[14.025,53.132],[14.025,53.434],[13.773,53.475],[13.806,53.604],[13.401,53.701],[13.256,53.572],[13.11,53.572],[13.143,53.782],[12.771,53.701],[12.9,54.025],[12.463,54.255],[12.943,54.347],[13.064,54.194],[13.431,54.03],[13.668,54.084]]],[[[20.701,63.818],[19.67,63.389],[19.465,63.481],[19.318,63.445],[19.076,63.202],[18.487,62.981],[18.303,62.789],[17.868,62.789],[17.936,62.548],[17.718,62.357],[17.29,62.441],[17.497,62.088],[17.387,61.658],[17.163,61.63],[17.065,61.538],[17.146,60.953],[17.318,60.753],[17.188,60.674],[17.605,60.638],[17.706,60.554],[17.931,60.59],[18.417,60.182],[18.804,60.108],[18.893,59.926],[19.037,59.863],[19.044,59.712],[18.868,59.712],[18.03,59.359],[17.773,59.414],[17.76,59.621],[17.687,59.542],[17.391,59.584],[17.372,59.496],[16.574,59.612],[16.469,59.519],[16.044,59.478],[16.849,59.44],[17.575,59.214],[17.584,59.268],[17.862,59.24],[17.978,59.328],[18.43,59.333],[18.441,59.401],[18.611,59.333],[18.273,59.287],[18.372,59.157],[18.016,59.038],[17.94,58.908],[17.766,58.872],[17.739,59.11],[17.623,59.1],[17.582,58.893],[17.357,58.743],[17.083,58.748],[17.081,58.65],[16.443,58.634],[16.513,58.428],[16.744,58.312],[16.725,57.889],[16.46,57.895],[16.477,57.702],[16.607,57.666],[16.55,57.545],[16.659,57.443],[16.395,57.074],[16.376,56.822],[15.771,56.033],[15.497,56.167],[15.221,56.08],[14.653,56.121],[14.605,55.981],[14.492,56.018],[14.259,55.899],[14.126,55.667],[14.286,55.515],[14.117,55.347],[13.823,55.422],[13.302,55.301],[12.802,55.353],[12.986,55.667],[12.414,56.243],[12.652,56.296],[12.615,56.436],[12.805,56.401],[12.872,56.512],[12.289,56.88],[12.005,57.325],[11.877,57.325],[11.881,57.509],[11.61,57.807],[11.802,58.178],[11.614,58.247],[11.431,58.202],[11.407,58.331],[11.221,58.308],[11.14,58.851],[11.039,58.91],[11.179,59.07],[11.311,59.011],[11.379,58.857],[11.563,58.863],[11.709,59.195],[11.61,59.569],[11.838,59.67],[11.891,59.86],[12.077,59.866],[12.423,60.039],[12.436,60.278],[12.548,60.434],[12.174,60.956],[12.597,61.029],[12.792,61.33],[12.075,61.698],[12.226,62.226],[11.933,62.554],[12.124,63.345],[12.577,63.782],[12.853,63.897],[13.88,63.953],[14.078,64.032],[14.155,64.111],[14.042,64.376],[13.718,64.553],[14.371,65.234],[14.515,65.503],[14.597,66.05],[15.038,66.06],[16.221,66.828],[16.305,66.983],[16.206,67.307],[16.874,67.837],[17.083,67.912],[17.914,67.864],[18.057,67.999],[18.104,68.386],[18.179,68.469],[19.843,68.164],[19.965,68.276],[20.166,68.958],[20.791,68.932],[21.406,69.273],[21.625,69.237],[22.46,68.694],[23.336,68.616],[24.082,68.717],[24.801,68.429],[25.625,68.807],[25.863,69.454],[26.507,69.812],[27.909,69.888],[29.113,69.486],[29.133,69.366],[28.74,68.95],[28.697,68.696],[29.924,69.355],[30.641,69.418],[31.054,69.64],[31.331,69.663],[30.733,68.574],[30.603,66.665],[30.993,65.754],[30.603,65.147],[30.559,63.108],[31.123,62.804],[31.194,61.634],[30.852,61.775],[30.594,61.606],[30.606,61.541],[30.239,61.515],[30.193,61.327],[30.079,61.243],[29.891,61.295],[29.825,61.216],[30.502,60.843],[30.534,60.63],[30.724,60.562],[31.109,60.146],[31.145,60.006],[31.043,59.951],[31.298,59.936],[31.318,59.594],[29.995,59.463],[29.518,59.247],[29.041,59.29],[28.173,58.986],[29.518,58.075],[28.091,56.748],[25.856,56.557],[25.675,56.629],[24.027,56.542],[23.625,56.877],[24.266,57.03],[24.346,57.16],[24.236,57.728],[24.416,57.948],[24.497,58.213],[24.331,58.308],[24.058,58.112],[23.908,58.224],[23.671,58.241],[23.69,58.665],[23.512,58.581],[23.361,58.767],[23.432,58.858],[23.338,58.972],[23.457,59.005],[23.416,59.119],[24.032,59.176],[24.03,59.235],[24.282,59.284],[24.342,59.369],[24.714,59.352],[24.751,59.448],[25.248,59.362],[25.449,59.494],[25.49,59.42],[26.343,59.447],[26.999,59.318],[27.702,59.298],[28.016,59.454],[27.897,59.534],[27.942,59.648],[28.094,59.665],[28.266,59.562],[28.444,59.734],[28.663,59.644],[28.796,59.672],[29.076,59.908],[29.765,59.736],[30.127,59.806],[29.953,59.986],[29.687,60.131],[28.969,60.109],[28.569,60.198],[28.435,60.337],[28.551,60.533],[28.522,60.623],[27.474,60.426],[27.406,60.345],[27.178,60.442],[26.922,60.316],[26.526,60.396],[26.552,60.571],[26.443,60.333],[25.89,60.236],[25.846,60.115],[25.581,60.262],[25.45,60.138],[24.516,59.989],[24.421,59.87],[23.961,59.932],[23.665,59.836],[23.201,59.818],[22.882,60.056],[23.005,60.209],[22.392,60.121],[22.421,60.293],[22.221,60.259],[21.747,60.408],[21.56,60.512],[21.443,60.694],[21.427,61.015],[21.561,61.485],[21.211,61.871],[21.346,62.167],[21.338,62.344],[21.034,62.477],[21.062,62.612],[21.195,62.761],[21.481,62.889],[21.546,62.974],[21.495,63.123],[21.666,63.187],[22.075,63.103],[22.292,63.203],[22.569,63.723],[22.704,63.581],[22.826,63.581],[24.47,64.636],[24.932,64.816],[25.325,64.802],[25.352,64.939],[25.133,65.076],[25.252,65.417],[25.104,65.54],[24.591,65.583],[24.215,65.786],[23.844,65.798],[23.204,65.681],[22.646,65.935],[22.49,65.883],[22.202,65.715],[21.957,65.446],[21.522,65.372],[21.277,65.212],[21.489,65.017],[20.921,64.714],[21.386,64.385],[21.049,64.219],[20.701,63.818]],[[13.867,59.335],[13.68,59.39],[13.155,59.353],[13.103,59.255],[13.236,58.905],[12.818,59.082],[12.576,58.826],[12.469,58.935],[12.425,58.801],[12.607,58.617],[12.313,58.395],[12.624,58.382],[13.041,58.604],[13.24,58.515],[13.358,58.617],[13.8,58.722],[14.091,59.079],[13.931,59.09],[14.046,59.314],[13.867,59.335]],[[29.802,62.362],[29.926,62.434],[29.776,62.577],[29.633,62.597],[29.626,62.419],[29.279,62.599],[29.33,62.166],[28.826,62.134],[28.786,62.177],[28.87,62.235],[28.666,62.387],[28.699,62.328],[28.566,62.222],[27.97,62.259],[28.04,62.409],[27.758,62.583],[27.849,62.719],[28.057,62.69],[28.138,62.538],[28.103,62.442],[28.367,62.587],[28.659,62.42],[28.898,62.39],[28.264,62.663],[28.149,62.804],[28.154,62.933],[28.352,63.04],[27.888,63.019],[27.767,63.1],[27.77,62.946],[27.44,63.023],[27.264,63.146],[27.363,63.316],[27.183,63.518],[26.899,63.584],[27.135,63.496],[27.239,63.332],[27.176,63.084],[27.494,62.863],[27.684,62.912],[27.608,62.601],[27.67,62.513],[27.178,62.553],[27.547,62.412],[27.8,62.429],[27.926,62.133],[28.403,62.069],[28.838,61.863],[28.262,61.744],[28.185,61.544],[28.054,61.511],[27.626,61.801],[27.758,61.656],[27.593,61.581],[27.488,61.618],[27.459,61.523],[27.359,61.531],[27.329,61.693],[27.27,61.324],[27.406,61.259],[28.072,61.233],[28.197,61.163],[27.882,61.157],[27.947,61.068],[28.788,61.204],[28.867,61.247],[28.714,61.352],[28.345,61.349],[28.79,61.59],[28.629,61.642],[29.098,61.578],[29.727,61.848],[29.757,61.949],[29.47,62.08],[29.607,62.145],[29.982,62.133],[29.599,62.27],[29.802,62.362]],[[27.569,58.215],[27.583,58.306],[27.821,58.485],[27.748,58.912],[27.524,59.007],[26.974,58.884],[26.966,58.806],[27.624,58.014],[27.992,57.868],[28.169,57.915],[27.973,58.133],[27.569,58.215]],[[27.941,69.178],[27.162,68.923],[27.417,68.841],[27.282,68.715],[27.779,68.792],[27.87,68.742],[27.992,68.788],[27.891,68.861],[27.989,68.88],[28.336,68.857],[28.091,69.007],[28.4,69.082],[28.566,69.222],[28.554,69.299],[28.76,69.419],[28.232,69.249],[28.031,69.288],[27.991,69.254],[28.088,69.162],[27.941,69.178]],[[14.339,57.933],[14.686,58.395],[14.946,58.511],[14.891,58.592],[14.968,58.849],[14.632,58.68],[14.213,58.15],[14.121,57.925],[14.159,57.796],[14.339,57.933]],[[15.481,59.261],[15.816,59.149],[16.406,59.305],[15.344,59.27],[15.481,59.261]]],[[[28.062,62.976],[28.072,62.746],[27.842,62.911],[28.062,62.976]]],[[[27.36,61.422],[27.629,61.383],[27.677,61.31],[27.588,61.266],[27.36,61.422]]],[[[27.946,61.527],[27.798,61.405],[27.52,61.485],[27.946,61.527]]],[[[28.515,61.699],[28.445,61.516],[28.495,61.444],[28.24,61.394],[28.277,61.71],[28.515,61.699]]],[[[29.019,62.125],[29.322,62.13],[29.474,61.951],[29.342,61.971],[29.255,61.807],[29.137,61.775],[28.99,61.802],[28.691,62.036],[29.019,62.125]]],[[[13.591,54.486],[13.731,54.276],[13.689,54.348],[13.508,54.343],[13.357,54.273],[13.393,54.221],[13.118,54.334],[13.268,54.383],[13.165,54.434],[13.232,54.486],[13.147,54.546],[13.367,54.58],[13.447,54.489],[13.517,54.513],[13.375,54.61],[13.246,54.558],[13.263,54.667],[13.43,54.682],[13.407,54.589],[13.677,54.565],[13.591,54.486]]],[[[16.437,56.211],[16.42,56.586],[16.973,57.305],[17.106,57.348],[16.437,56.211]]],[[[22.582,58.241],[22.279,58.184],[22.202,57.986],[22.01,57.913],[21.986,57.976],[22.201,58.145],[21.849,58.279],[22.008,58.353],[21.832,58.505],[22.905,58.617],[23.332,58.45],[22.582,58.241]]],[[[22.884,58.78],[22.798,58.825],[22.667,58.705],[22.518,58.691],[22.382,58.887],[22.042,58.94],[22.699,59.051],[22.93,58.982],[23.048,58.844],[22.884,58.78]]],[[[20.226,60.0],[19.999,60.055],[20.103,60.096],[20.226,60.0]]],[[[20.205,60.081],[20.295,60.121],[20.205,60.081]]],[[[19.602,60.256],[19.677,60.157],[19.543,60.128],[19.512,60.181],[19.602,60.256]]],[[[20.037,60.311],[19.914,60.212],[20.051,60.09],[19.944,60.043],[19.751,60.095],[19.648,60.257],[19.783,60.293],[19.817,60.188],[19.937,60.289],[19.78,60.349],[19.857,60.404],[20.277,60.274],[20.092,60.17],[20.12,60.24],[20.037,60.311]]],[[[20.409,60.204],[20.343,60.247],[20.436,60.258],[20.409,60.204]]],[[[14.174,53.907],[14.205,53.813],[13.828,53.83],[13.778,54.044],[14.174,53.907]]]]}},{"type":"Feature","properties":{"NAME":"Nogai Horde","ABBREVN":"Nogai Horde","SUBJECTO":"Nogai Horde","BORDERPRECISION":1,"PARTOF":"Nogai Horde"},"geometry":{"type":"MultiPolygon","coordinates":[[[[52.98,45.776],[53.149,45.957],[53.257,46.317],[53.122,46.497],[53.284,46.676],[53.185,46.865],[52.556,46.982],[52.142,46.838],[51.791,47.009],[51.369,47.09],[51.773,47.462],[51.387,48.105],[51.901,49.391],[51.13,50.42],[51.387,51.063],[55.245,51.706],[57.152,51.229],[60.611,45.434],[60.954,45.245],[57.728,44.635],[52.98,45.776]]]]}},{"type":"Feature","properties":{"NAME":"Quazaq Khanate","ABBREVN":"Quazaq Khanate","SUBJECTO":"Quazaq Khanate","BORDERPRECISION":1,"PARTOF":"Quazaq Khanate"},"geometry":{"type":"MultiPolygon","coordinates":[[[[80.94,44.078],[68.782,40.944],[60.611,45.434],[57.152,51.229],[58.331,50.934],[60.82,50.859],[63.038,51.176],[64.457,53.581],[64.687,54.272],[72.992,55.307],[74.921,54.149],[78.65,50.806],[81.479,50.291],[84.267,49.205],[83.116,48.283],[85.383,48.148],[85.605,48.234],[85.535,47.181],[80.94,44.078]]]]}},{"type":"Feature","properties":{"NAME":"Khiva Khanate","ABBREVN":"Khiva Khanate","SUBJECTO":"Khiva Khanate","BORDERPRECISION":1,"PARTOF":"Khiva Khanate"},"geometry":{"type":"MultiPolygon","coordinates":[[[[54.067,36.942],[53.88,38.025],[53.937,38.571],[54.071,38.897],[53.66,39.318],[53.334,39.385],[53.248,39.299],[53.209,39.405],[53.315,39.567],[53.794,39.491],[53.813,39.548],[53.554,39.654],[53.516,39.778],[53.688,39.979],[53.047,39.998],[52.989,39.931],[52.845,40.18],[52.826,40.468],[53.056,41.052],[53.257,40.765],[53.612,40.745],[53.698,40.88],[53.765,40.87],[53.842,40.64],[54.225,40.726],[54.416,40.659],[54.368,40.899],[54.608,40.813],[54.818,40.88],[54.751,41.138],[54.167,41.483],[54.024,42.048],[53.736,42.134],[53.066,42.029],[52.941,41.77],[52.999,41.684],[52.932,41.378],[52.97,41.138],[52.692,41.531],[52.683,41.694],[52.559,41.758],[52.601,41.938],[52.52,42.073],[52.835,42.648],[52.763,42.756],[52.583,42.828],[52.376,42.801],[52.295,42.873],[52.07,42.828],[51.738,43.179],[51.423,43.17],[51.459,43.385],[51.171,43.718],[50.955,44.204],[50.389,44.294],[50.326,44.365],[50.335,44.563],[50.542,44.644],[51.333,44.482],[51.576,44.554],[51.099,44.878],[51.216,45.04],[51.342,45.058],[51.513,45.373],[51.845,45.436],[53.284,45.328],[52.844,45.507],[52.835,45.642],[52.98,45.776],[57.728,44.635],[60.954,45.245],[68.782,40.944],[69.816,41.211],[70.095,37.907],[69.232,37.368],[66.336,36.307],[64.405,37.64],[64.347,37.873],[62.662,39.22],[62.114,39.22],[61.229,39.831],[57.314,36.829],[54.067,36.942]]],[[[107.291,76.434],[106.867,76.433],[106.867,76.433],[107.291,76.434]]]]}},{"type":"Feature","properties":{"NAME":"Bhutan","ABBREVN":"Bhutan","SUBJECTO":"Bhutan","BORDERPRECISION":3,"PARTOF":"Bhutan"},"geometry":{"type":"MultiPolygon","coordinates":[[[[89.672,28.197],[89.785,28.023],[91.301,27.997],[92.17,26.987],[91.064,26.753],[90.0,26.779],[90.0,26.719],[89.834,26.685],[88.868,26.908],[88.602,26.64],[88.232,26.757],[88.039,27.129],[88.162,27.741],[89.672,28.197]]]]}},{"type":"Feature","properties":{"NAME":"Lan Na","ABBREVN":"Lan Na","SUBJECTO":"Lan Na","BORDERPRECISION":3,"PARTOF":"Lan Na"},"geometry":{"type":"MultiPolygon","coordinates":[[[[100.927,17.515],[99.905,16.666],[98.787,16.394],[98.393,17.084],[97.788,17.575],[97.706,18.051],[97.373,18.449],[97.711,18.509],[97.853,19.563],[98.016,19.749],[98.508,19.72],[98.993,19.862],[99.17,20.13],[99.604,20.361],[100.001,20.459],[100.377,20.302],[100.431,20.226],[100.417,19.509],[100.5,19.439],[101.097,19.551],[101.118,19.5],[101.229,18.91],[100.901,17.822],[100.927,17.515]]]]}},{"type":"Feature","properties":{"NAME":"Tu\u02bbi Tonga Empire","ABBREVN":"Tu\u02bbi Tonga Empire","SUBJECTO":"Tu\u02bbi Tonga Empire","BORDERPRECISION":3,"PARTOF":"Tu\u02bbi Tonga Empire"},"geometry":{"type":"MultiPolygon","coordinates":[[[[-170.55,-14.298],[-170.55,-14.298]]],[[[-170.66,-14.255],[-170.56,-14.266],[-170.744,-14.376],[-170.826,-14.325],[-170.66,-14.255]]],[[[-169.509,-14.277],[-169.534,-14.23],[-169.439,-14.232],[-169.509,-14.277]]],[[[-169.623,-14.184],[-169.623,-14.184]]],[[[-169.683,-14.167],[-169.683,-14.167]]],[[[-178.721,-20.648],[-178.721,-20.648]]],[[[-178.211,-19.853],[-178.211,-19.853]]],[[[-178.391,-19.176],[-178.391,-19.176]]],[[[179.773,-19.123],[179.747,-19.196],[179.773,-19.123]]],[[[-178.593,-19.121],[-178.539,-19.182],[-178.593,-19.121]]],[[[178.372,-18.932],[178.498,-19.009],[178.374,-19.053],[178.303,-18.999],[178.094,-19.163],[177.953,-19.136],[178.372,-18.932]]],[[[-178.943,-18.925],[-178.947,-18.994],[-178.943,-18.925]]],[[[-179.853,-18.973],[-179.784,-18.946],[-179.853,-18.973]]],[[[178.528,-18.867],[178.497,-18.934],[178.528,-18.867]]],[[[-178.477,-18.647],[-178.477,-18.647]]],[[[179.836,-18.582],[179.97,-18.549],[179.908,-18.645],[179.836,-18.582]]],[[[177.636,-18.491],[177.66,-18.594],[177.636,-18.491]]],[[[178.127,-18.354],[178.133,-18.418],[178.127,-18.354]]],[[[-178.748,-18.201],[-178.844,-18.217],[-178.748,-18.201]]],[[[179.246,-18.036],[179.292,-17.937],[179.359,-18.114],[179.246,-18.036]]],[[[-178.991,-17.951],[-179.079,-17.95],[-178.991,-17.951]]],[[[-178.324,-17.883],[-178.244,-17.952],[-178.34,-17.956],[-178.324,-17.883]]],[[[179.422,-17.848],[179.393,-17.786],[179.422,-17.848]]],[[[-179.288,-17.781],[-179.319,-17.728],[-179.288,-17.781]]],[[[178.833,-17.627],[178.85,-17.715],[178.772,-17.754],[178.751,-17.651],[178.833,-17.627]]],[[[-179.148,-17.478],[-179.179,-17.433],[-179.148,-17.478]]],[[[178.176,-18.242],[177.864,-18.264],[177.333,-18.119],[177.257,-17.874],[177.43,-17.762],[177.388,-17.633],[177.825,-17.363],[177.954,-17.411],[178.193,-17.301],[178.269,-17.344],[178.598,-17.643],[178.697,-18.047],[178.588,-18.135],[178.349,-18.116],[178.176,-18.242]]],[[[177.1,-17.315],[177.146,-17.25],[177.1,-17.315]]],[[[-179.116,-17.268],[-179.116,-17.268]]],[[[179.442,-17.248],[179.383,-17.4],[179.357,-17.259],[179.442,-17.248]]],[[[-178.909,-17.218],[-178.986,-17.318],[-179.02,-17.153],[-178.909,-17.218]]],[[[177.208,-17.089],[177.288,-17.059],[177.199,-17.17],[177.208,-17.089]]],[[[178.34,-16.831],[178.274,-16.793],[178.34,-16.831]]],[[[179.893,-16.946],[180.0,-16.787],[180.0,-16.966],[179.929,-17.006],[179.893,-16.946]]],[[[-179.821,-16.781],[-180.0,-16.966],[-179.939,-16.716],[-179.862,-16.68],[-179.821,-16.781]]],[[[177.571,-16.698],[177.431,-16.844],[177.571,-16.698]]],[[[179.943,-16.652],[179.884,-16.658],[179.943,-16.652]]],[[[180.0,-16.494],[180.0,-16.494]]],[[[-179.971,-16.459],[-179.894,-16.435],[-180.0,-16.538],[-179.971,-16.459]]],[[[179.569,-16.758],[179.942,-16.464],[179.871,-16.665],[179.937,-16.754],[179.409,-16.811],[179.266,-16.691],[179.049,-16.804],[179.024,-16.925],[178.87,-16.861],[178.754,-17.011],[178.476,-16.764],[178.982,-16.47],[179.401,-16.413],[179.503,-16.274],[180.0,-16.155],[179.592,-16.54],[179.479,-16.701],[179.569,-16.758]]],[[[-169.894,-19.146],[-169.932,-19.017],[-169.818,-18.968],[-169.781,-19.068],[-169.894,-19.146]]],[[[-174.975,-21.366],[-174.911,-21.306],[-174.917,-21.454],[-174.975,-21.366]]],[[[-175.052,-21.162],[-175.145,-21.268],[-175.361,-21.103],[-175.052,-21.162]]],[[[-174.768,-20.278],[-174.768,-20.278]]],[[[-174.419,-19.928],[-174.391,-19.882],[-174.419,-19.928]]],[[[-174.319,-19.822],[-174.323,-19.764],[-174.319,-19.822]]],[[[-175.078,-19.708],[-175.057,-19.801],[-175.078,-19.708]]],[[[-174.263,-19.745],[-174.256,-19.688],[-174.263,-19.745]]],[[[-175.015,-19.652],[-175.015,-19.652]]],[[[-174.28,-19.593],[-174.244,-19.656],[-174.28,-19.593]]],[[[-174.65,-18.783],[-174.65,-18.783]]],[[[-174.074,-18.681],[-174.074,-18.681]]],[[[-174.041,-18.68],[-174.041,-18.68]]],[[[-174.124,-18.678],[-174.124,-18.678]]],[[[-174.07,-18.639],[-173.968,-18.568],[-173.906,-18.627],[-173.987,-18.684],[-174.07,-18.639]]],[[[-175.679,-15.615],[-175.609,-15.571],[-175.679,-15.615]]],[[[-178.141,-14.316],[-178.186,-14.232],[-178.042,-14.317],[-178.141,-14.316]]],[[[-176.168,-13.353],[-176.15,-13.214],[-176.168,-13.353]]],[[[-171.465,-14.053],[-171.911,-14.013],[-172.065,-13.874],[-171.822,-13.808],[-171.446,-13.982],[-171.465,-14.053]]],[[[-172.223,-13.563],[-172.168,-13.684],[-172.214,-13.808],[-172.509,-13.807],[-172.781,-13.533],[-172.348,-13.461],[-172.223,-13.563]]]]}},{"type":"Feature","properties":{"NAME":"Polynesians","ABBREVN":"Polynesians","SUBJECTO":"Polynesians","BORDERPRECISION":3,"PARTOF":"Polynesians"},"geometry":{"type":"MultiPolygon","coordinates":[[[[-109.241,-27.133],[-109.449,-27.193],[-109.396,-27.068],[-109.241,-27.133]]]]}},{"type":"Feature","properties":{"NAME":"Hong Kong","ABBREVN":"Hong Kong","SUBJECTO":"Hong Kong","BORDERPRECISION":3,"PARTOF":"Hong Kong"},"geometry":{"type":"MultiPolygon","coordinates":[[[[113.95,22.303],[114.046,22.34],[114.022,22.228],[113.836,22.214],[113.95,22.303]]],[[[114.029,22.508],[114.309,22.554],[114.413,22.437],[114.263,22.204],[114.134,22.172],[114.161,22.314],[113.901,22.407],[114.029,22.508]]]]}}]}