{"type":"FeatureCollection","name":"world_1300","crs":{"type":"name","properties":{"name":"urn:ogc:def:crs:OGC:1.3:CRS84"}},"features":[{"type":"Feature","properties":{"NAME":null,"ABBREVN":null,"SUBJECTO":null,"BORDERPRECISION":1,"PARTOF":null},"geometry":{"type":"MultiPolygon","coordinates":[[[[-156.347,71.331],[-156.905,71.346],[-157.812,70.971],[-160.24,70.858],[-157.812,70.971],[-156.905,71.346],[-156.474,71.354],[-156.043,71.223],[-156.347,71.331]]]]}},{"type":"Feature","properties":{"NAME":"Thule","ABBREVN":"Thule","SUBJECTO":"Thule","BORDERPRECISION":1,"PARTOF":"Thule"},"geometry":{"type":"MultiPolygon","coordinates":[[[[-83.76,65.211],[-83.085,64.865],[-82.11,64.644],[-81.911,64.522],[-81.831,64.407],[-81.872,63.991],[-80.953,63.978],[-80.179,63.722],[-80.696,63.5],[-82.001,63.633],[-82.198,63.69],[-82.731,64.075],[-83.189,64.182],[-83.426,64.174],[-83.517,64.052],[-83.439,63.787],[-83.496,63.744],[-84.087,63.672],[-84.655,63.314],[-85.157,63.185],[-85.463,63.206],[-85.432,63.598],[-85.601,63.748],[-87.101,63.545],[-87.053,63.752],[-86.061,64.141],[-86.243,64.542],[-86.195,64.73],[-85.558,65.864],[-85.058,65.609],[-85.198,65.376],[-84.842,65.202],[-84.605,65.181],[-84.424,65.392],[-83.76,65.211]]],[[[-76.496,68.267],[-75.885,68.343],[-75.12,68.113],[-75.146,67.577],[-75.77,67.302],[-76.269,67.249],[-77.065,67.329],[-77.248,67.655],[-76.794,68.147],[-76.496,68.267]]],[[[-98.168,68.781],[-99.365,68.974],[-99.171,69.125],[-98.304,69.391],[-98.253,69.694],[-98.115,69.801],[-97.742,69.832],[-96.182,69.297],[-96.007,69.041],[-95.515,68.809],[-96.213,68.537],[-96.473,68.514],[-97.606,68.64],[-98.168,68.781]]],[[[-98.968,73.728],[-97.957,73.922],[-96.937,73.788],[-97.082,73.667],[-97.343,73.611],[-97.489,73.459],[-98.186,73.29],[-98.363,73.218],[-98.394,73.131],[-98.28,73.02],[-98.052,72.972],[-97.74,73.013],[-96.689,72.817],[-96.435,72.698],[-96.351,72.501],[-96.657,72.343],[-96.85,71.88],[-97.055,71.715],[-97.58,71.644],[-98.484,71.892],[-98.478,71.799],[-98.004,71.55],[-98.372,71.37],[-98.718,71.354],[-98.939,71.392],[-100.319,72.14],[-101.406,72.295],[-102.669,72.853],[-102.279,73.147],[-101.521,72.871],[-100.835,72.745],[-100.15,73.151],[-99.963,73.167],[-99.955,73.263],[-100.914,73.708],[-100.994,73.812],[-100.934,73.86],[-100.177,73.822],[-99.668,73.919],[-99.219,73.743],[-98.968,73.728]]],[[[-92.001,72.841],[-94.266,72.853],[-93.639,72.53],[-93.724,72.388],[-94.109,72.222],[-94.542,72.19],[-95.058,72.283],[-95.124,72.519],[-95.548,72.882],[-95.641,73.144],[-95.493,73.614],[-95.323,73.759],[-94.758,73.744],[-95.069,74.064],[-94.868,74.137],[-93.899,74.163],[-92.116,73.989],[-91.524,74.055],[-90,74.0],[-90,73.591],[-91.32,73.255],[-92.001,72.841]]],[[[-84.437,75.795],[-83.559,75.905],[-81.532,75.859],[-80.766,75.61],[-79.739,75.47],[-79.495,75.28],[-80.5,75.03],[-80.56,74.916],[-80.349,74.616],[-82.027,74.532],[-82.936,74.684],[-83.074,74.984],[-83.449,75.082],[-83.614,75.024],[-83.581,74.699],[-84.568,74.616],[-85.118,74.623],[-86.212,74.816],[-86.306,74.621],[-88.144,74.569],[-88.326,74.682],[-88.39,74.99],[-88.947,74.932],[-89.269,74.705],[-89.698,74.615],[-90,74.63],[-90,74.718],[-91.054,74.977],[-91.358,74.757],[-91.867,74.789],[-92.366,75.421],[-92.101,75.638],[-92.093,75.805],[-92.224,75.947],[-93.064,76.375],[-93.085,76.527],[-92.247,76.622],[-90,76.591],[-90,76.455],[-89.812,76.373],[-90,76.288],[-90,76.185],[-91.156,75.974],[-90,75.968],[-89.594,75.86],[-89.042,75.461],[-88.763,75.42],[-88.667,75.453],[-88.647,75.595],[-87.638,75.705],[-86.618,75.432],[-86.179,75.408],[-85.83,75.617],[-84.437,75.795]]],[[[-107.59,71.899],[-107.527,72.016],[-108.087,72.629],[-108.284,73.223],[-108.182,73.383],[-106.523,73.195],[-105.447,72.792],[-105.313,72.65],[-105.24,72.335],[-105.01,72.045],[-104.467,71.655],[-104.445,71.569],[-104.675,71.187],[-104.595,71.048],[-103.634,70.625],[-102.436,70.465],[-101.511,70.206],[-101.055,70.031],[-100.891,69.674],[-101.449,69.665],[-102.24,69.876],[-102.787,69.708],[-103.361,69.639],[-103.268,69.329],[-102.198,69.482],[-101.804,69.241],[-101.808,69.136],[-102.54,68.908],[-104.188,68.898],[-105.93,69.234],[-106.375,69.482],[-106.592,69.497],[-106.854,69.451],[-107.035,69.284],[-107.536,69.057],[-108.646,69.002],[-109.209,68.813],[-110.448,68.653],[-113.152,68.596],[-113.602,68.722],[-113.629,68.933],[-113.54,68.978],[-113.539,69.114],[-113.717,69.204],[-116.296,69.426],[-116.656,69.516],[-117.568,69.992],[-117.193,70.123],[-116.486,70.147],[-116.214,70.232],[-112.501,70.239],[-111.731,70.256],[-111.544,70.325],[-112.89,70.646],[-113.764,70.737],[-117.761,70.722],[-118.503,70.96],[-118.499,71.053],[-117.41,71.202],[-115.742,71.299],[-115.517,71.423],[-115.693,71.579],[-117.491,71.498],[-118.338,71.824],[-118.649,71.8],[-118.968,71.909],[-118.986,72.034],[-118.399,72.476],[-117.22,72.857],[-115.148,73.314],[-114.647,73.355],[-114.185,73.244],[-114.463,72.989],[-114.473,72.625],[-113.753,72.698],[-113.241,72.944],[-112.839,72.953],[-111.641,72.725],[-111.726,72.331],[-110.079,72.562],[-110.525,72.997],[-109.834,72.95],[-108.986,72.73],[-108.348,71.913],[-108.061,71.757],[-107.59,71.899]]],[[[-155.973,71.145],[-156.145,71.083],[-156.138,70.928],[-155.475,70.852],[-155.1,71.077],[-152.971,70.934],[-151.915,70.496],[-149.286,70.539],[-147.724,70.327],[-146.183,70.268],[-145.273,70.116],[-143.308,70.197],[-141.161,69.599],[-139.901,69.571],[-137.729,69.016],[-136.203,68.876],[-135.61,68.704],[-135.496,68.719],[-135.699,68.989],[-136.015,69.147],[-136.044,69.336],[-135.439,69.526],[-135.104,69.497],[-134.776,69.573],[-133.648,69.507],[-133.002,69.758],[-131.446,69.966],[-131.059,70.158],[-130.712,70.205],[-129.849,70.151],[-130.208,69.915],[-132.303,69.487],[-132.618,69.252],[-133.413,69.137],[-133.72,68.918],[-132.69,68.462],[-132.789,68.709],[-132.713,68.867],[-132.175,68.981],[-131.673,69.276],[-130.896,69.3],[-129.943,69.643],[-129.013,69.72],[-127.726,70.188],[-127.806,70.31],[-128.416,70.686],[-128.011,70.641],[-127.352,70.38],[-126.618,69.679],[-125.974,69.43],[-125.455,69.333],[-125.188,69.409],[-125.418,69.697],[-125.386,69.818],[-124.989,69.895],[-124.707,69.941],[-124.534,69.782],[-124.508,69.592],[-124.6,69.463],[-124.225,69.403],[-123.803,69.434],[-123.292,69.64],[-123.051,69.86],[-122.326,69.884],[-120.222,69.418],[-117.832,69.008],[-115.285,68.892],[-114.39,68.608],[-114.195,68.496],[-114.109,68.347],[-115.402,68.217],[-115.562,67.896],[-114.066,67.735],[-112.503,67.693],[-110.133,67.906],[-109.489,67.691],[-108.835,67.611],[-108.095,67.36],[-108.101,67.219],[-108.485,67.07],[-107.528,66.563],[-107.611,66.88],[-107.128,66.962],[-107.651,67.427],[-107.717,67.628],[-107.662,67.963],[-106.212,68.107],[-105.912,68.339],[-105.636,68.355],[-104.454,68.103],[-103.583,68.12],[-103.196,67.896],[-101.913,67.705],[-101.397,67.706],[-101.002,67.796],[-98.886,67.815],[-98.355,67.935],[-97.496,67.587],[-97.261,67.595],[-97.151,67.737],[-97.159,67.967],[-97.788,68.13],[-98.407,68.159],[-98.367,68.361],[-97.572,68.37],[-96.208,68.074],[-96.168,67.992],[-96.34,67.545],[-96.26,67.315],[-95.259,67.028],[-95.291,67.28],[-95.5,67.725],[-95.439,67.941],[-95.323,68.06],[-94.637,68.069],[-94.084,68.451],[-93.414,68.542],[-93.467,68.767],[-93.636,68.925],[-94.138,68.841],[-94.583,68.878],[-94.343,69.112],[-93.784,69.219],[-93.527,69.219],[-92.985,68.964],[-92.992,69.515],[-93.731,69.498],[-94.423,69.694],[-94.75,69.655],[-96.127,69.941],[-96.423,70.093],[-96.474,70.3],[-95.947,70.57],[-96.7,70.838],[-96.398,71.203],[-96.132,71.335],[-95.43,71.251],[-95.353,71.407],[-95.762,71.694],[-95.411,71.859],[-94.417,71.884],[-93.271,71.559],[-92.989,71.24],[-93.099,70.969],[-91.658,70.286],[-91.828,70.132],[-92.271,70.116],[-92.484,69.993],[-92.671,69.742],[-91.977,69.607],[-91.172,69.647],[-90,69.489],[-90,68.369],[-89.736,68.534],[-89.441,69.046],[-89.14,69.235],[-88.905,69.228],[-88.097,68.853],[-87.884,68.68],[-87.79,68.478],[-87.861,68.283],[-88.371,68.312],[-88.481,67.991],[-88.324,67.813],[-87.325,67.169],[-86.488,67.378],[-86.395,67.675],[-85.782,68.041],[-85.506,68.677],[-85.4,68.76],[-84.625,68.754],[-84.564,68.987],[-85.421,69.294],[-85.381,69.695],[-85.113,69.817],[-84.314,69.826],[-82.757,69.549],[-82.161,69.248],[-81.684,69.279],[-81.48,69.189],[-81.37,68.722],[-81.583,68.602],[-81.886,68.579],[-82.21,68.819],[-82.687,68.697],[-82.493,68.323],[-82.178,67.995],[-81.295,67.499],[-81.284,67.358],[-81.499,67.069],[-82.33,66.64],[-82.633,66.602],[-83.139,66.373],[-84.49,67.049],[-84.714,67.07],[-85.022,66.944],[-84.408,66.709],[-83.74,66.306],[-84.95,66.275],[-85.119,66.333],[-85.387,66.612],[-86.739,66.565],[-86.853,66.462],[-85.987,66.163],[-87.254,65.43],[-87.55,65.35],[-88.174,65.458],[-88.642,65.712],[-90,65.974],[-90,65.768],[-88.904,65.325],[-88.171,65.13],[-87.157,65.06],[-87.435,64.569],[-88.377,64.057],[-89.077,63.963],[-89.973,64.191],[-90,63.904],[-89.87,63.575],[-93.317,63.974],[-92.351,63.585],[-90,63.302],[-90,62.946],[-91.417,62.853],[-92.29,62.915],[-92.455,62.794],[-91.891,62.604],[-92.102,62.412],[-92.894,62.126],[-97.953,65.16],[-110.86,65.944],[-112.027,66.189],[-128.367,66.877],[-159.861,70.54],[-160.248,70.766],[-160.24,70.858],[-157.812,70.971],[-156.905,71.346],[-156.347,71.331],[-155.973,71.145]]],[[[-101.806,76.443],[-101.746,76.544],[-101.526,76.536],[-100.074,76.016],[-99.867,76.059],[-99.912,76.168],[-100.511,76.445],[-100.694,76.606],[-100.067,76.675],[-98.903,76.414],[-98.83,76.618],[-98.615,76.678],[-97.817,76.476],[-97.651,76.138],[-97.667,75.861],[-98.152,75.602],[-98.159,75.444],[-98.002,75.162],[-98.164,75.096],[-99.944,75.084],[-100.387,75.182],[-100.474,75.315],[-99.936,75.54],[-99.896,75.615],[-100.097,75.765],[-100.619,75.789],[-102.15,75.644],[-102.534,75.769],[-102.516,75.919],[-101.675,76.064],[-101.885,76.333],[-101.806,76.443]]],[[[-75.925,82.517],[-75.802,82.68],[-76.607,83.04],[-76.382,83.152],[-74.161,82.991],[-73.253,82.773],[-73.226,82.861],[-73.361,83.103],[-71.926,83.084],[-71.178,82.81],[-70.9,82.811],[-71.068,83.142],[-70.584,83.176],[-67.696,82.873],[-65.046,82.879],[-63.185,82.654],[-62.427,82.634],[-61.816,82.473],[-61.989,82.312],[-63.921,82.011],[-66.375,82.101],[-67.585,81.961],[-67.854,81.752],[-67.516,81.587],[-65.588,81.705],[-65.224,81.51],[-66.482,81.303],[-69.497,80.547],[-70.511,80.545],[-70.219,80.137],[-71.454,79.846],[-74.245,80.043],[-74.542,79.894],[-73.376,79.581],[-73.674,79.518],[-75.174,79.515],[-76.335,79.611],[-77.239,79.583],[-77.299,79.286],[-76.254,79.325],[-75.214,79.193],[-74.963,79.122],[-74.909,78.821],[-75.057,78.732],[-75.521,78.678],[-75.753,78.361],[-76.438,78.377],[-76.618,78.298],[-76.143,78.072],[-76.291,78.011],[-78.367,78.033],[-78.182,77.677],[-78.219,77.573],[-78.511,77.443],[-78.855,77.374],[-81.1,77.577],[-81.554,77.541],[-82.102,77.316],[-78.121,77.041],[-77.824,76.888],[-77.804,76.726],[-78.212,76.547],[-80.814,76.238],[-81.382,76.651],[-81.918,76.633],[-82.572,76.776],[-82.424,76.471],[-83.088,76.478],[-83.763,76.536],[-84.622,76.892],[-84.796,76.866],[-84.559,76.543],[-85.037,76.407],[-87.273,76.504],[-88.183,76.74],[-88.31,76.536],[-88.589,76.468],[-89.418,76.61],[-89.247,76.977],[-87.099,77.281],[-87.582,77.461],[-88.051,77.754],[-88.028,77.823],[-87.812,77.876],[-86.436,77.817],[-85.538,77.49],[-84.442,77.303],[-83.319,77.374],[-83.28,77.495],[-83.049,77.631],[-84.407,77.631],[-84.868,77.708],[-84.939,78.09],[-84.843,78.16],[-86.51,78.297],[-86.917,78.245],[-86.825,78.586],[-86.304,78.834],[-85.807,78.906],[-84.456,78.891],[-82.326,78.665],[-81.597,78.755],[-83.911,79.257],[-85.51,79.828],[-85.693,79.719],[-86.322,80.114],[-86.311,80.23],[-86.17,80.279],[-83.618,80.207],[-81.758,79.682],[-80.732,79.659],[-81.356,79.908],[-82.263,80.051],[-81.719,80.385],[-81.064,80.533],[-77.521,80.75],[-78.321,80.965],[-78.962,81.034],[-80.088,81.022],[-81.876,80.749],[-82.791,80.697],[-83.48,80.895],[-83.821,80.775],[-84.793,80.782],[-85.504,80.618],[-85.364,80.991],[-84.923,81.122],[-84.92,81.213],[-85.192,81.324],[-85.811,81.395],[-86.437,81.393],[-88.322,81.166],[-89.236,80.864],[-89.675,81.026],[-89.193,81.096],[-89.245,81.239],[-89.559,81.418],[-91.08,81.538],[-91.219,81.837],[-90,82.017],[-88.071,82.128],[-87.453,82.14],[-86.682,81.994],[-86.503,82.036],[-86.324,82.206],[-85.738,82.335],[-84.947,82.379],[-80.092,81.966],[-79.891,82.04],[-81.287,82.387],[-81.654,82.58],[-81.523,82.689],[-80.415,82.867],[-78.698,83.003],[-77.074,82.863],[-75.925,82.517]]],[[[-56.182,74.121],[-56.939,74.919],[-58.075,75.205],[-58.205,75.295],[-58.229,75.611],[-58.636,75.793],[-59.783,75.916],[-61.507,76.258],[-62.916,76.364],[-63.651,76.38],[-65.475,76.099],[-66.684,76.307],[-66.563,75.929],[-67.619,76.019],[-69.045,76.294],[-68.144,76.6],[-68.186,76.702],[-68.376,76.778],[-70.5,76.833],[-71.448,77.122],[-71.184,77.26],[-70.618,77.278],[-67.736,77.189],[-66.784,77.259],[-66.178,77.398],[-66.153,77.553],[-66.805,77.777],[-67.852,77.593],[-69.994,77.58],[-71.045,77.916],[-71.888,77.949],[-72.525,78.166],[-72.545,78.324],[-72.383,78.526],[-69.266,78.796],[-68.349,79.09],[-65.485,79.158],[-64.891,79.382],[-65.153,79.313],[-58.83,78.238],[-52.059,74.705],[-51.82,74.213],[-55.988,73.921],[-56.182,74.121]]],[[[-79.082,70.65],[-79.376,70.586],[-80.49,70.815],[-80.66,70.753],[-80.422,70.614],[-78.941,70.271],[-78.744,70.149],[-78.713,70.011],[-79.241,69.881],[-79.826,69.918],[-80.713,70.153],[-81.013,70.183],[-81.158,70.106],[-80.829,69.711],[-81.807,69.983],[-82.269,69.86],[-82.926,70.011],[-83.313,69.957],[-84.874,70.115],[-85.984,70.113],[-86.372,70.196],[-86.373,70.465],[-86.537,70.534],[-86.944,70.556],[-87.121,70.402],[-87.402,70.363],[-87.948,70.385],[-88.432,70.461],[-89.019,70.675],[-89.205,70.845],[-89.15,70.968],[-87.309,70.933],[-87.169,71.019],[-87.589,71.227],[-87.949,71.351],[-89.997,71.541],[-89.814,71.979],[-89.371,72.066],[-89.334,72.168],[-89.821,72.348],[-89.841,72.427],[-89.639,72.782],[-89.1,73.196],[-87.743,73.733],[-86.246,73.88],[-85.64,73.865],[-85.254,73.777],[-86.662,73.097],[-86.855,72.859],[-86.779,72.693],[-86.214,72.449],[-86.414,72.315],[-86.448,72.134],[-86.333,71.993],[-85.945,71.744],[-85.243,71.465],[-85.859,71.261],[-85.891,71.122],[-84.783,71.062],[-84.488,71.349],[-84.535,71.536],[-84.689,71.66],[-85.205,71.769],[-85.602,72.01],[-85.116,72.278],[-84.289,72.256],[-84.831,72.468],[-85.504,72.608],[-85.506,72.94],[-85.107,73.084],[-83.885,73.07],[-84.862,73.355],[-84.505,73.491],[-82.697,73.782],[-81.906,73.752],[-81.532,73.688],[-80.489,73.037],[-80.463,72.974],[-81.044,72.38],[-81.027,72.05],[-80.57,71.996],[-80.081,72.138],[-79.953,72.343],[-79.685,72.383],[-79.125,72.289],[-79.082,70.65]]]]}},{"type":"Feature","properties":{"NAME":null,"ABBREVN":null,"SUBJECTO":null,"BORDERPRECISION":1,"PARTOF":null},"geometry":{"type":"MultiPolygon","coordinates":[[[[-60.26,46.938],[-60.584,46.385],[-60.963,46.189],[-61.072,45.988],[-60.761,45.891],[-60.169,46.314],[-60.03,46.289],[-59.807,46.081],[-59.887,45.925],[-60.507,45.664],[-61.025,45.67],[-61.248,45.793],[-61.409,46.046],[-61.381,46.331],[-60.627,47.133],[-60.26,46.938]]]]}},{"type":"Feature","properties":{"NAME":"Beothuk","ABBREVN":"Beothuk","SUBJECTO":"Beothuk","BORDERPRECISION":1,"PARTOF":"Beothuk"},"geometry":{"type":"MultiPolygon","coordinates":[[[[-58.128,49.496],[-57.86,49.988],[-57.356,50.595],[-56.702,51.185],[-56.152,51.47],[-55.472,51.524],[-55.422,51.425],[-55.557,51.326],[-55.927,51.252],[-55.77,51.054],[-56.662,50.056],[-56.784,49.819],[-56.733,49.688],[-56.49,49.768],[-56.273,50.017],[-56.067,50.103],[-55.565,49.966],[-55.968,49.657],[-55.107,49.279],[-54.766,49.293],[-54.62,49.476],[-54.481,49.503],[-53.509,49.282],[-54.13,48.836],[-53.763,48.523],[-53.249,48.648],[-53.115,48.524],[-53.411,48.295],[-53.882,48.189],[-53.577,47.74],[-53.356,47.949],[-53.118,47.878],[-53.163,47.675],[-53.096,47.552],[-52.735,47.546],[-52.729,47.455],[-53.07,46.731],[-53.625,46.886],[-53.644,47.179],[-53.914,46.996],[-54.082,46.99],[-54.125,47.113],[-53.901,47.407],[-53.896,47.557],[-54.086,47.771],[-54.211,47.804],[-55.408,46.948],[-55.804,46.967],[-55.904,47.064],[-55.277,47.313],[-55.067,47.548],[-54.783,47.711],[-55.368,47.795],[-55.513,47.586],[-55.698,47.579],[-55.739,47.872],[-56.079,47.865],[-56.146,47.735],[-56.33,47.636],[-56.804,47.616],[-58.091,47.763],[-59.157,47.67],[-59.319,47.963],[-59.234,48.042],[-58.139,48.599],[-58.68,48.703],[-58.392,49.037],[-58.231,49.109],[-57.974,49.083],[-57.814,49.202],[-58.128,49.496]]]]}},{"type":"Feature","properties":{"NAME":null,"ABBREVN":null,"SUBJECTO":null,"BORDERPRECISION":1,"PARTOF":null},"geometry":{"type":"MultiPolygon","coordinates":[[[[-102.516,75.919],[-101.675,76.064],[-102.516,75.919],[-102.534,75.769],[-102.516,75.919]]],[[[-101.806,76.443],[-101.746,76.544],[-101.526,76.536],[-100.074,76.016],[-99.867,76.059],[-99.912,76.168],[-99.867,76.059],[-100.074,76.016],[-101.526,76.536],[-101.746,76.544],[-101.885,76.333],[-101.806,76.443]]],[[[-100.498,76.649],[-100.067,76.675],[-98.903,76.414],[-98.83,76.618],[-98.615,76.678],[-98.286,76.627],[-97.817,76.476],[-97.651,76.138],[-97.817,76.476],[-98.286,76.627],[-98.615,76.678],[-98.83,76.618],[-98.903,76.414],[-100.067,76.675],[-100.694,76.606],[-100.498,76.649]]],[[[-98.002,75.162],[-98.159,75.444],[-98.002,75.162]]],[[[-100.13,75.49],[-99.896,75.615],[-100.474,75.315],[-100.13,75.49]]]]}},{"type":"Feature","properties":{"NAME":null,"ABBREVN":null,"SUBJECTO":null,"BORDERPRECISION":1,"PARTOF":null},"geometry":{"type":"MultiPolygon","coordinates":[[[[-168.223,53.59],[-167.961,53.49],[-167.865,53.323],[-168.374,53.235],[-168.514,53.295],[-168.507,53.429],[-168.223,53.59]]]]}},{"type":"Feature","properties":{"NAME":null,"ABBREVN":null,"SUBJECTO":null,"BORDERPRECISION":1,"PARTOF":null},"geometry":{"type":"MultiPolygon","coordinates":[[[[-132.082,54.021],[-131.894,53.894],[-131.999,53.794],[-132.09,53.399],[-132.569,53.28],[-132.09,53.399],[-131.999,53.794],[-131.894,53.894],[-132.082,54.021]]],[[[-132.73,54.067],[-132.379,53.987],[-132.73,54.067]]]]}},{"type":"Feature","properties":{"NAME":null,"ABBREVN":null,"SUBJECTO":null,"BORDERPRECISION":1,"PARTOF":null},"geometry":{"type":"MultiPolygon","coordinates":[[[[-132.633,55.9],[-132.594,55.812],[-132.688,55.649],[-132.555,55.453],[-132.177,55.285],[-132.174,54.846],[-132.177,55.285],[-132.555,55.453],[-132.688,55.649],[-132.594,55.812],[-132.633,55.9],[-133.281,56.232],[-133.486,56.258],[-133.281,56.232],[-132.633,55.9]]]]}},{"type":"Feature","properties":{"NAME":null,"ABBREVN":null,"SUBJECTO":null,"BORDERPRECISION":1,"PARTOF":null},"geometry":{"type":"MultiPolygon","coordinates":[[[[-135.441,57.428],[-135.002,57.326],[-134.764,56.794],[-134.946,56.454],[-135.466,57.229],[-135.441,57.428]]]]}},{"type":"Feature","properties":{"NAME":null,"ABBREVN":null,"SUBJECTO":null,"BORDERPRECISION":1,"PARTOF":null},"geometry":{"type":"MultiPolygon","coordinates":[[[[-166.61,53.707],[-166.643,53.573],[-166.927,53.459],[-167.148,53.94],[-166.771,54.001],[-166.383,53.855],[-166.61,53.707]]]]}},{"type":"Feature","properties":{"NAME":null,"ABBREVN":null,"SUBJECTO":null,"BORDERPRECISION":1,"PARTOF":null},"geometry":{"type":"MultiPolygon","coordinates":[[[[-164.949,54.427],[-165.01,54.528],[-164.561,54.831],[-163.743,55.062],[-163.36,54.921],[-163.206,54.737],[-163.573,54.632],[-164.072,54.657],[-164.564,54.334],[-164.949,54.427]]]]}},{"type":"Feature","properties":{"NAME":null,"ABBREVN":null,"SUBJECTO":null,"BORDERPRECISION":1,"PARTOF":null},"geometry":{"type":"MultiPolygon","coordinates":[[[[-162.968,54.949],[-163.2,55.043],[-163.262,55.171],[-163.091,55.273],[-162.788,55.152],[-162.801,54.996],[-162.968,54.949]]]]}},{"type":"Feature","properties":{"NAME":null,"ABBREVN":null,"SUBJECTO":null,"BORDERPRECISION":1,"PARTOF":null},"geometry":{"type":"MultiPolygon","coordinates":[[[[-161.609,55.845],[-161.318,55.879],[-160.356,55.657],[-160.391,55.562],[-161.575,55.479],[-162.218,55.132],[-162.546,55.145],[-162.585,55.389],[-162.224,55.498],[-161.609,55.845]]]]}},{"type":"Feature","properties":{"NAME":null,"ABBREVN":null,"SUBJECTO":null,"BORDERPRECISION":1,"PARTOF":null},"geometry":{"type":"MultiPolygon","coordinates":[[[[-154.593,57.145],[-154.661,57.234],[-154.585,57.364],[-154.189,57.631],[-153.731,57.427],[-153.425,57.64],[-153.396,57.804],[-152.679,57.765],[-152.378,57.518],[-153.177,57.407],[-153.492,57.051],[-153.67,56.969],[-154.16,56.982],[-154.593,57.145]]]]}},{"type":"Feature","properties":{"NAME":null,"ABBREVN":null,"SUBJECTO":null,"BORDERPRECISION":1,"PARTOF":null},"geometry":{"type":"MultiPolygon","coordinates":[[[[-171.972,63.729],[-171.229,63.651],[-170.482,63.688],[-169.333,63.397],[-169.119,63.241],[-169.666,63.24],[-169.903,63.075],[-170.966,63.459],[-171.728,63.457],[-172.052,63.6],[-171.972,63.729]]]]}},{"type":"Feature","properties":{"NAME":null,"ABBREVN":null,"SUBJECTO":null,"BORDERPRECISION":1,"PARTOF":null},"geometry":{"type":"MultiPolygon","coordinates":[[[[-178.891,68.642],[-175.514,67.669],[-175.189,67.313],[-175.006,66.957],[-175.101,66.765],[-174.635,66.405],[-174.193,66.288],[-174.202,66.369],[-174.068,66.435],[-174.091,66.524],[-174.378,66.7],[-174.337,67.077],[-173.875,67.159],[-173.174,66.99],[-171.958,66.956],[-169.832,66.025],[-170.613,66.038],[-170.976,65.678],[-171.669,65.889],[-171.2,65.561],[-172.184,65.589],[-173.043,65.806],[-172.853,65.631],[-172.562,65.515],[-172.411,65.173],[-172.437,65.02],[-173.165,64.968],[-173.25,64.896],[-173.025,64.506],[-173.077,64.384],[-174.261,64.461],[-174.379,64.619],[-175.187,64.849],[-175.301,64.726],[-175.952,65.006],[-176.071,65.188],[-175.993,65.268],[-176.137,65.457],[-176.529,65.61],[-177.126,65.623],[-178.116,65.482],[-178.654,65.54],[-178.697,65.832],[-178.975,66.051],[-179.379,65.996],[-180,65.259],[-180,68.917],[-178.891,68.642]]]]}},{"type":"Feature","properties":{"NAME":null,"ABBREVN":null,"SUBJECTO":null,"BORDERPRECISION":1,"PARTOF":null},"geometry":{"type":"MultiPolygon","coordinates":[[[[-135.816,57.454],[-136.596,57.905],[-136.3,58.18],[-136.025,58.215],[-135.672,58.044],[-135.325,58.093],[-135.115,57.675],[-135.147,57.599],[-135.822,57.756],[-135.816,57.454]]]]}},{"type":"Feature","properties":{"NAME":null,"ABBREVN":null,"SUBJECTO":null,"BORDERPRECISION":1,"PARTOF":null},"geometry":{"type":"MultiPolygon","coordinates":[[[[-124.577,71.898],[-125.617,71.99],[-125.904,72.155],[-125.181,72.431],[-125.145,72.605],[-125.341,72.969],[-124.882,73.049],[-124.744,73.216],[-124.247,73.457],[-124.01,73.721],[-124.065,73.865],[-124.74,74.242],[-124.909,74.444],[-123.057,74.439],[-121.239,74.58],[-119.557,74.163],[-117.336,74.167],[-115.654,73.633],[-118.585,72.974],[-119.768,72.394],[-120.454,72.299],[-120.424,71.883],[-120.546,71.656],[-120.843,71.53],[-121.936,71.505],[-122.17,71.287],[-122.574,71.146],[-123.468,71.199],[-123.878,71.618],[-124.577,71.898]]]]}},{"type":"Feature","properties":{"NAME":null,"ABBREVN":null,"SUBJECTO":null,"BORDERPRECISION":1,"PARTOF":null},"geometry":{"type":"MultiPolygon","coordinates":[[[[-114.948,76.443],[-114.372,76.47],[-113.549,76.133],[-112.851,76.227],[-111.386,75.66],[-109.646,75.638],[-109.144,75.714],[-109.103,75.848],[-109.353,76.099],[-110.382,76.435],[-109.951,76.58],[-109.715,76.75],[-108.965,76.871],[-108.737,76.795],[-108.389,76.489],[-108.396,76.303],[-108.163,76.009],[-106.691,75.761],[-106.842,75.97],[-106.774,76.096],[-106.59,76.13],[-105.917,76.022],[-105.498,75.847],[-105.629,75.662],[-105.612,75.438],[-105.773,75.23],[-106.031,75.106],[-107.48,75.012],[-109.07,75.133],[-112.203,74.5],[-113.443,74.546],[-114.093,74.674],[-114.217,74.845],[-111.367,75.104],[-111.15,75.353],[-112.811,75.416],[-115.186,75.154],[-115.942,75.31],[-116.572,75.201],[-117.012,75.258],[-117.397,75.407],[-116.998,75.649],[-115.15,75.757],[-116.15,75.935],[-116.296,76.238],[-114.948,76.443]]]]}},{"type":"Feature","properties":{"NAME":null,"ABBREVN":null,"SUBJECTO":null,"BORDERPRECISION":1,"PARTOF":null},"geometry":{"type":"MultiPolygon","coordinates":[[[[-121.711,76.177],[-122.282,76.151],[-122.636,76.276],[-122.763,76.42],[-122.659,76.539],[-121.578,76.702],[-120.43,77.054],[-120.183,77.209],[-119.696,77.313],[-117.226,77.413],[-116.826,77.543],[-116.359,77.578],[-115.682,77.381],[-116.406,77.234],[-116.505,77.113],[-116.24,76.78],[-117.0,76.728],[-117.413,76.43],[-117.863,76.438],[-118.253,76.879],[-118.736,76.938],[-119.387,76.375],[-119.655,76.307],[-119.783,76.138],[-120.1,75.978],[-120.454,75.952],[-121.311,76.296],[-121.711,76.177]]]]}},{"type":"Feature","properties":{"NAME":null,"ABBREVN":null,"SUBJECTO":null,"BORDERPRECISION":1,"PARTOF":null},"geometry":{"type":"MultiPolygon","coordinates":[[[[-113.024,77.602],[-113.16,77.792],[-113.01,77.923],[-112.396,78.003],[-110.71,78.023],[-109.661,77.95],[-110.62,77.537],[-111.91,77.483],[-113.024,77.602]]]]}},{"type":"Feature","properties":{"NAME":null,"ABBREVN":null,"SUBJECTO":null,"BORDERPRECISION":1,"PARTOF":null},"geometry":{"type":"MultiPolygon","coordinates":[[[[-103.232,78.274],[-104.162,78.298],[-104.966,78.534],[-105.039,78.639],[-104.888,78.702],[-103.378,78.607],[-103.505,78.837],[-104.11,79.058],[-105.481,79.224],[-105.452,79.403],[-104.441,79.459],[-103.365,79.389],[-102.569,79.016],[-100.693,78.878],[-100.163,78.772],[-99.386,78.334],[-99.125,78.133],[-99.049,77.941],[-99.68,77.792],[-100.2,77.817],[-101.168,78.269],[-103.232,78.274]]]]}},{"type":"Feature","properties":{"NAME":null,"ABBREVN":null,"SUBJECTO":null,"BORDERPRECISION":1,"PARTOF":null},"geometry":{"type":"MultiPolygon","coordinates":[[[[-98.437,78.661],[-98.451,78.758],[-98.343,78.803],[-97.31,78.822],[-95.097,78.438],[-95.233,78.132],[-97.087,78.015],[-97.923,78.319],[-98.437,78.661]]]]}},{"type":"Feature","properties":{"NAME":"Polynesians","ABBREVN":"Polynesians","SUBJECTO":"Polynesians","BORDERPRECISION":1,"PARTOF":"Polynesians"},"geometry":{"type":"MultiPolygon","coordinates":[[[[-155.931,20.284],[-155.212,19.896],[-155.218,19.772],[-154.92,19.555],[-155.137,19.328],[-155.65,19.137],[-155.783,18.946],[-156.034,19.106],[-156.054,19.504],[-156.163,19.808],[-155.947,19.989],[-156.032,20.196],[-155.931,20.284]]],[[[-158.314,21.575],[-158.179,21.689],[-157.842,21.29],[-158.298,21.276],[-158.466,21.571],[-158.314,21.575]]],[[[-156.119,20.79],[-156.253,20.63],[-156.507,20.599],[-156.615,20.795],[-156.822,20.94],[-156.716,21.069],[-156.119,20.79]]]]}},{"type":"Feature","properties":{"NAME":"Cyprus","ABBREVN":"Cyprus","SUBJECTO":"Cyprus","BORDERPRECISION":1,"PARTOF":"Cyprus"},"geometry":{"type":"MultiPolygon","coordinates":[[[[33.78,35.208],[33.925,34.953],[33.539,34.944],[33.484,34.796],[32.959,34.659],[32.915,34.541],[32.271,34.72],[32.144,35.043],[32.301,35.016],[32.483,35.153],[32.745,35.114],[32.795,35.361],[33.539,35.332],[34.458,35.645],[33.78,35.208]]]]}},{"type":"Feature","properties":{"NAME":"Ainus","ABBREVN":"Ainus","SUBJECTO":"Ainus","BORDERPRECISION":1,"PARTOF":"Ainus"},"geometry":{"type":"MultiPolygon","coordinates":[[[[140.013,41.382],[139.978,41.503],[140.124,41.792],[140.1,41.946],[139.777,42.112],[139.712,42.478],[140.5,42.896],[140.517,43.057],[140.374,43.185],[140.498,43.32],[141.064,43.097],[141.304,43.187],[141.302,43.72],[141.709,43.914],[141.746,44.629],[141.523,45.183],[141.875,45.435],[143.021,44.464],[143.79,44.028],[144.614,43.843],[145.348,44.243],[145.059,43.786],[145.448,43.17],[144.754,42.866],[144.37,42.949],[144.003,42.878],[143.509,42.421],[143.214,41.927],[141.928,42.501],[141.397,42.519],[140.93,42.255],[140.694,42.55],[140.541,42.537],[140.223,42.363],[140.246,42.228],[141.155,41.749],[140.979,41.653],[140.589,41.678],[140.269,41.325],[140.112,41.273],[140.013,41.382]]],[[[143.057,53.062],[143.143,52.511],[142.945,51.961],[142.944,51.617],[143.633,50.235],[144.54,48.753],[143.598,49.234],[143.153,49.259],[142.854,49.128],[142.646,48.658],[142.49,47.902],[142.615,47.46],[142.993,46.954],[143.236,46.863],[143.445,46.572],[143.303,46.011],[143.004,46.577],[142.615,46.713],[142.327,46.563],[141.898,45.915],[141.708,46.14],[141.623,46.558],[141.909,47.073],[141.732,47.471],[142.036,47.959],[141.978,48.285],[141.74,48.807],[141.921,48.943],[142.049,49.355],[142.153,50.89],[142.017,51.431],[141.643,51.813],[141.598,52.217],[141.811,52.628],[141.841,52.96],[141.69,53.166],[141.767,53.272],[142.214,53.3],[142.675,53.54],[143.057,53.062]]],[[[146.169,43.468],[146.076,43.513],[146.222,43.53],[146.169,43.468]]],[[[146.875,43.861],[146.683,43.708],[146.596,43.737],[146.611,43.807],[146.875,43.861]]],[[[146.36,44.421],[146.568,44.438],[145.94,44.128],[145.774,43.925],[145.596,43.859],[145.555,43.651],[145.437,43.717],[145.41,43.835],[145.745,44.052],[146.101,44.489],[146.36,44.421]]],[[[148.522,45.287],[147.868,44.971],[147.621,44.966],[147.548,44.812],[147.209,44.55],[146.841,44.416],[147.144,44.661],[147.112,44.794],[147.894,45.224],[147.856,45.356],[147.933,45.421],[148.07,45.248],[148.322,45.27],[148.701,45.521],[148.856,45.474],[148.825,45.335],[148.522,45.287]]],[[[149.544,45.586],[149.437,45.584],[149.668,45.851],[150.343,46.212],[150.499,46.192],[150.159,45.9],[149.544,45.586]]],[[[150.867,46.435],[150.799,46.45],[150.867,46.435]]],[[[150.765,46.704],[150.765,46.704]]],[[[152.437,47.382],[152.542,47.328],[152.423,47.303],[152.437,47.382]]],[[[153.074,47.808],[153.08,47.714],[152.997,47.693],[153.074,47.808]]],[[[153.175,48.135],[153.291,48.054],[153.146,48.088],[153.175,48.135]]],[[[154.141,48.91],[154.231,48.896],[153.975,48.736],[154.141,48.91]]],[[[154.009,48.958],[153.898,48.957],[154.009,48.958]]],[[[154.593,49.106],[154.501,49.074],[154.442,49.162],[154.593,49.106]]],[[[154.745,49.579],[154.904,49.624],[154.79,49.443],[154.835,49.346],[154.716,49.264],[154.594,49.291],[154.745,49.579]]],[[[154.439,49.831],[154.432,49.738],[154.367,49.746],[154.439,49.831]]],[[[152.174,47.063],[151.832,46.783],[151.712,46.801],[152.217,47.172],[152.293,47.148],[152.174,47.063]]],[[[155.483,50.119],[155.224,50.053],[155.248,50.301],[155.661,50.385],[155.889,50.693],[156.112,50.755],[156.149,50.519],[155.795,50.189],[155.483,50.119]]],[[[156.169,50.741],[156.353,50.856],[156.496,50.836],[156.401,50.626],[156.189,50.674],[156.169,50.741]]],[[[155.448,50.898],[155.601,50.931],[155.67,50.857],[155.557,50.804],[155.448,50.898]]]]}},{"type":"Feature","properties":{"NAME":null,"ABBREVN":null,"SUBJECTO":null,"BORDERPRECISION":1,"PARTOF":null},"geometry":{"type":"MultiPolygon","coordinates":[[[[-81.663,22.507],[-82.177,22.366],[-81.663,22.507]]],[[[-84.706,21.77],[-84.377,22.056],[-84.435,22.323],[-84.308,22.495],[-83.69,22.814],[-82.959,23.025],[-81.431,23.137],[-79.985,22.879],[-79.33,22.404],[-78.171,22.12],[-77.712,21.899],[-77.191,21.448],[-75.751,21.121],[-75.604,21.013],[-75.751,21.121],[-77.191,21.448],[-77.712,21.899],[-78.171,22.12],[-79.33,22.404],[-79.985,22.879],[-81.431,23.137],[-82.959,23.025],[-83.69,22.814],[-84.308,22.495],[-84.435,22.323],[-84.377,22.056],[-84.706,21.77]]],[[[-75.402,20.664],[-75.062,20.697],[-74.839,20.621],[-74.173,20.19],[-74.839,20.621],[-75.062,20.697],[-75.654,20.683],[-75.759,20.752],[-75.402,20.664]]],[[[-77.504,20.075],[-77.177,20.355],[-77.099,20.533],[-77.177,20.355],[-77.663,19.903],[-77.504,20.075]]],[[[-78.514,21.306],[-78.45,20.969],[-78.514,21.306]]]]}},{"type":"Feature","properties":{"NAME":null,"ABBREVN":null,"SUBJECTO":null,"BORDERPRECISION":1,"PARTOF":null},"geometry":{"type":"MultiPolygon","coordinates":[[[[-71.374,19.834],[-70.882,19.93],[-70.739,19.79],[-70.289,19.652],[-69.993,19.684],[-69.747,19.354],[-68.657,18.873],[-68.373,18.575],[-68.657,18.873],[-69.747,19.354],[-69.993,19.684],[-70.289,19.652],[-70.739,19.79],[-70.882,19.93],[-71.22,19.834],[-71.551,19.897],[-71.843,19.731],[-72.94,19.945],[-73.421,19.874],[-73.493,19.753],[-73.421,19.874],[-72.94,19.945],[-71.843,19.731],[-71.551,19.897],[-71.374,19.834]]],[[[-74.442,18.524],[-74.303,18.696],[-72.746,18.509],[-72.298,18.662],[-72.746,18.509],[-74.303,18.696],[-74.442,18.524]]],[[[-72.759,19.074],[-72.676,19.392],[-72.759,19.074]]]]}},{"type":"Feature","properties":{"NAME":null,"ABBREVN":null,"SUBJECTO":null,"BORDERPRECISION":1,"PARTOF":null},"geometry":{"type":"MultiPolygon","coordinates":[[[[120.364,14.531],[119.972,14.905],[119.772,15.47],[119.813,15.978],[119.681,16.187],[119.762,16.359],[120.202,16.042],[120.293,16.233],[120.247,16.875],[120.393,18.044],[120.564,18.432],[120.8,18.553],[121.036,18.528],[121.581,18.294],[121.84,18.276],[122.05,18.447],[122.139,18.384],[122.147,18.206],[122.028,18.009],[122.07,17.438],[122.396,17.114],[122.064,16.332],[121.402,15.874],[121.368,15.499],[121.242,15.308],[121.729,14.108],[122.107,13.918],[122.397,14.307],[122.486,14.32],[122.776,14.174],[122.985,13.73],[123.132,13.692],[123.359,13.953],[123.702,13.82],[123.737,13.763],[123.398,13.527],[123.819,12.976],[123.677,12.893],[123.239,13.025],[123.094,13.381],[122.485,13.881],[122.369,13.881],[122.325,13.779],[122.492,13.43],[122.394,13.303],[122.067,13.652],[121.625,13.898],[121.009,13.656],[120.599,13.922],[120.511,14.112],[120.799,14.386],[121.105,14.253],[121.285,14.342],[120.706,14.729],[120.471,14.804],[120.364,14.531]]],[[[121.094,12.201],[120.734,12.55],[120.547,13.153],[120.341,13.387],[121.039,13.408],[121.181,13.332],[121.304,13.129],[121.317,12.742],[121.094,12.201]]],[[[125.323,11.124],[124.883,11.434],[124.875,11.834],[124.33,12.208],[124.264,12.418],[124.952,12.527],[125.119,12.477],[125.246,12.293],[125.449,11.207],[125.323,11.124]]],[[[121.873,10.468],[121.994,11.758],[122.47,11.454],[122.92,11.525],[122.897,11.15],[122.706,10.94],[122.297,10.647],[121.873,10.468]]],[[[118.865,10.024],[118.7,10.036],[119.108,10.628],[119.207,11.13],[119.354,11.213],[119.417,11.13],[119.345,11.003],[119.564,10.502],[118.865,10.024]]],[[[122.942,9.048],[122.396,9.478],[122.303,9.65],[122.347,9.815],[122.602,9.911],[122.701,10.032],[122.92,10.852],[123.239,10.922],[123.312,10.738],[123.104,10.23],[122.962,9.594],[123.133,9.251],[123.037,9.067],[122.942,9.048]]],[[[117.271,8.451],[117.128,8.47],[117.379,8.896],[118.089,9.431],[118.508,9.921],[118.558,9.673],[118.505,9.483],[117.967,9.113],[117.857,8.833],[117.444,8.635],[117.271,8.451]]],[[[126.045,6.608],[125.955,6.652],[125.748,7.186],[125.615,7.236],[125.28,6.594],[125.533,5.94],[125.289,5.488],[125.073,5.723],[125.163,5.907],[125.129,6.053],[124.966,6.085],[124.803,5.786],[124.224,6.09],[123.973,6.337],[123.864,6.851],[124.074,7.258],[124.025,7.474],[123.815,7.658],[123.334,7.771],[123.248,7.593],[123.023,7.478],[122.725,7.452],[122.635,7.783],[122.455,7.693],[121.992,6.873],[121.824,7.057],[122.094,7.775],[122.384,7.985],[122.736,8.062],[122.889,8.342],[123.486,8.496],[123.617,8.337],[123.663,8.014],[124.024,8.11],[124.21,8.447],[124.372,8.561],[124.671,8.429],[124.742,8.918],[124.872,8.925],[124.991,8.715],[125.225,8.995],[125.401,8.951],[125.461,9.053],[125.362,9.625],[125.428,9.784],[126.037,8.959],[126.075,8.813],[125.923,8.482],[126.03,8.381],[126.272,8.426],[126.28,7.733],[126.372,7.34],[126.045,6.608]]]]}},{"type":"Feature","properties":{"NAME":null,"ABBREVN":null,"SUBJECTO":null,"BORDERPRECISION":1,"PARTOF":null},"geometry":{"type":"MultiPolygon","coordinates":[[[[-78.325,18.35],[-78.086,18.478],[-77.769,18.51],[-77.156,18.397],[-76.426,18.119],[-76.301,17.992],[-76.426,18.119],[-77.156,18.397],[-77.769,18.51],[-78.086,18.478],[-78.325,18.35]]]]}},{"type":"Feature","properties":{"NAME":"Madagascar","ABBREVN":"Madagascar","SUBJECTO":"Madagascar","BORDERPRECISION":1,"PARTOF":"Madagascar"},"geometry":{"type":"MultiPolygon","coordinates":[[[[44.672,-16.236],[44.917,-16.203],[45.197,-16.037],[45.555,-16.056],[45.732,-15.89],[46.142,-15.826],[46.282,-15.952],[46.419,-15.939],[46.464,-15.857],[46.388,-15.692],[46.734,-15.449],[46.925,-15.36],[47.07,-15.461],[47.245,-15.366],[47.106,-15.144],[47.199,-15.016],[47.426,-14.825],[47.633,-14.984],[47.884,-14.716],[47.699,-14.443],[47.741,-14.31],[47.972,-14.284],[48.049,-14.131],[47.916,-13.737],[47.942,-13.585],[48.11,-13.597],[48.224,-13.794],[48.35,-13.838],[48.44,-13.654],[48.751,-13.418],[48.993,-12.737],[48.935,-12.477],[49.176,-12.266],[49.542,-12.704],[49.88,-12.92],[50.15,-14.419],[50.503,-15.314],[50.486,-15.48],[50.187,-15.957],[49.754,-15.398],[49.62,-15.462],[49.685,-16.047],[49.863,-16.282],[49.898,-16.46],[49.425,-17.198],[49.342,-18.228],[47.258,-24.766],[46.855,-25.218],[46.239,-25.264],[45.789,-25.411],[45.576,-25.621],[45.211,-25.66],[44.959,-25.387],[44.425,-25.312],[44.037,-24.989],[43.934,-24.519],[43.671,-24.227],[43.672,-23.903],[43.827,-23.413],[43.785,-23.267],[43.291,-22.41],[43.501,-21.494],[43.816,-21.316],[44.517,-20.024],[44.585,-19.528],[44.536,-19.369],[44.251,-19.103],[44.394,-18.791],[44.16,-18.404],[43.972,-17.553],[44.451,-16.725],[44.454,-16.242],[44.672,-16.236]],[[48.015,-17.023],[47.482,-16.904],[46.654,-17.733],[45.292,-22.645],[45.529,-23.592],[46.002,-23.592],[47.186,-23.119],[48.488,-20.041],[48.488,-19.449],[48.015,-17.023]]]]}},{"type":"Feature","properties":{"NAME":"Maori","ABBREVN":"Maori","SUBJECTO":"Maori","BORDERPRECISION":1,"PARTOF":"Maori"},"geometry":{"type":"MultiPolygon","coordinates":[[[[175.308,-37.321],[175.64,-37.41],[175.535,-37.072],[175.558,-36.944],[175.663,-36.95],[175.838,-37.026],[176.129,-37.798],[177.362,-38.237],[178.241,-37.832],[178.569,-37.921],[178.599,-38.125],[178.408,-38.771],[177.939,-38.83],[177.867,-39.207],[177.34,-39.227],[177.146,-39.317],[177.024,-39.445],[177.156,-39.95],[176.796,-40.271],[176.011,-41.255],[175.365,-41.662],[175.002,-41.444],[174.895,-41.296],[175.367,-40.454],[175.354,-40.3],[174.889,-39.98],[173.992,-39.611],[173.805,-39.42],[174.655,-38.983],[174.749,-38.753],[174.713,-38.44],[174.931,-38.101],[174.945,-37.928],[174.728,-37.552],[174.765,-37.297],[174.22,-36.557],[174.266,-36.483],[174.201,-36.347],[173.788,-36.031],[174.064,-36.368],[174.087,-36.431],[174.01,-36.431],[173.046,-35.253],[173.07,-35.126],[172.96,-34.864],[172.633,-34.56],[173.019,-34.518],[173.057,-34.643],[172.99,-34.727],[173.33,-35.084],[173.349,-35.021],[173.47,-35.032],[174.015,-35.232],[174.068,-35.41],[174.3,-35.347],[174.392,-35.579],[174.609,-35.789],[174.494,-35.873],[174.536,-35.947],[174.348,-35.915],[174.787,-36.283],[174.824,-36.483],[174.706,-36.462],[174.973,-36.778],[174.647,-36.767],[174.645,-36.831],[174.928,-36.967],[174.887,-37.062],[175.301,-37.136],[175.235,-37.231],[175.308,-37.321]]],[[[172.063,-43.923],[171.378,-44.338],[171.066,-44.229],[170.994,-44.267],[171.255,-44.551],[171.171,-44.939],[170.634,-44.863],[171.024,-45.075],[170.612,-45.946],[169.399,-46.71],[168.7,-46.6],[168.417,-46.651],[168.154,-46.452],[167.62,-46.351],[167.548,-46.212],[167.338,-46.168],[167.202,-46.308],[166.85,-46.35],[166.523,-46.233],[166.457,-46.104],[166.651,-46.064],[166.551,-45.967],[166.844,-45.915],[166.64,-45.697],[167.009,-45.817],[166.801,-45.557],[166.855,-45.492],[167.281,-45.563],[167.318,-45.504],[167.137,-45.2],[167.921,-44.616],[167.967,-44.48],[168.416,-44.221],[168.914,-44.097],[169.649,-43.741],[170.203,-43.224],[170.371,-43.217],[171.024,-42.887],[171.077,-42.713],[171.398,-42.513],[171.349,-42.287],[171.458,-41.993],[171.596,-42.014],[172.087,-41.707],[172.207,-41.045],[172.437,-40.753],[172.769,-40.848],[172.784,-40.965],[172.935,-40.992],[173.123,-41.435],[173.264,-41.544],[173.701,-41.254],[174.058,-41.291],[174.158,-41.516],[174.069,-41.696],[174.234,-42.011],[173.841,-42.488],[172.441,-43.509],[172.628,-43.692],[172.82,-43.714],[173.01,-43.844],[172.667,-43.926],[172.441,-43.793],[172.063,-43.923]]]]}},{"type":"Feature","properties":{"NAME":"Norway","ABBREVN":"Norway","SUBJECTO":"Norway","BORDERPRECISION":1,"PARTOF":"Norway"},"geometry":{"type":"MultiPolygon","coordinates":[[[[-24.219,65.534],[-23.973,65.687],[-23.267,65.725],[-23.608,65.98],[-23.466,66.133],[-22.911,65.944],[-22.609,65.923],[-22.474,65.996],[-22.841,66.281],[-22.676,66.391],[-21.779,66.254],[-21.443,66.13],[-21.242,65.882],[-21.296,65.699],[-21.495,65.568],[-21.08,65.205],[-20.831,65.366],[-20.168,65.556],[-20.217,66.001],[-19.973,66.111],[-19.336,65.674],[-19.156,65.725],[-19.275,65.929],[-19.165,66.003],[-18.676,66.091],[-18.128,65.786],[-17.884,65.757],[-17.861,65.837],[-18.022,66.078],[-16.922,65.978],[-16.568,66.029],[-16.376,66.132],[-16.385,66.454],[-15.86,66.419],[-15.574,66.207],[-15.071,66.061],[-14.763,66.055],[-14.641,65.945],[-14.754,65.697],[-14.4,65.567],[-13.647,65.495],[-13.526,65.183],[-13.694,64.779],[-14.348,64.67],[-14.366,64.476],[-14.598,64.267],[-14.821,64.195],[-15.267,64.28],[-15.634,64.057],[-16.534,63.784],[-17.591,63.689],[-17.944,63.425],[-18.642,63.324],[-19.553,63.415],[-20.404,63.698],[-22.373,63.773],[-22.507,63.866],[-21.804,64.11],[-21.488,64.376],[-22.086,64.44],[-22.392,64.662],[-23.508,64.559],[-23.675,64.659],[-23.437,64.804],[-21.978,64.95],[-21.809,65.037],[-21.729,65.182],[-21.794,65.298],[-22.362,65.45],[-22.814,65.471],[-23.678,65.317],[-24.147,65.439],[-24.219,65.534]]],[[[11.179,59.07],[11.112,59.165],[10.769,59.118],[10.549,59.379],[10.634,59.45],[10.57,59.581],[10.407,59.497],[10.43,59.26],[10.172,58.987],[9.938,58.94],[9.698,58.999],[8.03,58.066],[6.959,57.972],[6.726,58.137],[6.644,58.042],[6.479,58.09],[6.652,58.172],[5.615,58.455],[5.4,58.715],[5.531,58.881],[5.475,58.976],[5.627,58.964],[5.666,58.822],[5.794,58.916],[6.094,58.798],[5.984,58.887],[6.041,58.952],[6.266,58.993],[5.94,58.934],[5.772,59.076],[6.238,59.284],[5.877,59.313],[6.076,59.42],[6.113,59.527],[5.816,59.313],[5.8,59.432],[5.68,59.509],[5.717,59.337],[5.529,59.266],[5.344,59.266],[5.35,59.39],[5.283,59.272],[5.177,59.307],[5.087,59.509],[5.383,59.711],[5.419,59.515],[5.449,59.658],[5.646,59.586],[5.741,59.628],[5.667,59.676],[6.185,59.824],[5.694,59.753],[5.543,59.824],[5.806,59.949],[5.894,60.161],[5.279,60.125],[5.096,60.264],[5.551,60.509],[5.456,60.592],[5.075,60.592],[4.98,60.689],[5.109,60.906],[5.387,61.026],[5.12,61.137],[5.018,61.305],[5.141,61.39],[5.101,61.699],[5.797,61.77],[5.834,61.819],[5.426,62.009],[5.47,62.094],[5.824,62.179],[6.053,62.335],[6.533,62.336],[6.613,62.583],[7.289,62.486],[7.547,62.599],[7.102,62.705],[6.982,62.846],[7.088,62.91],[7.989,62.94],[8.231,62.841],[8.258,63.054],[8.606,63.325],[8.957,63.404],[9.216,63.284],[9.441,63.498],[9.832,63.684],[9.87,63.876],[10.066,64.056],[10.891,64.473],[11.364,64.416],[11.508,64.517],[11.407,64.617],[12.112,65.13],[12.526,65.109],[12.496,65.384],[12.284,65.435],[12.709,65.909],[13.087,65.88],[13.152,66.136],[13.581,66.188],[13.169,66.458],[13.383,66.679],[13.992,66.687],[13.747,66.922],[14.639,67.123],[14.778,67.217],[14.616,67.245],[14.569,67.329],[14.976,67.523],[15.385,67.464],[15.746,67.597],[15.762,67.676],[15.572,67.821],[15.854,67.925],[15.92,68.049],[16.412,67.874],[16.649,68.046],[16.522,68.341],[17.033,68.338],[17.126,68.416],[16.855,68.558],[17.407,68.772],[17.566,68.974],[18.052,69.028],[18.319,69.359],[18.553,69.247],[18.985,69.315],[19.58,69.181],[19.821,69.37],[18.959,68.294],[18.4,67.235],[18.534,66.432],[17.33,64.826],[17.731,64.559],[16.661,63.756],[15.05,63.526],[13.155,62.024],[12.597,61.029],[12.174,60.956],[12.548,60.434],[12.436,60.278],[12.423,60.039],[12.488,58.563],[11.736,57.698],[11.61,57.807],[11.802,58.178],[11.614,58.247],[11.431,58.202],[11.407,58.331],[11.221,58.308],[11.14,58.851],[11.039,58.91],[11.179,59.07]]],[[[13.252,79.801],[13.283,79.487],[14.159,79.364],[14.317,79.722],[14.81,79.804],[15.774,79.242],[16.133,79.136],[16.389,79.235],[16.082,79.528],[15.917,79.842],[16.326,80.025],[16.995,79.898],[17.571,79.89],[17.834,79.809],[17.722,79.487],[17.769,79.415],[18.016,79.362],[18.549,79.56],[19.152,79.231],[19.932,79.108],[20.908,78.809],[19.429,78.587],[19.116,78.455],[18.787,77.94],[18.389,77.542],[17.829,77.489],[17.485,77.248],[17.28,76.983],[17.267,76.813],[16.663,76.727],[15.099,77.115],[14.485,77.371],[14.778,77.535],[16.287,77.615],[16.712,77.789],[16.418,77.901],[14.131,77.766],[13.905,78.0],[15.921,78.265],[16.617,78.467],[15.084,78.781],[14.819,78.718],[14.353,78.428],[13.872,78.296],[13.062,78.347],[12.075,78.696],[11.76,78.88],[12.525,79.059],[12.157,79.315],[11.545,79.172],[11.335,79.207],[10.919,79.545],[11.284,79.707],[13.252,79.801]]],[[[21.971,79.783],[19.218,79.74],[18.331,79.882],[18.696,80.087],[19.068,80.165],[19.915,80.633],[20.524,80.322],[21.881,80.277],[22.198,80.123],[23.216,80.611],[23.077,80.241],[23.115,80.096],[23.498,80.097],[23.944,80.32],[24.421,80.437],[24.783,80.38],[25.034,80.167],[26.254,80.199],[26.949,80.114],[27.197,79.944],[26.067,79.574],[25.337,79.403],[24.416,79.312],[23.821,79.147],[20.998,79.191],[20.983,79.361],[21.655,79.478],[21.971,79.783]]]]}},{"type":"Feature","properties":{"NAME":"Portugal","ABBREVN":"Portugal","SUBJECTO":"Portugal","BORDERPRECISION":1,"PARTOF":"Portugal"},"geometry":{"type":"MultiPolygon","coordinates":[[[[-7.492,37.208],[-7.836,37.032],[-8.667,37.121],[-8.991,36.99],[-8.842,37.525],[-8.851,37.91],[-8.933,37.962],[-8.789,38.436],[-8.854,38.5],[-9.237,38.417],[-9.285,38.619],[-9.069,38.643],[-8.942,38.742],[-9.041,38.92],[-9.176,38.732],[-9.362,38.671],[-9.522,38.69],[-9.549,38.775],[-9.415,39.367],[-9.118,39.644],[-8.916,40.138],[-8.97,40.19],[-8.694,40.992],[-8.921,41.767],[-8.806,41.889],[-8.157,42.087],[-7.919,41.889],[-7.098,41.868],[-6.86,41.985],[-6.709,41.96],[-6.518,41.749],[-6.139,41.526],[-6.112,41.417],[-6.834,41.061],[-6.878,39.702],[-7.431,39.521],[-6.933,38.961],[-7.317,38.5],[-7.394,38.295],[-7.028,38.24],[-6.845,38.1],[-7.243,37.811],[-7.492,37.208]]]]}},{"type":"Feature","properties":{"NAME":null,"ABBREVN":null,"SUBJECTO":null,"BORDERPRECISION":1,"PARTOF":null},"geometry":{"type":"MultiPolygon","coordinates":[[[[-61.114,10.822],[-61.237,10.63],[-61.207,10.118],[-61.536,10.036],[-62.039,10.058],[-61.653,10.279],[-61.662,10.543],[-61.735,10.66],[-61.861,10.682],[-61.809,10.725],[-61.114,10.822]]]]}},{"type":"Feature","properties":{"NAME":null,"ABBREVN":null,"SUBJECTO":null,"BORDERPRECISION":1,"PARTOF":null},"geometry":{"type":"MultiPolygon","coordinates":[[[[-51.82,74.213],[-52.059,74.705],[-58.83,78.238],[-65.153,79.313],[-64.891,79.382],[-65.485,79.158],[-68.349,79.09],[-69.266,78.796],[-72.383,78.526],[-72.545,78.324],[-72.525,78.166],[-72.545,78.324],[-72.383,78.526],[-69.266,78.796],[-68.349,79.09],[-65.485,79.158],[-64.891,79.382],[-64.623,79.949],[-65.024,80.052],[-65.9,80.069],[-66.419,79.982],[-67.41,80.211],[-67.143,80.562],[-66.522,80.711],[-63.725,81.086],[-61.112,81.182],[-60.957,81.264],[-60.952,81.365],[-61.122,81.798],[-60.887,81.861],[-60.039,81.883],[-57.444,81.424],[-57.074,81.548],[-57.82,81.784],[-58.133,82.013],[-54.575,82.328],[-53.768,82.245],[-53.664,81.463],[-53.253,81.535],[-53.01,81.68],[-52.816,82.13],[-52.364,82.12],[-49.938,81.676],[-49.846,81.811],[-50.905,82.368],[-50.772,82.497],[-49.648,82.478],[-44.683,81.729],[-44.323,81.823],[-43.955,82.491],[-45.213,82.967],[-44.894,83.078],[-43.812,83.08],[-41.881,83.263],[-40.195,82.967],[-38.587,82.828],[-38.452,83.17],[-38.587,83.382],[-36.487,83.511],[-34.427,83.403],[-32.513,83.577],[-31.594,83.579],[-30.757,83.479],[-28.818,83.472],[-26.421,83.342],[-25.324,83.0],[-24.708,82.891],[-24.103,82.926],[-22.432,82.743],[-22.232,82.56],[-22.59,82.419],[-25.457,82.221],[-28.391,82.31],[-31.135,82.198],[-32.598,81.974],[-32.749,81.765],[-32.415,81.652],[-30.651,81.811],[-26.393,81.862],[-24.877,81.595],[-22.948,81.9],[-22.064,81.965],[-21.798,81.757],[-22.053,81.54],[-23.533,81.1],[-24.11,80.769],[-24.055,80.631],[-23.912,80.563],[-23.339,80.623],[-21.817,81.114],[-20.065,81.523],[-19.317,81.597],[-17.963,81.518],[-16.465,81.904],[-14.253,81.835],[-12.705,81.621],[-12.563,81.509],[-12.644,81.386],[-14.202,81.21],[-15.013,80.858],[-16.441,80.451],[-19.045,80.426],[-20.045,80.24],[-20.267,79.999],[-20.193,79.854],[-18.605,80.012],[-17.769,79.967],[-17.768,79.777],[-18.102,79.669],[-19.385,79.55],[-19.763,78.873],[-20.068,78.802],[-20.879,78.818],[-21.768,77.767],[-21.382,77.587],[-20.777,77.969],[-19.336,77.867],[-19.177,77.824],[-19.059,77.695],[-19.086,77.6],[-19.944,77.641],[-20.174,77.598],[-20.235,77.511],[-20.105,77.382],[-19.064,77.239],[-18.253,77.3],[-18.016,77.206],[-17.92,77.061],[-17.942,76.865],[-18.057,76.805],[-19.978,76.946],[-20.561,76.911],[-21.183,76.697],[-21.773,76.824],[-22.25,76.806],[-22.378,76.636],[-21.751,76.367],[-19.57,76.11],[-19.322,75.893],[-19.2,75.693],[-19.194,75.444],[-19.389,75.261],[-20.512,75.358],[-20.679,75.308],[-20.669,75.061],[-20.616,74.954],[-20.424,74.882],[-19.071,74.609],[-18.899,74.44],[-19.051,74.335],[-19.716,74.213],[-21.762,74.305],[-22.029,74.104],[-21.781,74.016],[-20.679,73.922],[-20.354,73.811],[-20.33,73.42],[-20.88,73.443],[-21.44,73.394],[-21.709,73.274],[-22.269,73.265],[-23.494,73.509],[-24.076,73.756],[-25.01,73.475],[-25.763,73.354],[-26.827,73.408],[-27.263,73.343],[-27.441,73.287],[-27.519,73.16],[-27.357,72.859],[-27.038,72.749],[-25.778,72.609],[-25.073,72.634],[-23.92,72.188],[-22.818,71.87],[-22.649,71.745],[-22.431,71.341],[-21.904,71.497],[-21.726,71.405],[-21.592,71.211],[-21.471,70.532],[-21.547,70.44],[-21.714,70.386],[-22.203,70.485],[-23.084,70.468],[-23.754,70.59],[-24.04,70.774],[-24.386,71.183],[-25.291,71.569],[-26.12,71.669],[-26.787,71.558],[-25.85,71.436],[-25.695,71.273],[-26.329,71.132],[-27.916,70.998],[-28.084,70.897],[-28.384,70.458],[-27.475,70.207],[-26.252,70.178],[-24.585,70.304],[-23.587,70.084],[-22.158,70.056],[-22.732,69.774],[-24.333,69.333],[-24.897,69.392],[-25.802,68.864],[-26.964,68.502],[-27.959,68.477],[-29.4,68.228],[-29.825,68.414],[-29.994,68.391],[-30.305,67.98],[-30.736,67.928],[-31.355,68.046],[-32.019,68.447],[-32.359,68.544],[-32.037,67.985],[-32.124,67.873],[-32.956,67.641],[-34.433,66.384],[-34.782,66.266],[-35.248,66.229],[-35.708,66.352],[-35.774,66.103],[-35.972,65.847],[-36.324,65.722],[-37.048,65.743],[-37.579,65.545],[-37.155,66.32],[-38.042,66.399],[-37.925,66.209],[-37.937,66.004],[-38.11,65.821],[-38.467,65.645],[-39.992,65.533],[-39.686,65.171],[-39.727,64.997],[-41.06,65.037],[-40.484,64.685],[-40.355,64.427],[-40.472,64.348],[-41.484,64.274],[-40.691,63.932],[-40.516,63.782],[-40.894,63.524],[-41.378,63.523],[-41.227,63.253],[-41.434,63.039],[-41.916,63.124],[-41.789,62.847],[-41.834,62.691],[-42.299,62.739],[-43.226,62.681],[-42.919,62.462],[-42.271,62.194],[-42.306,61.729],[-42.478,61.307],[-43.037,61.292],[-42.817,61.026],[-42.785,60.529],[-43.497,60.479],[-43.154,60.305],[-42.962,60.034],[-43.015,59.833],[-43.579,59.936],[-44.052,60.164],[-44.276,60.032],[-44.467,59.761],[-44.753,60.031],[-44.682,60.288],[-45.362,60.461],[-45.622,60.601],[-45.46,60.895],[-45.771,61.104],[-46.331,60.872],[-47.159,60.856],[-47.63,60.597],[-47.969,61.037],[-48.915,61.421],[-49.148,61.772],[-49.116,62.104],[-49.206,62.174],[-49.611,62.195],[-50.097,62.356],[-50.159,62.462],[-50.096,62.668],[-49.889,62.846],[-49.857,62.967],[-50.466,63.051],[-50.591,63.15],[-50.617,63.435],[-51.101,63.47],[-51.366,63.726],[-51.266,63.926],[-50.988,64.092],[-50.043,64.438],[-50.02,64.61],[-50.144,64.739],[-50.994,64.615],[-51.805,64.233],[-51.957,64.377],[-51.992,65.01],[-52.187,65.518],[-52.536,65.495],[-53.103,65.873],[-53.108,66.034],[-52.73,66.276],[-52.611,66.268],[-52.86,66.353],[-53.348,66.324],[-53.394,66.452],[-53.222,66.531],[-52.448,66.607],[-52.303,66.909],[-53.104,66.908],[-53.397,66.996],[-53.45,67.084],[-53.349,67.21],[-52.978,67.31],[-53.147,67.395],[-53.395,67.362],[-53.494,67.473],[-53.436,67.618],[-52.808,67.775],[-50.477,67.482],[-50.491,67.645],[-50.357,67.891],[-50.95,68.091],[-52.842,68.506],[-52.691,68.663],[-52.337,68.664],[-51.679,68.5],[-51.005,68.509],[-50.874,68.945],[-50.266,68.953],[-50.366,69.194],[-50.767,69.336],[-50.694,69.533],[-50.457,69.738],[-50.573,69.866],[-51.637,69.94],[-52.909,70.289],[-53.666,70.357],[-54.374,70.725],[-54.158,70.81],[-53.628,70.819],[-52.367,70.667],[-50.824,70.247],[-50.799,70.385],[-50.939,70.577],[-51.326,70.823],[-51.404,71.024],[-51.675,71.224],[-52.198,71.355],[-51.72,71.59],[-52.037,71.698],[-52.813,71.743],[-53.323,71.891],[-53.988,71.414],[-54.382,71.305],[-55.012,71.335],[-55.477,71.489],[-55.614,71.598],[-55.626,71.73],[-55.43,71.871],[-55.298,72.161],[-55.366,72.728],[-55.104,72.752],[-54.793,72.666],[-54.626,72.721],[-54.558,72.872],[-54.73,73.038],[-55.353,73.346],[-55.988,73.921],[-51.82,74.213]]]]}},{"type":"Feature","properties":{"NAME":null,"ABBREVN":null,"SUBJECTO":null,"BORDERPRECISION":1,"PARTOF":null},"geometry":{"type":"MultiPolygon","coordinates":[[[[-73.112,-72.749],[-72.88,-72.44],[-72.493,-72.44],[-71.952,-72.209],[-72.03,-71.822],[-73.421,-71.977],[-74.348,-72.209],[-75.043,-72.054],[-75.275,-71.668],[-74.657,-71.436],[-72.725,-71.281],[-72.107,-71.05],[-72.184,-70.586],[-71.798,-70.354],[-71.798,-69.736],[-72.394,-69.261],[-71.952,-69.041],[-71.412,-68.886],[-70.716,-68.809],[-70.33,-68.963],[-69.48,-69.968],[-68.862,-70.509],[-68.398,-71.127],[-68.63,-72.054],[-69.325,-72.286],[-70.021,-72.672],[-73.112,-72.749]]],[[[-102.551,-72.131],[-101.16,-71.822],[-97.22,-71.822],[-95.906,-72.363],[-97.142,-72.672],[-101.16,-72.363],[-102.551,-72.131]]],[[[-150.951,-76.949],[-150.414,-76.83],[-149.787,-76.889],[-149.429,-77.098],[-150.325,-77.098],[-150.951,-76.949]]],[[[-55.185,-80.94],[-54.953,-80.399],[-53.871,-79.936],[-51.708,-79.781],[-51.012,-79.395],[-50.858,-78.699],[-50.24,-78.39],[-48.849,-78.081],[-45.758,-78.081],[-44.213,-78.39],[-43.904,-79.24],[-43.904,-79.781],[-44.831,-80.322],[-50.162,-80.786],[-55.185,-80.94]]],[[[-164.058,-79.356],[-163.517,-78.97],[-162.59,-78.815],[-160.735,-79.047],[-158.804,-79.665],[-159.203,-79.882],[-160.426,-79.974],[-162.358,-79.742],[-164.058,-79.356]]],[[[169.769,-83.418],[171.895,-83.607],[172.04,-83.712],[172.58,-83.844],[174.585,-83.883],[178.304,-84.187],[179.161,-84.174],[180,-84.34],[180,-90],[-180,-90],[-180,-84.322],[-178.43,-84.456],[-173.871,-84.456],[-170.317,-84.688],[-167.226,-84.765],[-160.504,-85.383],[-156.563,-85.46],[-151.463,-85.306],[-150.381,-85.46],[-148.759,-85.074],[-139.331,-85.223],[-138.817,-85.013],[-145.281,-84.765],[-149.609,-84.456],[-152.004,-84.379],[-153.086,-84.147],[-153.31,-83.942],[-153.24,-83.297],[-152.931,-82.91],[-152.081,-82.601],[-154.554,-82.138],[-154.983,-81.911],[-154.267,-81.677],[-155.569,-81.407],[-156.952,-81.314],[-156.999,-81.196],[-155.713,-81.056],[-154.477,-81.056],[-151.54,-81.21],[-149.995,-81.21],[-148.836,-81.365],[-145.668,-80.515],[-146.904,-80.051],[-148.604,-79.665],[-150.58,-79.483],[-151.772,-79.201],[-154.554,-79.124],[-155.867,-78.738],[-154.132,-78.352],[-154.708,-78.12],[-156.022,-78.352],[-156.563,-78.352],[-157.336,-78.197],[-158.185,-77.811],[-158.031,-77.27],[-157.151,-77.238],[-156.408,-77.115],[-154.167,-77.115],[-152.086,-77.337],[-149.995,-77.733],[-147.986,-77.347],[-146.146,-77.457],[-146.116,-76.86],[-147.131,-76.531],[-148.45,-76.497],[-149.609,-76.343],[-148.527,-76.033],[-146.672,-76.111],[-144.509,-75.724],[-134.773,-74.643],[-133.536,-74.797],[-130.987,-74.797],[-128.978,-74.913],[-127.123,-74.681],[-123.569,-74.836],[-120.169,-74.527],[-118.778,-74.604],[-118.083,-74.295],[-117.387,-74.527],[-114.992,-74.449],[-114.937,-74.058],[-114.146,-73.926],[-113.502,-74.072],[-113.238,-74.321],[-113.428,-74.688],[-112.365,-74.836],[-111.744,-74.717],[-111.746,-74.295],[-111.099,-74.175],[-110.433,-74.295],[-110.337,-74.761],[-110.791,-74.951],[-110.557,-75.303],[-109.196,-75.145],[-108.347,-75.299],[-106.801,-75.377],[-105.642,-75.068],[-100.045,-75.31],[-99.733,-75.071],[-100.008,-74.943],[-100.999,-74.888],[-100.412,-74.759],[-100.394,-74.576],[-100.559,-74.466],[-101.495,-74.539],[-101.88,-74.099],[-103.165,-73.86],[-103.247,-73.561],[-101.421,-73.768],[-99.678,-73.658],[-100.229,-73.438],[-103.293,-73.328],[-103.587,-73.108],[-103.587,-72.741],[-102.551,-72.788],[-102.174,-73.09],[-99.788,-72.998],[-96.524,-73.329],[-93.974,-73.174],[-90,-73.329],[-89.57,-73.097],[-89.261,-72.788],[-88.72,-72.788],[-88.565,-73.252],[-87.406,-73.406],[-86.325,-73.252],[-85.938,-73.484],[-84.393,-73.793],[-81.766,-74.024],[-81.302,-73.793],[-80.993,-73.252],[-79.757,-73.174],[-78.52,-73.715],[-77.13,-73.638],[-75.584,-73.754],[-71.489,-73.368],[-67.625,-72.749],[-67.084,-72.44],[-67.084,-71.822],[-67.703,-71.281],[-68.089,-70.586],[-68.63,-70.277],[-68.784,-69.813],[-68.244,-69.35],[-67.471,-69.195],[-67.084,-68.654],[-67.316,-67.804],[-67.857,-67.572],[-67.703,-66.877],[-66.853,-66.8],[-65.771,-66.182],[-65.075,-65.95],[-64.689,-65.563],[-64.225,-65.254],[-62.912,-64.713],[-61.289,-64.482],[-60.207,-63.941],[-59.126,-63.863],[-58.121,-63.4],[-57.426,-63.245],[-57.271,-63.709],[-58.894,-64.327],[-59.821,-64.327],[-61.135,-64.868],[-62.371,-65.795],[-62.448,-66.336],[-62.757,-66.645],[-63.376,-66.491],[-63.839,-66.491],[-64.38,-66.722],[-65.385,-67.341],[-65.694,-67.881],[-65.153,-68.5],[-64.535,-68.654],[-63.839,-68.654],[-63.453,-68.886],[-63.144,-69.427],[-62.139,-70.509],[-61.676,-70.818],[-60.98,-72.054],[-60.826,-72.749],[-61.367,-73.909],[-62.68,-74.758],[-63.221,-74.836],[-63.685,-75.222],[-64.457,-75.686],[-65.925,-75.84],[-69.248,-76.381],[-70.562,-76.69],[-73.881,-76.627],[-75.932,-76.484],[-76.28,-76.304],[-77.825,-75.995],[-78.443,-75.995],[-78.829,-76.227],[-78.598,-76.613],[-75.816,-77.463],[-73.568,-77.481],[-73.027,-77.823],[-74.502,-78.081],[-77.052,-77.927],[-80.687,-77.566],[-81.655,-77.68],[-81.285,-77.994],[-80.761,-78.236],[-78.289,-78.313],[-77.67,-78.467],[-77.782,-78.649],[-79.139,-78.931],[-82.075,-78.777],[-83.079,-78.236],[-84.161,-78.236],[-84.104,-78.649],[-82.925,-79.163],[-82.461,-79.24],[-81.92,-79.163],[-81.302,-79.317],[-80.22,-79.317],[-77.98,-79.086],[-76.589,-79.395],[-76.416,-79.588],[-76.434,-79.858],[-78.829,-80.013],[-80.003,-79.93],[-78.289,-80.322],[-76.643,-80.215],[-74.889,-80.708],[-67.934,-81.481],[-63.144,-82.099],[-60.207,-82.331],[-59.28,-82.717],[-58.971,-83.181],[-57.58,-83.026],[-55.185,-82.331],[-52.249,-82.022],[-43.826,-81.79],[-42.976,-81.945],[-41.817,-81.404],[-38.031,-80.94],[-32.931,-80.863],[-28.913,-80.476],[-28.372,-80.09],[-28.913,-79.858],[-29.035,-79.377],[-29.568,-79.224],[-32.854,-79.317],[-35.018,-79.163],[-36.408,-79.163],[-36.408,-78.622],[-34.94,-77.927],[-33.163,-77.386],[-32.081,-77.308],[-30.227,-76.845],[-25.977,-76.304],[-23.582,-75.918],[-20.645,-75.918],[-18.405,-75.686],[-17.168,-74.758],[-14.451,-74.065],[-15.005,-73.831],[-16.164,-74.063],[-17.091,-73.909],[-16.396,-73.445],[-15.7,-73.29],[-14.584,-73.178],[-14.271,-72.844],[-11.828,-72.323],[-11.557,-72.072],[-12.329,-71.675],[-12.371,-71.404],[-11.808,-71.3],[-11.599,-71.634],[-11.141,-71.59],[-9.75,-71.05],[-9.364,-71.127],[-8.823,-71.822],[-7.741,-71.668],[-7.633,-71.258],[-7.2,-70.895],[-6.35,-70.663],[-5.732,-70.895],[-6.255,-71.154],[-6.318,-71.425],[-4.882,-71.281],[-2.719,-71.397],[-1.251,-71.32],[-0.787,-71.706],[0.681,-71.32],[6.554,-70.47],[8.485,-70.084],[9.413,-70.084],[10.34,-70.702],[11.113,-70.856],[11.962,-70.702],[12.658,-70.315],[17.603,-70.084],[19.535,-70.161],[22.548,-70.586],[23.707,-70.586],[30.662,-69.736],[32.748,-69.35],[33.025,-68.918],[33.541,-68.542],[34.293,-68.5],[34.716,-68.934],[35.298,-69.118],[36.078,-69.591],[36.532,-69.654],[36.986,-69.356],[37.581,-69.278],[37.674,-69.513],[37.299,-69.654],[37.956,-69.889],[38.269,-69.544],[38.41,-69.638],[38.332,-70.029],[39.459,-69.701],[39.647,-68.934],[41.943,-68.422],[42.561,-68.113],[44.184,-68.036],[44.797,-67.745],[46.038,-67.688],[46.133,-67.567],[46.058,-67.434],[46.37,-67.33],[46.919,-67.404],[47.008,-67.671],[47.305,-67.775],[48.848,-67.434],[48.27,-67.181],[48.314,-67.018],[48.967,-66.973],[49.67,-67.07],[49.962,-67.196],[50.273,-67.137],[50.243,-66.988],[50.006,-66.84],[50.006,-66.588],[50.14,-66.484],[52.452,-65.988],[53.765,-65.911],[55.142,-65.963],[56.175,-66.447],[57.101,-66.523],[57.111,-66.695],[56.702,-66.738],[56.627,-66.942],[59.603,-67.33],[62.806,-67.611],[63.579,-67.534],[66.979,-67.843],[69.374,-67.843],[69.683,-68.152],[69.773,-68.636],[69.444,-69.19],[69.142,-69.388],[68.951,-69.889],[68.622,-70.033],[68.215,-69.852],[67.841,-70.033],[67.513,-70.464],[68.191,-70.67],[68.458,-70.69],[68.889,-70.423],[69.074,-70.588],[68.684,-71.06],[68.138,-71.088],[67.365,-71.706],[67.365,-72.093],[68.215,-72.402],[69.528,-72.402],[70.301,-72.015],[71.151,-71.32],[71.924,-70.547],[72.542,-70.238],[75.401,-69.466],[76.869,-69.311],[77.796,-68.847],[78.26,-68.384],[81.814,-67.302],[85.523,-66.916],[87.223,-66.993],[87.765,-66.749],[87.841,-66.452],[88.084,-66.111],[88.305,-66.066],[88.654,-66.764],[90,-66.607],[95.723,-66.529],[97.114,-66.684],[98.064,-66.588],[98.662,-66.626],[99.12,-66.893],[99.654,-66.549],[100.875,-66.079],[101.715,-65.977],[102.631,-65.926],[103.311,-66.066],[103.836,-65.988],[105.459,-66.297],[107.622,-66.452],[108.101,-66.71],[108.437,-66.75],[109.404,-66.71],[109.976,-66.592],[110.568,-66.395],[110.481,-66.297],[110.607,-66.059],[112.027,-65.988],[113.015,-65.763],[113.959,-65.988],[114.436,-66.493],[115.679,-66.414],[116.972,-66.838],[118.286,-67.07],[121.454,-66.8],[122.458,-66.645],[123.54,-66.645],[125.125,-66.787],[125.441,-66.447],[126.412,-66.374],[126.8,-66.884],[129.01,-67.03],[129.422,-66.52],[130.272,-66.253],[132.967,-66.259],[133.307,-66.132],[134.205,-66.18],[134.011,-65.549],[134.035,-65.185],[134.59,-65.022],[134.982,-65.597],[134.691,-66.083],[135.053,-66.182],[136.317,-66.399],[141.157,-66.722],[142.183,-66.985],[142.76,-67.048],[143.388,-66.972],[144.38,-67.173],[145.262,-67.098],[145.586,-67.223],[145.322,-67.575],[145.454,-67.63],[146.39,-67.779],[146.875,-67.997],[148.093,-67.937],[148.263,-68.205],[148.73,-68.306],[150.893,-68.538],[150.838,-68.779],[151.093,-68.886],[152.306,-68.843],[153.752,-68.925],[153.605,-68.481],[153.924,-68.439],[154.286,-68.63],[154.435,-68.95],[156.148,-69.311],[157.307,-69.156],[159.846,-69.829],[160.599,-70.221],[161.33,-70.232],[161.557,-70.315],[162.485,-70.306],[162.888,-70.571],[163.376,-70.656],[163.439,-70.539],[164.319,-70.518],[167.635,-70.865],[167.963,-71.097],[168.743,-71.243],[170.083,-71.667],[170.277,-71.517],[170.525,-71.603],[170.729,-71.904],[169.89,-72.076],[169.793,-72.238],[169.868,-72.356],[170.116,-72.335],[170.105,-72.636],[169.911,-72.615],[169.868,-72.744],[169.728,-72.776],[169.459,-73.056],[168.975,-73.239],[168.899,-73.54],[168.178,-73.583],[167.575,-73.476],[165.799,-73.828],[164.616,-74.172],[165.189,-74.668],[164.33,-74.763],[163.777,-74.649],[163.433,-74.744],[163.414,-75.031],[162.346,-75.107],[162.407,-75.338],[162.823,-75.622],[162.765,-75.966],[162.594,-76.004],[162.384,-76.214],[162.632,-76.423],[162.67,-76.767],[162.327,-76.958],[163.3,-77.187],[163.452,-77.416],[163.529,-77.74],[164.107,-77.656],[164.483,-78.064],[165.399,-78.198],[165.551,-78.351],[166.753,-78.599],[163.643,-78.661],[162.594,-78.904],[161.773,-78.866],[160.686,-79.114],[160.089,-78.97],[159.843,-79.161],[160.345,-79.4],[160.119,-79.6],[159.818,-79.688],[159.315,-80.027],[158.135,-80.316],[158.348,-80.492],[159.579,-80.442],[159.943,-80.58],[160.019,-80.743],[160.433,-80.906],[160.577,-81.534],[162.015,-81.66],[163.309,-82.087],[167.275,-82.988],[168.386,-83.092],[168.321,-83.198],[167.569,-83.317],[167.358,-83.435],[167.885,-83.475],[168.874,-83.343],[169.769,-83.418]]]]}},{"type":"Feature","properties":{"NAME":"Expansionist Kingdom of Merina","ABBREVN":"Merina","SUBJECTO":"Expansionist Kingdom of Merina","BORDERPRECISION":1,"PARTOF":"Expansionist Kingdom of Merina"},"geometry":{"type":"MultiPolygon","coordinates":[[[[48.015,-17.023],[48.488,-19.449],[48.488,-20.041],[47.186,-23.119],[46.002,-23.592],[45.529,-23.592],[45.292,-22.645],[46.654,-17.733],[47.482,-16.904],[48.015,-17.023]]]]}},{"type":"Feature","properties":{"NAME":"Sardinia","ABBREVN":"Sardinia","SUBJECTO":"Sardinia","BORDERPRECISION":1,"PARTOF":"Sardinia"},"geometry":{"type":"MultiPolygon","coordinates":[[[[8.82,38.977],[8.582,39.066],[8.374,39.308],[8.508,39.946],[8.488,40.209],[8.428,40.465],[8.159,40.785],[8.241,40.855],[8.766,40.863],[9.306,41.184],[9.591,40.903],[9.794,40.564],[9.631,40.096],[9.698,39.693],[9.648,39.457],[9.479,39.144],[9.296,39.233],[9.063,39.22],[8.82,38.977]]]]}},{"type":"Feature","properties":{"NAME":"Hainan","ABBREVN":"Hainan","SUBJECTO":"Hainan","BORDERPRECISION":1,"PARTOF":"Hainan"},"geometry":{"type":"MultiPolygon","coordinates":[[[[109.43,18.097],[108.652,18.482],[108.577,19.187],[109.198,19.684],[109.42,19.659],[109.55,19.914],[109.916,19.8],[110.061,19.94],[110.617,20.017],[110.885,19.707],[110.427,19.229],[110.299,18.899],[110.361,18.766],[110.263,18.626],[109.669,18.415],[109.43,18.097]]]]}},{"type":"Feature","properties":{"NAME":"Sinhalese kingdom","ABBREVN":"Ceylon","SUBJECTO":"Sinhalese kingdom","BORDERPRECISION":1,"PARTOF":"Sinhalese kingdom"},"geometry":{"type":"MultiPolygon","coordinates":[[[[80.563,5.932],[80.222,6.058],[79.854,7.061],[79.832,8.103],[79.724,8.417],[79.809,8.647],[79.675,8.805],[79.706,8.931],[79.896,8.92],[80.053,9.114],[80.178,9.445],[80.11,9.687],[80.662,9.299],[81.093,8.627],[81.06,8.411],[81.326,8.259],[81.866,7.085],[81.779,6.754],[81.434,6.27],[81.203,6.079],[80.563,5.932]]]]}},{"type":"Feature","properties":{"NAME":"Teutonic Knights","ABBREVN":"TeutonicLand","SUBJECTO":"Teutonic Knights","BORDERPRECISION":1,"PARTOF":"Teutonic Knights"},"geometry":{"type":"MultiPolygon","coordinates":[[[[27.651,56.28],[27.371,55.719],[26.245,55.896],[25.307,56.489],[24.715,56.34],[21.905,56.35],[21.142,56.127],[21.31,55.513],[21.67,55.513],[22.029,55.256],[21.926,54.948],[22.132,54.794],[22.08,54.589],[22.183,54.538],[22.234,54.127],[21.464,53.819],[21.105,53.819],[20.81,53.638],[20.709,53.758],[20.428,53.778],[20.386,53.511],[20.078,53.511],[20.078,53.665],[19.206,53.254],[18.949,53.254],[18.59,53.1],[18.282,53.357],[18.685,54.254],[19.255,54.277],[19.758,54.459],[19.232,54.222],[19.328,54.161],[20.327,54.564],[20.006,54.547],[19.938,54.608],[19.833,54.531],[19.943,54.85],[21.137,54.845],[21.192,54.96],[21.113,55.089],[21.224,55.111],[21.143,55.256],[21.216,55.344],[21.018,55.634],[20.996,56.024],[20.916,56.097],[20.965,56.609],[21.324,56.854],[21.34,57.177],[21.677,57.464],[22.564,57.616],[22.585,57.509],[23.071,57.261],[23.215,56.981],[23.414,56.892],[23.768,56.866],[24.266,57.03],[24.346,57.16],[24.236,57.728],[24.416,57.948],[24.497,58.213],[24.331,58.308],[24.058,58.112],[23.908,58.224],[23.671,58.241],[23.69,58.665],[23.512,58.581],[23.361,58.767],[23.432,58.858],[23.338,58.972],[23.457,59.005],[23.416,59.119],[24.032,59.176],[23.948,59.169],[24.52,58.708],[25.313,59.152],[26.458,59.118],[26.546,58.663],[27.663,58.956],[27.511,57.611],[27.651,56.28]]]]}},{"type":"Feature","properties":{"NAME":"Navarre","ABBREVN":"Navarre","SUBJECTO":"Navarre","BORDERPRECISION":1,"PARTOF":"Navarre"},"geometry":{"type":"MultiPolygon","coordinates":[[[[-2.143,43.331],[-1.702,43.196],[-1.491,43.21],[-1.515,42.998],[-1.397,43.032],[-0.907,42.881],[-1.664,42.125],[-1.605,41.769],[-2.259,41.828],[-2.318,42.066],[-2.08,42.066],[-2.199,42.244],[-2.675,42.423],[-2.556,43.076],[-2.14,43.136],[-2.143,43.331]]]]}},{"type":"Feature","properties":{"NAME":"Shoa","ABBREVN":"Shoa","SUBJECTO":"Shoa","BORDERPRECISION":1,"PARTOF":"Shoa"},"geometry":{"type":"MultiPolygon","coordinates":[[[[42.555,11.568],[43.368,11.456],[44.281,10.396],[43.497,9.729],[42.465,9.507],[41.571,10.292],[41.507,10.76],[41.654,11.35],[42.81,11.778],[42.555,11.568]]]]}},{"type":"Feature","properties":{"NAME":"Benin","ABBREVN":"Benin","SUBJECTO":"Benin","BORDERPRECISION":1,"PARTOF":"Benin"},"geometry":{"type":"MultiPolygon","coordinates":[[[[5.095,5.756],[4.634,6.212],[4.072,6.44],[3.949,6.579],[5.338,8.724],[6.879,8.643],[7.365,7.913],[7.365,6.94],[6.9,6.128],[6.089,4.328],[5.607,4.632],[5.333,5.248],[5.448,5.477],[5.383,5.61],[5.153,5.642],[5.095,5.756]]]]}},{"type":"Feature","properties":{"NAME":"Bornu-Kanem","ABBREVN":"Bornu","SUBJECTO":"Bornu-Kanem","BORDERPRECISION":1,"PARTOF":"Bornu-Kanem"},"geometry":{"type":"MultiPolygon","coordinates":[[[[8.358,3.088],[8.358,3.317],[8.467,3.361],[8.478,3.557],[8.631,3.656],[8.827,3.612],[8.871,3.525],[8.576,3.067],[8.358,3.088]]],[[[10.727,11.291],[10.07,14.225],[10.807,14.593],[11.765,16.215],[11.986,20.343],[12.429,21.006],[13.313,20.973],[15.008,15.036],[15.819,14.298],[15.819,13.119],[12.355,11.203],[10.727,11.291]]]]}},{"type":"Feature","properties":{"NAME":"Yemen","ABBREVN":"Yemen","SUBJECTO":"Yemen","BORDERPRECISION":1,"PARTOF":"Yemen"},"geometry":{"type":"MultiPolygon","coordinates":[[[[46.878,13.474],[46.601,13.401],[45.826,13.405],[45.193,12.934],[44.964,12.825],[44.681,12.825],[44.441,12.64],[43.841,12.664],[43.56,12.86],[43.303,13.241],[43.384,13.565],[43.348,13.851],[43.207,14.079],[42.796,15.47],[42.764,15.667],[42.884,15.985],[42.764,16.645],[45.24,17.694],[46.277,17.118],[46.659,15.425],[46.335,14.097],[46.711,13.936],[46.878,13.474]]]]}},{"type":"Feature","properties":{"NAME":"Orissa","ABBREVN":"Orissa","SUBJECTO":"Orissa","BORDERPRECISION":1,"PARTOF":"Orissa"},"geometry":{"type":"MultiPolygon","coordinates":[[[[84.684,20.212],[85.379,19.605],[85.113,19.442],[83.988,18.207],[83.685,18.083],[83.381,17.711],[82.354,17.086],[82.235,16.647],[82.081,16.463],[81.789,16.329],[81.369,16.347],[80.963,15.723],[80.736,15.837],[80.46,15.773],[79.432,16.017],[79.328,17.233],[81.862,18.73],[84.304,20.752],[84.684,20.212]]]]}},{"type":"Feature","properties":{"NAME":"Maya city-states","ABBREVN":"Maya","SUBJECTO":"Maya city-states","BORDERPRECISION":1,"PARTOF":"Maya city-states"},"geometry":{"type":"MultiPolygon","coordinates":[[[[-90,19.382],[-90,21.161],[-89.863,21.25],[-88.334,21.59],[-87.597,21.484],[-87.371,21.571],[-87.201,21.529],[-86.922,21.301],[-86.936,20.976],[-87.651,20.19],[-87.66,19.875],[-87.858,19.582],[-87.789,19.513],[-87.637,19.575],[-87.877,18.381],[-88.138,18.894],[-88.311,18.741],[-88.399,18.309],[-88.124,18.387],[-88.112,18.194],[-88.3,17.635],[-88.22,17.514],[-88.327,17.157],[-88.242,17.014],[-88.283,16.835],[-88.58,16.284],[-88.742,16.269],[-89.921,16.975],[-89.539,17.739],[-88.87,18.694],[-89.061,19.267],[-90,19.382]]]]}},{"type":"Feature","properties":{"NAME":"Mixtec Empire","ABBREVN":"Mixtec Empir","SUBJECTO":"Mixtec Empire","BORDERPRECISION":1,"PARTOF":"Mixtec Empire"},"geometry":{"type":"MultiPolygon","coordinates":[[[[-98.696,19.002],[-99.108,17.493],[-102.19,19.517],[-102.618,20.588],[-101.975,21.017],[-98.696,19.002]]]]}},{"type":"Feature","properties":{"NAME":"Zapotec Empire","ABBREVN":"Zapotec Emp.","SUBJECTO":"Zapotec Empire","BORDERPRECISION":1,"PARTOF":"Zapotec Empire"},"geometry":{"type":"MultiPolygon","coordinates":[[[[-95.13,16.299],[-96.333,15.75],[-96.752,15.781],[-97.294,15.964],[-97.881,16.052],[-98.856,16.597],[-99.209,16.717],[-99.108,17.493],[-98.696,19.002],[-96.832,18.231],[-95.76,17.159],[-95.13,16.299]]]]}},{"type":"Feature","properties":{"NAME":"Chim\u00fa Empire","ABBREVN":"Chim\u00fa Empire","SUBJECTO":"Chim\u00fa Empire","BORDERPRECISION":1,"PARTOF":"Chim\u00fa Empire"},"geometry":{"type":"MultiPolygon","coordinates":[[[[-76.711,-12.76],[-77.336,-11.509],[-77.707,-11.256],[-77.692,-10.837],[-77.759,-10.659],[-79.06,-8.216],[-80.066,-6.756],[-78.63,-7.207],[-77.925,-7.911],[-76.399,-10.495],[-76.399,-11.317],[-76.711,-12.76]]]]}},{"type":"Feature","properties":{"NAME":"Aymara kingdoms","ABBREVN":"Aymara kingdoms","SUBJECTO":"Aymara kingdoms","BORDERPRECISION":1,"PARTOF":"Aymara kingdoms"},"geometry":{"type":"MultiPolygon","coordinates":[[[[-70.498,-24.83],[-70.463,-23.934],[-70.359,-23.661],[-70.415,-23.527],[-70.58,-23.49],[-70.573,-23.166],[-70.292,-22.987],[-70.111,-21.748],[-70.209,-19.067],[-70.454,-18.223],[-70.584,-18.083],[-71.365,-17.697],[-71.612,-17.221],[-69.536,-13.823],[-69.234,-14.019],[-67.942,-15.428],[-67.238,-18.364],[-67.825,-22.475],[-68.06,-26.468],[-68.647,-26.938],[-69.587,-26.938],[-70.493,-25.471],[-70.398,-25.249],[-70.498,-24.83]]]]}},{"type":"Feature","properties":{"NAME":"Andean states and chiefdoms","ABBREVN":"Andean states and chiefdoms","SUBJECTO":"Andean states and chiefdoms","BORDERPRECISION":1,"PARTOF":"Andean states and chiefdoms"},"geometry":{"type":"MultiPolygon","coordinates":[[[[-71.612,-17.221],[-74.05,-16.045],[-75.231,-15.222],[-76.053,-14.41],[-76.242,-14.106],[-76.238,-13.502],[-76.711,-12.76],[-76.399,-11.317],[-76.399,-10.495],[-77.925,-7.911],[-78.63,-7.207],[-80.066,-6.756],[-80.274,-6.566],[-81.297,-6.041],[-81.162,-5.914],[-80.888,-5.9],[-80.823,-5.716],[-81.301,-4.999],[-81.418,-4.675],[-81.304,-4.332],[-81.042,-4.052],[-80.039,-4.27],[-78.747,-6.032],[-77.69,-6.267],[-77.338,-7.676],[-75.576,-10.613],[-71.231,-12.727],[-69.536,-13.823],[-71.612,-17.221]]]]}},{"type":"Feature","properties":{"NAME":"Morocco","ABBREVN":"Morocco","SUBJECTO":"Morocco","BORDERPRECISION":1,"PARTOF":"Morocco"},"geometry":{"type":"MultiPolygon","coordinates":[[[[-2.193,35.054],[-2.077,34.826],[-1.738,34.605],[-1.664,34.205],[-1.681,33.258],[-1.61,33.048],[-1.802,32.427],[-9.625,30.406],[-9.817,30.755],[-9.858,31.06],[-9.813,31.289],[-9.318,31.964],[-9.219,32.58],[-8.314,33.338],[-7.004,33.875],[-6.511,34.454],[-5.929,35.728],[-5.565,35.862],[-5.172,35.424],[-4.593,35.151],[-3.441,35.166],[-3.009,35.39],[-2.83,35.142],[-2.193,35.054]]]]}},{"type":"Feature","properties":{"NAME":"Mali","ABBREVN":"Mali","SUBJECTO":"Mali","BORDERPRECISION":1,"PARTOF":"Mali"},"geometry":{"type":"MultiPolygon","coordinates":[[[[-15.325,11.927],[-15.809,11.843],[-16.086,11.969],[-16.279,12.21],[-16.696,12.413],[-16.772,12.597],[-16.767,13.36],[-16.689,13.449],[-16.494,13.475],[-16.471,13.723],[-16.64,13.843],[-16.697,14.078],[-17.05,14.586],[-17.433,14.807],[-16.865,15.298],[-16.6,15.749],[-16.45,16.118],[-16.379,16.716],[-16.041,17.67],[-7.711,17.876],[-0.478,18.758],[0.757,18.758],[4.286,18.052],[5.344,17.17],[5.168,15.053],[4.286,13.994],[-1.36,10.819],[-3.477,10.289],[-6.829,10.113],[-15.325,11.927]]]]}},{"type":"Feature","properties":{"NAME":"Ethiopia","ABBREVN":"Ethiopia","SUBJECTO":"Ethiopia","BORDERPRECISION":1,"PARTOF":"Ethiopia"},"geometry":{"type":"MultiPolygon","coordinates":[[[[39.142,13.879],[40.503,11.624],[40.805,9.53],[40.2,8.08],[39.142,7.114],[37.327,7.114],[35.966,8.08],[35.512,10.013],[36.722,13.879],[37.629,14.524],[39.142,13.879]]]]}},{"type":"Feature","properties":{"NAME":"Great Zimbabwe","ABBREVN":"G. Zimbabwe","SUBJECTO":"Great Zimbabwe","BORDERPRECISION":1,"PARTOF":"Great Zimbabwe"},"geometry":{"type":"MultiPolygon","coordinates":[[[[33.395,-19.173],[33.395,-20.761],[32.866,-21.996],[31.102,-23.055],[29.338,-23.055],[28.455,-22.525],[28.279,-21.467],[28.632,-19.879],[29.69,-18.82],[31.278,-18.644],[32.69,-18.644],[33.395,-19.173]]]]}},{"type":"Feature","properties":{"NAME":"Makkura","ABBREVN":"Makkura","SUBJECTO":"Makkura","BORDERPRECISION":1,"PARTOF":"Makkura"},"geometry":{"type":"MultiPolygon","coordinates":[[[[37.48,18.82],[38.642,18.061],[38.904,17.364],[35.156,15.511],[32.785,15.286],[30.978,15.624],[29.51,20.028],[30.075,20.705],[30.978,20.931],[33.124,20.592],[37.48,18.82]]]]}},{"type":"Feature","properties":{"NAME":"Alwa","ABBREVN":"Alwa","SUBJECTO":"Alwa","BORDERPRECISION":1,"PARTOF":"Alwa"},"geometry":{"type":"MultiPolygon","coordinates":[[[[30.978,15.624],[32.785,15.286],[35.156,15.511],[33.914,12.011],[33.237,11.447],[32.559,11.447],[31.204,11.785],[30.752,12.35],[30.978,15.624]]]]}},{"type":"Feature","properties":{"NAME":"Hadramaut","ABBREVN":"Hadramaut","SUBJECTO":"Hadramaut","BORDERPRECISION":1,"PARTOF":"Hadramaut"},"geometry":{"type":"MultiPolygon","coordinates":[[[[46.335,14.097],[46.659,15.425],[47.838,16.422],[50.511,17.147],[53.955,19.73],[56.946,20.636],[57.931,20.401],[57.806,20.172],[57.778,19.314],[57.839,19.035],[57.186,18.938],[56.904,18.817],[56.739,18.689],[56.458,18.092],[56.258,17.977],[55.561,17.937],[55.29,17.676],[55.195,17.149],[54.911,16.97],[54.084,17.019],[52.894,16.61],[52.652,16.489],[52.238,16.1],[52.135,15.687],[51.95,15.541],[51.313,15.247],[49.334,14.633],[48.765,14.098],[48.036,14.045],[46.878,13.474],[46.711,13.936],[46.335,14.097]]]]}},{"type":"Feature","properties":{"NAME":"Muscat","ABBREVN":"Muscat","SUBJECTO":"Muscat","BORDERPRECISION":1,"PARTOF":"Muscat"},"geometry":{"type":"MultiPolygon","coordinates":[[[[54.771,24.733],[55.457,25.42],[55.53,25.373],[56.015,25.772],[56.367,26.236],[56.405,25.861],[56.161,25.473],[56.366,25.455],[56.405,24.82],[56.794,24.268],[57.146,23.982],[57.904,23.571],[58.628,23.458],[59.461,22.539],[59.826,22.374],[59.837,22.279],[59.536,21.802],[58.861,21.114],[58.512,20.421],[58.403,20.357],[57.931,20.401],[56.783,22.291],[55.554,23.519],[54.771,24.733]]]]}},{"type":"Feature","properties":{"NAME":null,"ABBREVN":null,"SUBJECTO":null,"BORDERPRECISION":1,"PARTOF":null},"geometry":{"type":"MultiPolygon","coordinates":[[[[40.82,19.685],[41.923,20.767],[41.812,21.713],[41.138,22.406],[40.18,24.028],[37.421,27.834],[36.593,29.787],[36.525,31.162],[37.212,33.566],[38.036,34.597],[38.372,35.141],[40.029,34.391],[48.617,25.687],[50.857,23.88],[51.586,24.003],[52.255,23.987],[52.383,24.108],[53.687,23.987],[54.017,24.05],[54.006,24.182],[54.108,24.103],[54.347,24.154],[54.592,24.377],[54.771,24.733],[55.554,23.519],[56.783,22.291],[57.931,20.401],[56.946,20.636],[53.955,19.73],[50.511,17.147],[47.838,16.422],[46.659,15.425],[46.277,17.118],[45.24,17.694],[42.764,16.645],[42.207,17.515],[41.629,18.047],[40.82,19.685]]]]}},{"type":"Feature","properties":{"NAME":null,"ABBREVN":null,"SUBJECTO":null,"BORDERPRECISION":1,"PARTOF":null},"geometry":{"type":"MultiPolygon","coordinates":[[[[39.796,15.089],[39.889,15.184],[39.898,15.502],[40.39,14.906],[40.739,14.919],[41.705,13.93],[42.079,13.861],[42.357,13.468],[42.408,13.175],[42.636,13.093],[43.33,12.434],[43.475,12.098],[41.654,11.35],[41.507,10.76],[41.571,10.292],[40.72,10.115],[40.503,11.624],[39.142,13.879],[37.629,14.524],[36.722,13.879],[35.512,10.013],[35.966,8.08],[37.327,7.114],[38.718,7.114],[38.605,6.597],[35.578,5.527],[33.022,6.865],[32.349,9.528],[32.847,10.105],[31.745,10.248],[31.268,10.646],[30.787,11.227],[30.6,11.116],[24.074,11.182],[23.2,11.775],[20.673,11.956],[18.628,10.169],[15.657,11.306],[14.713,12.507],[15.819,13.119],[15.819,14.298],[15.008,15.036],[13.313,20.973],[12.429,21.006],[11.986,20.343],[11.765,16.215],[10.807,14.593],[10.07,14.225],[10.462,12.474],[8.266,12.367],[2.879,13.203],[-1.36,10.819],[4.286,13.994],[5.168,15.053],[5.344,17.17],[4.286,18.052],[0.757,18.758],[-0.478,18.758],[-7.711,17.876],[-16.041,17.67],[-15.983,18.178],[-16.056,18.674],[-16.191,19.03],[-16.472,19.366],[-16.27,19.684],[-16.269,20.364],[-16.711,20.89],[-16.845,20.941],[-17.021,20.744],[-17.052,21.004],[-16.984,21.595],[-16.806,21.99],[-16.353,22.493],[-15.714,23.873],[-14.975,24.51],[-14.82,24.733],[-14.66,25.636],[-14.367,26.119],[-13.629,26.591],[-13.06,27.673],[-12.866,27.857],[-12.091,28.024],[-11.576,28.229],[-10.339,29.146],[-9.663,29.955],[-9.625,30.406],[-1.802,32.427],[5.681,32.815],[7.892,32.593],[12.533,30.805],[17.002,28.751],[21.679,28.082],[25.438,28.008],[27.428,27.197],[29.345,24.028],[30.819,23.659],[32.514,23.733],[35.19,24.4],[35.657,23.994],[35.725,23.912],[35.468,23.721],[35.576,23.232],[35.746,22.914],[36.29,22.572],[36.66,22.167],[37.128,21.227],[37.255,19.652],[37.398,18.915],[37.48,18.82],[33.124,20.592],[30.978,20.931],[30.075,20.705],[29.51,20.028],[30.978,15.624],[30.752,12.35],[31.204,11.785],[32.559,11.447],[33.237,11.447],[33.914,12.011],[35.156,15.511],[38.904,17.364],[39.518,15.463],[39.796,15.089]]],[[[47.636,4.096],[48.078,4.667],[47.636,4.096],[47.636,4.096]]],[[[37.732,-4.575],[39.417,-1.375],[44.281,3.358],[39.417,-1.375],[37.732,-4.575],[37.985,-6.934],[37.732,-4.575]]],[[[39.248,-11.145],[40.4,-11.23],[39.248,-11.145],[38.743,-10.218],[39.248,-11.145]]],[[[29.69,-18.82],[31.278,-18.644],[31.278,-18.644],[29.69,-18.82]]],[[[28.279,-21.467],[28.617,-19.948],[28.632,-19.879],[28.279,-21.467]]],[[[9.473,0.116],[9.883,0.079],[9.473,0.116]]],[[[6.9,6.128],[6.764,5.827],[6.089,4.328],[6.9,6.128]]],[[[3.611,6.413],[1.558,6.237],[1.176,6.084],[0.939,5.759],[0.803,5.715],[0.939,5.759],[1.176,6.084],[1.342,6.18],[3.46,6.381],[3.611,6.413],[3.719,6.547],[3.949,6.579],[3.719,6.547],[3.611,6.413]]],[[[-0.119,5.573],[-1.6,4.953],[-2.031,4.698],[-1.6,4.953],[-0.119,5.573],[0.536,5.72],[-0.119,5.573]]],[[[-3.091,5.16],[-2.934,5.275],[-3.091,5.16]]],[[[-4.575,5.249],[-5.575,5.129],[-6.316,4.873],[-7.413,4.331],[-6.316,4.873],[-5.575,5.129],[-5.0,5.238],[-3.942,5.266],[-4.575,5.249]]],[[[32.887,-26.715],[32.916,-26.518],[32.849,-26.979],[32.887,-26.715]]],[[[31.327,-29.509],[30.391,-30.814],[28.922,-32.298],[26.963,-33.713],[26.307,-33.892],[26.963,-33.713],[28.922,-32.298],[30.391,-30.814],[31.563,-29.21],[32.235,-28.744],[31.563,-29.21],[31.327,-29.509]]],[[[25.565,-34.135],[25.516,-34.174],[25.619,-33.919],[25.866,-33.887],[25.619,-33.919],[25.565,-34.135]]],[[[24.693,-34.309],[24.592,-34.36],[24.929,-34.079],[25.065,-34.073],[24.929,-34.079],[24.693,-34.309]]],[[[23.189,-34.242],[23.499,-34.07],[23.189,-34.242]]],[[[22.262,-34.168],[21.669,-34.506],[21.346,-34.544],[21.669,-34.506],[22.262,-34.168],[22.682,-34.103],[22.262,-34.168]]],[[[19.884,-34.992],[20.256,-34.623],[20.847,-34.501],[20.256,-34.623],[19.884,-34.992]]],[[[18.966,-34.397],[18.966,-34.397],[18.84,-34.435],[18.966,-34.397]]],[[[18.487,-34.398],[18.57,-34.194],[18.487,-34.398]]],[[[9.543,4.043],[9.284,4.017],[9.543,4.043],[9.543,4.043]]],[[[8.299,4.555],[8.263,4.746],[8.328,4.841],[8.263,4.746],[8.299,4.555],[8.14,4.466],[7.449,4.407],[8.14,4.466],[8.299,4.555]]],[[[6.844,4.292],[7.046,4.508],[7.176,4.527],[7.046,4.508],[6.844,4.292]]],[[[28.455,-22.525],[28.279,-21.467],[28.455,-22.525],[29.338,-23.055],[28.455,-22.525]]],[[[31.102,-23.055],[31.102,-23.055],[32.866,-21.996],[31.102,-23.055]]]]}},{"type":"Feature","properties":{"NAME":"Islamic city-states","ABBREVN":"Islamic city-states","SUBJECTO":"Islamic city-states","BORDERPRECISION":1,"PARTOF":"Islamic city-states"},"geometry":{"type":"MultiPolygon","coordinates":[[[[42.915,-0.017],[41.607,-1.594],[41.61,-1.877],[41.089,-2.129],[40.915,-2.078],[40.877,-2.428],[40.75,-2.593],[40.449,-2.645],[40.271,-2.817],[40.234,-3.192],[39.64,-4.083],[39.681,-4.324],[39.53,-4.617],[39.267,-4.776],[39.122,-5.037],[38.872,-6.092],[38.922,-6.34],[39.221,-6.784],[39.566,-7.044],[39.27,-7.801],[39.478,-7.998],[39.392,-8.735],[39.577,-9.542],[39.658,-9.796],[39.838,-10.005],[40.387,-10.372],[40.62,-10.766],[40.4,-11.23],[39.248,-11.145],[38.238,-9.292],[37.732,-4.575],[39.417,-1.375],[44.281,3.358],[46.449,4.08],[47.636,4.096],[46.361,2.668],[45.541,1.967],[44.301,1.291],[42.915,-0.017]]]]}},{"type":"Feature","properties":{"NAME":"Pandya state","ABBREVN":"Pandya","SUBJECTO":"Pandya state","BORDERPRECISION":1,"PARTOF":"Pandya state"},"geometry":{"type":"MultiPolygon","coordinates":[[[[76.248,10.104],[76.075,10.554],[79.711,11.445],[79.826,10.359],[79.79,10.251],[79.306,10.256],[79.222,10.192],[78.927,9.493],[79.16,9.277],[78.314,8.996],[78.181,8.811],[78.065,8.385],[77.484,8.028],[77.341,8.053],[76.704,8.706],[76.248,10.104]]]]}},{"type":"Feature","properties":{"NAME":"Chola state","ABBREVN":"Chola state","SUBJECTO":"Chola state","BORDERPRECISION":1,"PARTOF":"Chola state"},"geometry":{"type":"MultiPolygon","coordinates":[[[[80.162,14.254],[80.17,13.892],[80.076,13.669],[80.32,13.333],[80.313,13.104],[79.711,11.445],[78.16,11.065],[78.028,11.74],[77.305,13.764],[77.45,14.197],[80.087,14.946],[80.162,14.254]]]]}},{"type":"Feature","properties":{"NAME":"minor Hindu kingdoms","ABBREVN":"minor Hindu kingdoms","SUBJECTO":"minor Hindu kingdoms","BORDERPRECISION":1,"PARTOF":"minor Hindu kingdoms"},"geometry":{"type":"MultiPolygon","coordinates":[[[[84.304,20.752],[81.862,18.73],[79.328,17.233],[79.432,16.017],[80.46,15.773],[80.163,15.391],[80.087,14.946],[77.45,14.197],[77.305,13.764],[78.028,11.74],[78.16,11.065],[76.075,10.554],[75.652,11.423],[75.211,12.102],[74.734,13.683],[73.841,15.39],[73.409,16.559],[73.064,18.032],[72.759,20.058],[73.11,20.687],[73.113,20.827],[72.766,21.15],[72.696,22.129],[72.319,22.115],[72.233,22.02],[72.131,21.746],[72.289,21.55],[72.121,21.155],[71.529,20.824],[70.855,20.651],[70.21,20.948],[69.126,21.969],[68.894,22.286],[69.492,22.249],[69.969,22.351],[70.411,22.753],[70.381,22.861],[70.046,22.777],[69.665,22.789],[68.882,22.997],[73.186,24.675],[73.981,24.459],[74.198,23.953],[73.548,21.785],[73.765,21.496],[75.138,21.207],[79.112,21.857],[79.401,22.218],[79.401,23.375],[79.907,23.447],[80.485,23.302],[80.702,22.796],[82.003,22.869],[82.364,22.652],[83.159,21.568],[84.304,20.752]]]]}},{"type":"Feature","properties":{"NAME":null,"ABBREVN":null,"SUBJECTO":null,"BORDERPRECISION":1,"PARTOF":null},"geometry":{"type":"MultiPolygon","coordinates":[[[[98.637,27.479],[98.592,25.758],[94.721,25.976],[92.034,25.426],[91.41,22.721],[91.081,22.561],[90,22.561],[90,25.687],[88.664,26.414],[91.83,27.277],[95.082,28.722],[97.611,28.939],[98.551,28.288],[98.637,27.479]]]]}},{"type":"Feature","properties":{"NAME":"Pagan","ABBREVN":"Pagan","SUBJECTO":"Pagan","BORDERPRECISION":1,"PARTOF":"Pagan"},"geometry":{"type":"MultiPolygon","coordinates":[[[[96.983,17.244],[96.882,17.346],[96.77,17.333],[96.663,16.697],[96.469,16.513],[95.714,16.155],[95.33,15.678],[95.223,15.805],[95.22,16.002],[94.973,15.836],[94.828,15.842],[94.753,15.937],[94.819,16.21],[94.416,16.076],[94.304,15.949],[94.144,16.006],[94.143,16.215],[94.465,17.264],[94.465,17.664],[94.42,18.141],[94.054,19.061],[93.966,19.194],[93.839,18.953],[93.458,19.174],[93.815,19.258],[93.724,19.594],[93.334,20.025],[93.066,19.993],[92.894,20.113],[92.921,20.374],[92.663,20.405],[92.176,20.887],[91.946,21.363],[91.846,21.909],[91.571,22.543],[91.41,22.721],[92.034,25.426],[94.721,25.976],[98.592,25.758],[98.583,25.401],[100.502,24.314],[100.14,23.375],[101.008,21.423],[100.228,20.389],[99.841,20.482],[97.573,16.445],[97.352,16.527],[97.215,16.94],[96.983,17.244]]]]}},{"type":"Feature","properties":{"NAME":"\u0110\u1ea1i Vi\u1ec7t","ABBREVN":"\u0110\u1ea1i Vi\u1ec7t","SUBJECTO":"\u0110\u1ea1i Vi\u1ec7t","BORDERPRECISION":1,"PARTOF":"\u0110\u1ea1i Vi\u1ec7t"},"geometry":{"type":"MultiPolygon","coordinates":[[[[107.018,15.022],[106.066,14.486],[105.876,14.464],[105.777,15.426],[104.933,17.451],[104.111,17.999],[101.646,17.999],[101.657,19.661],[101.851,20.532],[105.412,21.902],[106.234,21.697],[107.466,20.976],[107.374,20.881],[106.807,20.905],[106.772,20.638],[106.381,20.11],[105.965,19.881],[105.843,19.702],[105.533,18.844],[106.364,18.007],[106.433,17.55],[107.005,17.038],[106.789,16.365],[106.861,15.498],[107.018,15.022]]]]}},{"type":"Feature","properties":{"NAME":"Khmer Empire","ABBREVN":"Khmer Empire","SUBJECTO":"Khmer Empire","BORDERPRECISION":1,"PARTOF":"Khmer Empire"},"geometry":{"type":"MultiPolygon","coordinates":[[[[108.943,11.412],[108.696,11.145],[108.164,10.966],[107.412,10.367],[107.036,10.436],[106.773,10.639],[106.704,10.448],[106.749,10.067],[106.656,9.743],[106.482,9.552],[106.229,9.552],[106.118,9.335],[105.503,9.029],[105.026,8.52],[104.742,8.494],[104.822,9.472],[104.987,9.822],[104.979,9.981],[104.16,10.519],[103.525,10.524],[103.67,10.766],[103.525,11.058],[103.04,10.898],[102.963,11.368],[102.658,12.066],[102.324,12.186],[101.919,12.585],[101.587,12.661],[101.329,12.559],[100.872,12.679],[100.957,13.365],[100.909,13.447],[101.803,13.98],[106.066,14.486],[107.018,15.022],[107.297,14.176],[107.31,13.878],[107.515,13.422],[107.482,12.583],[107.385,12.354],[107.511,11.668],[108.943,11.412]]]]}},{"type":"Feature","properties":{"NAME":"Champa","ABBREVN":"Champa","SUBJECTO":"Champa","BORDERPRECISION":1,"PARTOF":"Champa"},"geometry":{"type":"MultiPolygon","coordinates":[[[[107.692,16.371],[107.809,16.283],[108.095,16.252],[108.236,16.08],[108.499,15.363],[108.786,15.091],[108.918,14.792],[109.307,12.906],[109.068,12.487],[109.073,11.635],[108.943,11.412],[107.511,11.668],[107.385,12.354],[107.482,12.583],[107.515,13.422],[107.31,13.878],[107.297,14.176],[106.861,15.498],[106.789,16.365],[107.005,17.038],[107.692,16.371]]]]}},{"type":"Feature","properties":{"NAME":"Luva","ABBREVN":"Luva","SUBJECTO":"Luva","BORDERPRECISION":1,"PARTOF":"Luva"},"geometry":{"type":"MultiPolygon","coordinates":[[[[100.909,13.447],[100.24,13.49],[99.93,13.261],[99.851,13.908],[100.213,14.197],[100.646,14.197],[100.935,14.053],[100.909,13.447]]]]}},{"type":"Feature","properties":{"NAME":"Tibet","ABBREVN":"Tibet","SUBJECTO":"Tibet","BORDERPRECISION":1,"PARTOF":"Tibet"},"geometry":{"type":"MultiPolygon","coordinates":[[[[83.74,28.205],[80.054,29.982],[79.808,30.709],[79.808,31.161],[80.079,31.884],[79.808,33.058],[79.898,34.051],[81.253,34.051],[81.795,34.503],[81.795,34.768],[82.693,34.743],[86.821,35.112],[89.917,35.186],[90,35.628],[89.917,35.996],[90,36.512],[91.686,36.365],[95.519,37.102],[101.688,36.307],[102.406,33.721],[100.682,28.691],[98.637,27.479],[98.551,28.288],[97.611,28.939],[95.082,28.722],[91.83,27.277],[88.664,26.414],[86.231,27.004],[83.74,28.205]]]]}},{"type":"Feature","properties":{"NAME":"Sultanate of Delhi","ABBREVN":"Sultanate of Delhi","SUBJECTO":"Sultanate of Delhi","BORDERPRECISION":1,"PARTOF":"Sultanate of Delhi"},"geometry":{"type":"MultiPolygon","coordinates":[[[[68.236,29.372],[69.826,31.757],[71.669,33.78],[72.791,34.225],[73.114,33.275],[73.476,32.986],[80.054,29.982],[86.231,27.004],[88.664,26.414],[90,25.687],[90,21.93],[89.87,22.133],[89.796,21.832],[89.67,21.72],[89.579,21.701],[89.457,21.942],[89.234,21.655],[89.072,21.774],[89.026,21.547],[88.881,21.515],[88.723,21.54],[88.657,21.857],[88.568,21.895],[88.3,21.552],[88.053,21.939],[87.867,21.697],[86.819,21.187],[86.926,20.691],[86.638,20.319],[86.632,20.204],[86.119,19.807],[85.379,19.605],[84.684,20.212],[84.304,20.752],[83.159,21.568],[82.364,22.652],[82.003,22.869],[80.702,22.796],[80.485,23.302],[79.907,23.447],[79.401,23.375],[79.401,22.218],[79.112,21.857],[75.138,21.207],[73.765,21.496],[73.548,21.785],[74.198,23.953],[73.981,24.459],[73.186,24.675],[68.882,22.997],[68.373,23.326],[68.047,23.764],[67.692,23.814],[67.486,23.928],[67.316,24.093],[67.204,24.588],[67.0,24.715],[66.654,24.784],[66.701,25.114],[66.621,25.317],[66.432,25.489],[66.3,25.495],[68.236,29.372]]]]}},{"type":"Feature","properties":{"NAME":"Kashmir and Ladakh","ABBREVN":"Kash./Lad.","SUBJECTO":"Kashmir and Ladakh","BORDERPRECISION":1,"PARTOF":"Kashmir and Ladakh"},"geometry":{"type":"MultiPolygon","coordinates":[[[[72.791,34.225],[76.014,35.497],[78.453,35.135],[81.253,35.316],[81.795,34.768],[81.795,34.503],[81.253,34.051],[79.898,34.051],[79.808,33.058],[80.079,31.884],[79.808,31.161],[79.808,30.709],[80.054,29.982],[73.476,32.986],[73.114,33.275],[72.791,34.225]]]]}},{"type":"Feature","properties":{"NAME":"Chagatai Khanate","ABBREVN":"Chagatai","SUBJECTO":"Mongol Empire","BORDERPRECISION":1,"PARTOF":"Mongol Empire"},"geometry":{"type":"MultiPolygon","coordinates":[[[[60.026,42.362],[63.548,45.252],[70.504,50.13],[79.175,49.407],[82.427,49.588],[85.679,50.31],[88.389,50.401],[90,50.073],[93.808,49.678],[93.266,49.136],[93.808,48.594],[93.808,48.052],[90,46.426],[90,43.897],[92.002,41.91],[81.253,35.316],[78.453,35.135],[76.014,35.497],[71.669,33.78],[69.826,31.757],[67.884,36.852],[67.342,37.213],[66.71,37.213],[66.529,38.116],[64.632,38.839],[63.729,39.471],[62.103,40.374],[62.013,41.187],[61.11,41.187],[60.026,42.362]]]]}},{"type":"Feature","properties":{"NAME":null,"ABBREVN":null,"SUBJECTO":null,"BORDERPRECISION":1,"PARTOF":null},"geometry":{"type":"MultiPolygon","coordinates":[[[[52.611,72.74],[53.502,73.137],[55.816,73.307],[56.509,73.174],[56.272,72.857],[55.623,72.651],[55.518,72.478],[55.52,72.11],[55.721,71.642],[56.151,71.271],[57.251,70.818],[57.238,70.691],[55.679,70.707],[54.998,70.522],[54.694,70.744],[53.729,70.765],[53.715,70.927],[54.321,71.09],[54.353,71.198],[53.234,71.514],[52.55,71.59],[52.121,71.465],[51.815,71.48],[51.534,71.658],[51.482,71.845],[51.585,71.985],[51.76,72.079],[52.351,72.041],[52.584,72.128],[53.089,72.473],[53.198,72.631],[52.611,72.74]]]]}},{"type":"Feature","properties":{"NAME":"Poland","ABBREVN":"Poland","SUBJECTO":"Poland","BORDERPRECISION":1,"PARTOF":"Poland"},"geometry":{"type":"MultiPolygon","coordinates":[[[[21.768,49.744],[21.317,49.864],[21.287,49.773],[21.135,49.834],[20.984,49.743],[20.803,49.834],[20.893,49.743],[20.681,49.652],[20.53,49.803],[20.349,49.743],[20.016,49.803],[19.895,49.471],[19.562,49.531],[19.562,49.713],[19.381,49.803],[19.138,49.713],[19.108,49.592],[18.796,49.713],[18.646,50.645],[17.64,51.437],[17.553,51.655],[17.291,51.786],[17.204,51.611],[16.855,51.655],[16.855,51.917],[16.506,52.178],[16.506,52.004],[15.765,52.265],[15.76,52.571],[15.844,52.71],[16.053,52.716],[16.204,53.343],[16.416,53.525],[16.204,53.706],[16.658,53.858],[16.809,53.464],[16.809,53.858],[16.688,54.039],[16.99,54.19],[17.111,54.13],[17.747,54.433],[17.658,54.685],[18.279,54.724],[18.76,54.536],[18.363,54.669],[18.338,54.603],[18.454,54.525],[18.513,54.316],[18.685,54.254],[18.282,53.357],[18.59,53.1],[18.949,53.254],[19.206,53.254],[20.078,53.665],[20.078,53.511],[20.386,53.511],[20.428,53.778],[20.709,53.758],[20.81,53.638],[21.105,53.819],[21.464,53.819],[21.358,53.197],[21.358,52.283],[21.75,52.022],[21.685,51.565],[21.424,51.499],[21.75,50.781],[21.768,49.744]]]]}},{"type":"Feature","properties":{"NAME":"Lithuania","ABBREVN":"Lithuania","SUBJECTO":"Lithuania","BORDERPRECISION":1,"PARTOF":"Lithuania"},"geometry":{"type":"MultiPolygon","coordinates":[[[[22.234,54.127],[22.183,54.538],[22.08,54.589],[22.132,54.794],[21.926,54.948],[22.029,55.256],[21.67,55.513],[21.31,55.513],[21.142,56.127],[21.905,56.35],[24.715,56.34],[25.307,56.489],[26.245,55.896],[27.371,55.719],[27.301,55.352],[27.693,54.96],[27.693,54.503],[27.105,53.916],[27.04,52.936],[26.126,52.74],[25.799,52.283],[23.383,52.348],[22.599,52.936],[22.234,54.127]]]]}},{"type":"Feature","properties":{"NAME":"Bulgar Khanate","ABBREVN":"Bulgar Khan.","SUBJECTO":"Bulgar Khanate","BORDERPRECISION":1,"PARTOF":"Bulgar Khanate"},"geometry":{"type":"MultiPolygon","coordinates":[[[[20.994,44.7],[21.358,44.773],[22.077,44.446],[22.338,44.773],[22.664,44.642],[22.469,44.381],[22.926,44.185],[22.926,43.793],[23.513,44.055],[24.232,43.793],[24.624,43.989],[25.473,43.728],[26.452,44.25],[27.954,44.25],[28.085,44.577],[27.824,44.838],[28.019,45.315],[28.402,45.359],[29.064,45.165],[29.711,45.258],[29.458,44.915],[29.09,44.876],[28.686,44.488],[28.446,43.476],[28.035,43.392],[27.887,43.064],[26.648,42.553],[26.583,41.834],[26.06,42.095],[24.297,42.03],[21.489,42.879],[21.685,43.728],[20.994,44.7]]]]}},{"type":"Feature","properties":{"NAME":"Novgorod","ABBREVN":"Novgorod","SUBJECTO":"Novgorod","BORDERPRECISION":1,"PARTOF":"Novgorod"},"geometry":{"type":"MultiPolygon","coordinates":[[[[28.093,56.792],[28.017,56.567],[27.823,56.725],[27.606,56.707],[27.511,57.611],[27.702,59.298],[28.016,59.454],[27.897,59.534],[27.942,59.648],[28.094,59.665],[28.266,59.562],[28.444,59.734],[28.663,59.644],[28.796,59.672],[29.076,59.908],[29.765,59.736],[30.127,59.806],[29.687,60.131],[28.666,62.209],[27.232,63.354],[30.604,64.938],[34.293,65.396],[34.426,65.107],[34.773,64.682],[34.885,64.367],[36.015,64.197],[36.24,63.919],[36.421,63.876],[37.411,63.749],[37.945,63.85],[38.054,63.986],[38.054,64.129],[37.88,64.308],[37.262,64.314],[36.997,64.407],[36.569,64.765],[36.884,65.068],[37.102,65.068],[37.604,64.853],[39.193,64.511],[39.622,64.476],[39.997,64.541],[40.322,64.463],[40.44,64.564],[40.462,64.75],[39.979,65.153],[39.823,65.436],[39.951,65.581],[41.354,65.955],[42.211,66.41],[43.241,66.251],[43.876,66.011],[44.053,66.041],[48.003,64.952],[51.268,63.254],[53.097,61.491],[54.729,58.879],[54.922,58.113],[45.965,57.735],[46.044,62.079],[45.717,62.209],[41.211,61.164],[41.211,60.446],[40.95,60.185],[39.84,60.12],[37.881,61.034],[37.097,61.164],[36.313,60.642],[36.248,60.12],[38.403,59.271],[38.86,58.356],[37.75,56.985],[36.117,56.724],[34.289,57.834],[33.505,57.965],[32.526,57.899],[32.417,57.278],[31.281,57.278],[30.738,56.982],[30.936,56.39],[30.689,55.896],[29.948,56.538],[29.06,56.538],[28.813,56.883],[28.093,56.792]]]]}},{"type":"Feature","properties":{"NAME":"Ryazan","ABBREVN":"Ryazan","SUBJECTO":"Khanate of the Golden Horde","BORDERPRECISION":1,"PARTOF":"Ryazan"},"geometry":{"type":"MultiPolygon","coordinates":[[[[27.171,47.973],[24.297,48.757],[21.771,49.592],[21.75,50.781],[21.424,51.499],[21.685,51.565],[21.75,52.022],[21.358,52.283],[21.358,53.197],[21.464,53.819],[22.234,54.127],[22.599,52.936],[23.383,52.348],[25.799,52.283],[26.126,52.74],[27.04,52.936],[27.105,53.916],[27.693,54.503],[27.693,54.96],[27.301,55.352],[27.371,55.719],[27.651,56.28],[27.606,56.707],[27.823,56.725],[28.017,56.567],[28.093,56.792],[28.813,56.883],[29.06,56.538],[29.948,56.538],[30.689,55.896],[30.936,56.39],[30.738,56.982],[31.281,57.278],[32.417,57.278],[32.526,57.899],[33.505,57.965],[34.289,57.834],[36.117,56.724],[37.75,56.985],[38.86,58.356],[38.403,59.271],[36.248,60.12],[36.313,60.642],[37.097,61.164],[37.881,61.034],[39.84,60.12],[40.95,60.185],[41.211,60.446],[41.211,61.164],[45.717,62.209],[46.044,62.079],[45.965,57.735],[45.587,57.311],[45.717,55.287],[45.325,54.895],[43.627,54.96],[43.105,54.699],[43.627,53.916],[43.627,52.218],[40.689,50.977],[38.795,51.042],[38.272,50.912],[38.142,49.605],[37.032,49.736],[34.681,48.561],[29.848,49.279],[29.456,48.365],[27.428,47.384],[27.171,47.973]],[[36.981,55.895],[37.84,55.323],[38.677,55.846],[37.796,56.24],[36.981,55.895]]]]}},{"type":"Feature","properties":{"NAME":"Siberians","ABBREVN":"Siberians","SUBJECTO":"Siberians","BORDERPRECISION":1,"PARTOF":"Siberians"},"geometry":{"type":"MultiPolygon","coordinates":[[[[56.96,73.357],[55.757,73.577],[54.664,73.472],[54.018,73.734],[54.894,74.063],[55.885,74.105],[55.946,74.265],[55.619,74.417],[55.965,74.603],[56.652,74.693],[56.303,74.871],[56.995,75.273],[57.226,75.331],[57.729,75.291],[58.17,75.532],[59.018,75.799],[60.043,75.918],[60.617,75.894],[60.949,75.961],[61.303,76.238],[61.819,76.289],[62.593,76.165],[65.926,76.507],[66.442,76.83],[68.457,76.927],[68.867,76.766],[68.937,76.606],[68.571,76.394],[67.722,76.175],[60.463,75.156],[60.334,75.033],[60.623,74.935],[60.009,74.675],[58.851,74.689],[58.656,74.608],[58.603,74.504],[58.882,74.391],[58.733,74.287],[58.191,74.085],[57.671,74.188],[57.405,74.052],[57.799,73.924],[57.823,73.781],[56.96,73.357]]],[[[60.934,68.815],[60.986,69.003],[60.369,69.468],[61.03,69.741],[62.281,69.705],[63.923,69.459],[66.584,68.886],[68.385,68.179],[69.109,68.83],[68.512,68.837],[68.258,68.941],[68.094,69.136],[68.106,69.429],[67.779,69.557],[66.884,69.623],[66.828,69.819],[67.422,70.223],[67.398,70.599],[67.285,70.706],[66.775,70.736],[66.67,70.866],[66.818,71.105],[68.316,71.635],[68.812,72.095],[69.057,72.645],[69.343,72.834],[70.214,72.733],[71.663,72.831],[72.714,72.77],[72.853,72.644],[72.845,72.495],[72.655,72.118],[71.898,71.587],[71.798,71.432],[72.136,71.278],[72.68,70.824],[72.774,70.455],[72.437,70.187],[72.551,69.656],[72.526,69.069],[72.643,68.807],[72.846,68.635],[73.309,68.517],[73.394,68.382],[72.838,67.646],[71.4,66.949],[71.544,66.714],[70.84,66.551],[69.792,66.755],[69.085,66.688],[69.173,66.548],[69.767,66.33],[70.983,66.2],[72.209,66.173],[72.557,66.496],[73.69,66.865],[73.985,67.263],[74.353,67.404],[74.742,67.686],[74.771,67.849],[74.669,68.102],[74.395,68.347],[74.505,68.593],[74.612,68.639],[75.537,68.775],[76.328,68.776],[77.04,68.464],[77.108,68.114],[76.955,67.653],[77.091,67.528],[78.089,67.411],[78.478,67.479],[78.536,67.612],[77.946,67.774],[77.483,67.803],[77.514,67.973],[77.978,68.145],[78.007,68.257],[77.636,68.816],[77.406,68.936],[75.598,69.21],[74.902,69.081],[73.915,69.154],[73.654,69.756],[73.791,70.052],[74.25,70.573],[73.698,71.141],[73.217,71.458],[73.591,71.707],[74.137,71.755],[74.921,72.029],[75.075,72.42],[75.016,72.719],[75.617,72.625],[75.666,72.414],[75.583,72.171],[75.297,71.897],[75.221,71.648],[75.284,71.446],[75.452,71.322],[75.671,71.199],[77.736,71.025],[78.105,70.841],[78.609,70.85],[78.372,71.251],[78.137,71.374],[76.866,71.449],[76.607,71.518],[76.333,71.72],[76.457,71.868],[77.075,71.892],[77.79,71.777],[78.126,71.848],[78.086,72.175],[79.223,72.271],[80.339,72.008],[80.828,71.767],[81.425,71.613],[82.491,71.568],[82.818,71.646],[82.88,71.491],[82.215,71.204],[82.046,70.419],[82.196,70.358],[82.675,70.842],[82.804,70.819],[83.076,70.582],[83.036,70.245],[83.677,70.46],[83.657,70.598],[83.168,71.182],[83.561,71.624],[83.202,71.826],[82.436,72.051],[82.321,72.222],[80.982,72.447],[80.844,72.58],[80.829,73.014],[80.464,73.314],[80.501,73.425],[80.838,73.553],[83.02,73.612],[84.616,73.743],[85.001,73.576],[85.856,73.825],[86.492,73.874],[86.757,73.787],[86.326,73.634],[86.124,73.451],[86.905,73.556],[87.57,73.772],[87.691,73.9],[87.541,74.1],[86.978,74.299],[86.814,74.435],[86.958,74.782],[89.285,75.466],[90,75.602],[91.635,75.653],[93.592,75.881],[94.694,76.184],[95.967,76.169],[96.139,76.086],[95.982,75.902],[96.658,75.853],[98.289,76.057],[99.467,75.967],[99.779,76.059],[99.833,76.21],[99.774,76.285],[99.983,76.437],[100.83,76.455],[101.389,76.625],[101.112,76.853],[101.166,77.006],[101.69,77.203],[103.393,77.558],[105.063,77.569],[105.45,77.449],[105.47,77.329],[104.782,77.149],[104.485,76.995],[104.705,76.928],[105.528,76.98],[107.24,76.898],[106.537,76.567],[106.404,76.432],[107.771,76.401],[108.244,76.646],[110.548,76.642],[112.057,76.451],[112.589,76.259],[112.822,76.059],[113.533,76.094],[113.723,75.869],[113.113,75.494],[113.625,75.273],[112.577,74.886],[111.587,74.731],[108.34,73.691],[106.208,73.259],[105.279,72.752],[106.087,72.855],[106.502,73.061],[107.804,73.143],[109.991,73.44],[110.442,73.568],[110.4,73.743],[110.163,73.83],[110.551,74.038],[110.944,73.943],[111.215,73.768],[111.762,73.658],[113.222,73.748],[113.308,73.613],[113.312,73.383],[113.547,73.201],[114.187,73.551],[116.671,73.619],[118.46,73.519],[118.338,73.186],[118.498,73.036],[120.579,72.835],[122.243,72.909],[122.882,72.753],[123.515,73.172],[123.41,73.481],[124.457,73.705],[125.717,73.398],[127.72,73.402],[128.499,73.126],[128.525,72.952],[127.314,72.714],[126.216,72.382],[126.111,72.28],[127.418,72.142],[128.432,71.755],[129.355,71.176],[130.172,70.815],[130.779,70.678],[131.055,70.687],[131.413,70.864],[132.284,71.661],[132.554,71.809],[132.684,71.801],[132.791,71.592],[133.138,71.453],[134.241,71.262],[135.861,71.543],[136.765,71.406],[137.63,71.075],[138.076,71.246],[138.175,71.362],[138.119,71.47],[138.446,71.61],[138.675,71.618],[139.159,71.418],[139.744,71.404],[139.826,71.628],[139.739,71.838],[139.848,72.236],[139.339,72.164],[138.969,72.211],[139.312,72.383],[140.589,72.495],[141.408,72.787],[144.562,72.456],[145.6,72.426],[144.82,72.143],[145.665,72.161],[145.815,72.098],[145.678,71.927],[144.881,71.723],[144.801,71.591],[145.746,71.694],[146.915,72.202],[148.698,72.166],[149.53,72.027],[149.722,71.895],[148.711,71.629],[151.119,71.255],[151.48,71.086],[151.899,70.733],[152.134,70.664],[156.043,70.987],[158.409,70.814],[159.229,70.547],[159.466,70.395],[159.628,70.22],[159.444,69.765],[159.673,69.652],[160.682,69.578],[160.674,69.27],[160.862,69.083],[161.171,69.159],[161.416,69.354],[162.118,69.559],[163.038,69.545],[163.722,69.674],[164.054,69.66],[164.318,69.465],[164.636,69.413],[166.309,69.378],[166.7,69.432],[167.32,69.659],[168.1,69.232],[168.986,68.963],[169.113,68.784],[169.389,68.717],[170.833,68.922],[170.905,69.034],[170.431,69.559],[170.056,69.611],[170.452,70.019],[172.359,69.909],[172.908,69.835],[173.008,69.692],[175.611,69.779],[177.705,69.49],[178.965,69.229],[180,68.92],[180,64.953],[179.016,64.773],[178.726,64.606],[178.004,64.548],[177.427,64.607],[177.251,64.856],[177.026,64.844],[177.135,64.927],[176.712,64.782],[176.332,64.773],[175.965,64.904],[176.156,64.678],[175.9,64.547],[176.468,64.409],[176.753,64.571],[176.931,64.553],[177.082,64.517],[177.082,64.303],[177.193,64.21],[177.535,64.09],[178.011,64.192],[177.813,64.047],[178.147,64.157],[178.403,63.664],[178.078,63.429],[178.344,63.458],[178.714,63.154],[178.939,63.083],[179.004,62.97],[178.932,62.765],[179.288,62.815],[179.242,62.526],[179.049,62.391],[178.738,62.299],[178.452,62.32],[177.291,62.487],[177.135,62.55],[177.19,62.67],[176.832,62.676],[176.549,62.38],[175.173,61.969],[174.542,61.891],[173.927,61.616],[173.481,61.601],[172.918,61.278],[172.492,61.263],[172.0,60.858],[171.248,60.654],[171.072,60.452],[170.337,60.277],[170.273,60.013],[170.06,59.882],[169.877,59.875],[169.614,60.012],[169.456,60.296],[169.154,60.435],[168.671,60.455],[167.104,60.271],[166.027,59.709],[165.945,59.771],[166.203,60.353],[165.78,60.354],[165.415,60.115],[164.933,59.962],[164.882,59.734],[164.585,59.665],[164.442,59.74],[164.328,59.961],[164.111,60.078],[163.65,59.792],[163.767,59.884],[163.389,59.814],[163.043,59.462],[163.255,59.29],[162.753,58.966],[162.907,58.891],[162.22,58.486],[161.804,58.102],[161.8,57.863],[161.989,57.72],[162.826,57.701],[163.078,57.626],[163.128,57.552],[162.593,57.17],[162.512,57.033],[162.744,56.6],[163.098,56.56],[163.166,56.106],[163.009,55.944],[162.771,55.917],[162.555,56.011],[162.722,56.342],[162.522,56.349],[162.318,56.24],[161.861,55.861],[161.609,55.557],[161.503,55.287],[161.647,54.985],[162.008,54.738],[161.876,54.564],[161.567,54.423],[160.683,54.448],[160.027,54.153],[159.695,53.859],[159.633,53.706],[159.905,53.4],[159.897,53.241],[158.461,52.826],[158.39,52.203],[158.258,52.017],[157.898,51.666],[156.696,50.958],[156.362,51.914],[156.333,52.272],[156.038,52.781],[155.711,53.805],[155.63,54.465],[155.465,54.92],[155.506,55.64],[155.703,56.37],[156.558,56.947],[156.878,57.363],[156.777,57.58],[157.962,57.883],[159.104,58.425],[159.393,58.61],[159.649,58.954],[161.535,59.942],[161.818,60.268],[163.329,60.695],[163.445,60.89],[163.793,61.128],[163.831,61.233],[163.576,61.33],[163.942,61.737],[163.926,61.955],[164.008,62.131],[164.277,62.223],[165.286,62.288],[165.067,62.436],[164.138,62.533],[162.99,62.326],[163.009,62.178],[162.711,61.763],[162.749,61.609],[162.235,61.51],[160.645,60.718],[160.119,60.564],[160.007,60.591],[160.236,60.947],[159.816,60.981],[159.744,61.1],[160.149,61.66],[160.118,61.751],[159.231,61.546],[159.106,61.707],[158.841,61.784],[156.825,61.563],[156.423,61.401],[156.418,61.121],[155.667,60.778],[155.734,60.555],[154.693,60.199],[154.316,59.983],[153.943,59.569],[153.944,59.397],[154.182,59.301],[154.753,59.281],[154.906,59.103],[153.924,58.922],[152.968,58.996],[152.504,58.769],[152.191,58.926],[151.354,58.691],[151.007,58.793],[151.056,58.924],[151.857,59.056],[151.524,59.344],[151.14,59.44],[150.279,59.362],[149.73,59.595],[149.38,59.608],[148.728,59.476],[148.747,59.297],[148.416,59.097],[147.919,59.261],[147.0,59.191],[146.307,59.286],[146.054,59.251],[145.957,58.983],[145.653,58.975],[145.513,59.037],[145.404,59.326],[142.927,59.28],[142.358,59.141],[141.924,58.941],[141.35,58.501],[140.587,58.239],[140.029,57.644],[138.867,57.124],[137.229,55.983],[134.985,54.854],[134.894,54.72],[134.902,54.559],[135.095,54.433],[136.492,54.455],[136.344,53.888],[136.351,53.701],[136.487,53.655],[126.437,54.917],[118.11,56.893],[109.077,57.599],[93.975,56.893],[85.083,58.163],[77.038,61.974],[70.687,62.539],[61.881,59.852],[58.293,58.425],[54.922,58.113],[54.729,58.879],[53.097,61.491],[51.268,63.254],[48.003,64.952],[44.053,66.041],[44.122,66.267],[44.384,66.612],[44.362,66.906],[44.219,67.09],[43.838,67.163],[43.704,67.266],[44.261,67.83],[44.169,68.097],[43.822,68.327],[43.853,68.469],[44.012,68.492],[44.668,68.389],[45.58,68.443],[45.863,68.383],[46.634,67.701],[45.463,67.639],[45.093,67.542],[44.871,67.312],[45.386,67.099],[45.715,66.85],[46.402,66.719],[47.571,66.816],[47.706,66.89],[48.081,67.562],[52.245,68.545],[52.337,68.336],[52.72,68.351],[52.939,68.471],[53.006,68.681],[53.502,68.816],[53.889,68.787],[53.782,68.338],[53.316,68.233],[53.317,68.136],[53.626,68.048],[54.38,68.161],[54.576,68.161],[54.752,68.05],[54.996,68.207],[55.126,68.401],[55.723,68.536],[56.54,68.553],[57.364,68.457],[58.409,68.833],[58.77,68.856],[59.346,68.7],[59.062,68.497],[59.12,68.393],[59.762,68.297],[59.892,68.402],[59.925,68.581],[60.512,68.59],[60.934,68.815]]]]}},{"type":"Feature","properties":{"NAME":"Ra\u0161ka","ABBREVN":"Ra\u0161ka","SUBJECTO":"Ra\u0161ka","BORDERPRECISION":1,"PARTOF":"Ra\u0161ka"},"geometry":{"type":"MultiPolygon","coordinates":[[[[17.548,42.92],[16.992,43.323],[16.64,43.39],[16.701,43.847],[16.865,44.245],[17.458,44.146],[17.754,44.393],[18.939,44.393],[19.785,44.936],[20.314,44.901],[20.705,44.642],[20.994,44.7],[21.685,43.728],[21.489,42.879],[20.705,42.814],[19.607,41.762],[19.143,41.932],[18.91,42.218],[18.529,42.353],[17.548,42.92]]]]}},{"type":"Feature","properties":{"NAME":"Venice","ABBREVN":"Venice","SUBJECTO":"Venice","BORDERPRECISION":1,"PARTOF":"Venice"},"geometry":{"type":"MultiPolygon","coordinates":[[[[13.368,45.694],[13.156,45.727],[13.105,45.582],[12.28,45.402],[12.176,45.214],[11.971,45.436],[12.145,45.763],[12.645,45.915],[13.081,45.98],[13.368,45.694]]],[[[14.175,45.01],[14.189,44.943],[13.895,44.759],[13.672,45.05],[13.527,45.454],[13.8,45.566],[13.995,45.458],[13.799,45.306],[13.908,44.979],[14.175,45.01]]]]}},{"type":"Feature","properties":{"NAME":"Corsica","ABBREVN":"Corsica","SUBJECTO":"Corsica","BORDERPRECISION":1,"PARTOF":"Corsica"},"geometry":{"type":"MultiPolygon","coordinates":[[[[9.432,42.794],[9.453,42.048],[9.173,41.35],[9.039,41.369],[9.013,41.458],[8.727,41.561],[8.823,41.688],[8.627,41.732],[8.742,41.882],[8.562,41.882],[8.538,41.948],[8.668,42.029],[8.511,42.134],[8.628,42.262],[8.5,42.36],[9.018,42.691],[9.238,42.664],[9.303,42.983],[9.367,42.988],[9.432,42.794]]]]}},{"type":"Feature","properties":{"NAME":"Papal States","ABBREVN":"Papal States","SUBJECTO":"Papal States","BORDERPRECISION":1,"PARTOF":"Papal States"},"geometry":{"type":"MultiPolygon","coordinates":[[[[12.697,43.935],[13.601,43.535],[14.076,42.634],[13.929,42.53],[13.83,42.564],[13.714,42.398],[13.631,42.53],[13.415,42.364],[13.465,42.232],[13.415,42.198],[13.631,42.016],[13.597,41.8],[13.929,41.75],[13.88,41.634],[14.029,41.401],[13.813,41.318],[13.761,41.207],[12.977,41.371],[11.96,42.007],[12.07,42.298],[12.053,42.53],[12.169,42.63],[12.153,43.062],[12.697,43.935]]]]}},{"type":"Feature","properties":{"NAME":"Sicily","ABBREVN":"Sicily","SUBJECTO":"Sicily","BORDERPRECISION":1,"PARTOF":"Sicily"},"geometry":{"type":"MultiPolygon","coordinates":[[[[14.076,42.634],[14.519,42.23],[14.72,42.142],[14.739,42.047],[14.922,41.972],[15.449,41.857],[16.013,41.904],[16.187,41.841],[16.198,41.746],[15.873,41.502],[18.034,40.597],[18.523,40.094],[18.365,39.747],[18.017,39.948],[17.968,40.167],[17.85,40.243],[17.402,40.292],[17.204,40.398],[17.243,40.496],[16.949,40.481],[16.604,40.09],[16.532,39.698],[17.149,39.422],[17.121,39.086],[17.181,39.022],[17.095,38.915],[16.798,38.926],[16.613,38.827],[16.522,38.725],[16.572,38.457],[16.331,38.321],[16.053,37.931],[15.71,37.941],[15.627,38.004],[15.627,38.233],[15.791,38.296],[15.933,38.54],[15.827,38.623],[16.212,38.778],[15.757,39.934],[15.666,40.092],[15.432,39.989],[14.899,40.241],[14.992,40.372],[14.951,40.551],[14.743,40.705],[14.334,40.594],[14.495,40.73],[14.37,40.851],[14.051,40.768],[13.761,41.207],[13.813,41.318],[14.029,41.401],[13.88,41.634],[13.929,41.75],[13.647,41.75],[13.564,41.866],[13.631,42.016],[13.415,42.198],[13.465,42.232],[13.415,42.364],[13.631,42.53],[13.714,42.398],[13.83,42.564],[13.929,42.53],[14.076,42.634]]],[[[14.942,36.739],[14.622,36.776],[14.216,37.049],[13.012,37.525],[12.637,37.582],[12.454,37.766],[12.517,37.919],[12.783,38.117],[13.066,38.067],[13.322,38.221],[13.81,37.966],[14.766,38.058],[15.387,38.206],[15.473,38.11],[15.112,37.459],[15.116,37.287],[15.301,37.058],[15.027,36.745],[14.942,36.739]]]]}},{"type":"Feature","properties":{"NAME":"Hungary","ABBREVN":"Hungary","SUBJECTO":"Hungary","BORDERPRECISION":1,"PARTOF":"Hungary"},"geometry":{"type":"MultiPolygon","coordinates":[[[[21.771,49.743],[21.771,49.592],[24.297,48.757],[27.171,47.973],[27.628,46.928],[27.366,46.34],[26.517,45.818],[23.056,45.034],[22.664,44.642],[22.338,44.773],[22.077,44.446],[21.358,44.773],[20.705,44.642],[20.314,44.901],[19.785,44.936],[18.939,44.393],[17.754,44.393],[17.458,44.146],[16.865,44.245],[16.701,43.847],[16.64,43.39],[16.367,43.513],[16.059,43.433],[15.913,43.652],[15.412,43.935],[15.149,44.24],[15.548,44.229],[14.989,44.54],[14.907,44.723],[14.946,44.927],[14.815,45.078],[14.354,45.323],[14.527,45.783],[14.798,45.865],[14.88,45.484],[15.424,45.43],[15.47,45.734],[16.122,45.582],[16.209,45.734],[16.079,45.886],[16.209,46.147],[16.448,46.104],[16.535,46.365],[16.296,46.408],[16.514,46.626],[16.448,46.93],[16.644,47.3],[16.557,47.495],[16.622,47.735],[16.796,47.843],[17.408,47.822],[17.462,48.066],[17.218,48.066],[17.19,48.447],[17.353,48.963],[17.87,48.8],[18.114,48.854],[18.114,48.99],[18.223,48.99],[18.25,49.181],[18.522,49.561],[19.108,49.592],[19.138,49.713],[19.381,49.803],[19.562,49.713],[19.562,49.531],[19.895,49.471],[20.016,49.803],[20.349,49.743],[20.53,49.803],[20.681,49.652],[20.893,49.743],[20.803,49.834],[20.984,49.743],[21.135,49.834],[21.287,49.773],[21.317,49.864],[21.771,49.743]]]]}},{"type":"Feature","properties":{"NAME":"France","ABBREVN":"France","SUBJECTO":"France","BORDERPRECISION":1,"PARTOF":"France"},"geometry":{"type":"MultiPolygon","coordinates":[[[[1.987,50.22],[1.987,50.082],[2.148,50.059],[2.401,50.197],[2.677,50.151],[2.907,49.943],[3.483,49.92],[3.82,50.039],[4.255,49.887],[5.361,49.697],[5.909,49.201],[5.612,49.21],[5.723,48.959],[5.876,49.071],[6.001,48.904],[5.834,48.778],[6.015,48.653],[5.946,48.347],[6.238,48.291],[6.252,47.957],[6.099,48.027],[6.057,47.957],[5.96,47.985],[5.96,47.804],[5.82,47.735],[5.918,47.595],[5.793,47.512],[5.667,47.108],[5.794,46.997],[5.757,46.887],[5.646,46.85],[5.626,46.649],[5.74,46.598],[5.725,46.48],[5.416,46.524],[5.268,46.318],[5.533,46.097],[5.533,46.009],[5.357,46.053],[5.357,45.876],[5.607,45.847],[5.947,45.26],[6.058,45.223],[6.033,45.334],[6.219,45.347],[6.28,45.199],[6.943,44.869],[7.003,44.72],[6.783,44.548],[6.87,44.349],[6.787,44.198],[6.997,44.05],[6.923,43.976],[6.96,43.914],[6.886,43.902],[6.923,43.815],[7.355,43.902],[7.397,43.764],[7.298,43.667],[6.523,43.151],[5.829,43.021],[5.434,43.104],[4.91,43.366],[4.417,43.346],[4.078,43.487],[3.807,43.467],[3.479,43.312],[3.039,42.869],[1.728,42.501],[1.792,42.579],[1.577,42.648],[1.32,42.605],[0.744,42.772],[0.584,42.772],[0.592,42.628],[-0.166,42.649],[-0.41,42.786],[1.638,45.801],[1.638,46.033],[1.29,46.303],[0.363,46.303],[0.131,46.033],[-0.719,46.033],[-1.403,46.404],[-1.711,46.449],[-2.13,46.851],[-2.005,47.043],[-2.576,47.324],[-2.01,47.746],[-1.752,48.178],[-1.999,48.677],[-2.2,48.599],[-2.343,48.674],[-2.636,48.552],[-2.791,48.59],[-3.091,48.872],[-3.435,48.836],[-3.558,48.81],[-3.608,48.693],[-3.821,48.721],[-3.902,48.646],[-3.999,48.731],[-4.762,48.552],[-4.78,48.355],[-4.762,48.552],[-3.999,48.731],[-3.902,48.646],[-3.821,48.721],[-3.608,48.693],[-3.558,48.81],[-3.091,48.872],[-2.791,48.59],[-2.636,48.552],[-2.343,48.674],[-2.2,48.599],[-1.871,48.712],[-1.858,48.608],[-1.457,48.684],[-1.576,48.768],[-1.58,49.229],[-1.892,49.526],[-1.941,49.709],[-1.524,49.653],[-1.251,49.7],[-1.289,49.521],[-1.177,49.333],[-1.023,49.398],[-0.239,49.285],[0.033,49.334],[0.331,49.455],[0.09,49.511],[0.189,49.681],[1.275,50.004],[1.552,50.229],[1.589,50.822],[1.796,50.921],[1.826,50.243],[1.987,50.22]]],[[[1.876,42.314],[1.86,42.382],[1.876,42.314]]],[[[1.364,42.41],[1.349,42.539],[1.364,42.41]]],[[[-2.466,47.494],[-2.576,47.325],[-2.466,47.494]]],[[[-4.391,47.942],[-4.364,47.829],[-4.391,47.942]]],[[[-4.313,48.101],[-4.351,48.205],[-4.313,48.101],[-4.7,48.064],[-4.313,48.101]]],[[[-4.389,48.298],[-4.35,48.391],[-4.389,48.298],[-4.588,48.251],[-4.389,48.298]]]]}},{"type":"Feature","properties":{"NAME":"Granada","ABBREVN":"Granada","SUBJECTO":"Granada","BORDERPRECISION":1,"PARTOF":"Granada"},"geometry":{"type":"MultiPolygon","coordinates":[[[[-2.624,36.811],[-2.761,36.69],[-4.447,36.722],[-4.757,36.486],[-5.217,36.41],[-5.424,36.072],[-5.488,36.174],[-5.485,36.065],[-5.661,36.008],[-6.204,36.282],[-6.289,36.572],[-6.444,36.623],[-6.5,36.719],[-6.422,36.792],[-6.632,37.022],[-5.201,37.533],[-3.964,37.456],[-2.624,36.811]]]]}},{"type":"Feature","properties":{"NAME":"Castile","ABBREVN":"Castile","SUBJECTO":"Castile","BORDERPRECISION":1,"PARTOF":"Castile"},"geometry":{"type":"MultiPolygon","coordinates":[[[[-8.806,41.889],[-8.86,42.015],[-8.644,42.42],[-8.942,42.824],[-9.247,42.901],[-9.271,43.049],[-9.014,43.281],[-8.31,43.353],[-8.22,43.617],[-7.98,43.74],[-6.808,43.523],[-5.82,43.706],[-5.225,43.507],[-3.417,43.376],[-3.007,43.55],[-2.768,43.538],[-2.367,43.326],[-2.143,43.331],[-2.14,43.136],[-2.556,43.076],[-2.675,42.423],[-2.199,42.244],[-2.08,42.066],[-2.318,42.066],[-2.259,41.828],[-2.13,41.817],[-2.149,41.493],[-2.301,41.493],[-2.301,41.265],[-2.035,41.227],[-1.921,40.618],[-2.301,40.39],[-2.301,40.238],[-1.997,40.086],[-1.997,39.972],[-1.807,39.858],[-1.997,39.743],[-1.997,39.591],[-1.807,39.477],[-1.807,39.173],[-2.035,39.249],[-2.035,38.602],[-1.807,38.526],[-1.807,38.26],[-1.655,38.184],[-1.655,37.918],[-1.883,37.956],[-2.035,37.842],[-1.921,37.651],[-2.149,37.233],[-1.94,36.952],[-2.239,36.728],[-2.355,36.824],[-2.624,36.811],[-3.964,37.456],[-5.201,37.533],[-6.632,37.022],[-7.228,37.226],[-7.492,37.208],[-7.243,37.811],[-6.845,38.1],[-7.028,38.24],[-7.394,38.295],[-7.317,38.5],[-6.933,38.961],[-7.431,39.521],[-6.878,39.702],[-6.834,41.061],[-6.241,41.32],[-6.112,41.417],[-6.139,41.526],[-6.518,41.749],[-6.709,41.96],[-6.86,41.985],[-7.098,41.868],[-7.919,41.889],[-8.157,42.087],[-8.806,41.889]]]]}},{"type":"Feature","properties":{"NAME":"Mamluke Sultanate","ABBREVN":"Mamluke","SUBJECTO":"Mamluke Sultanate","BORDERPRECISION":1,"PARTOF":"Mamluke Sultanate"},"geometry":{"type":"MultiPolygon","coordinates":[[[[34.936,29.418],[34.764,29.247],[34.549,28.732],[34.322,27.829],[34.241,27.759],[34.058,27.79],[33.331,28.551],[33.178,28.996],[32.944,29.198],[32.648,29.852],[32.438,29.776],[32.318,29.54],[32.649,28.766],[33.354,27.91],[33.929,26.564],[35.19,24.4],[32.514,23.733],[30.819,23.659],[29.345,24.028],[27.428,27.197],[25.438,28.008],[21.679,28.082],[17.971,28.612],[17.957,30.768],[18.915,30.205],[19.319,30.255],[19.664,30.442],[19.982,30.722],[20.117,30.957],[19.942,31.611],[20.068,32.037],[20.516,32.388],[21.673,32.816],[22.216,32.791],[22.923,32.558],[23.007,32.482],[23.027,32.253],[23.153,32.139],[23.714,32.076],[24.034,31.937],[24.816,31.907],[24.952,31.818],[24.982,31.647],[25.107,31.514],[25.258,31.438],[26.143,31.491],[27.763,31.183],[27.919,30.999],[28.517,30.962],[28.966,30.785],[29.249,30.754],[30.099,31.232],[30.996,31.469],[31.717,31.388],[31.808,31.178],[32.077,31.014],[32.309,31.084],[32.769,30.952],[33.021,31.132],[33.255,31.027],[33.71,30.996],[34.195,31.238],[34.501,31.621],[34.843,32.671],[34.957,32.705],[34.972,32.938],[35.089,33.069],[35.349,33.744],[35.492,33.831],[35.532,34.119],[35.873,34.422],[35.751,34.747],[35.841,35.043],[35.796,35.271],[35.607,35.418],[35.733,35.585],[35.691,35.685],[35.856,35.835],[35.665,36.134],[35.709,36.212],[35.814,36.298],[38.372,35.141],[38.036,34.597],[37.212,33.566],[36.525,31.162],[36.593,29.787],[37.421,27.834],[40.18,24.028],[41.138,22.406],[41.812,21.713],[41.923,20.767],[40.82,19.685],[40.694,19.869],[39.764,20.407],[39.527,20.692],[39.167,21.219],[39.056,22.572],[38.49,23.613],[37.988,24.114],[37.557,24.271],[37.201,24.658],[37.269,24.97],[37.218,25.167],[36.669,26.017],[36.312,26.423],[35.436,27.73],[35.112,28.072],[34.764,28.097],[34.886,28.357],[35.095,29.343],[34.985,29.467],[34.936,29.418]]]]}},{"type":"Feature","properties":{"NAME":"Hafsid Caliphate","ABBREVN":"Hafsid Cal.","SUBJECTO":"Hafsid Caliphate","BORDERPRECISION":1,"PARTOF":"Hafsid Caliphate"},"geometry":{"type":"MultiPolygon","coordinates":[[[[6.503,32.733],[5.681,32.815],[-1.802,32.427],[-1.61,33.048],[-1.681,33.258],[-1.664,34.205],[-1.738,34.605],[-2.077,34.826],[-2.193,35.054],[-1.738,35.119],[-1.495,35.234],[-1.147,35.629],[-0.429,35.86],[-0.092,35.74],[0.474,36.225],[1.058,36.462],[2.524,36.573],[2.81,36.714],[3.07,36.619],[3.324,36.651],[3.741,36.837],[4.395,36.838],[5.383,36.675],[6.047,36.842],[6.323,37.091],[6.923,36.818],[7.307,37.061],[7.545,37.042],[7.913,36.775],[8.637,36.885],[9.416,37.275],[10.021,37.2],[10.133,37.105],[10.272,36.755],[10.393,36.717],[11.024,37.068],[11.039,36.909],[10.92,36.654],[10.633,36.424],[10.511,36.086],[10.603,35.889],[10.989,35.622],[11.125,35.241],[10.839,34.801],[10.116,34.234],[10.019,34.081],[10.149,33.878],[10.65,33.498],[10.778,33.473],[10.957,33.575],[11.099,33.537],[11.209,33.252],[12.117,32.879],[12.565,32.74],[13.187,32.792],[14.157,32.679],[14.433,32.464],[15.01,32.363],[15.241,32.173],[15.358,31.805],[15.533,31.551],[15.843,31.285],[17.422,30.996],[17.957,30.768],[17.971,28.612],[17.002,28.751],[12.533,30.805],[7.892,32.593],[6.503,32.733]]]]}},{"type":"Feature","properties":{"NAME":"Trebizond","ABBREVN":"Trebizond","SUBJECTO":"Trebizond","BORDERPRECISION":1,"PARTOF":"Trebizond"},"geometry":{"type":"MultiPolygon","coordinates":[[[[37.253,41.028],[38.314,40.921],[39.37,41.064],[40.361,40.963],[41.293,41.286],[41.484,41.437],[40.762,40.569],[40.204,40.36],[38.811,40.151],[37.766,40.29],[37.253,41.028]]]]}},{"type":"Feature","properties":{"NAME":"Seljuk Caliphate","ABBREVN":"Seljuk Turks","SUBJECTO":"Seljuk Caliphate","BORDERPRECISION":1,"PARTOF":"Seljuk Caliphate"},"geometry":{"type":"MultiPolygon","coordinates":[[[[35.891,36.771],[35.506,36.559],[35.495,36.443],[35.221,36.388],[34.662,36.648],[34.485,36.627],[33.952,36.252],[33.954,36.16],[33.834,36.071],[33.753,36.147],[33.171,35.971],[32.64,36.008],[32.335,36.128],[31.902,36.497],[31.371,36.712],[30.905,36.794],[30.594,36.762],[30.473,36.188],[30.395,36.118],[30.166,36.188],[29.472,36.091],[29.298,36.173],[29.002,36.695],[30.591,37.782],[30.73,39.663],[31.984,39.663],[34.492,40.917],[34.663,41.876],[35.002,42.043],[35.099,41.806],[35.286,41.671],[35.678,41.621],[35.958,41.686],[36.161,41.353],[36.383,41.238],[36.817,41.29],[37.253,41.028],[37.766,40.29],[38.811,40.151],[40.204,40.36],[40.762,40.569],[41.484,41.437],[41.212,40.244],[39.148,38.622],[36.494,37.369],[36.789,37.001],[35.891,36.771]]]]}},{"type":"Feature","properties":{"NAME":"Ilkhanate","ABBREVN":"Ilkhanate","SUBJECTO":"Ilkhanate","BORDERPRECISION":1,"PARTOF":"Ilkhanate"},"geometry":{"type":"MultiPolygon","coordinates":[[[[45.861,42.474],[47.97,42.594],[48.5,41.929],[48.662,41.902],[49.244,41.293],[49.286,41.059],[49.605,40.687],[49.807,40.581],[50.19,40.57],[50.424,40.411],[50.467,40.262],[50.031,40.347],[49.573,40.176],[49.403,39.485],[49.488,39.294],[49.339,39.283],[49.275,39.017],[49.116,39.187],[49.041,39.145],[49.052,38.932],[48.946,38.836],[48.988,38.719],[48.825,38.31],[48.745,37.727],[48.837,37.511],[49.06,37.398],[50.039,37.225],[50.252,36.895],[50.561,36.686],[51.417,36.456],[51.796,36.432],[53.8,36.679],[53.984,36.782],[54.067,36.942],[53.88,38.025],[53.937,38.571],[54.071,38.897],[55.642,40.05],[56.769,41.372],[60.026,42.362],[61.11,41.187],[62.013,41.187],[62.103,40.374],[63.729,39.471],[64.632,38.839],[66.529,38.116],[66.71,37.213],[67.342,37.213],[67.884,36.852],[69.826,31.757],[68.236,29.372],[66.3,25.495],[65.769,25.309],[64.851,25.206],[64.238,25.211],[64.059,25.401],[63.65,25.337],[63.404,25.165],[62.45,25.163],[61.344,25.027],[60.858,25.096],[60.298,25.323],[59.031,25.308],[58.744,25.536],[57.9,25.541],[57.805,25.648],[57.255,25.793],[57.245,26.018],[57.112,26.076],[57.066,26.307],[56.935,26.465],[56.929,26.752],[56.79,26.974],[56.431,27.107],[55.9,27.105],[55.805,27.005],[55.425,26.963],[55.34,26.799],[55.098,26.737],[54.926,26.538],[54.646,26.391],[54.065,26.701],[53.634,26.748],[53.381,26.91],[52.891,27.052],[52.41,27.581],[51.962,27.777],[51.611,27.827],[51.35,28.036],[50.702,29.134],[50.705,29.401],[50.132,30.066],[49.511,30.021],[49.235,30.223],[49.222,30.477],[49.02,30.433],[48.714,30.0],[47.957,29.948],[47.911,29.89],[47.996,29.49],[47.845,29.503],[47.614,29.272],[47.804,29.185],[48.129,29.268],[48.855,27.523],[49.244,27.479],[49.152,27.372],[49.322,27.162],[49.533,27.01],[49.931,26.934],[50.122,26.738],[49.934,26.483],[50.076,26.312],[49.937,25.956],[50.147,25.536],[50.214,25.588],[50.382,25.461],[50.429,25.184],[50.619,24.871],[50.607,24.68],[50.778,24.471],[50.968,24.436],[50.847,25.265],[50.931,25.539],[51.015,25.588],[51.069,25.945],[51.217,26.066],[51.358,26.029],[51.389,25.887],[51.506,25.845],[51.587,25.609],[51.539,25.42],[51.606,24.987],[51.288,24.411],[51.291,24.281],[51.523,24.161],[51.606,24.203],[51.586,24.003],[50.857,23.88],[48.617,25.687],[40.029,34.391],[35.814,36.298],[36.095,36.482],[36.082,36.622],[35.891,36.771],[36.789,37.001],[36.494,37.369],[39.148,38.622],[41.212,40.244],[41.484,41.437],[44.454,42.032],[45.478,42.549],[45.808,42.538],[45.861,42.474]]]]}},{"type":"Feature","properties":{"NAME":"Georgia","ABBREVN":"Georgia","SUBJECTO":"Georgia","BORDERPRECISION":1,"PARTOF":"Georgia"},"geometry":{"type":"MultiPolygon","coordinates":[[[[41.484,41.437],[41.666,41.729],[41.652,42.121],[41.41,42.788],[41.123,43.019],[43.546,42.835],[45.26,42.439],[44.454,42.032],[41.484,41.437]]]]}},{"type":"Feature","properties":{"NAME":"Khanate of the Golden Horde","ABBREVN":"Golden Horde","SUBJECTO":"Mongol Empire","BORDERPRECISION":1,"PARTOF":"Mongol Empire"},"geometry":{"type":"MultiPolygon","coordinates":[[[[29.63,45.75],[29.5,45.523],[29.683,45.375],[29.711,45.258],[29.064,45.165],[28.402,45.359],[28.019,45.315],[27.824,44.838],[28.085,44.577],[27.954,44.25],[26.452,44.25],[25.473,43.728],[24.624,43.989],[24.232,43.793],[23.513,44.055],[22.926,43.793],[22.926,44.185],[22.469,44.381],[23.056,45.034],[26.517,45.818],[27.366,46.34],[27.628,46.928],[27.428,47.384],[29.456,48.365],[29.848,49.279],[34.681,48.561],[37.032,49.736],[38.142,49.605],[38.272,50.912],[38.795,51.042],[40.689,50.977],[43.627,52.218],[43.627,53.916],[43.105,54.699],[43.627,54.96],[45.325,54.895],[45.717,55.287],[45.587,57.311],[45.965,57.735],[55.465,58.136],[58.293,58.425],[61.881,59.852],[70.687,62.539],[77.038,61.974],[85.083,58.163],[93.975,56.893],[90,50.073],[88.389,50.401],[85.679,50.31],[82.427,49.588],[79.175,49.407],[70.504,50.13],[63.548,45.252],[60.026,42.362],[56.769,41.372],[55.642,40.05],[54.071,38.897],[53.66,39.318],[53.334,39.385],[53.248,39.299],[53.209,39.405],[53.315,39.567],[53.794,39.491],[53.813,39.548],[53.554,39.654],[53.516,39.778],[53.688,39.979],[53.047,39.998],[52.989,39.931],[52.845,40.18],[52.826,40.468],[53.056,41.052],[53.257,40.765],[53.612,40.745],[53.698,40.88],[53.765,40.87],[53.842,40.64],[54.225,40.726],[54.416,40.659],[54.368,40.899],[54.608,40.813],[54.818,40.88],[54.751,41.138],[54.167,41.483],[54.024,42.048],[53.736,42.134],[53.066,42.029],[52.941,41.77],[52.999,41.684],[52.932,41.378],[52.97,41.138],[52.692,41.531],[52.683,41.694],[52.559,41.758],[52.601,41.938],[52.52,42.073],[52.835,42.648],[52.763,42.756],[52.583,42.828],[52.376,42.801],[52.295,42.873],[52.07,42.828],[51.738,43.179],[51.423,43.17],[51.459,43.385],[51.171,43.718],[50.955,44.204],[50.389,44.294],[50.326,44.365],[50.335,44.563],[50.542,44.644],[51.333,44.482],[51.576,44.554],[51.099,44.878],[51.216,45.04],[51.342,45.058],[51.513,45.373],[51.845,45.436],[53.284,45.328],[52.844,45.507],[52.835,45.642],[53.149,45.957],[53.257,46.317],[53.122,46.497],[53.284,46.676],[53.185,46.865],[53.023,46.919],[52.556,46.982],[52.142,46.838],[51.675,47.036],[51.117,47.063],[50.632,46.91],[49.948,46.56],[49.535,46.542],[49.058,46.137],[48.833,46.083],[48.77,45.885],[48.635,45.975],[48.303,45.768],[47.871,45.678],[47.628,45.732],[47.655,45.543],[47.17,44.86],[46.873,44.68],[46.81,44.536],[46.846,44.446],[47.143,44.339],[47.439,44.033],[47.565,43.844],[47.52,43.511],[47.664,43.853],[47.736,43.862],[47.574,43.502],[47.655,43.277],[47.565,43.008],[47.79,42.855],[47.844,42.621],[45.861,42.474],[45.808,42.538],[45.478,42.549],[45.26,42.439],[43.546,42.835],[41.123,43.019],[40.557,43.147],[40.252,43.268],[38.924,44.212],[38.109,44.494],[37.88,44.719],[37.474,44.692],[36.96,45.227],[37.661,45.345],[37.706,45.578],[37.99,46.007],[38.459,46.079],[38.265,46.319],[37.757,46.603],[38.401,46.721],[39.282,47.074],[39.16,47.269],[37.422,47.077],[37.193,46.894],[35.851,46.664],[35.624,46.521],[35.416,46.495],[35.212,46.637],[35.046,46.358],[34.907,46.273],[34.064,46.265],[33.839,46.193],[35.008,45.612],[35.063,45.34],[35.317,45.321],[35.85,45.445],[36.521,45.388],[36.265,45.097],[35.865,45.031],[35.387,45.082],[35.067,44.862],[34.372,44.757],[34.014,44.492],[33.395,44.6],[33.559,44.936],[33.398,45.253],[33.013,45.381],[32.575,45.361],[32.503,45.445],[32.902,45.673],[33.639,45.927],[33.528,46.134],[32.202,46.17],[31.926,46.41],[32.189,46.592],[31.951,46.865],[31.781,46.702],[30.833,46.577],[30.069,45.861],[29.63,45.75]]]]}},{"type":"Feature","properties":{"NAME":"Aceh","ABBREVN":"Aceh","SUBJECTO":"Aceh","BORDERPRECISION":1,"PARTOF":"Aceh"},"geometry":{"type":"MultiPolygon","coordinates":[[[[96.118,3.951],[95.561,4.534],[95.308,4.96],[95.191,5.41],[95.283,5.55],[95.628,5.526],[96.187,5.146],[96.753,5.064],[97.384,5.18],[97.943,4.521],[98.174,4.381],[98.146,4.07],[98.625,3.658],[98.49,3.227],[98.646,2.76],[99.681,1.518],[99.401,0.088],[99.113,0.221],[98.601,1.707],[97.983,2.112],[97.597,2.251],[97.509,2.74],[97.254,3.14],[96.72,3.705],[96.394,3.647],[96.118,3.951]]]]}},{"type":"Feature","properties":{"NAME":"Srivijaya Empire","ABBREVN":"Srivijaya E.","SUBJECTO":"Srivijaya Empire","BORDERPRECISION":1,"PARTOF":"Srivijaya Empire"},"geometry":{"type":"MultiPolygon","coordinates":[[[[105.185,-6.866],[105.144,-6.782],[105.633,-6.755],[105.672,-6.456],[105.811,-6.482],[105.792,-6.257],[105.933,-6.026],[106.308,-6.131],[106.521,-6.11],[106.628,-6.309],[106.864,-6.27],[106.945,-6.026],[107.34,-6.154],[107.525,-6.351],[107.677,-6.33],[107.769,-6.452],[108.173,-6.356],[108.475,-6.686],[108.556,-6.921],[109.217,-7.014],[109.115,-7.739],[108.61,-7.702],[108.16,-7.856],[107.73,-7.787],[107.368,-7.565],[106.32,-7.434],[106.547,-7.16],[106.366,-7.04],[105.185,-6.866]]],[[[108.999,0.198],[108.841,0.331],[108.814,0.808],[109.282,1.883],[109.554,1.801],[109.723,1.617],[110.289,1.516],[110.968,1.226],[111.263,0.79],[110.636,0.163],[110.706,-0.604],[111.333,-1.37],[110.102,-3.079],[109.941,-1.643],[109.783,-1.306],[109.179,-0.869],[109.429,-0.71],[109.073,-0.405],[109.158,-0.075],[108.999,0.198]]],[[[103.714,-0.017],[103.238,-0.659],[103.311,-0.818],[103.747,-1.116],[104.23,-1.191],[104.352,-1.89],[104.568,-2.137],[104.813,-2.156],[104.61,-2.576],[104.678,-2.671],[104.995,-2.467],[105.445,-2.599],[105.629,-2.91],[105.943,-3.215],[105.711,-4.105],[105.796,-5.35],[105.728,-5.827],[105.641,-5.929],[105.187,-5.542],[105.033,-5.879],[104.563,-5.601],[104.465,-5.639],[104.642,-5.976],[104.568,-6.071],[103.523,-4.999],[102.462,-4.182],[102.111,-3.604],[101.345,-3.015],[100.812,-2.336],[100.796,-2.025],[100.65,-1.631],[100.272,-0.971],[99.697,-0.152],[99.401,0.088],[99.681,1.518],[98.646,2.76],[98.49,3.227],[98.625,3.658],[99.796,2.981],[99.863,2.568],[100.121,2.543],[100.732,1.871],[100.854,1.877],[100.832,2.176],[101.06,2.081],[101.276,1.719],[101.474,1.548],[101.868,1.435],[102.278,0.743],[102.472,0.623],[103.24,0.459],[103.714,-0.017]]],[[[103.334,3.394],[103.351,2.804],[103.83,2.17],[104.176,1.389],[103.349,1.412],[102.717,1.881],[101.893,2.337],[101.336,2.781],[101.264,3.225],[101.067,3.536],[100.664,3.904],[100.577,4.202],[100.608,4.552],[100.38,5.021],[100.139,6.177],[100.222,6.521],[100.154,6.603],[99.969,6.507],[99.834,6.539],[99.663,6.71],[99.572,7.263],[99.468,7.339],[99.294,7.319],[99.025,7.871],[98.545,8.264],[99.724,9.258],[99.837,9.226],[99.898,9.068],[99.866,8.712],[99.929,8.585],[100.009,8.49],[100.132,8.532],[100.345,7.44],[100.54,7.049],[100.975,6.853],[101.428,6.828],[101.56,6.74],[101.68,6.464],[102.09,6.143],[102.325,6.099],[103.342,4.805],[103.334,3.394]]],[[[106.553,-3.175],[105.995,-2.89],[105.812,-2.382],[105.583,-2.205],[105.2,-2.11],[105.427,-1.71],[105.656,-1.957],[105.722,-1.747],[105.863,-1.626],[106.037,-2.204],[106.329,-2.572],[106.643,-2.711],[106.471,-2.921],[106.553,-3.175]]]]}},{"type":"Feature","properties":{"NAME":"Kediri","ABBREVN":"Kediri","SUBJECTO":"Kediri","BORDERPRECISION":1,"PARTOF":"Kediri"},"geometry":{"type":"MultiPolygon","coordinates":[[[[115.956,-3.199],[115.806,-3.536],[115.568,-3.804],[114.581,-4.295],[114.356,-3.603],[114.218,-3.432],[113.971,-3.363],[113.744,-3.598],[113.608,-3.611],[113.461,-3.383],[113.123,-3.244],[112.795,-2.971],[112.578,-3.423],[112.246,-3.398],[111.739,-3.647],[111.729,-3.259],[111.587,-2.796],[111.436,-2.974],[110.797,-3.172],[110.653,-2.988],[110.102,-3.079],[111.333,-1.37],[112.801,-1.875],[113.772,-1.875],[114.635,-1.659],[115.956,-3.199]]],[[[109.217,-7.014],[110.243,-7.031],[110.396,-6.955],[110.492,-6.662],[110.613,-6.541],[110.815,-6.534],[111.045,-6.852],[112.275,-7.027],[112.537,-7.265],[112.501,-7.465],[112.678,-7.719],[113.263,-7.908],[113.948,-7.824],[114.231,-7.932],[114.069,-8.434],[114.329,-8.783],[113.074,-8.347],[112.414,-8.488],[110.778,-8.32],[110.415,-8.207],[110.038,-7.991],[109.115,-7.739],[109.217,-7.014]]],[[[117.938,-8.54],[117.677,-8.363],[117.806,-8.178],[117.948,-8.162],[118.13,-8.343],[118.267,-8.277],[118.42,-8.325],[118.462,-8.596],[118.618,-8.392],[118.761,-8.379],[118.863,-8.481],[118.873,-8.671],[118.982,-8.702],[118.971,-8.881],[118.689,-8.76],[118.625,-8.786],[118.658,-8.856],[118.275,-8.927],[118.216,-8.739],[117.974,-8.975],[117.841,-8.954],[117.277,-9.145],[116.976,-9.178],[116.663,-9.059],[116.663,-8.702],[116.958,-8.529],[117.514,-8.613],[117.554,-8.739],[117.817,-8.814],[117.902,-8.697],[118.033,-8.692],[118.056,-8.608],[117.938,-8.54]]],[[[115.072,-8.781],[114.511,-8.452],[114.458,-8.331],[115.084,-8.235],[115.5,-8.469],[115.244,-8.59],[115.072,-8.781]]]]}},{"type":"Feature","properties":{"NAME":null,"ABBREVN":null,"SUBJECTO":null,"BORDERPRECISION":1,"PARTOF":null},"geometry":{"type":"MultiPolygon","coordinates":[[[[114.635,-1.659],[113.772,-1.875],[112.801,-1.875],[111.333,-1.37],[110.706,-0.604],[110.636,0.163],[111.263,0.79],[112.499,2.258],[113.742,3.087],[114.57,3.501],[115.329,3.087],[116.227,2.051],[116.434,1.361],[116.02,0.187],[114.635,-1.659]]]]}},{"type":"Feature","properties":{"NAME":"minor Hindu and Buddhist kingdoms","ABBREVN":"var kingdoms","SUBJECTO":"minor Hindu and Buddhist kingdoms","BORDERPRECISION":1,"PARTOF":"minor Hindu and Buddhist kingdoms"},"geometry":{"type":"MultiPolygon","coordinates":[[[[110.968,1.226],[111.12,1.27],[110.893,1.511],[111.372,2.599],[112.759,3.009],[112.952,3.155],[113.188,3.615],[113.423,3.76],[113.815,4.263],[114.167,4.511],[114.45,4.563],[114.745,4.984],[114.854,5.016],[114.878,4.856],[115.361,4.876],[115.418,5.111],[115.203,5.276],[115.292,5.454],[115.717,5.468],[115.787,5.74],[116.338,6.358],[116.596,6.899],[116.741,6.69],[116.889,6.646],[117.031,6.837],[117.168,6.614],[117.507,6.393],[117.541,6.24],[117.37,5.789],[117.867,5.904],[117.918,5.803],[117.762,5.58],[118.377,5.639],[118.998,5.278],[119.043,5.17],[118.881,4.979],[118.683,4.915],[118.108,4.939],[117.948,4.799],[117.992,4.685],[118.391,4.374],[118.319,4.234],[117.589,4.048],[117.541,3.94],[117.684,3.629],[117.074,3.507],[117.215,3.272],[117.139,3.171],[117.342,3.025],[117.829,2.314],[117.696,1.901],[117.73,1.799],[118.517,1.166],[118.765,0.823],[118.556,0.746],[118.218,0.758],[117.86,0.866],[117.708,0.821],[117.534,0.611],[117.318,-0.14],[117.43,-0.622],[117.37,-1.004],[117.046,-0.935],[116.046,-1.934],[116.246,-2.106],[116.349,-2.417],[116.041,-2.443],[116.248,-2.798],[115.956,-3.199],[114.635,-1.659],[116.02,0.187],[116.434,1.361],[116.227,2.051],[115.329,3.087],[114.57,3.501],[113.742,3.087],[112.499,2.258],[111.263,0.79],[110.968,1.226]]],[[[119.692,-0.017],[119.914,0.54],[120.109,0.724],[120.239,0.788],[120.432,0.636],[120.454,0.384],[120.143,0.191],[119.873,-0.465],[119.904,-0.681],[120.109,-0.985],[120.419,-2.875],[120.144,-3.076],[120.28,-3.654],[120.143,-4.398],[120.307,-4.804],[120.124,-5.332],[120.248,-5.586],[119.477,-5.804],[119.295,-5.423],[119.446,-5.067],[119.461,-3.808],[119.365,-3.63],[119.226,-3.574],[118.791,-3.663],[118.684,-2.901],[119.175,-2.176],[119.247,-1.959],[119.244,-1.228],[119.396,-0.904],[119.597,-0.878],[119.578,-0.491],[119.692,-0.017]]]]}},{"type":"Feature","properties":{"NAME":null,"ABBREVN":null,"SUBJECTO":null,"BORDERPRECISION":1,"PARTOF":null},"geometry":{"type":"MultiPolygon","coordinates":[[[[120.432,0.636],[120.767,1.139],[120.991,1.165],[121.263,1.102],[121.591,0.861],[122.181,0.869],[122.733,0.673],[122.992,0.775],[123.826,0.739],[124.15,0.797],[124.432,0.956],[124.527,1.083],[124.457,1.204],[124.852,1.624],[124.982,1.65],[125.016,1.542],[124.931,1.16],[124.421,0.479],[124.234,0.301],[124.025,0.256],[123.472,0.153],[123.249,0.185],[122.983,0.375],[120.454,0.384],[120.432,0.636]]],[[[140.87,-2.795],[143.446,-3.61],[144.103,-3.984],[144.543,-3.995],[144.783,-4.338],[145.377,-4.674],[145.728,-4.997],[145.608,-5.525],[146.893,-6.03],[147.376,-6.125],[147.644,-6.48],[147.739,-6.74],[146.909,-6.895],[146.886,-7.117],[147.151,-7.562],[148.035,-8.246],[148.133,-8.627],[148.459,-9.097],[148.589,-9.16],[149.198,-9.121],[149.237,-9.21],[149.078,-9.458],[149.176,-9.553],[149.83,-9.711],[149.859,-9.831],[149.567,-9.927],[150.418,-10.294],[150.495,-10.739],[150.002,-10.734],[149.783,-10.41],[148.561,-10.184],[147.874,-10.179],[147.615,-10.084],[147.393,-9.926],[147.185,-9.57],[146.646,-9.279],[145.82,-8.098],[144.929,-7.922],[144.627,-7.783],[144.38,-7.758],[144.016,-7.874],[143.665,-7.671],[143.78,-8.109],[143.356,-8.129],[143.489,-8.307],[143.437,-8.358],[142.249,-8.31],[143.051,-8.67],[143.331,-9.0],[142.607,-9.377],[140.948,-9.274],[139.977,-8.238],[138.917,-8.317],[139.156,-7.725],[138.65,-7.141],[138.662,-7.04],[138.861,-7.09],[139.028,-7.02],[138.421,-6.481],[137.824,-5.427],[137.385,-5.123],[135.061,-4.454],[134.777,-4.309],[134.766,-4.036],[134.401,-4.068],[134.041,-3.948],[133.857,-3.771],[133.763,-3.51],[133.823,-3.288],[133.753,-3.186],[133.563,-3.415],[133.395,-3.988],[132.932,-4.268],[132.713,-3.888],[132.896,-3.696],[132.827,-3.506],[132.495,-3.221],[132.025,-3.018],[132.016,-2.821],[132.719,-2.934],[133.121,-2.597],[133.321,-2.742],[133.781,-2.722],[133.884,-2.43],[133.855,-2.245],[133.321,-2.38],[132.219,-2.344],[131.973,-2.116],[131.816,-1.665],[131.064,-1.54],[131.183,-1.406],[131.211,-1.025],[131.42,-1.011],[131.834,-0.826],[132.254,-0.527],[132.592,-0.57],[133.265,-0.861],[133.907,-1.006],[134.141,-1.501],[133.983,-2.01],[134.283,-2.855],[134.455,-3.0],[134.557,-2.708],[134.773,-3.305],[134.954,-3.463],[135.246,-3.539],[135.508,-3.449],[135.734,-3.252],[136.271,-2.418],[137.084,-2.251],[137.111,-1.984],[137.704,-1.633],[137.854,-1.614],[139.592,-2.379],[140.87,-2.795]]],[[[149.554,-6.406],[149.379,-6.209],[149.209,-6.153],[149.021,-6.242],[148.306,-5.773],[148.377,-5.659],[149.648,-5.713],[149.869,-5.401],[150.181,-5.706],[150.722,-5.622],[150.887,-5.52],[151.157,-5.1],[151.57,-5.029],[151.539,-4.406],[151.944,-4.52],[152.09,-4.36],[152.268,-4.779],[152.136,-5.085],[151.907,-5.104],[151.835,-5.206],[152.059,-5.498],[151.92,-5.657],[151.28,-5.671],[151.056,-6.015],[150.494,-6.277],[149.554,-6.406]]],[[[123.492,-10.352],[123.665,-9.748],[124.918,-9.046],[125.08,-8.772],[127.044,-8.476],[127.141,-8.596],[126.873,-8.807],[125.212,-9.395],[124.154,-10.205],[123.492,-10.352]]],[[[127.631,-0.017],[127.441,0.537],[127.522,0.785],[127.424,0.982],[127.569,1.528],[127.8,1.897],[127.987,1.574],[127.689,0.925],[127.802,0.716],[128.042,0.964],[128.102,1.199],[128.545,1.448],[128.609,1.384],[128.632,1.022],[128.263,0.767],[128.19,0.627],[128.642,0.431],[128.706,0.209],[128.037,0.367],[127.901,0.296],[127.865,0.099],[127.946,-0.326],[128.37,-0.929],[128.299,-1.025],[127.636,-0.308],[127.631,-0.017]]],[[[122.949,-8.377],[122.696,-8.493],[122.711,-8.598],[122.051,-8.868],[121.899,-8.849],[121.694,-8.996],[121.276,-8.914],[120.971,-9.055],[120.549,-8.935],[119.935,-8.936],[119.84,-8.682],[119.853,-8.574],[120.025,-8.485],[120.565,-8.388],[121.279,-8.717],[121.431,-8.723],[121.578,-8.589],[121.98,-8.55],[122.166,-8.634],[122.376,-8.582],[122.344,-8.482],[122.715,-8.293],[122.723,-8.172],[122.64,-8.183],[122.692,-8.094],[122.863,-8.141],[122.949,-8.377]]],[[[130.784,-3.879],[130.297,-3.677],[129.781,-3.322],[129.595,-3.335],[129.579,-3.583],[129.031,-3.413],[128.915,-3.254],[128.376,-3.547],[128.042,-3.059],[128.289,-2.957],[128.909,-3.0],[129.168,-3.139],[129.743,-2.979],[130.369,-3.13],[130.725,-3.485],[130.784,-3.879]]],[[[138.176,-8.554],[137.676,-8.459],[138.193,-7.676],[138.568,-7.523],[138.895,-7.783],[138.699,-8.152],[138.297,-8.541],[138.176,-8.554]]],[[[126.66,-3.875],[126.472,-3.85],[126.15,-3.628],[126.046,-3.425],[126.111,-3.298],[126.727,-3.233],[127.094,-3.518],[127.112,-3.722],[126.66,-3.875]]],[[[120.109,-0.985],[120.407,-1.175],[120.587,-1.518],[121.055,-1.549],[121.461,-0.989],[121.995,-1.114],[122.739,-0.878],[122.981,-0.718],[123.25,-0.902],[123.213,-1.233],[123.002,-1.112],[122.757,-1.094],[122.223,-1.654],[121.746,-1.852],[121.65,-1.999],[121.253,-1.961],[121.265,-2.101],[121.664,-2.418],[122.258,-3.211],[122.144,-3.663],[122.19,-3.847],[122.669,-4.386],[122.648,-4.513],[122.159,-4.514],[121.974,-4.648],[121.873,-4.96],[121.441,-4.865],[121.416,-4.497],[121.508,-4.236],[120.802,-3.596],[120.999,-3.049],[120.925,-2.826],[120.593,-2.802],[120.419,-2.875],[120.109,-0.985]]],[[[120.28,-10.378],[119.41,-9.872],[119.032,-9.771],[118.9,-9.682],[118.949,-9.587],[119.789,-9.458],[120.462,-9.926],[120.581,-10.098],[120.414,-10.352],[120.28,-10.378]]]]}},{"type":"Feature","properties":{"NAME":"Sukhothai","ABBREVN":"Sukhothai","SUBJECTO":"Sukhothai","BORDERPRECISION":1,"PARTOF":"Sukhothai"},"geometry":{"type":"MultiPolygon","coordinates":[[[[99.841,20.482],[100.377,20.302],[100.435,20.036],[101.657,19.661],[101.646,17.999],[104.111,17.999],[104.933,17.451],[105.777,15.426],[105.876,14.464],[101.803,13.98],[100.909,13.447],[100.935,14.053],[100.646,14.197],[100.213,14.197],[99.851,13.908],[100.023,12.994],[99.834,12.524],[99.895,12.079],[99.186,10.489],[99.071,9.898],[99.119,9.371],[99.196,9.238],[99.298,9.162],[99.724,9.258],[98.545,8.264],[98.292,8.156],[98.195,8.327],[98.177,8.6],[98.633,10.101],[98.432,10.202],[98.398,10.564],[98.605,10.863],[98.738,11.435],[98.867,11.645],[98.59,11.695],[98.677,12.051],[98.597,12.737],[97.823,14.616],[97.573,16.445],[99.841,20.482]]]]}},{"type":"Feature","properties":{"NAME":"Scotland","ABBREVN":"Scotland","SUBJECTO":"Scotland","BORDERPRECISION":1,"PARTOF":"Scotland"},"geometry":{"type":"MultiPolygon","coordinates":[[[[-3.153,54.838],[-3.577,54.924],[-4.122,54.762],[-4.461,54.862],[-4.6,54.688],[-5.111,54.794],[-5.067,54.948],[-4.638,55.428],[-4.908,55.664],[-4.895,55.772],[-4.623,55.908],[-4.711,56.131],[-5.57,55.751],[-5.633,55.94],[-5.271,56.544],[-5.547,56.652],[-5.822,56.4],[-6.044,56.475],[-5.909,56.733],[-5.625,56.999],[-5.726,57.258],[-5.461,57.388],[-5.763,57.62],[-5.568,57.777],[-5.056,57.751],[-5.346,58.093],[-4.907,58.169],[-5.113,58.395],[-4.926,58.567],[-4.51,58.403],[-3.441,58.529],[-3.165,58.522],[-3.028,58.406],[-3.166,58.275],[-4.15,57.835],[-4.249,57.636],[-4.148,57.555],[-2.15,57.572],[-1.945,57.402],[-2.203,57.065],[-2.159,57.014],[-2.667,56.471],[-3.152,56.337],[-2.721,56.178],[-3.294,55.974],[-3.895,55.985],[-3.713,55.885],[-3.356,55.843],[-2.742,55.957],[-2.245,55.811],[-3.153,54.838]]],[[[-5.698,55.331],[-5.756,55.477],[-5.689,55.628],[-5.518,55.668],[-5.482,55.443],[-5.698,55.331]]]]}},{"type":"Feature","properties":{"NAME":"English territory","ABBREVN":"English territory","SUBJECTO":"English territory","BORDERPRECISION":1,"PARTOF":"English territory"},"geometry":{"type":"MultiPolygon","coordinates":[[[[-0.41,42.786],[-0.612,42.731],[-0.84,42.909],[-1.515,42.998],[-1.491,43.21],[-1.702,43.196],[-1.915,43.305],[-1.561,43.524],[-1.314,44.559],[-1.136,44.6],[-1.23,44.73],[-1.332,44.614],[-1.175,45.501],[-0.9,45.294],[-0.728,45.019],[-0.855,45.321],[-1.247,45.688],[-1.075,46.015],[-1.256,46.307],[-0.719,46.033],[0.131,46.033],[0.363,46.303],[1.29,46.303],[1.638,46.033],[1.638,45.801],[-0.41,42.786]]],[[[-0.204,53.523],[0.081,53.386],[0.268,53.127],[0.006,52.787],[0.327,52.707],[0.505,52.848],[1.013,52.888],[1.376,52.809],[1.586,52.65],[1.692,52.311],[1.512,52.026],[1.031,51.813],[0.686,51.56],[0.254,51.454],[1.365,51.353],[1.335,51.121],[0.886,50.982],[0.888,50.893],[0.673,50.931],[0.192,50.731],[-0.336,50.817],[-0.839,50.722],[-1.103,50.817],[-2.085,50.703],[-2.024,50.57],[-2.432,50.646],[-2.551,50.57],[-2.961,50.722],[-3.521,50.617],[-3.563,50.361],[-3.715,50.219],[-3.882,50.2],[-4.243,50.391],[-4.303,50.324],[-4.541,50.358],[-4.967,50.212],[-5.282,49.964],[-5.429,50.068],[-5.778,50.134],[-4.815,50.604],[-4.605,50.779],[-4.552,50.997],[-4.443,50.969],[-4.277,51.064],[-4.281,51.187],[-3.825,51.235],[-3.066,51.178],[-3.033,51.33],[-2.895,51.394],[-2.75,51.644],[-3.173,51.467],[-3.499,51.46],[-4.159,51.677],[-4.999,51.702],[-5.249,51.86],[-5.061,52.006],[-4.295,52.2],[-4.124,52.373],[-4.094,52.746],[-4.148,52.832],[-4.621,52.831],[-4.492,52.991],[-3.957,53.205],[-2.914,53.267],[-3.057,53.514],[-2.865,54.028],[-2.886,54.169],[-3.261,54.141],[-3.569,54.415],[-3.43,54.643],[-3.153,54.838],[-2.245,55.811],[-1.719,55.454],[-1.556,54.922],[-1.389,54.68],[-0.871,54.547],[-0.296,54.033],[-0.235,53.799],[-0.319,53.579],[-0.204,53.523]]],[[[-6.206,53.957],[-6.443,53.899],[-6.172,53.439],[-6.043,52.893],[-6.406,52.214],[-6.894,52.207],[-6.962,52.111],[-7.751,52.033],[-8.565,51.615],[-9.819,51.435],[-9.835,51.803],[-10.217,51.758],[-10.294,51.978],[-9.964,52.092],[-10.497,52.102],[-10.469,52.207],[-9.891,52.194],[-9.802,52.241],[-9.736,52.48],[-9.193,52.554],[-9.134,52.681],[-9.616,52.637],[-9.442,52.833],[-9.526,52.905],[-9.309,53.115],[-8.924,53.161],[-9.002,53.3],[-9.158,53.221],[-9.617,53.346],[-9.885,53.297],[-10.16,53.374],[-10.021,53.512],[-10.151,53.576],[-9.81,53.632],[-9.872,53.768],[-9.696,53.873],[-9.913,53.97],[-10.179,53.912],[-10.16,54.133],[-9.892,54.326],[-8.59,54.203],[-8.687,54.364],[-8.301,54.489],[-8.211,54.634],[-8.829,54.634],[-8.504,54.75],[-8.345,55.095],[-7.756,55.253],[-7.498,55.05],[-6.645,55.206],[-6.117,55.16],[-5.785,54.737],[-5.8,54.523],[-5.662,54.322],[-5.912,54.027],[-6.206,53.957]]]]}},{"type":"Feature","properties":{"NAME":"Holy Roman Empire","ABBREVN":"Holy Roman E","SUBJECTO":"Holy Roman Empire","BORDERPRECISION":1,"PARTOF":"Holy Roman Empire"},"geometry":{"type":"MultiPolygon","coordinates":[[[[14.174,53.907],[14.205,53.813],[13.828,53.83],[13.778,54.044],[14.174,53.907]]],[[[14.459,53.819],[14.248,53.816],[14.227,53.91],[14.425,53.915],[14.459,53.819]]],[[[8.54,53.801],[9.125,53.79],[8.857,53.867],[8.819,53.969],[8.946,54.015],[8.779,54.132],[9.056,54.349],[9.441,54.247],[9.449,54.189],[9.674,54.189],[9.739,54.276],[9.885,54.254],[10.213,54.372],[10.649,54.259],[11.039,54.313],[11.016,54.097],[10.717,53.964],[10.859,53.877],[11.151,53.938],[11.202,53.857],[11.408,53.859],[11.565,54.035],[12.943,54.347],[13.064,54.194],[13.431,54.03],[13.668,54.084],[13.85,53.729],[14.537,53.538],[14.557,53.76],[14.467,53.91],[15.898,54.128],[16.473,54.415],[17.658,54.685],[17.747,54.433],[17.111,54.13],[16.99,54.19],[16.688,54.039],[16.809,53.858],[16.809,53.464],[16.658,53.858],[16.204,53.706],[16.416,53.525],[16.204,53.343],[16.053,52.716],[15.844,52.71],[15.76,52.571],[15.765,52.265],[16.506,52.004],[16.506,52.178],[16.855,51.917],[16.855,51.655],[17.204,51.611],[17.291,51.786],[17.553,51.655],[17.64,51.437],[18.646,50.645],[18.796,49.713],[18.896,49.713],[18.927,49.622],[18.522,49.561],[18.25,49.181],[18.223,48.99],[18.114,48.99],[18.114,48.854],[17.87,48.8],[17.353,48.963],[17.19,48.447],[17.218,48.066],[17.462,48.066],[17.408,47.822],[16.796,47.843],[16.622,47.735],[16.557,47.495],[16.644,47.3],[16.448,46.93],[16.514,46.626],[16.296,46.408],[16.535,46.365],[16.448,46.104],[16.209,46.147],[16.079,45.886],[16.209,45.734],[16.122,45.582],[15.47,45.734],[15.424,45.43],[14.88,45.484],[14.798,45.865],[14.527,45.783],[14.239,45.062],[13.908,44.979],[13.799,45.306],[13.995,45.458],[13.673,45.715],[13.438,45.638],[13.081,45.98],[12.145,45.763],[11.971,45.436],[12.176,45.214],[12.313,45.178],[12.322,45.042],[12.523,44.883],[12.274,44.673],[12.281,44.55],[12.345,44.301],[12.697,43.935],[12.153,43.062],[12.169,42.63],[12.053,42.53],[12.07,42.298],[11.96,42.007],[10.743,42.851],[10.292,43.705],[9.909,44.11],[9.692,44.22],[8.897,44.437],[8.672,44.417],[7.98,43.965],[7.397,43.764],[7.355,43.902],[6.923,43.815],[6.886,43.902],[6.96,43.914],[6.923,43.976],[6.997,44.05],[6.787,44.198],[6.87,44.349],[6.783,44.548],[7.003,44.72],[6.943,44.869],[6.28,45.199],[6.219,45.347],[6.033,45.334],[6.058,45.223],[5.947,45.26],[5.607,45.847],[5.357,45.876],[5.357,46.053],[5.533,46.009],[5.533,46.097],[5.268,46.318],[5.416,46.524],[5.725,46.48],[5.74,46.598],[5.626,46.649],[5.646,46.85],[5.757,46.887],[5.794,46.997],[5.667,47.108],[5.793,47.512],[5.918,47.595],[5.82,47.735],[5.96,47.804],[5.96,47.985],[6.057,47.957],[6.099,48.027],[6.252,47.957],[6.238,48.291],[5.946,48.347],[6.015,48.653],[5.834,48.778],[6.001,48.904],[5.876,49.071],[5.723,48.959],[5.612,49.21],[5.909,49.201],[5.361,49.697],[4.255,49.887],[3.82,50.039],[3.483,49.92],[2.907,49.943],[2.677,50.151],[2.401,50.197],[2.148,50.059],[1.987,50.082],[1.987,50.22],[1.826,50.243],[1.796,50.921],[2.443,51.048],[2.995,51.313],[3.681,51.321],[3.775,51.388],[3.743,51.46],[3.52,51.579],[4.264,52.071],[4.719,52.802],[5.008,52.856],[5.235,52.623],[5.108,52.532],[5.006,52.557],[5.036,52.334],[4.95,52.278],[5.473,52.177],[5.757,52.334],[5.817,52.521],[5.556,52.587],[5.547,52.679],[5.653,52.75],[5.326,52.79],[5.39,53.139],[5.966,53.335],[6.751,53.39],[7.043,53.164],[7.16,53.164],[7.19,53.23],[6.981,53.317],[7.037,53.51],[7.332,53.604],[7.969,53.638],[8.099,53.444],[8.029,53.373],[8.175,53.322],[8.261,53.439],[8.189,53.531],[8.502,53.449],[8.429,53.612],[8.54,53.801]]]]}},{"type":"Feature","properties":{"NAME":"Guanches","ABBREVN":"Guanches","SUBJECTO":"Guanches","BORDERPRECISION":1,"PARTOF":"Guanches"},"geometry":{"type":"MultiPolygon","coordinates":[[[[-14.51,28.05],[-14.147,28.391],[-13.808,29.049],[-13.518,29.428],[-13.421,29.091],[-13.784,28.879],[-13.881,28.199],[-14.51,28.05]]],[[[-15.574,28.178],[-15.405,28.199],[-15.211,27.901],[-15.574,27.729],[-15.913,27.901],[-15.574,28.178]]],[[[-17.291,28.285],[-16.082,28.54],[-16.638,28.05],[-17.34,28.029],[-17.291,28.285]]]]}},{"type":"Feature","properties":{"NAME":"Shogun Japan (Kamakura)","ABBREVN":"Japan","SUBJECTO":"Shogun Japan (Kamakura)","BORDERPRECISION":1,"PARTOF":"Shogun Japan (Kamakura)"},"geometry":{"type":"MultiPolygon","coordinates":[[[[130.554,30.97],[130.732,31.478],[130.582,31.529],[130.474,31.44],[130.233,31.026],[130.06,31.217],[130.219,31.56],[130.059,31.972],[130.444,32.284],[130.497,32.557],[130.257,32.912],[130.108,32.931],[129.846,32.587],[129.734,32.638],[129.63,32.866],[129.343,33.151],[129.528,33.298],[129.858,33.26],[130.176,33.337],[130.427,33.674],[130.644,33.7],[130.859,33.675],[131.093,33.428],[131.286,33.39],[131.569,33.486],[131.67,33.309],[131.414,33.111],[131.795,32.807],[131.831,32.693],[131.454,32.248],[131.319,31.511],[131.211,31.352],[130.96,31.193],[130.744,30.888],[130.554,30.97]]],[[[137.31,37.433],[137.335,37.274],[137.014,37.037],[137.045,36.668],[137.176,36.643],[137.464,36.854],[138.317,37.206],[138.699,37.448],[138.856,37.735],[139.354,38.067],[139.896,38.999],[140.03,39.483],[140.011,39.694],[139.805,39.891],[139.985,40.115],[139.915,40.575],[140.386,40.986],[140.473,40.986],[140.657,40.724],[141.153,40.865],[141.077,41.102],[140.937,41.115],[140.775,41.255],[141.087,41.442],[141.437,41.269],[141.467,40.514],[141.676,40.316],[141.998,39.672],[141.999,39.449],[141.888,39.13],[141.467,38.587],[141.496,38.422],[141.024,38.211],[140.872,37.917],[140.964,36.956],[140.656,36.618],[140.547,36.287],[140.555,35.969],[140.834,35.677],[140.395,35.409],[140.317,35.034],[139.83,34.836],[139.788,34.963],[140.003,35.497],[139.914,35.554],[139.683,35.446],[139.423,35.166],[139.209,35.165],[139.053,35.025],[139.023,34.688],[138.864,34.567],[138.779,34.58],[138.684,34.992],[138.45,34.903],[138.149,34.528],[137.248,34.482],[137.042,34.729],[136.734,34.874],[136.507,34.518],[136.899,34.259],[136.199,34.003],[135.756,33.342],[135.063,33.69],[134.969,34.134],[135.317,34.471],[135.287,34.598],[135.206,34.617],[134.936,34.54],[134.427,34.628],[133.825,34.386],[133.589,34.442],[132.481,34.129],[132.387,34.269],[132.183,34.287],[131.997,34.09],[131.995,33.804],[131.655,33.912],[130.899,33.904],[130.779,33.967],[130.892,34.246],[131.334,34.292],[131.672,34.502],[132.663,35.381],[132.981,35.445],[133.006,35.254],[135.157,35.646],[135.188,35.443],[135.358,35.323],[135.727,35.45],[135.928,35.604],[135.978,35.973],[136.668,36.667],[136.64,37.17],[136.811,37.311],[137.31,37.433]]],[[[132.568,32.637],[132.343,33.107],[132.121,33.348],[132.45,33.52],[132.784,33.908],[132.969,33.794],[133.245,33.801],[133.463,33.884],[133.806,34.176],[134.01,34.189],[134.54,34.013],[134.61,33.899],[134.519,33.651],[133.999,33.148],[133.727,33.376],[133.517,33.395],[133.241,33.299],[132.901,32.67],[132.699,32.549],[132.568,32.637]]]]}},{"type":"Feature","properties":{"NAME":"Samis","ABBREVN":"Samis","SUBJECTO":"Samis","BORDERPRECISION":1,"PARTOF":"Samis"},"geometry":{"type":"MultiPolygon","coordinates":[[[[17.261,64.206],[17.731,64.559],[17.33,64.826],[18.534,66.432],[18.4,67.235],[18.959,68.294],[20.158,69.748],[20.286,69.786],[20.358,69.71],[20.197,69.318],[20.553,69.522],[20.734,69.779],[21.103,69.818],[21.412,70.015],[21.908,69.804],[22.306,70.216],[22.746,70.171],[23.204,69.943],[23.508,70.279],[23.827,70.479],[24.208,70.472],[24.571,70.741],[25.389,70.905],[25.832,70.898],[25.231,70.558],[25.122,70.435],[25.074,70.144],[25.263,70.107],[26.263,70.791],[26.607,70.915],[26.617,70.392],[27.131,70.577],[27.516,70.97],[27.948,71.017],[28.308,70.949],[27.985,70.717],[28.019,70.609],[27.875,70.425],[28.29,70.372],[28.389,70.572],[28.795,70.865],[30.041,70.544],[30.462,70.537],[30.754,70.43],[30.799,70.308],[30.252,70.131],[28.73,70.136],[29.556,69.833],[29.729,69.698],[30.735,69.752],[31.054,69.64],[32.072,69.883],[32.191,69.642],[32.352,69.514],[33.281,69.342],[33.316,69.071],[33.628,69.215],[35.437,69.15],[37.246,68.793],[38.668,68.146],[39.918,67.94],[40.826,67.66],[40.973,67.534],[41.017,67.202],[41.209,67.069],[41.255,66.937],[40.836,66.561],[40.345,66.319],[38.782,66.001],[38.048,66.007],[35.772,66.259],[34.153,66.63],[33.437,66.702],[32.991,66.988],[32.644,67.046],[32.219,66.994],[33.47,66.313],[34.544,66.001],[34.726,65.797],[34.726,65.615],[34.601,65.484],[34.293,65.396],[30.604,64.938],[27.232,63.354],[23.131,63.783],[24.47,64.636],[24.932,64.816],[25.325,64.802],[25.352,64.939],[25.133,65.076],[25.252,65.417],[25.104,65.54],[24.591,65.583],[24.215,65.786],[23.844,65.798],[23.204,65.681],[22.646,65.935],[22.202,65.715],[21.957,65.446],[21.522,65.372],[21.277,65.212],[21.489,65.017],[20.921,64.714],[21.386,64.385],[21.049,64.219],[20.873,64.033],[17.261,64.206]]]]}},{"type":"Feature","properties":{"NAME":null,"ABBREVN":null,"SUBJECTO":null,"BORDERPRECISION":1,"PARTOF":null},"geometry":{"type":"MultiPolygon","coordinates":[[[[-68.195,12.221],[-68.251,12.021],[-68.299,12.195],[-68.417,12.251],[-68.37,12.307],[-68.195,12.221]]]]}},{"type":"Feature","properties":{"NAME":null,"ABBREVN":null,"SUBJECTO":null,"BORDERPRECISION":1,"PARTOF":null},"geometry":{"type":"MultiPolygon","coordinates":[[[[-68.966,12.199],[-68.824,12.16],[-68.747,12.04],[-69.062,12.188],[-69.164,12.366],[-68.966,12.199]]]]}},{"type":"Feature","properties":{"NAME":"Arawaks","ABBREVN":"Arawaks","SUBJECTO":"Arawaks","BORDERPRECISION":1,"PARTOF":"Arawaks"},"geometry":{"type":"MultiPolygon","coordinates":[[[[-61.468,15.628],[-61.304,15.574],[-61.253,15.461],[-61.265,15.258],[-61.364,15.198],[-61.468,15.628]]],[[[-61.596,12.126],[-61.651,12.029],[-61.79,12.009],[-61.676,12.228],[-61.606,12.224],[-61.596,12.126]]],[[[-60.941,14.741],[-60.83,14.57],[-60.855,14.403],[-61.034,14.466],[-61.227,14.832],[-61.145,14.878],[-60.941,14.741]]],[[[-61.012,14.01],[-60.914,14.1],[-60.885,13.854],[-60.955,13.709],[-61.074,13.802],[-61.012,14.01]]],[[[-61.454,12.594],[-61.403,12.604],[-61.454,12.594]]],[[[-61.586,12.294],[-61.586,12.294]]],[[[-61.419,12.508],[-61.496,12.438],[-61.419,12.508]]],[[[-61.306,12.726],[-61.306,12.726]]],[[[-61.214,13.002],[-61.214,13.002]]],[[[-61.266,13.273],[-61.144,13.378],[-61.168,13.134],[-61.263,13.178],[-61.266,13.273]]]]}},{"type":"Feature","properties":{"NAME":"Dorset","ABBREVN":"Dorset","SUBJECTO":"Dorset","BORDERPRECISION":1,"PARTOF":"Dorset"},"geometry":{"type":"MultiPolygon","coordinates":[[[[-68.048,65.833],[-67.865,65.627],[-67.329,65.584],[-66.598,64.766],[-66.321,64.911],[-66.193,64.889],[-65.663,64.588],[-65.042,64.41],[-65.327,64.359],[-65.423,64.265],[-64.474,63.744],[-64.365,63.438],[-64.415,63.245],[-65.001,63.765],[-65.251,63.872],[-65.21,63.643],[-64.735,63.067],[-64.739,62.931],[-65.156,62.988],[-64.768,62.477],[-65.298,62.696],[-65.698,63.008],[-66.496,63.077],[-67.144,63.375],[-67.766,63.802],[-67.682,63.453],[-68.486,63.737],[-68.879,63.75],[-68.476,63.337],[-66.681,62.566],[-66.332,62.319],[-65.94,61.79],[-68.014,62.259],[-69.155,62.42],[-69.559,62.709],[-70.648,62.927],[-70.674,62.862],[-70.779,62.956],[-71.319,63.061],[-71.622,63.21],[-71.691,63.331],[-71.258,63.567],[-71.879,63.802],[-72.388,63.858],[-72.73,64.015],[-73.148,64.344],[-73.164,64.574],[-74.559,64.78],[-74.431,64.435],[-74.501,64.392],[-75.452,64.548],[-75.591,64.533],[-75.936,64.267],[-76.526,64.23],[-77.737,64.393],[-78.103,64.507],[-78.127,64.651],[-77.867,64.99],[-77.387,65.064],[-77.301,65.144],[-77.358,65.376],[-77.266,65.391],[-76.022,65.262],[-75.356,64.916],[-75.368,65.263],[-74.079,65.448],[-73.494,65.405],[-73.42,65.529],[-74.28,66.06],[-74.333,66.163],[-73.479,66.457],[-68.048,65.833]]],[[[-78.433,58.758],[-78.042,58.993],[-77.662,59.574],[-77.348,59.623],[-77.215,59.748],[-77.262,59.983],[-77.507,60.415],[-77.388,60.694],[-78.176,60.742],[-77.688,61.156],[-77.462,61.473],[-77.985,61.859],[-78.005,62.099],[-77.868,62.29],[-77.362,62.517],[-75.356,62.182],[-74.708,62.176],[-73.66,62.39],[-72.949,62.172],[-71.724,61.547],[-71.856,61.371],[-71.673,61.266],[-70.028,60.883],[-69.702,60.898],[-69.536,60.989],[-69.384,60.856],[-69.389,60.674],[-69.649,60.52],[-69.704,60.318],[-69.343,59.209],[-69.365,59.051],[-69.476,58.975],[-69.832,58.988],[-69.894,58.684],[-69.726,58.561],[-69.214,58.748],[-68.569,58.783],[-68.095,58.481],[-68.129,58.31],[-68.005,58.166],[-66.821,58.388],[-66.475,58.808],[-66.241,58.746],[-65.929,58.424],[-65.861,58.795],[-65.719,59.057],[-65.263,59.348],[-65.555,59.576],[-65.552,59.714],[-64.988,59.819],[-64.671,60.181],[-63.744,59.517],[-63.476,59.158],[-63.006,58.815],[-62.887,58.656],[-63.042,58.525],[-62.999,58.374],[-62.741,58.389],[-62.51,57.972],[-76.462,56.578],[-76.439,56.81],[-76.555,57.28],[-76.772,57.663],[-77.404,58.114],[-78.337,58.551],[-78.469,58.709],[-78.433,58.758]]]]}},{"type":"Feature","properties":{"NAME":null,"ABBREVN":null,"SUBJECTO":null,"BORDERPRECISION":1,"PARTOF":null},"geometry":{"type":"MultiPolygon","coordinates":[[[[-94.272,76.899],[-93.795,76.738],[-93.875,76.627],[-93.82,76.483],[-93.938,76.398],[-95.724,76.471],[-96.809,76.92],[-96.723,77.022],[-95.629,77.042],[-94.272,76.899]]]]}},{"type":"Feature","properties":{"NAME":null,"ABBREVN":"Dorset","SUBJECTO":null,"BORDERPRECISION":1,"PARTOF":null},"geometry":{"type":"MultiPolygon","coordinates":[[[[-88.336,80.12],[-88.348,80.411],[-88.15,80.46],[-87.827,80.373],[-87.336,80.093],[-87.341,79.644],[-86.997,79.445],[-85.994,79.486],[-85.253,79.259],[-85.759,79.378],[-87.165,79.126],[-87.539,78.956],[-87.787,78.725],[-88.661,78.901],[-88.956,78.75],[-88.746,78.556],[-88.759,78.451],[-88.945,78.362],[-89.121,78.344],[-90,78.624],[-90,78.263],[-91.424,78.305],[-92.702,78.434],[-94.103,79.023],[-94.189,79.148],[-93.303,79.256],[-90,79.126],[-91.819,79.438],[-93.178,79.534],[-95.039,79.396],[-96.433,79.933],[-96.587,80.093],[-95.7,80.037],[-94.675,80.117],[-95.24,80.228],[-95.58,80.386],[-95.409,80.524],[-95.081,80.583],[-94.321,80.575],[-94.25,80.674],[-95.06,81.031],[-94.04,81.164],[-93.269,81.145],[-93.203,81.226],[-93.435,81.44],[-92.025,81.259],[-91.016,80.75],[-90,80.642],[-89.799,80.703],[-89.425,80.615],[-89.042,80.167],[-88.336,80.12]]]]}},{"type":"Feature","properties":{"NAME":null,"ABBREVN":null,"SUBJECTO":null,"BORDERPRECISION":1,"PARTOF":null},"geometry":{"type":"MultiPolygon","coordinates":[[[[-68.048,65.833],[-73.479,66.457],[-73.036,66.642],[-72.874,66.886],[-72.305,67.264],[-72.354,67.53],[-72.942,68.132],[-73.185,68.296],[-73.937,68.444],[-74.405,68.66],[-74.515,68.87],[-74.752,69.043],[-75.199,68.862],[-76.546,68.731],[-76.643,69.032],[-75.625,69.102],[-75.552,69.222],[-76.971,69.802],[-77.622,69.892],[-77.699,70.136],[-79.082,70.65],[-79.072,72.005],[-78.663,71.875],[-78.574,71.93],[-78.666,72.314],[-78.363,72.582],[-77.896,72.701],[-77.119,72.711],[-76.15,72.57],[-75.632,72.611],[-75.322,72.548],[-74.313,72.039],[-74.313,71.953],[-75.137,71.67],[-75.204,71.569],[-75.002,71.453],[-74.809,71.422],[-74.112,71.688],[-73.886,71.665],[-73.672,71.556],[-73.275,71.161],[-72.535,71.629],[-71.664,71.513],[-71.253,71.351],[-71.882,70.931],[-70.667,71.08],[-70.652,70.764],[-70.293,70.618],[-69.092,70.782],[-68.724,70.682],[-68.469,70.56],[-68.75,70.39],[-69.591,70.197],[-69.698,70.074],[-69.463,69.96],[-68.366,70.123],[-68.021,70.299],[-67.805,70.269],[-67.044,69.798],[-68.043,69.773],[-68.234,69.712],[-68.207,69.591],[-67.017,69.419],[-66.773,69.322],[-66.668,69.186],[-67.626,69.207],[-68.391,69.334],[-68.533,69.25],[-67.98,68.988],[-68.077,68.897],[-68.775,68.844],[-68.665,68.716],[-67.032,68.307],[-66.745,67.927],[-66.407,68.025],[-65.53,67.87],[-64.829,67.953],[-63.933,67.413],[-64.601,67.315],[-64.614,67.115],[-62.991,67.177],[-63.165,66.926],[-62.521,66.846],[-62.096,67.017],[-61.211,66.635],[-61.449,66.488],[-61.495,66.341],[-61.864,66.318],[-62.298,66.435],[-62.655,66.338],[-62.094,66.061],[-62.068,65.937],[-62.544,65.848],[-62.845,65.614],[-63.381,65.927],[-63.511,65.431],[-63.352,65.025],[-63.541,64.995],[-64.184,65.19],[-64.425,65.502],[-64.844,65.378],[-65.178,65.654],[-65.034,65.953],[-65.717,66.054],[-66.913,66.595],[-67.256,66.616],[-67.749,66.476],[-67.76,66.373],[-67.161,65.986],[-67.305,65.934],[-67.614,65.912],[-68.376,66.284],[-68.048,65.833]]]]}},{"type":"Feature","properties":{"NAME":"Innu","ABBREVN":"Innu","SUBJECTO":"Innu","BORDERPRECISION":1,"PARTOF":"Innu"},"geometry":{"type":"MultiPolygon","coordinates":[[[[-61.854,56.232],[-61.25,56.077],[-60.468,55.659],[-60.373,55.422],[-60.575,55.071],[-59.694,55.154],[-58.557,54.772],[-57.433,54.58],[-57.515,54.466],[-58.844,54.148],[-59.399,53.866],[-59.992,53.805],[-60.137,53.684],[-60.124,53.517],[-60.246,53.277],[-59.181,53.519],[-58.64,53.868],[-58.077,54.083],[-57.561,54.131],[-57.263,54.024],[-57.106,53.871],[-57.285,53.67],[-57.131,53.483],[-56.649,53.658],[-55.881,53.352],[-55.77,53.159],[-55.927,52.805],[-56.11,52.605],[-55.659,52.187],[-55.824,52.021],[-56.964,51.488],[-58.524,51.379],[-59.44,50.644],[-60.138,50.412],[-61.64,50.277],[-65.007,50.341],[-64.357,50.306],[-62.486,54.513],[-62.806,54.681],[-61.854,56.232]]]]}},{"type":"Feature","properties":{"NAME":"Shuar","ABBREVN":"Shuar","SUBJECTO":"Shuar","BORDERPRECISION":1,"PARTOF":"Shuar"},"geometry":{"type":"MultiPolygon","coordinates":[[[[-77.9,-3.113],[-78.392,-2.913],[-78.562,-2.129],[-77.854,-1.667],[-77.254,-2.098],[-77.254,-2.759],[-77.9,-3.113]]]]}},{"type":"Feature","properties":{"NAME":null,"ABBREVN":null,"SUBJECTO":null,"BORDERPRECISION":1,"PARTOF":null},"geometry":{"type":"MultiPolygon","coordinates":[[[[19.334,57.956],[19.163,57.927],[19.126,57.84],[19.034,57.901],[19.096,57.974],[19.334,57.956]]]]}},{"type":"Feature","properties":{"NAME":"Australian aboriginal hunter-gatherers","ABBREVN":"Australian aboriginal hunter-gatherers","SUBJECTO":"Australian aboriginal hunter-gatherers","BORDERPRECISION":1,"PARTOF":"Australian aboriginal hunter-gatherers"},"geometry":{"type":"MultiPolygon","coordinates":[[[[142.338,-10.915],[142.644,-11.093],[142.749,-11.321],[142.823,-11.919],[142.938,-12.007],[143.127,-12.013],[143.173,-12.121],[142.971,-12.535],[143.292,-12.687],[143.371,-12.814],[143.474,-13.665],[143.743,-14.466],[143.875,-14.586],[144.065,-14.592],[144.385,-14.369],[144.529,-14.668],[145.184,-15.048],[145.222,-15.664],[145.346,-16.014],[145.326,-16.49],[145.869,-17.195],[145.994,-17.513],[146.019,-17.862],[145.925,-18.257],[146.322,-19.082],[147.078,-19.513],[147.413,-19.563],[147.594,-19.855],[147.973,-20.096],[148.704,-20.203],[148.756,-20.292],[148.567,-20.654],[148.706,-20.845],[149.101,-21.06],[149.557,-22.433],[149.67,-22.572],[150.017,-22.73],[149.945,-22.324],[150.694,-22.678],[150.802,-23.6],[151.2,-23.942],[151.73,-24.157],[152.073,-24.742],[152.318,-24.818],[152.486,-25.313],[152.831,-25.471],[153.069,-26.228],[153.087,-27.01],[152.946,-27.341],[153.396,-28.129],[153.493,-28.841],[152.94,-30.699],[152.972,-31.418],[152.445,-32.507],[152.176,-32.877],[151.765,-33.005],[151.364,-33.521],[151.217,-34.208],[150.85,-34.718],[150.856,-35.011],[150.762,-35.253],[150.222,-35.694],[150.011,-36.626],[149.985,-37.347],[149.712,-37.794],[149.504,-37.929],[148.037,-38.098],[146.917,-38.713],[146.821,-38.841],[146.299,-38.894],[146.526,-39.181],[145.536,-38.723],[145.504,-38.442],[144.97,-38.066],[144.78,-38.06],[144.411,-38.246],[144.748,-38.456],[144.311,-38.565],[143.365,-38.97],[141.904,-38.43],[141.675,-38.411],[141.547,-38.533],[141.225,-38.457],[140.652,-38.164],[140.012,-37.642],[139.823,-37.246],[139.826,-36.595],[139.743,-36.372],[139.444,-36.041],[139.368,-35.614],[139.127,-35.608],[138.774,-35.788],[138.352,-35.865],[138.197,-35.757],[138.43,-35.552],[138.568,-34.928],[138.101,-34.356],[137.883,-34.687],[137.683,-35.331],[136.947,-35.473],[137.108,-35.071],[137.393,-35.089],[137.502,-35.025],[137.559,-34.911],[137.512,-34.459],[137.864,-33.879],[137.913,-33.517],[138.091,-33.453],[138.189,-33.294],[137.868,-32.747],[137.82,-33.065],[137.457,-33.314],[137.067,-33.951],[136.731,-34.06],[136.106,-34.532],[135.712,-35.207],[135.528,-35.055],[135.239,-34.197],[134.844,-33.695],[134.71,-33.364],[134.631,-33.269],[134.208,-33.257],[134.108,-33.028],[134.258,-32.875],[134.237,-32.742],[133.837,-32.342],[133.125,-32.337],[132.698,-32.09],[132.182,-32.148],[131.28,-31.635],[130.857,-31.731],[129.185,-31.798],[127.265,-32.381],[126.059,-32.434],[124.248,-33.144],[123.623,-33.915],[123.359,-34.043],[122.768,-34.031],[122.171,-34.179],[121.74,-33.963],[119.771,-34.12],[119.592,-34.222],[119.33,-34.579],[119.175,-34.637],[118.673,-34.606],[118.207,-35.09],[117.793,-35.212],[116.848,-35.214],[116.251,-35.101],[115.616,-34.631],[115.047,-34.422],[114.986,-33.755],[115.409,-33.767],[115.558,-33.575],[115.767,-32.755],[115.747,-32.208],[115.561,-31.661],[115.058,-30.804],[114.9,-30.142],[114.912,-29.697],[114.63,-28.903],[113.965,-28.033],[114.022,-27.626],[113.925,-27.385],[113.595,-26.883],[113.158,-26.425],[113.035,-26.163],[113.092,-26.058],[113.433,-26.572],[113.739,-26.667],[113.583,-26.152],[113.285,-25.827],[113.321,-25.69],[113.658,-26.068],[113.881,-26.509],[114.095,-26.539],[114.05,-26.289],[114.181,-26.271],[114.183,-26.017],[113.592,-25.185],[113.379,-24.614],[113.362,-24.283],[113.762,-23.481],[113.625,-22.566],[113.901,-22.038],[114.027,-22.521],[114.075,-22.603],[114.232,-22.616],[114.309,-22.564],[114.456,-22.094],[115.349,-21.602],[116.419,-20.837],[117.597,-20.758],[117.968,-20.471],[118.734,-20.317],[118.936,-20.024],[119.813,-20.118],[120.872,-19.677],[121.386,-19.116],[121.576,-18.703],[122.196,-18.244],[122.085,-17.398],[122.564,-16.895],[122.738,-16.583],[123.023,-16.856],[123.419,-17.58],[123.508,-17.109],[123.827,-17.248],[123.912,-16.975],[123.553,-16.696],[123.576,-16.391],[123.979,-16.409],[124.277,-16.523],[124.846,-16.53],[124.338,-16.262],[124.425,-15.658],[124.689,-15.467],[125.109,-15.625],[125.059,-15.421],[125.174,-15.04],[125.156,-14.805],[125.497,-14.677],[125.863,-14.695],[126.101,-14.205],[126.268,-14.071],[126.426,-14.147],[126.546,-14.35],[126.853,-13.784],[127.166,-14.063],[127.529,-14.196],[127.963,-14.703],[127.985,-15.288],[128.066,-15.377],[128.459,-14.886],[129.196,-14.993],[129.632,-15.278],[129.849,-14.82],[129.459,-14.496],[129.427,-14.306],[129.763,-14.019],[129.766,-13.816],[129.852,-13.72],[130.206,-13.484],[130.274,-13.363],[130.233,-13.147],[130.463,-12.759],[130.951,-12.631],[130.859,-12.447],[131.028,-12.268],[131.183,-12.236],[131.54,-12.401],[132.398,-12.329],[132.751,-12.169],[132.626,-11.75],[132.515,-11.623],[132.303,-11.503],[132.134,-11.541],[132.025,-11.478],[132.041,-11.383],[132.206,-11.319],[132.384,-11.299],[132.776,-11.578],[132.929,-11.533],[133.559,-11.951],[134.409,-12.121],[134.762,-12.063],[134.94,-12.336],[135.129,-12.387],[135.445,-12.176],[135.649,-12.188],[135.942,-12.359],[136.091,-12.575],[136.299,-12.511],[136.353,-12.155],[136.435,-12.117],[136.64,-12.326],[136.791,-12.37],[136.86,-12.44],[136.664,-12.625],[136.469,-13.223],[136.238,-13.23],[135.831,-13.485],[135.829,-13.733],[135.965,-13.891],[135.881,-14.203],[135.458,-14.681],[135.417,-14.973],[136.094,-15.449],[136.687,-16.026],[137.074,-16.031],[137.76,-16.399],[138.26,-16.842],[138.963,-16.994],[139.248,-17.432],[139.818,-17.761],[140.06,-17.83],[140.708,-17.632],[141.132,-16.957],[141.314,-16.448],[141.402,-15.857],[141.711,-15.227],[141.468,-14.757],[141.668,-14.114],[141.512,-13.809],[141.599,-13.046],[141.919,-12.703],[141.679,-12.468],[141.953,-11.952],[142.126,-11.157],[142.338,-10.915]]]]}},{"type":"Feature","properties":{"NAME":"Tasmanian hunter-gatherers","ABBREVN":"Tasmanian hunter-gatherers","SUBJECTO":"Tasmanian hunter-gatherers","BORDERPRECISION":1,"PARTOF":"Tasmanian hunter-gatherers"},"geometry":{"type":"MultiPolygon","coordinates":[[[[146.713,-43.722],[145.723,-43.24],[145.279,-42.668],[145.183,-42.481],[145.566,-42.583],[145.624,-42.519],[144.869,-41.594],[144.7,-41.164],[144.697,-40.862],[146.382,-41.308],[147.596,-41.165],[147.734,-41.029],[148.056,-40.92],[148.27,-41.093],[148.319,-41.806],[147.981,-42.482],[147.926,-42.823],[147.815,-42.965],[147.391,-43.082],[147.142,-43.257],[146.836,-43.689],[146.713,-43.722]]]]}},{"type":"Feature","properties":{"NAME":"Guanahatabeyes","ABBREVN":"Guanahatabeyes","SUBJECTO":"Guanahatabeyes","BORDERPRECISION":1,"PARTOF":"Guanahatabeyes"},"geometry":{"type":"MultiPolygon","coordinates":[[[[-81.363,23.121],[-81.351,22.151],[-81.792,22.208],[-82.177,22.366],[-81.663,22.507],[-81.739,22.621],[-82.562,22.708],[-82.853,22.638],[-83.39,22.223],[-83.851,22.21],[-84.209,21.828],[-84.706,21.77],[-84.377,22.056],[-84.435,22.323],[-84.308,22.495],[-83.69,22.814],[-82.959,23.025],[-82.057,23.135],[-81.363,23.121]]]]}},{"type":"Feature","properties":{"NAME":"Taino","ABBREVN":"Taino","SUBJECTO":"Taino","BORDERPRECISION":1,"PARTOF":"Taino"},"geometry":{"type":"MultiPolygon","coordinates":[[[[-62.986,17.52],[-62.94,17.474],[-62.986,17.52]]],[[[-61.887,17.105],[-61.794,17.163],[-61.666,17.046],[-61.829,16.997],[-61.887,17.105]]],[[[-61.848,17.581],[-61.839,17.725],[-61.731,17.547],[-61.848,17.581]]],[[[-69.898,19.506],[-69.509,19.208],[-69.069,19.076],[-68.477,18.715],[-68.373,18.575],[-68.665,18.199],[-68.986,18.51],[-69.808,18.547],[-70.299,18.259],[-70.477,18.285],[-70.696,18.519],[-71.062,18.347],[-71.401,17.704],[-71.531,17.755],[-71.677,18.003],[-71.978,18.262],[-72.915,18.228],[-73.474,18.316],[-73.687,18.271],[-73.857,18.112],[-74.365,18.378],[-74.442,18.524],[-74.303,18.696],[-72.746,18.509],[-72.298,18.662],[-72.698,18.941],[-72.759,19.074],[-72.676,19.392],[-72.767,19.525],[-73.493,19.753],[-73.475,19.835],[-73.266,19.919],[-72.94,19.945],[-71.843,19.731],[-71.551,19.897],[-71.22,19.834],[-70.882,19.93],[-70.739,19.79],[-70.289,19.652],[-69.993,19.684],[-69.898,19.506]]],[[[-65.952,18.472],[-65.724,18.333],[-65.967,18.027],[-66.451,18.045],[-66.906,17.936],[-67.152,17.987],[-67.211,18.438],[-67.161,18.514],[-65.952,18.472]]],[[[-77.769,18.51],[-77.156,18.397],[-76.426,18.119],[-76.301,17.992],[-76.319,17.903],[-76.468,17.871],[-76.806,18.004],[-77.05,17.978],[-77.291,17.806],[-77.425,17.831],[-77.737,17.932],[-78.052,18.218],[-78.261,18.255],[-78.325,18.35],[-78.086,18.478],[-77.769,18.51]]],[[[-62.207,16.811],[-62.156,16.675],[-62.237,16.712],[-62.207,16.811]]],[[[-62.979,18.277],[-63.168,18.164],[-62.979,18.277]]],[[[-62.626,17.127],[-62.545,17.187],[-62.548,17.096],[-62.626,17.127]]],[[[-62.671,17.257],[-62.856,17.386],[-62.73,17.365],[-62.622,17.224],[-62.671,17.257]]],[[[-64.722,17.758],[-64.56,17.748],[-64.896,17.677],[-64.871,17.775],[-64.722,17.758]]],[[[-64.79,18.337],[-64.658,18.34],[-64.79,18.337]]],[[[-65.012,18.349],[-64.833,18.317],[-65.012,18.349]]],[[[-61.31,15.883],[-61.261,16.013],[-61.188,15.91],[-61.31,15.883]]],[[[-61.082,16.308],[-60.989,16.346],[-61.082,16.308]]],[[[-61.269,16.319],[-61.206,16.267],[-61.567,16.227],[-61.559,16.034],[-61.695,15.949],[-61.784,16.333],[-61.542,16.29],[-61.46,16.514],[-61.373,16.351],[-61.269,16.319]]],[[[-62.873,17.918],[-62.789,17.907],[-62.873,17.918]]],[[[-63.147,18.072],[-63.006,18.087],[-63.028,18.016],[-63.147,18.072]]],[[[-81.103,23.061],[-79.985,22.879],[-79.33,22.404],[-78.171,22.12],[-77.712,21.899],[-77.191,21.448],[-75.751,21.121],[-75.604,21.013],[-75.759,20.752],[-75.654,20.683],[-75.062,20.697],[-74.173,20.19],[-75.519,19.907],[-76.398,20.02],[-77.243,19.885],[-77.663,19.903],[-77.177,20.355],[-77.099,20.533],[-77.21,20.647],[-77.571,20.767],[-78.157,20.817],[-78.45,20.969],[-78.514,21.306],[-78.728,21.617],[-79.735,21.672],[-80.776,22.102],[-81.351,22.151],[-81.363,23.121],[-81.103,23.061]]]]}},{"type":"Feature","properties":{"NAME":"Thule","ABBREVN":"Thule","SUBJECTO":"Thule","BORDERPRECISION":1,"PARTOF":"Thule"},"geometry":{"type":"MultiPolygon","coordinates":[[[[-141.373,60.008],[-141.586,60.14],[-142.425,60.02],[-144.406,60.093],[-144.811,60.315],[-145.003,60.552],[-145.493,60.384],[-145.893,60.516],[-145.998,60.662],[-147.27,60.94],[-147.94,61.206],[-148.493,61.064],[-148.466,60.868],[-148.728,60.727],[-148.84,60.545],[-148.336,60.413],[-148.258,60.281],[-148.301,60.106],[-148.494,59.904],[-149.326,60.027],[-149.581,59.985],[-150.021,59.714],[-150.501,59.616],[-151.388,59.213],[-151.881,59.163],[-151.772,59.357],[-151.448,59.538],[-151.49,59.711],[-151.783,59.995],[-151.415,60.254],[-151.16,60.66],[-150.437,60.906],[-149.425,60.859],[-149.317,60.929],[-150.311,61.314],[-150.781,61.292],[-151.342,60.954],[-152.19,60.658],[-152.561,60.384],[-152.878,60.279],[-152.819,60.132],[-152.899,59.896],[-153.152,59.743],[-153.71,59.644],[-153.976,59.519],[-154.282,59.249],[-154.298,59.117],[-153.664,58.98],[-153.455,58.877],[-153.489,58.794],[-154.214,58.428],[-154.649,58.076],[-155.598,57.896],[-156.369,57.566],[-156.685,57.401],[-156.451,57.175],[-156.496,57.1],[-156.993,56.915],[-157.747,56.77],[-158.527,56.449],[-158.738,56.19],[-159.077,55.992],[-160.169,55.807],[-160.607,55.962],[-160.607,56.043],[-160.457,56.2],[-160.114,56.323],[-159.776,56.582],[-159.249,56.781],[-158.617,56.748],[-158.662,57.076],[-157.665,57.604],[-157.665,57.933],[-157.554,58.27],[-157.242,58.491],[-157.139,58.856],[-158.291,58.73],[-158.517,58.999],[-158.636,58.971],[-158.912,58.874],[-158.973,58.77],[-158.866,58.612],[-158.856,58.454],[-158.933,58.433],[-159.814,58.941],[-160.431,59.002],[-160.84,58.96],[-160.828,58.898],[-161.117,58.746],[-161.938,58.723],[-162.06,59.289],[-161.925,59.518],[-161.989,59.712],[-162.378,60.163],[-163.536,59.841],[-164.027,59.798],[-164.594,60.208],[-165.048,60.416],[-165.128,60.542],[-164.845,60.816],[-163.627,60.601],[-163.52,60.706],[-163.689,60.923],[-163.895,61.042],[-164.539,60.95],[-165.423,61.264],[-165.898,61.27],[-166.19,61.749],[-165.834,61.834],[-165.802,62.039],[-165.579,62.139],[-165.431,62.43],[-165.03,62.65],[-164.292,63.25],[-163.309,63.038],[-162.97,63.103],[-162.474,63.41],[-161.911,63.526],[-161.133,63.563],[-160.974,63.642],[-160.89,63.857],[-160.939,63.985],[-150.129,63.324],[-144.68,63.192],[-140.052,62.495],[-141.135,59.839],[-141.385,59.897],[-141.373,60.008]]]]}},{"type":"Feature","properties":{"NAME":"Athabaskan","ABBREVN":"Athabaskan","SUBJECTO":"Athabaskan","BORDERPRECISION":1,"PARTOF":"Athabaskan"},"geometry":{"type":"MultiPolygon","coordinates":[[[[-128.077,52.939],[-128.432,52.939],[-128.889,53.418],[-128.814,53.764],[-129.06,53.739],[-129.434,53.518],[-130.004,53.938],[-130.268,54.353],[-130.299,54.548],[-129.842,54.979],[-130.003,55.289],[-130.065,55.102],[-130.413,55.021],[-130.546,54.91],[-130.773,55.066],[-130.695,55.465],[-130.892,55.769],[-131.191,56.035],[-131.767,56.01],[-132.256,55.85],[-132.279,56.132],[-132.101,56.349],[-132.871,57.016],[-133.4,57.219],[-133.341,57.377],[-133.641,57.739],[-133.474,57.842],[-133.505,57.897],[-133.84,57.999],[-134.123,58.239],[-134.83,58.561],[-135.309,59.347],[-135.469,59.34],[-135.515,58.973],[-135.3,58.374],[-135.738,58.47],[-136.148,58.903],[-136.39,58.841],[-136.939,58.943],[-136.37,58.62],[-136.356,58.524],[-137.085,58.447],[-137.577,58.604],[-138.446,59.162],[-139.2,59.277],[-139.785,59.518],[-139.307,59.706],[-139.573,59.9],[-140.133,59.767],[-141.135,59.839],[-140.052,62.495],[-139.524,62.416],[-132.435,62.497],[-124.936,64.835],[-118.198,62.713],[-111.284,58.553],[-122.491,54.244],[-127.866,52.413],[-128.06,52.5],[-128.077,52.939]]]]}},{"type":"Feature","properties":{"NAME":"Subarctic forest hunter-gatherers","ABBREVN":"Subarctic forest hunter-gatherers","SUBJECTO":"Subarctic forest hunter-gatherers","BORDERPRECISION":1,"PARTOF":"Subarctic forest hunter-gatherers"},"geometry":{"type":"MultiPolygon","coordinates":[[[[-64.742,50.327],[-65.007,50.341],[-64.326,50.305],[-65.582,50.362],[-66.373,50.314],[-66.619,50.221],[-67.096,49.826],[-67.318,49.425],[-68.307,49.227],[-68.801,48.977],[-69.507,48.459],[-70.599,47.433],[-71.118,46.641],[-72.322,46.295],[-81.931,48.902],[-85.036,49.094],[-87.79,49.931],[-95.172,49.969],[-98.922,50.232],[-105.191,51.453],[-115.034,52.033],[-122.491,54.244],[-111.284,58.553],[-102.144,57.214],[-92.711,56.831],[-92.404,56.975],[-91.337,57.163],[-90.77,57.178],[-88.767,56.738],[-87.914,56.332],[-87.467,55.912],[-85.892,55.61],[-85.161,55.328],[-84.468,55.167],[-83.576,55.223],[-82.383,55.056],[-82.202,54.969],[-82.399,54.271],[-82.192,53.99],[-82.16,53.802],[-82.341,52.981],[-81.852,52.709],[-81.734,52.549],[-81.747,52.17],[-81.311,52.118],[-80.877,51.906],[-80.573,51.641],[-80.361,51.304],[-80.073,51.298],[-79.338,50.843],[-79.594,51.266],[-79.534,51.418],[-79.276,51.604],[-79.112,51.525],[-78.823,51.161],[-78.748,51.32],[-78.7,51.566],[-78.797,51.771],[-78.553,52.01],[-78.491,52.256],[-78.742,52.744],[-74.197,52.927],[-71.033,55.196],[-65.643,55.263],[-62.889,54.725],[-62.486,54.513],[-64.357,50.306],[-64.742,50.327]]]]}},{"type":"Feature","properties":{"NAME":"Savanna hunter-gatherers","ABBREVN":"Savanna hunter-gatherers","SUBJECTO":"Savanna hunter-gatherers","BORDERPRECISION":1,"PARTOF":"Savanna hunter-gatherers"},"geometry":{"type":"MultiPolygon","coordinates":[[[[-67.123,-25.032],[-66.097,-20.138],[-65.906,-18.311],[-64.662,-16.805],[-64.193,-14.69],[-60.268,-13.81],[-53.123,-14.275],[-48.469,-23.749],[-49.487,-24.553],[-49.839,-26.797],[-48.797,-28.476],[-48.937,-28.698],[-49.546,-29.157],[-49.936,-29.627],[-50.469,-30.74],[-50.806,-31.192],[-51.477,-31.823],[-51.333,-31.46],[-50.854,-30.938],[-50.582,-30.416],[-50.609,-30.302],[-50.948,-30.36],[-51.232,-30.265],[-51.445,-31.015],[-51.602,-31.232],[-52.042,-31.557],[-52.14,-31.741],[-53.544,-31.446],[-54.365,-30.593],[-57.353,-29.681],[-63.563,-30.037],[-67.499,-31.663],[-69.283,-29.352],[-68.06,-26.468],[-68.034,-26.029],[-67.123,-25.032]]],[[[-37.735,-4.53],[-37.888,-4.393],[-37.888,-4.393],[-37.735,-4.53]]]]}},{"type":"Feature","properties":{"NAME":"Patagonian shellfish and marine mammal hunters","ABBREVN":"Patagonian shellfish and marine mammal hunters","SUBJECTO":"Patagonian shellfish and marine mammal hunters","BORDERPRECISION":1,"PARTOF":"Patagonian shellfish and marine mammal hunters"},"geometry":{"type":"MultiPolygon","coordinates":[[[[-69.214,-54.934],[-69.861,-54.774],[-70.721,-54.937],[-70.574,-54.642],[-70.621,-54.501],[-70.213,-54.434],[-69.568,-54.459],[-69.373,-54.605],[-69.055,-54.602],[-69.335,-54.292],[-69.89,-54.139],[-70.146,-53.806],[-69.421,-53.544],[-69.515,-53.345],[-70.333,-53.473],[-70.465,-53.373],[-70.281,-53.087],[-69.407,-52.566],[-69.221,-52.692],[-68.701,-52.72],[-68.332,-52.85],[-68.305,-52.943],[-68.705,-53.235],[-68.557,-53.349],[-68.13,-53.375],[-67.838,-53.701],[-66.983,-54.341],[-66.307,-54.64],[-65.259,-54.719],[-65.348,-54.913],[-66.458,-55.07],[-67.492,-54.87],[-68.376,-54.852],[-69.214,-54.934]]],[[[-73.948,-43.458],[-74.142,-43.445],[-74.296,-43.265],[-74.134,-42.764],[-74.169,-42.346],[-74.005,-42.019],[-73.637,-41.967],[-73.475,-42.114],[-73.455,-42.262],[-73.831,-42.564],[-73.609,-42.911],[-73.771,-43.509],[-73.948,-43.458]]],[[[-73.281,-52.953],[-73.243,-52.574],[-73.626,-52.608],[-73.658,-52.442],[-73.56,-52.283],[-72.869,-52.281],[-72.845,-52.646],[-73.08,-53.032],[-73.281,-52.953]]],[[[-70.579,-40.579],[-71.634,-43.196],[-72.191,-45.99],[-72.044,-48.766],[-71.487,-51.104],[-71.165,-51.561],[-69.115,-51.352],[-68.831,-51.902],[-68.411,-52.405],[-68.594,-52.465],[-68.995,-52.426],[-69.343,-52.288],[-69.895,-52.627],[-70.573,-52.708],[-70.734,-52.802],[-70.854,-53.081],[-70.878,-53.474],[-70.998,-53.821],[-71.442,-53.882],[-71.872,-53.696],[-71.152,-52.962],[-71.443,-52.829],[-72.051,-53.07],[-72.751,-53.138],[-72.842,-52.985],[-72.784,-52.898],[-71.678,-52.644],[-71.95,-52.571],[-72.559,-52.573],[-72.565,-52.387],[-72.449,-52.161],[-72.65,-52.128],[-72.81,-51.93],[-73.107,-52.103],[-73.408,-52.024],[-73.258,-51.706],[-73.591,-51.792],[-73.875,-51.562],[-73.638,-51.356],[-73.703,-51.198],[-73.861,-51.211],[-74.269,-50.994],[-73.776,-50.835],[-73.53,-50.433],[-74.075,-50.473],[-74.19,-50.171],[-73.932,-49.993],[-74.187,-49.823],[-74.24,-49.634],[-73.9,-49.43],[-73.963,-49.241],[-74.272,-49.431],[-74.312,-48.745],[-74.133,-48.477],[-74.21,-48.008],[-73.439,-48.156],[-73.36,-47.974],[-73.764,-47.773],[-74.154,-47.839],[-74.297,-47.761],[-74.538,-47.787],[-74.545,-47.683],[-74.393,-47.533],[-74.412,-47.384],[-74.328,-47.292],[-74.087,-47.298],[-73.979,-47.032],[-74.463,-46.799],[-75.011,-46.774],[-75.022,-46.553],[-75.496,-46.58],[-74.864,-46.229],[-74.564,-45.872],[-74.189,-45.845],[-74.068,-45.935],[-74.042,-46.091],[-74.479,-46.306],[-74.376,-46.558],[-74.087,-46.298],[-73.979,-46.344],[-73.97,-46.713],[-73.571,-46.265],[-73.474,-45.669],[-73.331,-45.474],[-73.047,-45.376],[-73.335,-45.28],[-73.314,-45.086],[-72.947,-44.943],[-72.677,-44.749],[-72.555,-44.543],[-72.583,-44.44],[-73.058,-44.19],[-73.082,-44.022],[-72.972,-43.707],[-72.999,-43.334],[-72.53,-43.063],[-72.724,-42.8],[-72.747,-42.446],[-72.438,-42.305],[-72.414,-42.163],[-72.466,-42.035],[-72.731,-41.907],[-72.587,-41.618],[-72.728,-41.553],[-72.068,-40.547],[-70.579,-40.579]]]]}},{"type":"Feature","properties":{"NAME":"Andean hunter-gatherers","ABBREVN":"Andean hunter-gatherers","SUBJECTO":"Andean hunter-gatherers","BORDERPRECISION":1,"PARTOF":"Andean hunter-gatherers"},"geometry":{"type":"MultiPolygon","coordinates":[[[[-68.034,-26.029],[-67.825,-22.475],[-67.356,-19.194],[-66.595,-19.145],[-65.906,-18.311],[-66.097,-20.138],[-67.123,-25.032],[-68.034,-26.029]]],[[[-67.499,-31.663],[-67.65,-33.577],[-69.437,-37.159],[-71.517,-39.706],[-72.728,-41.553],[-72.891,-41.529],[-73.178,-41.761],[-73.464,-41.787],[-73.594,-41.697],[-73.845,-41.153],[-73.905,-40.839],[-73.759,-40.243],[-73.194,-39.565],[-73.441,-38.628],[-73.435,-37.902],[-73.69,-37.367],[-73.584,-37.278],[-73.36,-37.322],[-73.144,-37.156],[-72.629,-35.646],[-72.33,-35.283],[-71.823,-33.935],[-71.616,-33.706],[-71.75,-33.191],[-71.416,-32.753],[-71.52,-32.181],[-70.027,-30.678],[-69.283,-29.352],[-67.499,-31.663]]]]}},{"type":"Feature","properties":{"NAME":"Amazon hunter-gatherers","ABBREVN":"Amazon hunter-gatherers","SUBJECTO":"Amazon hunter-gatherers","BORDERPRECISION":1,"PARTOF":"Amazon hunter-gatherers"},"geometry":{"type":"MultiPolygon","coordinates":[[[[-69.045,-8.236],[-70.158,-5.735],[-66.408,3.042],[-62.659,4.153],[-58.558,3.978],[-55.862,1.696],[-55.804,0.876],[-57.972,-0.589],[-58.44,-2.288],[-56.331,-4.335],[-54.163,-4.627],[-49.066,-4.744],[-46.281,-3.553],[-53.123,-14.275],[-60.268,-13.81],[-64.194,-14.695],[-69.045,-8.236]]],[[[-37.888,-4.393],[-37.888,-4.393],[-38.068,-4.232],[-37.888,-4.393]]]]}},{"type":"Feature","properties":{"NAME":"Caribbean hunter-gatherers","ABBREVN":"Caribbean hunter-gatherers","SUBJECTO":"Caribbean hunter-gatherers","BORDERPRECISION":1,"PARTOF":"Caribbean hunter-gatherers"},"geometry":{"type":"MultiPolygon","coordinates":[[[[-49.138,-1.568],[-50.225,-1.735],[-50.476,-1.679],[-50.647,-1.266],[-50.574,-1.177],[-50.617,-0.891],[-50.501,-0.262],[-50.207,-0.191],[-49.358,-0.285],[-49.143,-0.195],[-48.402,-0.391],[-48.553,-0.632],[-48.756,-1.281],[-49.138,-1.568]]],[[[-65.965,8.18],[-70.682,8.557],[-71.182,9.277],[-71.044,9.392],[-71.014,9.627],[-71.089,9.919],[-71.607,10.727],[-71.456,10.885],[-71.548,10.949],[-70.161,11.39],[-70.122,11.491],[-69.748,11.533],[-69.792,11.693],[-69.923,11.79],[-70.197,11.751],[-70.339,11.999],[-70.138,12.209],[-69.974,12.228],[-69.629,11.541],[-68.695,11.38],[-68.372,11.012],[-68.302,10.726],[-68.141,10.58],[-66.478,10.679],[-66.157,10.622],[-65.977,10.407],[-65.596,10.217],[-64.884,10.136],[-64.712,10.161],[-63.857,10.71],[-62.29,10.732],[-62.178,10.682],[-62.336,10.535],[-62.914,10.547],[-62.952,10.451],[-62.385,10.014],[-62.297,9.722],[-62.103,10.021],[-61.917,9.907],[-61.531,9.851],[-61.415,9.698],[-60.793,9.388],[-61.121,9.165],[-61.29,8.771],[-61.696,8.61],[-62.128,8.644],[-63.065,8.325],[-65.965,8.18]]],[[[-59.631,13.335],[-59.429,13.165],[-59.5,13.059],[-59.629,13.103],[-59.631,13.335]]],[[[-67.152,17.987],[-67.162,18.33],[-67.152,17.987]]],[[[-67.211,18.438],[-67.055,18.546],[-66.629,18.522],[-65.952,18.472],[-65.724,18.333],[-65.952,18.472],[-66.629,18.522],[-67.055,18.546],[-67.211,18.438]]]]}},{"type":"Feature","properties":{"NAME":"Pampas cultures","ABBREVN":"Pampas cultures","SUBJECTO":"Pampas cultures","BORDERPRECISION":1,"PARTOF":"Pampas cultures"},"geometry":{"type":"MultiPolygon","coordinates":[[[[-69.115,-51.352],[-71.165,-51.561],[-71.487,-51.104],[-72.044,-48.766],[-72.191,-45.99],[-71.634,-43.196],[-70.579,-40.579],[-72.068,-40.547],[-71.517,-39.706],[-69.437,-37.159],[-67.65,-33.577],[-67.482,-31.656],[-63.563,-30.037],[-57.353,-29.681],[-54.365,-30.593],[-53.544,-31.446],[-52.14,-31.741],[-52.351,-32.675],[-52.567,-33.019],[-53.432,-33.903],[-53.793,-34.4],[-54.423,-34.852],[-54.99,-34.967],[-55.383,-34.816],[-55.879,-34.887],[-56.167,-35.014],[-56.338,-34.995],[-56.719,-34.691],[-57.006,-34.578],[-57.348,-34.508],[-57.787,-34.598],[-57.934,-34.541],[-58.34,-34.216],[-58.53,-34.485],[-58.523,-34.587],[-58.107,-34.961],[-57.479,-35.214],[-57.226,-35.436],[-57.237,-35.583],[-57.4,-35.818],[-57.372,-36.149],[-57.084,-36.416],[-56.8,-36.543],[-56.698,-36.944],[-57.502,-37.927],[-57.643,-38.259],[-57.809,-38.386],[-58.651,-38.694],[-59.515,-38.875],[-61.361,-39.031],[-62.31,-38.88],[-62.351,-39.333],[-62.068,-39.556],[-62.435,-40.195],[-62.466,-40.368],[-62.26,-40.803],[-62.353,-40.899],[-62.964,-41.137],[-63.476,-41.19],[-65.049,-40.853],[-65.153,-40.975],[-65.135,-41.244],[-64.941,-41.552],[-64.925,-41.731],[-65.033,-42.02],[-64.992,-42.193],[-64.644,-42.437],[-64.286,-42.474],[-64.12,-42.384],[-64.294,-42.205],[-63.729,-42.101],[-63.6,-42.704],[-64.001,-42.853],[-64.217,-42.616],[-64.688,-42.649],[-65.085,-42.784],[-65.017,-42.881],[-64.309,-43.027],[-65.047,-43.331],[-65.307,-43.601],[-65.27,-44.258],[-65.637,-44.626],[-65.627,-44.723],[-65.436,-44.89],[-66.411,-45.021],[-66.695,-45.131],[-67.225,-45.553],[-67.472,-45.922],[-67.469,-46.266],[-67.112,-46.732],[-66.376,-47.127],[-65.776,-47.23],[-65.713,-47.354],[-65.781,-47.712],[-66.078,-48.142],[-67.257,-48.744],[-67.578,-49.059],[-67.7,-49.386],[-67.65,-49.621],[-67.833,-49.968],[-68.895,-50.384],[-69.041,-50.562],[-69.143,-50.918],[-69.115,-51.352]]]]}},{"type":"Feature","properties":{"NAME":"North American Pacifi foraging, hunting and fishing peoples","ABBREVN":"North American Pacifi foraging, hunting and fishing peoples","SUBJECTO":"North American Pacifi foraging, hunting and fishing peoples","BORDERPRECISION":1,"PARTOF":"North American Pacifi foraging, hunting and fishing peoples"},"geometry":{"type":"MultiPolygon","coordinates":[[[[-132.594,55.812],[-132.688,55.649],[-132.555,55.453],[-132.177,55.285],[-132.174,54.846],[-133.016,55.371],[-133.271,55.621],[-133.266,55.831],[-133.518,56.211],[-133.281,56.232],[-132.633,55.9],[-132.594,55.812]]],[[[-123.741,38.967],[-123.892,39.414],[-123.82,39.607],[-124.412,40.469],[-124.179,41.195],[-124.153,41.58],[-124.561,42.602],[-124.63,43.014],[-124.483,43.253],[-124.302,43.343],[-124.137,43.666],[-124.331,44.072],[-124.072,45.048],[-123.995,45.764],[-124.064,45.836],[-124.074,46.015],[-124.004,46.05],[-124.054,46.29],[-123.787,46.298],[-124.159,46.35],[-124.17,46.941],[-123.905,47.042],[-124.19,47.114],[-124.249,47.019],[-124.309,47.459],[-124.726,48.118],[-124.733,48.327],[-124.675,48.386],[-123.793,48.198],[-123.072,48.167],[-122.826,48.023],[-122.808,47.828],[-123.183,47.488],[-122.944,47.423],[-122.748,47.262],[-122.663,47.469],[-122.486,47.606],[-122.345,48.077],[-122.606,48.835],[-123.213,49.272],[-123.212,49.625],[-123.699,49.525],[-123.847,49.663],[-123.976,49.971],[-124.471,49.813],[-124.795,50.035],[-124.939,50.596],[-125.412,50.549],[-126.086,50.713],[-126.425,51.089],[-126.691,50.989],[-127.247,50.968],[-127.627,51.133],[-127.675,51.245],[-127.559,51.537],[-127.353,51.637],[-127.455,51.769],[-128.013,51.808],[-127.037,52.464],[-127.866,52.413],[-125.758,53.131],[-124.76,52.448],[-120.483,48.962],[-120.307,44.299],[-121.362,39.687],[-121.17,38.88],[-123.648,38.88],[-123.741,38.967]]],[[[-132.082,54.021],[-131.894,53.894],[-131.999,53.794],[-132.09,53.399],[-132.569,53.28],[-133.086,53.805],[-133.054,54.066],[-132.082,54.021]]],[[[-126.522,49.822],[-126.961,50.057],[-127.385,50.05],[-128.343,50.668],[-128.433,50.827],[-127.848,50.861],[-126.957,50.592],[-125.719,50.409],[-125.267,50.054],[-124.881,49.576],[-123.861,49.158],[-123.593,48.635],[-123.719,48.477],[-123.902,48.471],[-125.098,48.795],[-125.196,48.874],[-124.999,49.169],[-125.78,49.089],[-125.967,49.174],[-125.892,49.377],[-126.112,49.527],[-126.563,49.572],[-126.665,49.69],[-126.522,49.822]]]]}},{"type":"Feature","properties":{"NAME":"Plain bison hunters","ABBREVN":"Plain bison hunters","SUBJECTO":"Plain bison hunters","BORDERPRECISION":1,"PARTOF":"Plain bison hunters"},"geometry":{"type":"MultiPolygon","coordinates":[[[[-94.619,36.097],[-96.406,35.646],[-97.139,34.471],[-95.82,32.715],[-94.473,31.922],[-94.118,31.93],[-94.118,29.693],[-94.426,29.543],[-94.797,29.563],[-94.857,29.784],[-95.007,29.758],[-95.058,29.675],[-94.845,29.346],[-95.603,28.799],[-96.015,28.656],[-96.717,28.712],[-96.774,28.623],[-96.577,28.426],[-96.685,28.248],[-96.603,28.384],[-97.758,28.695],[-98.19,29.181],[-102.568,32.428],[-102.568,38.88],[-109.049,38.88],[-111.548,41.642],[-114.126,47.952],[-114.467,52.0],[-105.191,51.453],[-98.922,50.232],[-95.566,49.996],[-94.235,46.721],[-94.118,35.876],[-94.619,36.097]]]]}},{"type":"Feature","properties":{"NAME":"Plateau fichers and hunter gatherers","ABBREVN":"Plateau fichers and hunter gatherers","SUBJECTO":"Plateau fichers and hunter gatherers","BORDERPRECISION":1,"PARTOF":"Plateau fichers and hunter gatherers"},"geometry":{"type":"MultiPolygon","coordinates":[[[[-120.307,44.299],[-120.483,48.962],[-124.76,52.448],[-125.758,53.131],[-122.491,54.244],[-115.034,52.033],[-114.467,52.0],[-114.126,47.952],[-111.668,41.935],[-119.018,43.113],[-120.474,43.57],[-120.307,44.299]]]]}},{"type":"Feature","properties":{"NAME":"Desert hunter-gatherers","ABBREVN":"Desert hunter-gatherers","SUBJECTO":"Desert hunter-gatherers","BORDERPRECISION":1,"PARTOF":"Desert hunter-gatherers"},"geometry":{"type":"MultiPolygon","coordinates":[[[[-120.474,43.57],[-119.018,43.113],[-111.668,41.935],[-111.548,41.642],[-109.049,38.88],[-121.17,38.88],[-121.362,39.687],[-120.474,43.57]]],[[[-98.19,29.181],[-97.758,28.695],[-102.568,29.992],[-102.568,32.428],[-98.19,29.181]]],[[[-112.737,30.109],[-112.892,30.386],[-112.908,30.414],[-112.737,30.109]]]]}},{"type":"Feature","properties":{"NAME":"West African cereal farmers","ABBREVN":"West African cereal farmers","SUBJECTO":"West African cereal farmers","BORDERPRECISION":1,"PARTOF":"West African cereal farmers"},"geometry":{"type":"MultiPolygon","coordinates":[[[[38.718,7.114],[39.142,7.114],[40.2,8.08],[40.805,9.53],[40.72,10.115],[41.568,10.313],[42.465,9.507],[43.497,9.729],[44.281,10.396],[45.013,10.449],[45.909,10.832],[46.43,10.668],[46.677,10.7],[47.391,11.159],[47.996,11.116],[48.534,11.333],[48.97,11.233],[49.304,11.246],[50.081,11.476],[50.697,11.948],[51.181,11.777],[51.247,11.657],[51.061,11.243],[51.13,10.71],[50.887,10.277],[50.779,9.368],[50.211,8.351],[49.832,7.994],[49.777,7.854],[49.823,7.695],[49.046,6.416],[48.95,5.99],[48.792,5.704],[47.636,4.096],[46.449,4.08],[44.281,3.358],[43.415,2.515],[34.406,2.49],[33.93,2.844],[22.225,6.196],[12.605,7.732],[6.764,5.827],[7.365,6.94],[7.365,7.913],[6.879,8.643],[5.338,8.724],[3.949,6.579],[4.072,6.44],[4.634,6.212],[5.153,5.642],[5.383,5.61],[5.448,5.477],[5.359,5.368],[5.448,5.477],[5.383,5.61],[5.153,5.642],[4.634,6.212],[4.072,6.44],[3.949,6.579],[3.719,6.547],[3.611,6.413],[3.46,6.381],[1.342,6.18],[1.176,6.084],[0.939,5.759],[0.09,5.656],[-1.6,4.953],[-2.031,4.698],[-2.717,5.04],[-2.934,5.275],[-3.135,5.141],[-3.942,5.266],[-5.0,5.238],[-6.316,4.873],[-7.413,4.331],[-7.529,4.337],[-9.248,5.172],[-9.937,5.863],[-12.264,7.351],[-12.274,7.631],[-12.869,7.973],[-13.212,8.347],[-12.99,8.456],[-12.927,8.627],[-13.145,8.722],[-13.141,9.027],[-13.626,9.623],[-13.68,9.916],[-14.466,10.333],[-14.591,10.467],[-14.575,10.784],[-14.966,10.847],[-15.029,11.158],[-15.341,11.221],[-15.416,11.335],[-15.361,11.52],[-15.099,11.813],[-15.325,11.927],[-6.829,10.113],[-3.477,10.289],[-1.36,10.819],[2.879,13.203],[8.266,12.367],[10.462,12.474],[10.727,11.291],[12.355,11.203],[14.713,12.507],[15.657,11.306],[18.628,10.169],[20.673,11.956],[23.2,11.775],[24.074,11.182],[30.6,11.116],[30.787,11.227],[31.268,10.646],[31.745,10.248],[32.847,10.105],[32.349,9.528],[33.022,6.865],[35.578,5.527],[38.605,6.597],[38.718,7.114]]],[[[-16.425,12.248],[-16.696,12.413],[-16.772,12.597],[-16.767,13.36],[-16.689,13.449],[-16.494,13.475],[-16.471,13.723],[-16.64,13.843],[-16.697,14.078],[-17.033,14.565],[-16.697,14.078],[-16.64,13.843],[-16.471,13.723],[-16.494,13.475],[-16.689,13.449],[-16.767,13.36],[-16.772,12.597],[-16.696,12.413],[-16.279,12.21],[-16.086,11.969],[-15.809,11.843],[-16.425,12.248]]],[[[46.361,2.668],[46.19,2.522],[46.361,2.668]]],[[[42.408,13.175],[42.355,13.271],[42.355,13.271],[42.408,13.175]]]]}},{"type":"Feature","properties":{"NAME":"Khoiasan","ABBREVN":"Khoiasan","SUBJECTO":"Khoiasan","BORDERPRECISION":1,"PARTOF":"Khoiasan"},"geometry":{"type":"MultiPolygon","coordinates":[[[[35.023,-20.813],[35.107,-20.984],[34.994,-21.271],[35.234,-22.204],[35.371,-22.28],[35.512,-22.185],[35.425,-23.456],[35.297,-23.825],[35.512,-23.939],[35.43,-24.225],[34.884,-24.722],[33.347,-25.304],[32.945,-25.54],[32.651,-25.839],[32.5,-26.068],[32.896,-26.372],[32.916,-26.518],[32.767,-27.517],[32.609,-27.898],[32.345,-28.026],[32.303,-28.134],[32.393,-28.375],[32.346,-28.585],[32.235,-28.744],[31.563,-29.21],[30.391,-30.814],[28.922,-32.298],[27.408,-33.426],[26.659,-33.847],[25.619,-33.919],[25.516,-34.174],[24.929,-34.079],[24.592,-34.36],[23.743,-34.076],[23.499,-34.07],[23.189,-34.242],[22.682,-34.103],[22.262,-34.168],[21.669,-34.506],[20.515,-34.533],[20.256,-34.623],[19.884,-34.992],[19.321,-34.733],[19.279,-34.504],[19.181,-34.422],[18.84,-34.435],[18.724,-34.219],[18.57,-34.194],[18.487,-34.398],[18.293,-34.246],[18.459,-33.832],[17.868,-32.994],[17.945,-32.918],[18.232,-32.898],[18.309,-32.708],[18.336,-32.339],[18.179,-31.805],[17.354,-30.422],[16.788,-29.139],[15.454,-27.616],[15.076,-26.607],[15.153,-26.333],[14.947,-26.01],[14.843,-25.622],[14.909,-25.018],[14.668,-24.421],[14.409,-23.253],[14.396,-23.075],[14.524,-22.941],[14.577,-22.731],[14.533,-22.496],[13.804,-21.443],[12.524,-19.062],[12.906,-19.702],[28.617,-19.948],[28.279,-21.467],[28.455,-22.525],[29.338,-23.055],[31.102,-23.055],[32.866,-21.996],[33.395,-20.761],[33.395,-20.022],[34.719,-20.043],[34.673,-20.515],[35.023,-20.813]]]]}},{"type":"Feature","properties":{"NAME":"Eastern North Amercian hunter-gatherers","ABBREVN":"Eastern North Amercian hunter-gatherers","SUBJECTO":"Eastern North Amercian hunter-gatherers","BORDERPRECISION":1,"PARTOF":"Eastern North Amercian hunter-gatherers"},"geometry":{"type":"MultiPolygon","coordinates":[[[[-95.82,32.715],[-97.139,34.471],[-96.406,35.646],[-94.619,36.097],[-94.118,35.876],[-94.235,46.721],[-95.566,49.996],[-87.79,49.931],[-85.036,49.094],[-81.931,48.902],[-72.322,46.295],[-71.118,46.641],[-70.702,47.068],[-70.224,47.342],[-69.254,48.12],[-68.341,48.546],[-66.03,49.166],[-64.952,49.207],[-64.32,48.947],[-64.194,48.653],[-64.251,48.554],[-65.213,48.121],[-65.474,48.101],[-65.855,48.205],[-66.472,48.099],[-65.837,47.961],[-65.612,47.663],[-65.028,47.882],[-65.04,47.785],[-64.825,47.851],[-64.658,47.779],[-64.924,47.56],[-64.874,47.439],[-64.98,47.33],[-65.39,47.13],[-64.842,47.124],[-64.851,46.719],[-64.69,46.695],[-64.697,46.544],[-64.535,46.272],[-63.749,46.169],[-64.059,46.115],[-64.08,46.054],[-63.843,45.988],[-63.748,45.879],[-63.492,45.915],[-63.276,45.783],[-63.087,45.801],[-63.121,45.849],[-62.633,45.771],[-62.726,45.68],[-62.39,45.722],[-61.94,45.922],[-61.893,45.759],[-61.723,45.686],[-61.481,45.741],[-61.262,45.554],[-61.444,45.439],[-61.403,45.391],[-61.032,45.379],[-60.958,45.301],[-61.193,45.246],[-61.265,45.301],[-61.4,45.24],[-61.347,45.198],[-61.683,45.216],[-61.634,45.144],[-63.053,44.711],[-63.107,44.831],[-63.303,44.663],[-63.388,44.747],[-63.559,44.513],[-63.902,44.573],[-63.888,44.729],[-64.088,44.513],[-64.147,44.627],[-64.306,44.615],[-64.286,44.507],[-64.391,44.489],[-64.251,44.453],[-64.282,44.303],[-64.361,44.333],[-64.706,44.129],[-64.649,44.057],[-64.842,43.979],[-64.835,43.884],[-64.908,43.937],[-64.871,43.86],[-65.031,43.872],[-64.988,43.758],[-65.319,43.752],[-65.467,43.518],[-65.558,43.62],[-65.713,43.56],[-65.939,43.86],[-66.001,43.752],[-66.189,44.141],[-65.841,44.615],[-66.159,44.441],[-66.193,44.489],[-65.777,44.717],[-65.721,44.651],[-65.633,44.693],[-65.749,44.741],[-64.458,45.391],[-64.307,45.349],[-64.337,45.156],[-64.256,45.18],[-64.141,45.054],[-64.168,45.222],[-63.378,45.385],[-64.559,45.457],[-64.92,45.367],[-64.905,45.463],[-64.26,45.843],[-64.283,45.922],[-64.519,45.795],[-64.475,45.855],[-64.701,46.084],[-64.562,45.885],[-64.724,45.668],[-65.76,45.294],[-65.888,45.258],[-66.153,45.379],[-66.049,45.288],[-66.404,45.108],[-66.502,45.186],[-66.96,45.21],[-67.016,45.144],[-67.187,45.252],[-67.03,45.03],[-67.15,44.903],[-66.939,44.879],[-67.169,44.711],[-67.532,44.723],[-67.6,44.579],[-67.738,44.663],[-68.052,44.411],[-68.131,44.567],[-68.467,44.441],[-68.558,44.483],[-68.504,44.297],[-68.804,44.393],[-68.715,44.609],[-68.782,44.627],[-69.249,43.991],[-69.395,44.093],[-69.507,43.896],[-69.662,43.931],[-69.608,44.069],[-69.754,43.955],[-69.68,43.884],[-69.826,43.752],[-69.969,43.812],[-69.922,43.913],[-70.216,43.8],[-70.187,43.638],[-70.306,43.62],[-70.378,43.452],[-70.536,43.404],[-70.868,42.871],[-70.759,42.71],[-70.57,42.716],[-70.871,42.602],[-71.054,42.357],[-70.776,42.303],[-70.506,41.986],[-70.482,41.807],[-70.302,41.759],[-69.991,41.867],[-70.001,41.951],[-70.222,42.106],[-70.138,42.136],[-69.936,41.915],[-69.922,41.724],[-70.642,41.592],[-70.712,41.795],[-70.967,41.562],[-71.173,41.527],[-71.194,41.676],[-71.104,41.825],[-71.304,41.771],[-71.373,41.837],[-71.449,41.425],[-72.854,41.294],[-73.386,41.139],[-73.993,40.781],[-73.89,41.174],[-74.074,40.727],[-74.293,40.632],[-74.234,40.536],[-74.177,40.642],[-74.074,40.649],[-74.212,40.514],[-73.946,40.447],[-74.153,39.765],[-74.289,39.572],[-74.406,39.614],[-74.414,39.418],[-74.86,38.99],[-74.969,39.032],[-74.889,39.171],[-74.94,39.251],[-75.133,39.246],[-75.401,39.424],[-75.549,39.667],[-75.339,39.893],[-75.624,39.673],[-75.404,39.293],[-75.389,39.133],[-75.215,38.871],[-75.089,38.842],[-75.042,38.497],[-75.431,37.993],[-75.593,37.61],[-75.652,37.551],[-75.7,37.607],[-75.857,37.225],[-75.958,37.207],[-76.02,37.326],[-75.866,37.714],[-75.64,38.005],[-75.85,37.978],[-75.748,38.15],[-75.926,38.174],[-75.92,38.26],[-75.811,38.278],[-75.846,38.426],[-76.044,38.293],[-76.223,38.361],[-76.326,38.539],[-76.008,38.667],[-76.279,38.809],[-76.353,38.735],[-76.305,38.88],[-76.112,38.845],[-76.156,38.946],[-76.344,39.026],[-76.15,39.067],[-76.063,39.195],[-76.26,39.201],[-76.151,39.367],[-75.858,39.436],[-76.006,39.462],[-75.94,39.646],[-76.066,39.605],[-76.06,39.51],[-76.201,39.424],[-76.259,39.501],[-76.272,39.361],[-76.339,39.462],[-76.385,39.275],[-76.587,39.311],[-76.405,39.085],[-76.538,38.785],[-76.408,38.397],[-76.663,38.634],[-76.652,38.542],[-76.384,38.337],[-76.324,38.109],[-76.608,38.29],[-76.767,38.293],[-76.82,38.42],[-76.89,38.444],[-76.861,38.331],[-77.104,38.477],[-77.253,38.459],[-77.246,38.589],[-77.054,38.735],[-77.246,38.699],[-77.332,38.489],[-77.24,38.385],[-77.034,38.364],[-76.943,38.251],[-76.215,37.943],[-76.314,37.732],[-76.416,37.705],[-76.885,38.067],[-76.566,37.702],[-76.284,37.625],[-76.396,37.584],[-76.25,37.548],[-76.258,37.373],[-76.399,37.459],[-76.384,37.332],[-76.481,37.323],[-76.787,37.563],[-76.598,37.349],[-76.377,37.29],[-76.283,37.056],[-76.417,37.029],[-76.639,37.269],[-76.852,37.358],[-76.942,37.286],[-76.503,37.029],[-76.524,36.922],[-76.311,36.991],[-75.975,36.937],[-75.522,35.858],[-75.703,36.057],[-75.958,36.768],[-75.983,36.629],[-75.907,36.54],[-76.038,36.57],[-75.793,36.137],[-75.953,36.333],[-75.953,36.232],[-76.186,36.368],[-76.094,36.205],[-76.205,36.152],[-76.442,36.244],[-76.34,36.152],[-76.587,36.066],[-76.7,36.161],[-76.71,36.353],[-76.727,35.992],[-76.068,36.048],[-76.012,35.974],[-76.095,35.722],[-76.032,35.693],[-75.93,35.974],[-75.849,36.021],[-75.729,35.882],[-75.783,35.636],[-75.884,35.687],[-76.141,35.384],[-76.516,35.467],[-76.577,35.577],[-76.645,35.571],[-76.615,35.456],[-77.053,35.58],[-76.484,35.334],[-76.678,35.216],[-76.567,35.213],[-76.779,35.038],[-77.063,35.207],[-76.953,35.029],[-76.76,34.955],[-76.493,35.02],[-76.443,35.112],[-76.306,34.979],[-76.504,34.795],[-77.296,34.667],[-77.963,33.933],[-78.899,33.702],[-79.204,33.46],[-79.349,33.11],[-79.717,32.797],[-80.222,32.536],[-80.581,32.497],[-81.182,31.64],[-81.512,30.727],[-81.405,30.073],[-80.592,28.492],[-82.429,27.826],[-82.505,27.928],[-82.717,27.745],[-82.841,27.838],[-82.647,28.907],[-82.779,29.11],[-83.118,29.242],[-83.886,30.048],[-84.124,30.124],[-84.317,30.092],[-84.764,29.799],[-85.305,29.664],[-85.428,29.76],[-85.487,30.039],[-85.6,30.153],[-86.058,30.235],[-86.389,30.473],[-87.089,30.359],[-87.383,30.442],[-87.404,30.307],[-87.775,30.263],[-88.035,30.679],[-88.142,30.328],[-89.233,30.406],[-89.535,30.208],[-89.711,30.183],[-90.267,30.38],[-90.431,30.142],[-90.34,30.039],[-89.867,30.132],[-89.38,29.873],[-89.686,29.706],[-89.677,29.591],[-89.559,29.433],[-89.292,29.367],[-89.032,29.119],[-89.272,29.058],[-89.498,29.096],[-89.622,29.284],[-90.198,29.527],[-90.298,29.374],[-90.092,29.222],[-90.235,29.119],[-90.436,29.326],[-90.779,29.109],[-91.24,29.321],[-91.429,29.543],[-91.951,29.832],[-92.228,29.802],[-91.978,29.625],[-92.117,29.542],[-92.643,29.579],[-93.446,29.768],[-94.118,29.693],[-94.118,31.93],[-94.473,31.922],[-95.82,32.715]],[[-86.276,42.442],[-86.243,42.988],[-86.514,43.681],[-86.453,44.13],[-86.33,44.275],[-86.214,44.704],[-86.072,44.865],[-85.743,45.015],[-85.543,45.212],[-85.638,44.829],[-85.5,44.934],[-85.538,44.751],[-85.423,44.898],[-85.369,45.203],[-84.952,45.408],[-85.076,45.483],[-85.075,45.612],[-84.996,45.751],[-84.763,45.817],[-84.948,45.968],[-85.382,46.075],[-86.13,45.947],[-86.295,45.905],[-86.64,45.62],[-86.679,45.702],[-86.543,45.858],[-86.72,45.867],[-86.935,45.681],[-86.995,45.864],[-87.621,45.022],[-87.876,44.878],[-87.991,44.671],[-87.943,44.565],[-87.544,44.862],[-87.343,44.818],[-87.908,43.192],[-87.792,42.841],[-87.783,42.204],[-87.554,41.766],[-87.375,41.634],[-86.842,41.766],[-86.518,42.035],[-86.276,42.442]],[[-84.634,45.751],[-83.636,45.392],[-83.431,45.275],[-83.26,45.024],[-83.438,45.023],[-83.28,44.756],[-83.319,44.429],[-83.569,44.099],[-83.872,43.92],[-83.875,43.685],[-83.744,43.621],[-83.59,43.665],[-83.384,43.911],[-82.836,44.035],[-82.658,43.84],[-82.354,43.015],[-81.808,43.318],[-81.719,44.139],[-81.355,44.546],[-81.297,44.713],[-81.385,44.993],[-81.698,45.246],[-81.302,45.219],[-81.308,45.097],[-81.189,44.943],[-80.991,44.94],[-81.095,44.799],[-80.914,44.736],[-80.907,44.602],[-80.684,44.717],[-80.469,44.572],[-80.071,44.52],[-80.01,44.618],[-80.081,44.824],[-79.671,44.75],[-79.676,44.867],[-79.778,44.806],[-79.894,45.009],[-80.042,45.069],[-79.967,45.1],[-80.113,45.238],[-80.05,45.365],[-80.297,45.373],[-80.36,45.577],[-80.509,45.578],[-80.649,45.74],[-80.532,45.772],[-80.679,45.791],[-80.713,45.835],[-80.613,45.864],[-80.718,45.85],[-80.645,45.889],[-80.758,45.97],[-80.8,45.897],[-80.807,45.955],[-81.367,45.973],[-81.245,45.996],[-81.678,45.942],[-81.476,46.048],[-81.708,46.008],[-81.578,46.047],[-81.629,46.101],[-81.847,45.991],[-81.921,46.028],[-81.74,46.098],[-83.794,46.257],[-83.927,46.087],[-83.927,45.961],[-84.633,46.029],[-84.747,45.854],[-84.634,45.751]],[[-80.276,42.741],[-80.395,42.657],[-80.352,42.598],[-80.058,42.547],[-81.439,42.587],[-81.864,42.257],[-81.883,42.316],[-82.284,42.147],[-82.535,41.94],[-82.586,42.001],[-83.187,42.06],[-83.393,41.86],[-83.443,41.702],[-82.748,41.534],[-83.027,41.444],[-82.972,41.428],[-81.811,41.495],[-80.073,42.153],[-79.198,42.571],[-78.875,42.804],[-78.95,42.887],[-80.276,42.741]],[[-92.256,46.647],[-92.111,46.734],[-91.868,46.708],[-90.832,46.944],[-90.778,46.907],[-90.884,46.604],[-90.716,46.678],[-90.768,46.713],[-90.527,46.603],[-90.277,46.625],[-89.09,46.96],[-88.299,47.399],[-87.881,47.462],[-87.772,47.401],[-88.161,47.246],[-88.39,47.031],[-88.484,46.81],[-88.181,46.931],[-88.282,46.824],[-88.113,46.914],[-87.883,46.898],[-87.647,46.81],[-87.273,46.512],[-86.734,46.441],[-85.993,46.672],[-85.1,46.749],[-84.982,46.701],[-85.015,46.558],[-84.888,46.477],[-84.6,46.46],[-84.492,46.475],[-84.555,46.583],[-84.436,46.708],[-84.545,46.708],[-84.562,46.785],[-84.372,46.872],[-84.738,46.953],[-84.749,47.101],[-84.623,47.261],[-84.924,47.524],[-84.989,47.686],[-84.894,47.86],[-85.027,47.94],[-85.645,47.934],[-85.941,48.048],[-86.384,48.725],[-87.192,48.774],[-88.095,49.005],[-88.252,48.932],[-88.126,48.792],[-88.169,48.636],[-88.329,48.627],[-88.558,48.442],[-88.364,48.702],[-88.344,48.78],[-88.43,48.825],[-88.797,48.337],[-88.892,48.314],[-88.817,48.507],[-88.888,48.535],[-89.114,48.454],[-89.517,48.004],[-90.457,47.705],[-91.15,47.368],[-92.256,46.647]],[[-76.134,44.027],[-76.182,44.072],[-76.303,43.997],[-76.348,44.069],[-76.017,44.336],[-76.449,44.277],[-77.035,44.059],[-76.885,44.159],[-77.034,44.129],[-76.951,44.247],[-77.54,44.091],[-77.127,44.149],[-77.13,44.017],[-76.881,44.093],[-77.05,43.917],[-76.933,43.91],[-77.175,43.843],[-77.327,43.949],[-77.26,43.955],[-77.623,44.01],[-78.738,43.878],[-79.153,43.772],[-79.896,43.282],[-79.189,43.209],[-78.237,43.371],[-77.846,43.35],[-77.523,43.19],[-77.389,43.27],[-76.937,43.237],[-76.209,43.565],[-76.192,43.701],[-76.289,43.85],[-76.051,44.008],[-76.19,43.966],[-76.134,44.027]]],[[[-72.621,40.913],[-71.856,41.069],[-72.666,40.794],[-73.653,40.62],[-73.577,40.597],[-73.929,40.564],[-73.768,40.642],[-74.008,40.58],[-74.035,40.636],[-73.923,40.79],[-73.589,40.921],[-72.647,40.98],[-72.24,41.161],[-72.621,40.913]]]]}},{"type":"Feature","properties":{"NAME":"Byzantine Empire","ABBREVN":"Byzantine E.","SUBJECTO":"Byzantine Empire","BORDERPRECISION":1,"PARTOF":"Byzantine Empire"},"geometry":{"type":"MultiPolygon","coordinates":[[[[25.873,36.356],[25.713,36.35],[25.789,36.405],[25.873,36.356]]],[[[25.493,36.423],[25.493,36.331],[25.318,36.399],[25.371,36.497],[25.493,36.423]]],[[[25.949,36.911],[26.025,36.96],[26.086,36.899],[25.751,36.783],[25.949,36.911]]],[[[24.588,36.869],[24.679,36.759],[24.466,36.649],[24.299,36.753],[24.588,36.869]]],[[[24.877,36.68],[24.976,36.637],[24.945,36.57],[24.824,36.637],[24.877,36.68]]],[[[25.196,36.674],[25.044,36.661],[25.166,36.741],[25.196,36.674]]],[[[25.295,36.808],[25.432,36.698],[25.386,36.637],[25.265,36.704],[25.295,36.808]]],[[[24.444,37.099],[24.428,37.208],[24.535,37.117],[24.444,37.099]]],[[[24.383,37.571],[24.261,37.541],[24.299,37.661],[24.398,37.667],[24.383,37.571]]],[[[24.36,37.305],[24.398,37.468],[24.489,37.396],[24.36,37.305]]],[[[25.044,37.378],[24.846,37.366],[24.862,37.529],[25.044,37.378]]],[[[25.272,37.565],[25.47,37.438],[25.318,37.402],[24.656,37.901],[24.763,38.003],[25.272,37.565]]],[[[24.786,36.948],[24.679,36.905],[24.649,37.014],[24.717,37.051],[24.786,36.948]]],[[[25.31,37.002],[24.938,36.96],[25.151,37.172],[25.31,37.196],[25.31,37.002]]],[[[25.607,37.124],[25.546,36.96],[25.455,36.923],[25.363,37.008],[25.341,37.087],[25.538,37.22],[25.607,37.124]]],[[[28.47,36.738],[28.267,36.712],[28.014,36.527],[27.912,36.699],[28.051,36.833],[27.999,36.909],[27.308,36.921],[27.269,37.042],[27.526,37.131],[27.365,37.329],[27.16,37.36],[27.14,37.889],[26.679,38.105],[26.393,38.104],[26.469,38.445],[26.742,38.278],[26.997,38.4],[26.696,38.641],[27.035,38.821],[26.937,38.925],[26.785,38.94],[26.871,39.056],[26.704,39.25],[26.602,39.256],[26.958,39.548],[26.064,39.456],[26.186,39.997],[26.32,39.992],[26.403,40.176],[26.765,40.377],[27.272,40.451],[27.45,40.31],[27.764,40.287],[27.83,40.345],[27.679,40.461],[27.808,40.504],[28.006,40.451],[27.908,40.351],[28.478,40.395],[29.052,40.335],[29.084,40.456],[28.778,40.525],[28.902,40.62],[29.883,40.746],[29.32,40.741],[29.015,40.979],[29.161,41.216],[30.138,41.132],[30.256,41.185],[30.745,41.04],[31.218,41.054],[31.404,41.164],[31.386,41.285],[32.688,41.846],[33.556,41.983],[34.663,41.876],[34.492,40.917],[31.984,39.663],[30.73,39.663],[30.591,37.782],[28.814,36.535],[28.47,36.738]]],[[[27.836,42.736],[27.654,42.684],[27.502,42.516],[27.495,42.401],[27.608,42.417],[27.913,42.078],[28.104,41.593],[29.081,41.201],[28.964,40.989],[28.828,40.915],[28.173,41.058],[27.932,40.958],[27.474,40.963],[27.264,40.667],[26.614,40.398],[26.141,40.045],[26.195,40.303],[26.556,40.498],[26.455,40.584],[26.124,40.603],[26.021,40.669],[25.993,40.852],[25.301,40.896],[25.019,41.017],[24.701,40.878],[24.519,40.873],[24.505,40.984],[24.354,40.971],[24.025,40.746],[23.635,40.773],[23.785,40.477],[24.295,40.176],[24.221,40.145],[24.048,40.308],[23.775,40.393],[23.627,40.345],[23.652,40.229],[23.869,40.161],[23.907,39.997],[23.796,39.987],[23.596,40.192],[23.292,40.287],[23.259,40.229],[23.367,40.108],[23.639,39.96],[23.261,39.971],[23.141,40.266],[22.748,40.482],[22.864,40.535],[22.852,40.651],[22.492,40.498],[22.602,40.397],[22.467,40.118],[22.754,39.818],[22.813,39.603],[23.236,39.203],[23.052,39.103],[23.1,39.187],[23.045,39.271],[22.851,39.366],[22.72,39.287],[22.871,39.024],[22.49,38.877],[22.899,38.767],[22.984,38.667],[23.169,38.667],[23.356,38.49],[23.494,38.483],[23.556,38.352],[23.804,38.347],[23.961,38.21],[23.88,38.115],[23.987,37.763],[23.918,37.685],[23.419,38.068],[22.898,37.9],[23.04,37.858],[23.049,37.643],[23.151,37.59],[23.322,37.637],[23.312,37.548],[23.418,37.469],[23.11,37.347],[22.971,37.385],[23.025,37.48],[22.642,37.585],[22.887,37.047],[22.983,36.615],[22.674,36.754],[22.524,36.722],[22.39,36.524],[22.191,36.855],[21.984,37.02],[21.781,36.823],[21.531,37.115],[21.614,37.415],[21.221,37.828],[21.44,38.18],[21.714,38.135],[21.906,38.27],[22.747,37.953],[23.116,38.157],[22.334,38.427],[21.826,38.464],[21.172,38.348],[20.772,38.851],[21.007,38.871],[21.16,39.005],[21.007,39.113],[20.678,39.08],[20.212,39.405],[20.029,39.814],[19.369,40.26],[19.38,40.324],[19.484,40.296],[19.494,40.403],[19.339,40.589],[19.527,40.866],[19.445,40.965],[19.53,41.218],[19.417,41.345],[19.499,41.524],[19.619,41.559],[19.607,41.762],[20.705,42.814],[21.489,42.879],[24.297,42.03],[26.06,42.095],[26.583,41.834],[26.648,42.553],[27.887,43.064],[27.836,42.736]]],[[[24.69,35.092],[24.324,35.208],[23.513,35.276],[23.529,35.57],[23.671,35.572],[23.697,35.698],[23.743,35.562],[23.957,35.528],[24.082,35.612],[24.153,35.564],[24.073,35.496],[24.23,35.391],[24.997,35.421],[25.014,35.362],[25.512,35.295],[25.673,35.349],[25.668,35.187],[25.742,35.137],[26.274,35.313],[26.16,35.024],[24.693,34.94],[24.69,35.092]]],[[[23.014,38.961],[23.242,39.044],[23.79,38.719],[24.132,38.653],[24.292,38.195],[24.588,38.153],[24.527,37.967],[24.314,37.985],[24.025,38.386],[23.661,38.404],[23.638,38.523],[23.121,38.867],[22.87,38.837],[23.014,38.961]]]]}},{"type":"Feature","properties":{"NAME":"Britany","ABBREVN":"Britany","SUBJECTO":"Britany","BORDERPRECISION":1,"PARTOF":"Britany"},"geometry":{"type":"MultiPolygon","coordinates":[[[[-1.999,48.677],[-1.752,48.178],[-2.01,47.746],[-2.576,47.324],[-2.466,47.494],[-2.614,47.572],[-2.842,47.492],[-3.858,47.792],[-3.955,47.904],[-4.364,47.829],[-4.391,47.942],[-4.7,48.064],[-4.313,48.101],[-4.351,48.205],[-4.588,48.251],[-4.389,48.298],[-4.35,48.391],[-4.78,48.355],[-4.762,48.552],[-3.999,48.731],[-3.902,48.646],[-3.821,48.721],[-3.608,48.693],[-3.558,48.81],[-3.435,48.836],[-3.091,48.872],[-2.791,48.59],[-2.636,48.552],[-2.343,48.674],[-2.2,48.599],[-1.999,48.677]]]]}},{"type":"Feature","properties":{"NAME":null,"ABBREVN":null,"SUBJECTO":null,"BORDERPRECISION":1,"PARTOF":null},"geometry":{"type":"MultiPolygon","coordinates":[[[[-151.726,70.535],[-150.639,70.475],[-149.286,70.539],[-147.724,70.327],[-146.183,70.268],[-145.273,70.116],[-143.308,70.197],[-141.161,69.599],[-139.901,69.571],[-137.729,69.016],[-136.203,68.876],[-135.496,68.719],[-136.203,68.876],[-137.729,69.016],[-139.901,69.571],[-141.161,69.599],[-143.308,70.197],[-145.273,70.116],[-146.183,70.268],[-147.724,70.327],[-149.286,70.539],[-151.915,70.496],[-152.49,70.695],[-152.137,70.534],[-151.726,70.535]]]]}},{"type":"Feature","properties":{"NAME":null,"ABBREVN":null,"SUBJECTO":null,"BORDERPRECISION":1,"PARTOF":null},"geometry":{"type":"MultiPolygon","coordinates":[[[[-152.971,70.934],[-155.1,71.077],[-155.475,70.852],[-156.138,70.928],[-155.475,70.852],[-155.1,71.077],[-152.971,70.934],[-152.651,70.819],[-152.971,70.934]]]]}},{"type":"Feature","properties":{"NAME":null,"ABBREVN":null,"SUBJECTO":null,"BORDERPRECISION":1,"PARTOF":null},"geometry":{"type":"MultiPolygon","coordinates":[[[[-132.508,69.858],[-131.446,69.966],[-131.059,70.158],[-130.712,70.205],[-129.849,70.151],[-130.712,70.205],[-131.059,70.158],[-131.446,69.966],[-133.002,69.758],[-133.648,69.507],[-134.776,69.573],[-135.104,69.497],[-135.439,69.526],[-136.044,69.336],[-135.439,69.526],[-135.104,69.497],[-134.776,69.573],[-133.648,69.507],[-132.508,69.858]]]]}},{"type":"Feature","properties":{"NAME":null,"ABBREVN":null,"SUBJECTO":null,"BORDERPRECISION":1,"PARTOF":null},"geometry":{"type":"MultiPolygon","coordinates":[[[[-129.013,69.72],[-127.726,70.188],[-129.013,69.72],[-129.943,69.643],[-130.896,69.3],[-131.673,69.276],[-132.175,68.981],[-132.713,68.867],[-132.789,68.709],[-132.713,68.867],[-132.175,68.981],[-131.673,69.276],[-130.896,69.3],[-129.943,69.643],[-129.013,69.72]]]]}},{"type":"Feature","properties":{"NAME":null,"ABBREVN":null,"SUBJECTO":null,"BORDERPRECISION":1,"PARTOF":null},"geometry":{"type":"MultiPolygon","coordinates":[[[[-133.72,68.918],[-133.339,68.798],[-133.72,68.918]]]]}},{"type":"Feature","properties":{"NAME":null,"ABBREVN":null,"SUBJECTO":null,"BORDERPRECISION":1,"PARTOF":null},"geometry":{"type":"MultiPolygon","coordinates":[[[[-125.974,69.43],[-125.455,69.333],[-125.188,69.409],[-125.455,69.333],[-125.974,69.43],[-126.618,69.679],[-125.974,69.43]]]]}},{"type":"Feature","properties":{"NAME":null,"ABBREVN":null,"SUBJECTO":null,"BORDERPRECISION":1,"PARTOF":null},"geometry":{"type":"MultiPolygon","coordinates":[[[[-127.667,70.518],[-128.416,70.686],[-128.011,70.641],[-127.352,70.38],[-127.667,70.518]]]]}},{"type":"Feature","properties":{"NAME":null,"ABBREVN":null,"SUBJECTO":null,"BORDERPRECISION":1,"PARTOF":null},"geometry":{"type":"MultiPolygon","coordinates":[[[[-124.989,69.895],[-125.386,69.818],[-124.707,69.941],[-124.989,69.895]]]]}},{"type":"Feature","properties":{"NAME":null,"ABBREVN":null,"SUBJECTO":null,"BORDERPRECISION":1,"PARTOF":null},"geometry":{"type":"MultiPolygon","coordinates":[[[[-120.85,69.569],[-119.979,69.378],[-122.326,69.884],[-123.051,69.86],[-123.292,69.64],[-123.803,69.434],[-124.6,69.463],[-123.803,69.434],[-123.292,69.64],[-123.051,69.86],[-122.835,69.891],[-122.326,69.884],[-120.85,69.569]]]]}},{"type":"Feature","properties":{"NAME":null,"ABBREVN":null,"SUBJECTO":null,"BORDERPRECISION":1,"PARTOF":null},"geometry":{"type":"MultiPolygon","coordinates":[[[[-91.642,63.515],[-92.351,63.585],[-93.317,63.974],[-92.351,63.585],[-90,63.302],[-91.642,63.515]]]]}},{"type":"Feature","properties":{"NAME":null,"ABBREVN":null,"SUBJECTO":null,"BORDERPRECISION":1,"PARTOF":null},"geometry":{"type":"MultiPolygon","coordinates":[[[[-91.891,62.604],[-92.455,62.794],[-91.891,62.604]]]]}},{"type":"Feature","properties":{"NAME":null,"ABBREVN":null,"SUBJECTO":null,"BORDERPRECISION":1,"PARTOF":null},"geometry":{"type":"MultiPolygon","coordinates":[[[[-96.685,28.248],[-97.568,27.909],[-97.267,27.674],[-97.632,27.228],[-97.638,26.847],[-97.26,25.811],[-97.658,25.073],[-97.742,24.73],[-97.823,24.208],[-97.882,22.333],[-97.504,21.189],[-96.579,19.92],[-96.012,18.929],[-95.844,18.796],[-95.083,18.702],[-94.59,18.271],[-94.242,18.24],[-92.098,18.76],[-92.107,18.516],[-91.73,18.416],[-91.479,18.634],[-91.526,18.745],[-91.702,18.823],[-91.22,19.102],[-90,19.382],[-89.061,19.267],[-88.87,18.694],[-89.539,17.739],[-89.921,16.975],[-88.742,16.269],[-88.766,16.141],[-88.941,16.033],[-88.941,15.905],[-88.664,15.726],[-88.601,15.812],[-88.631,15.983],[-88.274,15.747],[-87.571,15.908],[-86.372,15.803],[-85.887,15.994],[-85.632,15.874],[-84.65,15.933],[-84.171,15.763],[-84.234,15.502],[-84.132,15.375],[-83.527,15.237],[-83.296,14.615],[-83.418,14.068],[-83.662,13.705],[-83.688,12.962],[-83.883,12.122],[-83.914,11.251],[-83.747,10.878],[-83.204,10.2],[-82.962,10.034],[-82.752,9.744],[-82.326,9.445],[-82.23,9.047],[-81.784,8.966],[-81.674,9.058],[-81.495,8.865],[-81.168,8.828],[-80.962,8.865],[-80.356,9.203],[-80.124,9.224],[-79.5,9.638],[-78.998,9.543],[-78.967,9.473],[-78.612,9.48],[-78.266,9.386],[-77.678,8.961],[-76.858,7.93],[-76.702,8.115],[-76.842,8.559],[-76.383,8.98],[-76.158,9.311],[-75.703,9.426],[-75.605,9.598],[-75.652,9.769],[-75.543,10.411],[-75.45,10.628],[-75.226,10.825],[-74.716,11.061],[-74.548,10.969],[-74.449,10.77],[-74.323,10.922],[-74.219,11.368],[-73.362,11.325],[-72.761,11.695],[-72.38,11.81],[-71.909,12.351],[-71.437,12.422],[-71.13,12.213],[-71.061,12.061],[-71.189,11.912],[-71.594,11.844],[-71.988,11.608],[-71.838,11.151],[-71.738,11.095],[-71.688,10.769],[-72.114,9.904],[-71.605,9.092],[-71.369,9.143],[-71.098,9.328],[-71.182,9.277],[-70.682,8.557],[-65.965,8.18],[-63.065,8.325],[-62.128,8.644],[-61.271,8.51],[-60.957,8.587],[-60.213,8.563],[-59.834,8.44],[-59.194,8.032],[-58.617,7.499],[-58.509,6.559],[-58.375,6.826],[-58.275,6.871],[-58.006,6.789],[-57.414,6.351],[-57.065,5.837],[-56.918,5.978],[-56.746,6.003],[-55.911,5.776],[-55.81,5.999],[-54.57,5.964],[-53.027,5.427],[-52.098,4.692],[-51.71,4.228],[-51.439,4.324],[-51.315,4.261],[-50.688,2.216],[-50.409,1.823],[-49.969,1.728],[-49.864,1.328],[-49.884,1.214],[-50.12,1.054],[-50.647,0.272],[-51.17,-0.079],[-51.529,-0.429],[-51.963,-1.313],[-52.143,-1.517],[-51.791,-1.535],[-50.977,-1.114],[-50.643,-1.882],[-50.528,-1.933],[-49.622,-1.925],[-49.291,-1.791],[-49.415,-2.096],[-49.423,-2.359],[-49.221,-2.108],[-48.527,-1.586],[-48.043,-0.816],[-47.237,-0.68],[-46.928,-0.928],[-45.643,-1.363],[-45.492,-1.49],[-45.371,-1.757],[-45.256,-1.763],[-45.076,-1.604],[-44.796,-1.736],[-44.462,-2.269],[-44.711,-2.759],[-44.593,-3.147],[-44.222,-2.777],[-43.233,-2.419],[-42.316,-2.818],[-41.606,-2.937],[-41.103,-2.974],[-40.231,-2.851],[-39.722,-3.009],[-39.05,-3.408],[-37.181,-4.954],[-36.636,-5.118],[-35.665,-5.18],[-35.464,-5.268],[-35.345,-5.478],[-34.918,-7.167],[-34.925,-7.872],[-35.114,-8.661],[-35.599,-9.628],[-36.829,-10.736],[-37.187,-10.845],[-37.362,-11.131],[-37.41,-11.468],[-37.637,-11.951],[-38.266,-12.887],[-38.473,-12.989],[-38.509,-12.798],[-38.634,-12.665],[-38.799,-12.627],[-38.828,-12.983],[-39.07,-13.721],[-39.126,-14.325],[-38.948,-16.002],[-39.208,-17.146],[-39.142,-17.775],[-39.484,-17.998],[-39.666,-18.227],[-39.801,-18.748],[-39.691,-19.409],[-39.739,-19.574],[-40.14,-19.975],[-40.478,-20.649],[-40.933,-21.279],[-41.048,-21.661],[-40.984,-22.086],[-41.77,-22.38],[-41.929,-22.546],[-41.958,-22.921],[-42.138,-22.972],[-42.967,-23.031],[-43.815,-22.957],[-44.561,-22.99],[-44.658,-23.263],[-45.148,-23.493],[-45.459,-23.856],[-45.795,-23.736],[-46.206,-23.883],[-47.886,-24.985],[-48.125,-25.291],[-48.344,-25.399],[-48.725,-25.426],[-48.722,-25.534],[-48.57,-25.635],[-48.516,-25.876],[-48.611,-26.245],[-48.775,-26.385],[-48.603,-26.677],[-48.564,-27.681],[-48.728,-28.367],[-48.852,-28.563],[-48.797,-28.476],[-49.839,-26.797],[-49.487,-24.553],[-48.469,-23.749],[-53.128,-14.265],[-46.281,-3.553],[-49.066,-4.744],[-54.163,-4.627],[-56.331,-4.335],[-58.44,-2.288],[-57.972,-0.589],[-55.804,0.876],[-55.862,1.696],[-58.558,3.978],[-62.659,4.153],[-66.408,3.042],[-70.158,-5.735],[-69.045,-8.236],[-64.194,-14.695],[-64.662,-16.805],[-66.595,-19.145],[-67.356,-19.194],[-67.238,-18.364],[-67.942,-15.428],[-69.234,-14.019],[-71.231,-12.727],[-75.576,-10.613],[-77.338,-7.676],[-77.69,-6.267],[-78.747,-6.032],[-80.039,-4.27],[-81.042,-4.052],[-80.583,-3.657],[-80.144,-3.414],[-79.762,-2.797],[-79.813,-2.17],[-80.357,-2.728],[-80.778,-2.539],[-80.961,-2.355],[-80.741,-2.119],[-80.816,-1.859],[-80.754,-1.452],[-80.966,-1.033],[-80.339,-0.663],[-80.482,-0.384],[-80.109,0.049],[-80.046,0.43],[-80.135,0.716],[-80.086,0.818],[-79.376,1.017],[-78.984,1.297],[-78.929,1.411],[-79.062,1.678],[-79.014,1.774],[-78.785,1.825],[-78.575,1.774],[-78.492,1.921],[-78.648,2.175],[-78.61,2.365],[-78.468,2.467],[-77.987,2.475],[-77.802,2.577],[-77.106,3.792],[-77.445,4.179],[-77.267,4.739],[-77.5,5.514],[-77.462,5.628],[-77.241,5.692],[-77.181,5.788],[-77.475,6.092],[-77.494,6.194],[-77.322,6.544],[-77.897,7.172],[-78.327,8.089],[-78.148,8.235],[-77.794,8.179],[-78.002,8.34],[-78.045,8.552],[-78.184,8.413],[-78.381,8.395],[-78.592,8.813],[-78.652,8.745],[-79.068,9.034],[-79.321,9.04],[-79.717,8.883],[-79.712,8.616],[-80.269,8.377],[-80.425,8.192],[-80.403,8.059],[-80.051,7.732],[-79.976,7.492],[-80.212,7.475],[-80.406,7.299],[-80.661,7.251],[-80.899,7.336],[-80.85,7.409],[-81.117,7.943],[-81.197,7.64],[-81.562,7.824],[-81.664,8.165],[-82.654,8.321],[-82.795,8.27],[-82.957,8.047],[-82.956,8.257],[-83.09,8.395],[-83.085,8.651],[-83.412,8.727],[-83.266,8.542],[-83.279,8.413],[-83.605,8.548],[-83.664,8.675],[-83.533,8.999],[-83.615,9.152],[-84.182,9.491],[-84.492,9.537],[-84.635,9.684],[-84.697,9.988],[-85.255,10.311],[-85.116,9.981],[-84.926,9.961],[-84.844,9.841],[-85.089,9.583],[-85.314,9.828],[-85.712,10.03],[-85.824,10.361],[-85.767,10.55],[-85.617,10.652],[-85.621,10.827],[-85.87,10.928],[-85.707,10.983],[-85.733,11.085],[-85.84,11.078],[-86.014,11.368],[-86.885,12.256],[-87.675,12.915],[-87.685,13.017],[-87.404,13.03],[-87.556,13.366],[-87.771,13.501],[-87.949,13.172],[-88.638,13.255],[-89.989,13.678],[-90,13.937],[-91.242,13.952],[-91.516,14.059],[-94.075,16.111],[-94.835,16.319],[-95.13,16.299],[-95.76,17.159],[-96.832,18.231],[-98.696,19.002],[-101.975,21.017],[-102.618,20.588],[-102.19,19.517],[-99.108,17.493],[-99.209,16.717],[-99.979,16.893],[-101.221,17.418],[-101.993,18.027],[-102.668,18.095],[-103.494,18.354],[-104.197,19.058],[-104.948,19.438],[-105.67,20.352],[-105.62,20.473],[-105.312,20.588],[-105.291,20.67],[-105.44,20.835],[-105.234,21.141],[-105.216,21.313],[-105.628,21.954],[-105.508,22.164],[-105.54,22.285],[-107.404,24.296],[-107.916,24.645],[-108.078,25.064],[-108.499,25.241],[-108.848,25.615],[-109.156,25.577],[-109.263,25.646],[-109.338,25.958],[-109.132,26.289],[-109.189,26.441],[-109.527,26.72],[-109.724,26.605],[-109.946,27.044],[-110.382,27.214],[-110.526,27.348],[-110.582,27.462],[-110.521,27.755],[-110.604,27.856],[-111.271,28.109],[-111.692,28.496],[-113.017,30.566],[-113.085,30.77],[-113.052,31.139],[-113.662,31.335],[-113.746,31.608],[-113.952,31.69],[-114.195,31.524],[-114.839,31.815],[-114.988,31.166],[-114.735,30.843],[-114.683,30.143],[-114.453,29.838],[-113.829,29.401],[-113.322,28.556],[-112.87,28.335],[-112.724,27.705],[-112.567,27.56],[-112.284,27.509],[-111.915,26.664],[-111.594,26.76],[-111.329,25.896],[-110.798,24.88],[-110.772,24.378],[-110.656,24.219],[-110.485,24.15],[-110.205,24.315],[-109.824,23.693],[-109.489,23.573],[-109.429,23.433],[-109.517,23.192],[-109.889,22.867],[-110.004,22.885],[-110.225,23.4],[-110.502,23.66],[-111.392,24.243],[-112.093,24.89],[-112.166,25.011],[-112.084,25.57],[-112.411,26.193],[-112.981,26.503],[-113.285,26.808],[-113.585,26.769],[-114.478,27.244],[-115.055,27.853],[-114.479,27.78],[-114.214,27.908],[-114.105,28.054],[-114.067,28.423],[-114.483,28.912],[-115.602,29.685],[-115.857,30.282],[-116.058,30.339],[-116.229,30.943],[-116.705,31.591],[-116.611,31.877],[-116.96,32.156],[-117.331,32.713],[-117.348,33.053],[-117.497,33.325],[-118.007,33.731],[-118.288,33.843],[-118.438,33.794],[-118.604,34.096],[-118.872,34.07],[-119.292,34.221],[-119.613,34.478],[-120.529,34.508],[-120.688,34.622],[-120.737,34.981],[-120.677,35.189],[-120.949,35.289],[-120.928,35.475],[-121.385,35.785],[-121.561,36.066],[-121.927,36.338],[-121.998,36.678],[-121.851,36.749],[-121.838,36.896],[-121.932,37.009],[-122.253,37.07],[-122.494,37.301],[-122.552,37.843],[-122.421,37.79],[-122.391,37.653],[-122.119,37.536],[-122.375,37.854],[-122.49,38.165],[-122.548,38.162],[-122.531,37.896],[-122.759,37.957],[-122.991,38.139],[-123.222,38.533],[-123.648,38.88],[-102.568,38.88],[-102.568,29.992],[-96.603,28.384],[-96.685,28.248]],[[-77.254,-2.098],[-77.854,-1.667],[-78.562,-2.129],[-78.392,-2.913],[-77.9,-3.113],[-77.254,-2.759],[-77.254,-2.098]]]]}},{"type":"Feature","properties":{"NAME":null,"ABBREVN":null,"SUBJECTO":null,"BORDERPRECISION":1,"PARTOF":null},"geometry":{"type":"MultiPolygon","coordinates":[[[[-124.23,44.451],[-124.14,44.789],[-124.157,44.727],[-124.23,44.451]]]]}},{"type":"Feature","properties":{"NAME":null,"ABBREVN":null,"SUBJECTO":null,"BORDERPRECISION":1,"PARTOF":null},"geometry":{"type":"MultiPolygon","coordinates":[[[[-68.034,-26.029],[-67.952,-24.645],[-67.825,-22.475],[-68.034,-26.029]]]]}},{"type":"Feature","properties":{"NAME":null,"ABBREVN":null,"SUBJECTO":null,"BORDERPRECISION":1,"PARTOF":null},"geometry":{"type":"MultiPolygon","coordinates":[[[[-52.042,-31.557],[-52.144,-31.747],[-52.14,-31.741],[-52.042,-31.557]]]]}},{"type":"Feature","properties":{"NAME":null,"ABBREVN":null,"SUBJECTO":null,"BORDERPRECISION":1,"PARTOF":null},"geometry":{"type":"MultiPolygon","coordinates":[[[[-69.167,-51.149],[-69.115,-51.352],[-69.077,-51.499],[-69.167,-51.149]]]]}},{"type":"Feature","properties":{"NAME":null,"ABBREVN":null,"SUBJECTO":null,"BORDERPRECISION":1,"PARTOF":null},"geometry":{"type":"MultiPolygon","coordinates":[[[[-71.52,-32.181],[-71.682,-30.6],[-71.237,-29.85],[-71.234,-29.519],[-71.43,-29.1],[-71.142,-27.995],[-70.935,-27.727],[-70.655,-26.259],[-70.683,-25.77],[-70.493,-25.471],[-69.587,-26.938],[-68.647,-26.938],[-68.06,-26.468],[-69.406,-29.641],[-70.027,-30.678],[-71.52,-32.181]]]]}},{"type":"Feature","properties":{"NAME":null,"ABBREVN":null,"SUBJECTO":null,"BORDERPRECISION":1,"PARTOF":null},"geometry":{"type":"MultiPolygon","coordinates":[[[[-128.814,53.764],[-129.06,53.739],[-129.434,53.518],[-129.06,53.739],[-128.814,53.764]]]]}},{"type":"Feature","properties":{"NAME":null,"ABBREVN":null,"SUBJECTO":null,"BORDERPRECISION":1,"PARTOF":null},"geometry":{"type":"MultiPolygon","coordinates":[[[[-130.003,55.289],[-130.065,55.102],[-130.413,55.021],[-130.546,54.91],[-130.413,55.021],[-130.065,55.102],[-130.003,55.289]]]]}},{"type":"Feature","properties":{"NAME":null,"ABBREVN":null,"SUBJECTO":null,"BORDERPRECISION":1,"PARTOF":null},"geometry":{"type":"MultiPolygon","coordinates":[[[[-131.191,56.035],[-131.767,56.01],[-132.256,55.85],[-131.767,56.01],[-131.191,56.035]]]]}},{"type":"Feature","properties":{"NAME":null,"ABBREVN":null,"SUBJECTO":null,"BORDERPRECISION":1,"PARTOF":null},"geometry":{"type":"MultiPolygon","coordinates":[[[[-135.309,59.347],[-135.469,59.34],[-135.515,58.973],[-135.3,58.374],[-135.515,58.973],[-135.469,59.34],[-135.309,59.347]]]]}},{"type":"Feature","properties":{"NAME":null,"ABBREVN":null,"SUBJECTO":null,"BORDERPRECISION":1,"PARTOF":null},"geometry":{"type":"MultiPolygon","coordinates":[[[[-136.148,58.903],[-136.39,58.841],[-136.148,58.903]]]]}},{"type":"Feature","properties":{"NAME":null,"ABBREVN":null,"SUBJECTO":null,"BORDERPRECISION":1,"PARTOF":null},"geometry":{"type":"MultiPolygon","coordinates":[[[[-136.939,58.943],[-136.37,58.62],[-136.356,58.524],[-137.085,58.447],[-136.356,58.524],[-136.37,58.62],[-136.939,58.943]]]]}},{"type":"Feature","properties":{"NAME":null,"ABBREVN":null,"SUBJECTO":null,"BORDERPRECISION":1,"PARTOF":null},"geometry":{"type":"MultiPolygon","coordinates":[[[[-139.573,59.9],[-140.428,59.76],[-139.573,59.9]]]]}},{"type":"Feature","properties":{"NAME":null,"ABBREVN":null,"SUBJECTO":null,"BORDERPRECISION":1,"PARTOF":null},"geometry":{"type":"MultiPolygon","coordinates":[[[[-140.052,62.495],[-144.68,63.192],[-150.129,63.324],[-160.939,63.985],[-161.006,64.158],[-161.373,64.466],[-160.944,64.525],[-160.79,64.64],[-160.902,64.813],[-161.126,64.928],[-161.291,64.964],[-162.137,64.789],[-162.802,64.471],[-163.025,64.442],[-163.883,64.591],[-165.741,64.559],[-166.586,64.73],[-166.669,65.085],[-166.604,65.15],[-165.864,65.166],[-165.663,65.246],[-168.18,65.694],[-167.73,65.863],[-167.024,65.959],[-164.463,66.596],[-163.782,66.538],[-163.843,66.178],[-162.759,66.063],[-161.979,66.116],[-161.261,66.396],[-160.125,66.339],[-160.032,66.568],[-161.796,66.749],[-161.936,67.088],[-163.739,67.218],[-163.826,67.448],[-164.513,67.797],[-166.844,68.405],[-166.335,68.661],[-166.297,68.88],[-164.89,68.935],[-164.067,69.065],[-163.714,69.224],[-163.511,69.504],[-162.879,69.999],[-162.511,70.184],[-161.188,70.44],[-159.905,70.427],[-159.861,70.54],[-128.367,66.877],[-112.027,66.189],[-110.86,65.944],[-97.953,65.16],[-92.894,62.126],[-93.423,61.858],[-93.325,61.541],[-93.466,61.435],[-93.874,61.343],[-94.376,60.795],[-94.753,59.95],[-94.8,59.514],[-94.684,58.878],[-94.415,58.714],[-93.364,58.702],[-93.074,58.551],[-92.523,57.687],[-92.424,57.386],[-92.483,56.977],[-92.404,56.975],[-92.711,56.831],[-102.144,57.214],[-111.284,58.553],[-118.198,62.713],[-124.936,64.835],[-132.435,62.497],[-139.524,62.416],[-140.052,62.495]]]]}},{"type":"Feature","properties":{"NAME":null,"ABBREVN":null,"SUBJECTO":null,"BORDERPRECISION":1,"PARTOF":null},"geometry":{"type":"MultiPolygon","coordinates":[[[[-90.695,57.17],[-90,57.178],[-90,57.074],[-89.726,56.934],[-90.695,57.17]]]]}},{"type":"Feature","properties":{"NAME":null,"ABBREVN":null,"SUBJECTO":null,"BORDERPRECISION":1,"PARTOF":null},"geometry":{"type":"MultiPolygon","coordinates":[[[[-78.742,52.744],[-78.844,53.281],[-79.035,53.742],[-78.758,53.749],[-78.801,53.963],[-79.399,54.276],[-79.545,54.692],[-78.589,54.922],[-77.234,55.607],[-76.569,56.272],[-76.462,56.578],[-62.51,57.972],[-62.015,57.841],[-61.828,57.554],[-62.186,57.437],[-61.351,57.002],[-61.335,56.811],[-61.545,56.729],[-62.326,56.769],[-61.854,56.232],[-62.806,54.681],[-65.643,55.263],[-71.033,55.196],[-74.197,52.927],[-78.742,52.744]]]]}},{"type":"Feature","properties":{"NAME":null,"ABBREVN":null,"SUBJECTO":null,"BORDERPRECISION":1,"PARTOF":null},"geometry":{"type":"MultiPolygon","coordinates":[[[[-141.586,60.14],[-142.425,60.02],[-141.586,60.14]]]]}},{"type":"Feature","properties":{"NAME":null,"ABBREVN":null,"SUBJECTO":null,"BORDERPRECISION":1,"PARTOF":null},"geometry":{"type":"MultiPolygon","coordinates":[[[[-145.003,60.552],[-145.493,60.384],[-145.003,60.552]]]]}},{"type":"Feature","properties":{"NAME":null,"ABBREVN":null,"SUBJECTO":null,"BORDERPRECISION":1,"PARTOF":null},"geometry":{"type":"MultiPolygon","coordinates":[[[[-147.94,61.206],[-148.493,61.064],[-148.466,60.868],[-148.728,60.727],[-148.84,60.545],[-148.336,60.413],[-148.258,60.281],[-148.301,60.106],[-148.494,59.904],[-148.7,59.904],[-148.494,59.904],[-148.301,60.106],[-148.258,60.281],[-148.336,60.413],[-148.84,60.545],[-148.728,60.727],[-148.466,60.868],[-148.493,61.064],[-147.94,61.206]]]]}},{"type":"Feature","properties":{"NAME":null,"ABBREVN":null,"SUBJECTO":null,"BORDERPRECISION":1,"PARTOF":null},"geometry":{"type":"MultiPolygon","coordinates":[[[[-149.326,60.027],[-149.581,59.985],[-150.021,59.714],[-150.501,59.616],[-151.388,59.213],[-151.881,59.163],[-151.388,59.213],[-150.501,59.616],[-150.021,59.714],[-149.581,59.985],[-149.326,60.027]]]]}},{"type":"Feature","properties":{"NAME":null,"ABBREVN":null,"SUBJECTO":null,"BORDERPRECISION":1,"PARTOF":null},"geometry":{"type":"MultiPolygon","coordinates":[[[[-149.913,60.914],[-149.425,60.859],[-149.913,60.914],[-149.913,60.914]]]]}},{"type":"Feature","properties":{"NAME":null,"ABBREVN":null,"SUBJECTO":null,"BORDERPRECISION":1,"PARTOF":null},"geometry":{"type":"MultiPolygon","coordinates":[[[[-150.311,61.314],[-150.781,61.292],[-151.342,60.954],[-152.19,60.658],[-152.561,60.384],[-152.878,60.279],[-152.819,60.132],[-152.899,59.896],[-153.152,59.743],[-153.71,59.644],[-153.976,59.519],[-154.282,59.249],[-154.298,59.117],[-153.664,58.98],[-153.455,58.877],[-153.489,58.794],[-154.214,58.428],[-154.649,58.076],[-155.598,57.896],[-156.369,57.566],[-156.685,57.401],[-156.451,57.175],[-156.496,57.1],[-156.993,56.915],[-157.747,56.77],[-158.527,56.449],[-158.738,56.19],[-159.077,55.992],[-160.169,55.807],[-159.077,55.992],[-158.738,56.19],[-158.527,56.449],[-157.747,56.77],[-156.993,56.915],[-156.496,57.1],[-156.451,57.175],[-156.685,57.401],[-156.369,57.566],[-155.598,57.896],[-154.649,58.076],[-154.214,58.428],[-153.489,58.794],[-153.455,58.877],[-153.664,58.98],[-154.298,59.117],[-154.282,59.249],[-153.976,59.519],[-153.71,59.644],[-153.152,59.743],[-152.899,59.896],[-152.819,60.132],[-152.878,60.279],[-152.561,60.384],[-152.19,60.658],[-151.342,60.954],[-150.781,61.292],[-150.311,61.314]]]]}},{"type":"Feature","properties":{"NAME":null,"ABBREVN":null,"SUBJECTO":null,"BORDERPRECISION":1,"PARTOF":null},"geometry":{"type":"MultiPolygon","coordinates":[[[[-157.139,58.856],[-157.987,58.717],[-157.139,58.856]]]]}},{"type":"Feature","properties":{"NAME":null,"ABBREVN":null,"SUBJECTO":null,"BORDERPRECISION":1,"PARTOF":null},"geometry":{"type":"MultiPolygon","coordinates":[[[[-158.517,58.999],[-158.912,58.874],[-158.973,58.77],[-158.856,58.454],[-158.933,58.433],[-158.856,58.454],[-158.973,58.77],[-158.912,58.874],[-158.517,58.999]]]]}},{"type":"Feature","properties":{"NAME":null,"ABBREVN":null,"SUBJECTO":null,"BORDERPRECISION":1,"PARTOF":null},"geometry":{"type":"MultiPolygon","coordinates":[[[[-160.431,59.002],[-160.84,58.96],[-160.828,58.898],[-161.117,58.746],[-161.646,58.682],[-161.117,58.746],[-160.828,58.898],[-160.84,58.96],[-160.431,59.002]]]]}},{"type":"Feature","properties":{"NAME":null,"ABBREVN":null,"SUBJECTO":null,"BORDERPRECISION":1,"PARTOF":null},"geometry":{"type":"MultiPolygon","coordinates":[[[[-162.378,60.163],[-163.536,59.841],[-164.027,59.798],[-163.536,59.841],[-162.378,60.163]]]]}},{"type":"Feature","properties":{"NAME":null,"ABBREVN":null,"SUBJECTO":null,"BORDERPRECISION":1,"PARTOF":null},"geometry":{"type":"MultiPolygon","coordinates":[[[[-164.845,60.816],[-163.627,60.601],[-164.845,60.816]]]]}},{"type":"Feature","properties":{"NAME":null,"ABBREVN":null,"SUBJECTO":null,"BORDERPRECISION":1,"PARTOF":null},"geometry":{"type":"MultiPolygon","coordinates":[[[[-163.895,61.042],[-164.302,60.943],[-163.895,61.042]]]]}},{"type":"Feature","properties":{"NAME":null,"ABBREVN":null,"SUBJECTO":null,"BORDERPRECISION":1,"PARTOF":null},"geometry":{"type":"MultiPolygon","coordinates":[[[[-165.423,61.264],[-165.512,61.257],[-165.512,61.257],[-165.423,61.264]]]]}},{"type":"Feature","properties":{"NAME":null,"ABBREVN":null,"SUBJECTO":null,"BORDERPRECISION":1,"PARTOF":null},"geometry":{"type":"MultiPolygon","coordinates":[[[[-164.292,63.25],[-163.309,63.038],[-164.292,63.25]]]]}},{"type":"Feature","properties":{"NAME":null,"ABBREVN":null,"SUBJECTO":null,"BORDERPRECISION":1,"PARTOF":null},"geometry":{"type":"MultiPolygon","coordinates":[[[[-90,30.142],[-90.108,30.039],[-90.34,30.039],[-90.431,30.142],[-90.267,30.38],[-90.161,30.39],[-90,30.316],[-90,30.142]]]]}},{"type":"Feature","properties":{"NAME":null,"ABBREVN":null,"SUBJECTO":null,"BORDERPRECISION":1,"PARTOF":null},"geometry":{"type":"MultiPolygon","coordinates":[[[[-90,29.374],[-90,29.109],[-90.201,29.143],[-90.092,29.222],[-90.298,29.374],[-90.198,29.527],[-90.079,29.501],[-90,29.374]]]]}},{"type":"Feature","properties":{"NAME":null,"ABBREVN":null,"SUBJECTO":null,"BORDERPRECISION":1,"PARTOF":null},"geometry":{"type":"MultiPolygon","coordinates":[[[[-90.667,29.223],[-90.436,29.326],[-90.27,29.155],[-90.667,29.223]]]]}},{"type":"Feature","properties":{"NAME":"Bantou","ABBREVN":"Bantou","SUBJECTO":"Bantou","BORDERPRECISION":1,"PARTOF":"Bantou"},"geometry":{"type":"MultiPolygon","coordinates":[[[[40.45,-11.872],[40.527,-12.584],[40.482,-12.844],[40.366,-12.991],[40.603,-13.531],[40.618,-14.484],[40.849,-14.579],[40.855,-14.699],[40.781,-14.922],[40.527,-15.183],[40.61,-15.355],[40.574,-15.482],[39.471,-16.717],[38.859,-17.055],[37.275,-17.713],[36.892,-18.0],[35.915,-19.032],[34.726,-19.86],[34.719,-20.043],[33.395,-20.022],[33.395,-19.173],[32.69,-18.644],[31.278,-18.644],[29.69,-18.82],[28.617,-19.948],[12.906,-19.702],[12.08,-18.491],[11.795,-17.844],[11.782,-15.868],[12.06,-15.594],[12.177,-15.276],[12.333,-14.316],[12.585,-13.464],[12.848,-13.164],[13.051,-12.751],[13.339,-12.649],[13.459,-12.502],[13.649,-12.197],[13.813,-11.656],[13.816,-10.976],[13.73,-10.544],[13.204,-9.637],[13.084,-9.287],[13.146,-9.065],[13.431,-8.823],[13.477,-8.416],[12.969,-7.515],[12.796,-6.861],[12.339,-6.19],[12.194,-5.775],[12.227,-5.362],[11.773,-4.537],[9.931,-2.711],[10.06,-2.571],[9.894,-2.444],[9.656,-2.419],[9.243,-1.772],[9.465,-1.593],[9.321,-1.416],[9.112,-1.353],[8.815,-0.896],[9.203,-0.634],[9.473,0.116],[9.883,0.079],[9.854,0.174],[9.35,0.535],[9.566,0.612],[9.644,0.955],[9.622,1.089],[9.37,1.171],[9.851,1.877],[9.894,2.138],[9.801,2.379],[9.923,2.824],[9.765,3.383],[9.586,3.675],[9.78,3.853],[9.651,4.018],[9.284,4.017],[9.032,4.138],[8.875,4.62],[8.328,4.841],[8.263,4.746],[8.299,4.555],[8.14,4.466],[7.449,4.407],[7.176,4.527],[7.046,4.508],[6.844,4.292],[6.089,4.328],[6.764,5.827],[12.605,7.732],[22.225,6.196],[33.93,2.844],[34.406,2.49],[43.415,2.515],[39.417,-1.375],[37.732,-4.575],[38.238,-9.292],[39.248,-11.145],[40.4,-11.23],[40.311,-11.345],[40.45,-11.872]]]]}},{"type":"Feature","properties":{"NAME":"Caloosahatchee cultureure","ABBREVN":"Caloosahatchee cultureure","SUBJECTO":"Caloosahatchee cultureure","BORDERPRECISION":1,"PARTOF":"Caloosahatchee cultureure"},"geometry":{"type":"MultiPolygon","coordinates":[[[[-82.429,27.826],[-80.592,28.492],[-80.262,27.197],[-80.078,26.923],[-80.05,26.551],[-80.214,25.735],[-80.354,25.548],[-80.314,25.244],[-80.491,24.996],[-80.452,25.208],[-81.098,25.125],[-81.146,25.378],[-81.401,25.859],[-81.745,25.921],[-81.887,26.448],[-82.078,26.551],[-82.142,26.867],[-82.31,26.825],[-82.753,27.528],[-82.62,27.528],[-82.429,27.826]]]]}},{"type":"Feature","properties":{"NAME":null,"ABBREVN":null,"SUBJECTO":null,"BORDERPRECISION":1,"PARTOF":null},"geometry":{"type":"MultiPolygon","coordinates":[[[[-4.153,53.226],[-4.402,53.126],[-4.567,53.273],[-4.569,53.388],[-4.314,53.412],[-4.047,53.303],[-4.153,53.226]]]]}},{"type":"Feature","properties":{"NAME":null,"ABBREVN":null,"SUBJECTO":null,"BORDERPRECISION":1,"PARTOF":null},"geometry":{"type":"MultiPolygon","coordinates":[[[[-5.104,55.439],[-5.34,55.475],[-5.381,55.669],[-5.16,55.679],[-5.104,55.439]]]]}},{"type":"Feature","properties":{"NAME":null,"ABBREVN":null,"SUBJECTO":null,"BORDERPRECISION":1,"PARTOF":null},"geometry":{"type":"MultiPolygon","coordinates":[[[[-6.122,55.879],[-6.03,55.721],[-6.077,55.65],[-6.326,55.587],[-6.265,55.778],[-6.509,55.682],[-6.442,55.854],[-6.142,55.934],[-6.122,55.879]]]]}},{"type":"Feature","properties":{"NAME":null,"ABBREVN":null,"SUBJECTO":null,"BORDERPRECISION":1,"PARTOF":null},"geometry":{"type":"MultiPolygon","coordinates":[[[[-5.947,55.83],[-6.071,55.808],[-6.079,55.906],[-5.694,56.147],[-5.947,55.83]]]]}},{"type":"Feature","properties":{"NAME":null,"ABBREVN":null,"SUBJECTO":null,"BORDERPRECISION":1,"PARTOF":null},"geometry":{"type":"MultiPolygon","coordinates":[[[[-7.467,56.941],[-7.561,56.956],[-7.446,57.056],[-7.376,56.979],[-7.467,56.941]]]]}},{"type":"Feature","properties":{"NAME":null,"ABBREVN":null,"SUBJECTO":null,"BORDERPRECISION":1,"PARTOF":null},"geometry":{"type":"MultiPolygon","coordinates":[[[[-7.223,57.337],[-7.288,57.322],[-7.215,57.11],[-7.381,57.109],[-7.425,57.382],[-7.223,57.337]]]]}},{"type":"Feature","properties":{"NAME":null,"ABBREVN":null,"SUBJECTO":null,"BORDERPRECISION":1,"PARTOF":null},"geometry":{"type":"MultiPolygon","coordinates":[[[[-7.269,57.399],[-7.406,57.464],[-7.205,57.461],[-7.269,57.399]]]]}},{"type":"Feature","properties":{"NAME":null,"ABBREVN":null,"SUBJECTO":null,"BORDERPRECISION":1,"PARTOF":null},"geometry":{"type":"MultiPolygon","coordinates":[[[[-7.189,57.687],[-7.066,57.633],[-7.154,57.509],[-7.543,57.591],[-7.189,57.687]]]]}},{"type":"Feature","properties":{"NAME":null,"ABBREVN":null,"SUBJECTO":null,"BORDERPRECISION":1,"PARTOF":null},"geometry":{"type":"MultiPolygon","coordinates":[[[[-7.006,57.881],[-7.078,57.88],[-7.006,57.881]]]]}},{"type":"Feature","properties":{"NAME":null,"ABBREVN":null,"SUBJECTO":null,"BORDERPRECISION":1,"PARTOF":null},"geometry":{"type":"MultiPolygon","coordinates":[[[[-6.802,58.203],[-6.89,58.252],[-6.802,58.203]]]]}},{"type":"Feature","properties":{"NAME":null,"ABBREVN":null,"SUBJECTO":null,"BORDERPRECISION":1,"PARTOF":null},"geometry":{"type":"MultiPolygon","coordinates":[[[[-6.204,58.356],[-6.328,58.233],[-6.164,58.212],[-6.62,58.082],[-6.396,58.105],[-6.354,58.033],[-6.474,57.94],[-6.662,57.924],[-6.706,58.008],[-6.59,58.05],[-6.684,58.057],[-6.761,57.998],[-6.661,57.885],[-6.735,57.826],[-6.973,57.725],[-7.123,57.817],[-6.83,57.901],[-7.113,57.984],[-7.056,58.02],[-7.128,58.135],[-7.041,58.233],[-6.908,58.213],[-6.862,58.104],[-6.873,58.179],[-6.745,58.197],[-6.798,58.302],[-6.267,58.512],[-6.166,58.425],[-6.204,58.356]]]]}},{"type":"Feature","properties":{"NAME":null,"ABBREVN":null,"SUBJECTO":null,"BORDERPRECISION":1,"PARTOF":null},"geometry":{"type":"MultiPolygon","coordinates":[[[[-2.918,58.732],[-3.037,58.818],[-2.886,58.832],[-2.918,58.732]]]]}},{"type":"Feature","properties":{"NAME":null,"ABBREVN":null,"SUBJECTO":null,"BORDERPRECISION":1,"PARTOF":null},"geometry":{"type":"MultiPolygon","coordinates":[[[[-3.231,58.776],[-3.433,58.879],[-3.336,58.927],[-3.135,58.801],[-3.231,58.776]]]]}},{"type":"Feature","properties":{"NAME":null,"ABBREVN":null,"SUBJECTO":null,"BORDERPRECISION":1,"PARTOF":null},"geometry":{"type":"MultiPolygon","coordinates":[[[[-2.793,58.951],[-2.824,58.879],[-3.195,58.911],[-3.346,58.966],[-3.35,59.11],[-3.077,59.122],[-2.793,58.951]]]]}},{"type":"Feature","properties":{"NAME":null,"ABBREVN":null,"SUBJECTO":null,"BORDERPRECISION":1,"PARTOF":null},"geometry":{"type":"MultiPolygon","coordinates":[[[[-2.681,59.196],[-2.556,59.303],[-2.39,59.283],[-2.681,59.196]]]]}},{"type":"Feature","properties":{"NAME":null,"ABBREVN":null,"SUBJECTO":null,"BORDERPRECISION":1,"PARTOF":null},"geometry":{"type":"MultiPolygon","coordinates":[[[[-2.89,59.295],[-2.877,59.229],[-3.076,59.331],[-2.89,59.295]]]]}},{"type":"Feature","properties":{"NAME":null,"ABBREVN":null,"SUBJECTO":null,"BORDERPRECISION":1,"PARTOF":null},"geometry":{"type":"MultiPolygon","coordinates":[[[[-1.296,60.491],[-1.037,60.444],[-1.101,60.276],[-1.201,60.263],[-1.126,60.148],[-1.212,60.103],[-1.269,59.851],[-1.378,59.902],[-1.263,60.107],[-1.291,60.241],[-1.41,60.255],[-1.358,60.192],[-1.449,60.151],[-1.693,60.28],[-1.32,60.356],[-1.61,60.474],[-1.547,60.536],[-1.302,60.637],[-1.296,60.491]]]]}},{"type":"Feature","properties":{"NAME":null,"ABBREVN":null,"SUBJECTO":null,"BORDERPRECISION":1,"PARTOF":null},"geometry":{"type":"MultiPolygon","coordinates":[[[[-1.029,60.496],[-1.17,60.527],[-1.099,60.73],[-0.991,60.72],[-1.029,60.496]]]]}},{"type":"Feature","properties":{"NAME":null,"ABBREVN":null,"SUBJECTO":null,"BORDERPRECISION":1,"PARTOF":null},"geometry":{"type":"MultiPolygon","coordinates":[[[[-0.82,60.689],[-0.966,60.688],[-0.878,60.844],[-0.758,60.818],[-0.82,60.689]]]]}},{"type":"Feature","properties":{"NAME":null,"ABBREVN":null,"SUBJECTO":null,"BORDERPRECISION":1,"PARTOF":null},"geometry":{"type":"MultiPolygon","coordinates":[[[[-6.655,61.389],[-6.846,61.468],[-6.96,61.623],[-6.724,61.573],[-6.655,61.389]]],[[[-6.604,61.822],[-6.652,61.743],[-6.908,61.905],[-6.604,61.822]]],[[[-7.05,62.068],[-7.202,62.019],[-7.435,62.14],[-7.223,62.159],[-7.05,62.068]]],[[[-6.707,61.937],[-7.232,62.172],[-7.211,62.285],[-7.066,62.282],[-6.725,62.035],[-6.707,61.937]]],[[[-6.62,62.23],[-6.721,62.331],[-6.62,62.23]]],[[[-6.657,62.092],[-6.922,62.167],[-7.06,62.314],[-6.95,62.338],[-6.601,62.197],[-6.657,62.092]]],[[[-6.419,62.184],[-6.572,62.212],[-6.574,62.35],[-6.389,62.255],[-6.419,62.184]]],[[[-6.586,62.256],[-6.661,62.372],[-6.586,62.256]]],[[[-6.406,62.284],[-6.545,62.387],[-6.406,62.284]]]]}},{"type":"Feature","properties":{"NAME":null,"ABBREVN":null,"SUBJECTO":null,"BORDERPRECISION":1,"PARTOF":null},"geometry":{"type":"MultiPolygon","coordinates":[[[[-4.778,54.056],[-4.714,54.214],[-4.354,54.411],[-4.308,54.297],[-4.394,54.186],[-4.778,54.056]]]]}},{"type":"Feature","properties":{"NAME":null,"ABBREVN":null,"SUBJECTO":null,"BORDERPRECISION":1,"PARTOF":null},"geometry":{"type":"MultiPolygon","coordinates":[[[[129.716,28.451],[129.376,28.115],[129.144,28.25],[129.575,28.462],[129.716,28.451]]]]}},{"type":"Feature","properties":{"NAME":null,"ABBREVN":null,"SUBJECTO":null,"BORDERPRECISION":1,"PARTOF":null},"geometry":{"type":"MultiPolygon","coordinates":[[[[129.963,29.957],[129.929,30],[129.963,29.957]]]]}},{"type":"Feature","properties":{"NAME":null,"ABBREVN":null,"SUBJECTO":null,"BORDERPRECISION":1,"PARTOF":null},"geometry":{"type":"MultiPolygon","coordinates":[[[[129.896,29.874],[129.922,29.82],[129.896,29.874]]]]}},{"type":"Feature","properties":{"NAME":null,"ABBREVN":null,"SUBJECTO":null,"BORDERPRECISION":1,"PARTOF":null},"geometry":{"type":"MultiPolygon","coordinates":[[[[130.906,30.355],[130.869,30.47],[131.054,30.84],[131.074,30.689],[130.906,30.355]]]]}},{"type":"Feature","properties":{"NAME":null,"ABBREVN":null,"SUBJECTO":null,"BORDERPRECISION":1,"PARTOF":null},"geometry":{"type":"MultiPolygon","coordinates":[[[[130.559,30.236],[130.44,30.253],[130.383,30.394],[130.49,30.461],[130.666,30.382],[130.559,30.236]]]]}},{"type":"Feature","properties":{"NAME":null,"ABBREVN":null,"SUBJECTO":null,"BORDERPRECISION":1,"PARTOF":null},"geometry":{"type":"MultiPolygon","coordinates":[[[[121.735,25.139],[122.002,25.007],[121.817,24.848],[121.84,24.476],[121.605,24.081],[121.356,23.087],[120.97,22.568],[120.824,21.928],[120.716,21.928],[120.621,22.295],[120.307,22.54],[120.136,23.023],[120.051,23.05],[120.148,23.327],[120.111,23.62],[121.009,25.009],[121.441,25.129],[121.395,25.187],[121.512,25.282],[121.735,25.139]]]]}},{"type":"Feature","properties":{"NAME":null,"ABBREVN":null,"SUBJECTO":null,"BORDERPRECISION":1,"PARTOF":null},"geometry":{"type":"MultiPolygon","coordinates":[[[[128.901,32.643],[128.601,32.619],[128.661,32.782],[128.813,32.792],[128.901,32.643]]]]}},{"type":"Feature","properties":{"NAME":null,"ABBREVN":null,"SUBJECTO":null,"BORDERPRECISION":1,"PARTOF":null},"geometry":{"type":"MultiPolygon","coordinates":[[[[123.871,24.252],[123.679,24.316],[123.771,24.418],[123.922,24.371],[123.871,24.252]]]]}},{"type":"Feature","properties":{"NAME":null,"ABBREVN":null,"SUBJECTO":null,"BORDERPRECISION":1,"PARTOF":null},"geometry":{"type":"MultiPolygon","coordinates":[[[[125.356,24.777],[125.451,24.74],[125.257,24.729],[125.263,24.884],[125.356,24.777]]]]}},{"type":"Feature","properties":{"NAME":null,"ABBREVN":null,"SUBJECTO":null,"BORDERPRECISION":1,"PARTOF":null},"geometry":{"type":"MultiPolygon","coordinates":[[[[124.262,24.457],[124.179,24.328],[124.076,24.425],[124.215,24.443],[124.324,24.587],[124.262,24.457]]]]}},{"type":"Feature","properties":{"NAME":null,"ABBREVN":null,"SUBJECTO":null,"BORDERPRECISION":1,"PARTOF":null},"geometry":{"type":"MultiPolygon","coordinates":[[[[128.253,26.639],[127.842,26.429],[127.813,26.156],[127.653,26.083],[127.717,26.435],[127.959,26.544],[127.884,26.667],[128.067,26.642],[128.287,26.855],[128.336,26.765],[128.253,26.639]]]]}},{"type":"Feature","properties":{"NAME":null,"ABBREVN":null,"SUBJECTO":null,"BORDERPRECISION":1,"PARTOF":null},"geometry":{"type":"MultiPolygon","coordinates":[[[[126.762,26.387],[126.787,26.297],[126.692,26.361],[126.762,26.387]]]]}},{"type":"Feature","properties":{"NAME":null,"ABBREVN":null,"SUBJECTO":null,"BORDERPRECISION":1,"PARTOF":null},"geometry":{"type":"MultiPolygon","coordinates":[[[[128.951,27.676],[128.88,27.825],[128.947,27.907],[129.03,27.774],[128.951,27.676]]]]}},{"type":"Feature","properties":{"NAME":null,"ABBREVN":null,"SUBJECTO":null,"BORDERPRECISION":1,"PARTOF":null},"geometry":{"type":"MultiPolygon","coordinates":[[[[128.609,27.359],[128.524,27.414],[128.702,27.446],[128.609,27.359]]]]}},{"type":"Feature","properties":{"NAME":null,"ABBREVN":null,"SUBJECTO":null,"BORDERPRECISION":1,"PARTOF":null},"geometry":{"type":"MultiPolygon","coordinates":[[[[129.992,28.282],[129.914,28.291],[130.027,28.366],[129.992,28.282]]]]}},{"type":"Feature","properties":{"NAME":null,"ABBREVN":null,"SUBJECTO":null,"BORDERPRECISION":1,"PARTOF":null},"geometry":{"type":"MultiPolygon","coordinates":[[[[129.336,28.075],[129.219,28.098],[129.191,28.189],[129.336,28.075]]]]}},{"type":"Feature","properties":{"NAME":null,"ABBREVN":null,"SUBJECTO":null,"BORDERPRECISION":1,"PARTOF":null},"geometry":{"type":"MultiPolygon","coordinates":[[[[129.733,29.61],[129.747,29.662],[129.733,29.61]]]]}},{"type":"Feature","properties":{"NAME":"Grand Duchy of Moscow","ABBREVN":"Muscovy","SUBJECTO":"Grand Duchy of Moscow","BORDERPRECISION":1,"PARTOF":"Grand Duchy of Moscow"},"geometry":{"type":"MultiPolygon","coordinates":[[[[37.796,56.24],[38.677,55.846],[37.84,55.323],[36.981,55.895],[37.796,56.24]]]]}},{"type":"Feature","properties":{"NAME":"Denmark","ABBREVN":"Denmark","SUBJECTO":"Denmark","BORDERPRECISION":1,"PARTOF":"Denmark"},"geometry":{"type":"MultiPolygon","coordinates":[[[[24.03,59.235],[24.282,59.284],[24.342,59.369],[24.714,59.352],[24.751,59.448],[25.248,59.362],[25.449,59.494],[25.49,59.42],[26.343,59.447],[26.999,59.318],[27.702,59.298],[27.663,58.956],[26.546,58.663],[26.458,59.118],[25.313,59.152],[24.52,58.708],[23.948,59.169],[24.03,59.235]]],[[[10.401,57.506],[10.463,57.242],[10.333,57.171],[10.257,57.006],[8.847,56.986],[8.778,56.798],[8.471,56.597],[8.183,56.798],[8.534,57.141],[9.302,57.166],[9.849,57.582],[10.558,57.745],[10.401,57.506]]],[[[8.183,56.431],[8.309,56.479],[8.675,56.358],[8.869,56.616],[9.003,56.657],[9.136,56.46],[9.312,56.481],[9.37,56.882],[10.216,56.85],[10.314,56.469],[10.826,56.443],[10.889,56.369],[10.751,56.097],[10.496,56.034],[10.442,56.151],[10.293,56.137],[10.175,56.076],[10.23,55.951],[10.147,55.765],[10.007,55.73],[9.976,55.62],[9.69,55.605],[9.905,55.506],[10.31,55.617],[10.485,55.532],[10.416,55.453],[10.469,55.437],[10.606,55.486],[10.627,55.617],[10.835,55.294],[10.783,55.122],[10.529,55.029],[10.153,55.084],[9.811,55.437],[9.63,55.459],[9.421,54.976],[9.987,54.592],[9.865,54.411],[10.065,54.434],[10.142,54.337],[9.449,54.189],[9.441,54.247],[9.056,54.349],[8.884,54.229],[8.581,54.194],[8.554,54.275],[8.951,54.419],[8.596,54.761],[8.645,55.069],[8.56,55.356],[8.319,55.481],[8.214,55.399],[8.035,55.476],[8.32,55.768],[8.117,56.092],[8.183,56.431]]],[[[11.97,54.954],[11.767,55.176],[11.285,55.189],[11.102,55.634],[11.296,55.675],[11.568,55.885],[11.728,55.662],[11.962,55.581],[12.088,55.967],[12.444,55.968],[12.409,55.548],[12.158,55.379],[12.43,55.245],[11.97,54.954]]],[[[11.723,54.651],[11.456,54.619],[11.032,54.756],[11.014,54.896],[11.24,54.957],[11.564,54.822],[11.649,54.907],[11.862,54.746],[11.834,54.661],[11.723,54.651]]],[[[12.055,54.775],[11.929,54.573],[11.709,54.937],[12.168,54.842],[12.055,54.775]]],[[[14.82,55.261],[15.148,55.082],[15.043,54.995],[14.68,55.1],[14.746,55.296],[14.82,55.261]]],[[[13.679,54.542],[13.576,54.462],[13.714,54.378],[13.727,54.274],[13.689,54.348],[13.508,54.343],[13.357,54.273],[13.393,54.221],[13.118,54.334],[13.268,54.383],[13.165,54.434],[13.232,54.486],[13.147,54.546],[13.367,54.58],[13.447,54.489],[13.517,54.513],[13.375,54.61],[13.246,54.558],[13.263,54.667],[13.438,54.68],[13.407,54.589],[13.679,54.542]]],[[[13.381,56.668],[13.432,56.524],[14.175,56.813],[14.485,56.68],[15.427,56.766],[16.063,56.396],[15.771,56.033],[15.497,56.167],[15.221,56.08],[14.653,56.121],[14.605,55.981],[14.492,56.018],[14.259,55.899],[14.126,55.667],[14.286,55.515],[14.117,55.347],[13.823,55.422],[13.302,55.301],[12.802,55.353],[12.986,55.667],[12.414,56.243],[12.652,56.296],[12.615,56.436],[12.805,56.401],[12.872,56.512],[12.812,56.584],[13.381,56.668]]]]}},{"type":"Feature","properties":{"NAME":"Sweden","ABBREVN":"Sweden","SUBJECTO":"Sweden","BORDERPRECISION":1,"PARTOF":"Sweden"},"geometry":{"type":"MultiPolygon","coordinates":[[[[18.785,63.138],[18.303,62.789],[17.868,62.789],[17.936,62.548],[17.718,62.357],[17.29,62.441],[17.497,62.088],[17.387,61.658],[17.163,61.63],[17.065,61.538],[17.146,60.953],[17.318,60.753],[17.188,60.674],[17.605,60.638],[17.706,60.554],[17.931,60.59],[18.417,60.182],[18.804,60.108],[18.893,59.926],[19.037,59.863],[19.044,59.712],[18.868,59.712],[18.03,59.359],[16.523,59.583],[16.408,59.447],[16.776,59.479],[17.575,59.214],[17.584,59.271],[17.862,59.24],[17.978,59.328],[18.43,59.333],[18.441,59.401],[18.611,59.333],[18.273,59.287],[18.372,59.157],[18.016,59.038],[17.94,58.908],[17.766,58.872],[17.739,59.11],[17.623,59.1],[17.582,58.893],[17.357,58.743],[17.083,58.748],[17.081,58.65],[16.443,58.634],[16.513,58.428],[16.744,58.312],[16.774,58.038],[16.725,57.889],[16.46,57.895],[16.477,57.702],[16.607,57.666],[16.55,57.545],[16.659,57.443],[16.494,57.279],[16.376,56.822],[16.063,56.396],[15.427,56.766],[14.485,56.68],[14.175,56.813],[13.432,56.524],[13.381,56.668],[12.657,56.611],[12.526,56.78],[12.289,56.88],[12.005,57.325],[11.877,57.325],[11.881,57.509],[11.736,57.698],[12.488,58.563],[12.423,60.039],[12.436,60.278],[12.548,60.434],[12.174,60.956],[12.597,61.029],[13.155,62.024],[15.05,63.526],[16.661,63.756],[17.261,64.206],[20.873,64.033],[20.701,63.818],[19.67,63.389],[19.465,63.481],[19.318,63.445],[19.076,63.202],[18.785,63.138]]]]}},{"type":"Feature","properties":{"NAME":"Arag\u00f3n","ABBREVN":"Arag\u00f3n","SUBJECTO":"Arag\u00f3n","BORDERPRECISION":1,"PARTOF":"Arag\u00f3n"},"geometry":{"type":"MultiPolygon","coordinates":[[[[-1.664,42.125],[-0.84,42.909],[-0.612,42.731],[-0.41,42.786],[-0.166,42.649],[0.592,42.628],[0.584,42.772],[0.744,42.772],[1.32,42.605],[1.577,42.648],[1.792,42.579],[1.728,42.501],[2.272,42.69],[2.701,42.73],[2.949,42.883],[3.039,42.869],[3.086,42.121],[3.157,42.076],[3.129,41.857],[2.201,41.446],[2.081,41.298],[0.879,41.022],[0.71,40.785],[0.827,40.727],[0.788,40.657],[0.505,40.593],[-0.161,39.886],[-0.395,39.434],[-0.166,38.954],[0.173,38.738],[-0.435,38.43],[-0.665,38.177],[-0.872,37.76],[-0.803,37.615],[-1.365,37.548],[-1.626,37.439],[-1.817,37.292],[-1.94,36.952],[-2.149,37.233],[-1.921,37.651],[-2.035,37.842],[-1.883,37.956],[-1.655,37.918],[-1.655,38.184],[-1.807,38.26],[-1.807,38.526],[-2.035,38.602],[-2.035,39.249],[-1.807,39.173],[-1.807,39.477],[-1.997,39.591],[-1.997,39.743],[-1.807,39.858],[-1.997,39.972],[-1.997,40.086],[-2.301,40.238],[-2.301,40.39],[-1.921,40.618],[-2.035,41.227],[-2.301,41.265],[-2.301,41.493],[-2.149,41.493],[-2.13,41.817],[-1.605,41.769],[-1.664,42.125]]]]}},{"type":"Feature","properties":{"NAME":"Tu\u02bbi Tonga Empire","ABBREVN":"Tu\u02bbi Tonga Empire","SUBJECTO":"Tu\u02bbi Tonga Empire","BORDERPRECISION":1,"PARTOF":"Tu\u02bbi Tonga Empire"},"geometry":{"type":"MultiPolygon","coordinates":[[[[-170.55,-14.298],[-170.55,-14.298]]],[[[-170.66,-14.255],[-170.56,-14.266],[-170.744,-14.376],[-170.826,-14.325],[-170.66,-14.255]]],[[[-169.509,-14.277],[-169.534,-14.23],[-169.439,-14.232],[-169.509,-14.277]]],[[[-169.623,-14.184],[-169.623,-14.184]]],[[[-169.683,-14.167],[-169.683,-14.167]]],[[[-178.721,-20.648],[-178.721,-20.648]]],[[[-178.211,-19.853],[-178.211,-19.853]]],[[[-178.391,-19.176],[-178.391,-19.176]]],[[[179.773,-19.123],[179.747,-19.196],[179.773,-19.123]]],[[[-178.593,-19.121],[-178.539,-19.182],[-178.593,-19.121]]],[[[178.372,-18.932],[178.498,-19.009],[178.374,-19.053],[178.303,-18.999],[178.094,-19.163],[177.953,-19.136],[178.372,-18.932]]],[[[-178.943,-18.925],[-178.947,-18.994],[-178.943,-18.925]]],[[[-179.853,-18.973],[-179.784,-18.946],[-179.853,-18.973]]],[[[178.528,-18.867],[178.497,-18.934],[178.528,-18.867]]],[[[-178.477,-18.647],[-178.477,-18.647]]],[[[179.836,-18.582],[179.97,-18.549],[179.908,-18.645],[179.836,-18.582]]],[[[177.636,-18.491],[177.66,-18.594],[177.636,-18.491]]],[[[178.127,-18.354],[178.133,-18.418],[178.127,-18.354]]],[[[-178.748,-18.201],[-178.844,-18.217],[-178.748,-18.201]]],[[[179.246,-18.036],[179.292,-17.937],[179.359,-18.114],[179.246,-18.036]]],[[[-178.991,-17.951],[-179.079,-17.95],[-178.991,-17.951]]],[[[-178.324,-17.883],[-178.244,-17.952],[-178.34,-17.956],[-178.324,-17.883]]],[[[179.422,-17.848],[179.393,-17.786],[179.422,-17.848]]],[[[-179.288,-17.781],[-179.319,-17.728],[-179.288,-17.781]]],[[[178.833,-17.627],[178.85,-17.715],[178.772,-17.754],[178.751,-17.651],[178.833,-17.627]]],[[[-179.148,-17.478],[-179.179,-17.433],[-179.148,-17.478]]],[[[178.176,-18.242],[177.864,-18.264],[177.333,-18.119],[177.257,-17.874],[177.43,-17.762],[177.388,-17.633],[177.825,-17.363],[177.954,-17.411],[178.193,-17.301],[178.269,-17.344],[178.598,-17.643],[178.697,-18.047],[178.588,-18.135],[178.349,-18.116],[178.176,-18.242]]],[[[177.1,-17.315],[177.146,-17.25],[177.1,-17.315]]],[[[-179.116,-17.268],[-179.116,-17.268]]],[[[179.442,-17.248],[179.383,-17.4],[179.357,-17.259],[179.442,-17.248]]],[[[-178.909,-17.218],[-178.986,-17.318],[-179.02,-17.153],[-178.909,-17.218]]],[[[177.208,-17.089],[177.288,-17.059],[177.199,-17.17],[177.208,-17.089]]],[[[178.34,-16.831],[178.274,-16.793],[178.34,-16.831]]],[[[179.893,-16.946],[180,-16.787],[180,-16.966],[179.929,-17.006],[179.893,-16.946]]],[[[-179.821,-16.781],[-180,-16.966],[-179.939,-16.716],[-179.862,-16.68],[-179.821,-16.781]]],[[[177.571,-16.698],[177.431,-16.844],[177.571,-16.698]]],[[[179.943,-16.652],[179.884,-16.658],[179.943,-16.652]]],[[[180,-16.494],[180,-16.494]]],[[[-179.971,-16.459],[-179.894,-16.435],[-180,-16.538],[-179.971,-16.459]]],[[[179.569,-16.758],[179.942,-16.464],[179.871,-16.665],[179.937,-16.754],[179.409,-16.811],[179.266,-16.691],[179.049,-16.804],[179.024,-16.925],[178.87,-16.861],[178.754,-17.011],[178.476,-16.764],[178.982,-16.47],[179.401,-16.413],[179.503,-16.274],[180,-16.155],[179.592,-16.54],[179.479,-16.701],[179.569,-16.758]]],[[[-169.894,-19.146],[-169.932,-19.017],[-169.818,-18.968],[-169.781,-19.068],[-169.894,-19.146]]],[[[-174.975,-21.366],[-174.911,-21.306],[-174.917,-21.454],[-174.975,-21.366]]],[[[-175.052,-21.162],[-175.145,-21.268],[-175.361,-21.103],[-175.052,-21.162]]],[[[-174.768,-20.278],[-174.768,-20.278]]],[[[-174.419,-19.928],[-174.391,-19.882],[-174.419,-19.928]]],[[[-174.319,-19.822],[-174.323,-19.764],[-174.319,-19.822]]],[[[-175.078,-19.708],[-175.057,-19.801],[-175.078,-19.708]]],[[[-174.263,-19.745],[-174.256,-19.688],[-174.263,-19.745]]],[[[-175.015,-19.652],[-175.015,-19.652]]],[[[-174.28,-19.593],[-174.244,-19.656],[-174.28,-19.593]]],[[[-174.65,-18.783],[-174.65,-18.783]]],[[[-174.074,-18.681],[-174.074,-18.681]]],[[[-174.041,-18.68],[-174.041,-18.68]]],[[[-174.124,-18.678],[-174.124,-18.678]]],[[[-174.07,-18.639],[-173.968,-18.568],[-173.906,-18.627],[-173.987,-18.684],[-174.07,-18.639]]],[[[-175.679,-15.615],[-175.609,-15.571],[-175.679,-15.615]]],[[[-178.141,-14.316],[-178.186,-14.232],[-178.042,-14.317],[-178.141,-14.316]]],[[[-176.168,-13.353],[-176.15,-13.214],[-176.168,-13.353]]],[[[-171.465,-14.053],[-171.911,-14.013],[-172.065,-13.874],[-171.822,-13.808],[-171.446,-13.982],[-171.465,-14.053]]],[[[-172.223,-13.563],[-172.168,-13.684],[-172.214,-13.808],[-172.509,-13.807],[-172.781,-13.533],[-172.348,-13.461],[-172.223,-13.563]]]]}},{"type":"Feature","properties":{"NAME":"Polynesians","ABBREVN":"Polynesians","SUBJECTO":"Polynesians","BORDERPRECISION":1,"PARTOF":"Polynesians"},"geometry":{"type":"MultiPolygon","coordinates":[[[[-109.241,-27.133],[-109.449,-27.193],[-109.396,-27.068],[-109.241,-27.133]]]]}},{"type":"Feature","properties":{"NAME":"Great Khanate","ABBREVN":"Great Khanat","SUBJECTO":"Mongol Empire","BORDERPRECISION":1,"PARTOF":"Mongol Empire"},"geometry":{"type":"MultiPolygon","coordinates":[[[[114.046,22.34],[114.022,22.228],[113.836,22.214],[114.046,22.34]]],[[[114.084,22.528],[114.309,22.554],[114.413,22.437],[114.263,22.204],[114.134,22.172],[114.161,22.314],[113.901,22.407],[114.084,22.528]]],[[[124.922,39.619],[124.443,39.573],[124.104,39.885],[123.366,39.749],[122.027,39.256],[121.488,38.879],[121.065,38.75],[121.66,39.332],[121.282,39.35],[121.239,39.554],[122.108,40.354],[122.082,40.488],[121.754,40.737],[121.427,40.864],[121.085,40.857],[120.788,40.684],[120.273,40.152],[119.385,39.843],[118.978,39.224],[118.559,39.172],[118.275,39.0],[118.07,39.254],[117.753,39.203],[117.44,38.603],[117.479,38.45],[117.589,38.284],[117.841,38.164],[118.2,38.044],[118.745,38.064],[118.875,37.949],[118.812,37.446],[118.837,37.204],[118.955,37.077],[119.284,37.046],[119.599,37.117],[120.169,37.576],[120.658,37.736],[121.434,37.337],[121.895,37.376],[122.393,37.301],[122.256,36.734],[121.847,36.86],[121.61,36.834],[120.855,36.584],[120.537,36.387],[120.505,36.056],[120.27,35.985],[120.139,36.195],[119.914,36.143],[119.976,35.934],[119.907,35.768],[119.003,34.939],[119.021,34.692],[119.3,34.591],[119.974,34.135],[120.149,33.894],[120.34,33.336],[120.641,33.045],[120.719,32.848],[120.661,32.543],[121.051,32.328],[121.231,32.062],[121.606,31.828],[121.623,31.618],[121.268,31.452],[121.499,31.281],[121.64,30.926],[121.569,30.71],[121.035,30.595],[120.609,30.346],[119.944,30.116],[120.438,29.997],[121.083,30.214],[121.391,29.922],[121.77,29.834],[121.67,29.625],[121.362,29.414],[121.411,29.345],[121.649,29.32],[121.433,28.837],[121.359,28.386],[121.166,28.125],[121.009,28.277],[120.942,28.213],[120.506,27.59],[120.352,27.177],[120.084,26.986],[119.971,26.789],[119.429,26.591],[119.555,26.267],[119.436,26.038],[119.429,25.651],[119.335,25.53],[119.096,25.441],[118.813,24.849],[118.531,24.69],[118.346,24.467],[117.925,24.562],[117.796,24.422],[117.849,24.047],[117.406,23.69],[116.963,23.556],[116.452,23.25],[116.341,22.913],[115.86,22.836],[115.707,22.639],[115.186,22.746],[114.848,22.51],[114.559,22.465],[114.537,22.675],[113.717,22.482],[113.463,22.774],[113.377,22.647],[113.378,22.164],[113.284,22.03],[113.097,21.979],[112.871,22.061],[112.75,21.756],[112.04,21.659],[111.831,21.754],[111.434,21.461],[111.086,21.479],[110.75,21.377],[110.566,21.231],[110.239,21.281],[110.077,20.867],[110.434,20.436],[110.271,20.315],[109.928,20.245],[109.603,20.879],[109.78,21.483],[109.516,21.597],[109.322,21.431],[109.117,21.399],[108.813,21.494],[108.555,21.823],[108.467,21.785],[108.387,21.531],[107.9,21.479],[107.418,21.186],[107.466,20.976],[106.234,21.697],[105.412,21.902],[101.851,20.532],[101.657,19.661],[100.435,20.036],[100.431,20.226],[100.228,20.389],[101.008,21.423],[100.14,23.375],[100.502,24.314],[98.583,25.401],[98.637,27.479],[100.682,28.691],[102.406,33.721],[101.688,36.307],[95.519,37.102],[91.686,36.365],[90,36.512],[89.917,35.996],[90,35.628],[89.917,35.186],[86.821,35.112],[82.693,34.743],[81.795,34.768],[81.253,35.316],[92.002,41.91],[90,43.897],[90,46.426],[93.808,48.052],[93.808,48.594],[93.266,49.136],[93.808,49.678],[90,50.073],[93.975,56.893],[109.077,57.599],[118.11,56.893],[126.437,54.917],[136.487,53.655],[136.77,53.695],[137.041,53.862],[137.383,53.81],[137.071,53.489],[137.239,53.457],[137.979,53.465],[138.234,53.572],[138.409,53.805],[138.417,54.092],[139.378,54.08],[140.102,53.802],[140.321,53.536],[141.121,53.052],[140.828,52.825],[141.032,52.726],[141.091,52.587],[140.939,52.262],[141.161,52.209],[141.257,52.103],[140.73,51.441],[140.405,50.827],[140.323,50.518],[140.457,50.104],[140.081,48.503],[139.214,47.811],[139.047,47.615],[138.949,47.322],[138.352,46.873],[137.985,46.269],[137.721,45.997],[136.494,44.966],[136.034,44.398],[135.415,44.037],[134.962,43.515],[134.569,43.212],[134.139,42.993],[132.953,42.67],[132.827,42.862],[132.485,42.88],[132.333,42.964],[132.182,43.195],[131.675,43.027],[131.865,43.29],[131.584,43.213],[130.435,42.277],[130.36,42.454],[130.435,42.277],[129.641,41.656],[129.591,41.47],[129.828,41.396],[129.76,40.886],[129.478,40.682],[129.177,40.63],[128.447,40.066],[127.672,39.866],[127.441,39.624],[127.544,39.374],[127.277,39.222],[127.745,39.119],[127.998,38.867],[128.357,38.684],[128.634,38.126],[129.063,37.669],[129.434,37.059],[129.473,36.71],[129.387,36.036],[129.457,35.993],[129.557,36.079],[129.588,36.008],[129.466,35.537],[129.237,35.19],[128.979,35.085],[128.573,35.17],[128.378,35.036],[128.501,35.008],[128.435,34.835],[128.329,34.949],[128.204,34.888],[128.021,34.986],[127.593,34.942],[127.639,34.814],[127.774,34.844],[127.748,34.727],[127.635,34.615],[127.556,34.651],[127.522,34.857],[127.418,34.819],[127.364,34.751],[127.514,34.591],[127.389,34.471],[127.125,34.537],[127.329,34.652],[127.329,34.743],[127.01,34.602],[126.889,34.412],[126.783,34.587],[126.6,34.3],[126.478,34.345],[126.463,34.485],[126.288,34.59],[126.289,34.742],[126.452,34.578],[126.451,34.648],[126.618,34.619],[126.477,34.725],[126.66,34.813],[126.54,34.873],[126.511,34.776],[126.371,34.789],[126.434,34.964],[126.318,34.932],[126.249,35.117],[126.345,35.152],[126.431,35.023],[126.459,35.091],[126.361,35.18],[126.422,35.407],[126.523,35.525],[126.688,35.533],[126.475,35.636],[126.801,35.862],[126.615,35.891],[126.632,35.967],[126.873,36.055],[126.685,36.0],[126.544,36.136],[126.497,36.724],[126.347,36.74],[126.293,36.582],[126.273,36.717],[126.173,36.673],[126.129,36.752],[126.291,36.962],[126.289,36.786],[126.401,36.852],[126.356,36.996],[126.442,37.0],[126.483,36.842],[126.502,37.053],[126.781,36.964],[126.839,36.753],[127.0,36.93],[126.753,37.049],[126.869,37.176],[126.661,37.156],[126.662,37.254],[126.866,37.267],[126.656,37.411],[126.659,37.555],[126.539,37.687],[126.514,37.597],[126.41,37.594],[126.367,37.688],[125.914,37.806],[125.768,37.983],[125.619,37.772],[125.337,37.682],[124.77,37.936],[124.694,38.14],[124.736,38.28],[125.294,38.689],[125.128,38.806],[125.398,39.376],[125.329,39.518],[125.194,39.491],[124.922,39.619]],[[128.314,38.521],[128.314,38.532],[128.313,38.514],[128.314,38.521]],[[128.261,38.412],[128.27,38.42],[128.28,38.43],[128.261,38.412]],[[127.058,38.254],[127.06,38.255],[127.068,38.26],[127.058,38.254]]],[[[126.476,33.222],[126.266,33.191],[126.158,33.315],[126.317,33.453],[126.634,33.532],[126.821,33.551],[126.941,33.454],[126.843,33.308],[126.476,33.222]]],[[[126.651,34.316],[126.694,34.389],[126.775,34.287],[126.651,34.316]]],[[[127.111,34.46],[127.246,34.466],[127.111,34.46]]],[[[127.713,34.521],[127.798,34.485],[127.713,34.521]]],[[[126.112,34.379],[126.243,34.573],[126.38,34.495],[126.342,34.401],[126.112,34.379]]],[[[127.748,34.597],[127.794,34.661],[127.804,34.576],[127.748,34.597]]],[[[125.916,34.681],[126.009,34.691],[125.916,34.681]]],[[[126.003,34.773],[125.888,34.732],[126.003,34.773]]],[[[127.98,34.844],[128.024,34.914],[128.086,34.83],[127.98,34.844]]],[[[125.985,34.868],[126.094,34.91],[125.985,34.868]]],[[[128.032,34.818],[128.061,34.701],[127.985,34.697],[127.861,34.72],[127.822,34.843],[127.899,34.933],[127.916,34.833],[128.032,34.818]]],[[[128.642,34.709],[128.585,34.704],[128.598,34.835],[128.491,34.869],[128.711,34.977],[128.742,34.782],[128.642,34.709]]],[[[126.058,35.084],[126.162,35.143],[126.106,35.047],[126.058,35.084]]],[[[126.338,36.434],[126.376,36.591],[126.434,36.411],[126.338,36.434]]],[[[126.167,36.84],[126.167,36.84]]],[[[130.812,37.481],[130.919,37.545],[130.887,37.453],[130.812,37.481]]],[[[124.613,37.947],[124.747,37.955],[124.613,37.947]]]]}}]}