{"type":"FeatureCollection","name":"world_1530","crs":{"type":"name","properties":{"name":"urn:ogc:def:crs:OGC:1.3:CRS84"}},"features":[{"type":"Feature","properties":{"NAME":"Atakapa","ABBREVN":"Atakapa","wikipedia":null,"SUBJECTO":"Atakapa","BORDERPRECISION":1,"PARTOF":"Atakapa"},"geometry":{"type":"MultiPolygon","coordinates":[[[[-95.468,31.216],[-94.708,30.755],[-93.126,30.498],[-92.46,30.584],[-91.981,30.233],[-92.017,29.825],[-92.228,29.802],[-91.978,29.625],[-92.117,29.542],[-92.643,29.579],[-93.446,29.768],[-94.142,29.69],[-94.426,29.543],[-94.602,29.549],[-94.797,29.563],[-94.857,29.784],[-95.058,29.675],[-94.845,29.346],[-95.174,29.106],[-95.263,29.362],[-95.821,29.645],[-95.776,30.002],[-95.972,30.84],[-96.212,31.165],[-95.468,31.216]]]]}},{"type":"Feature","properties":{"NAME":"Cuba (Spain)","ABBREVN":"Cuba","wikipedia":null,"SUBJECTO":"Cuba (Spain)","BORDERPRECISION":1,"PARTOF":"Cuba (Spain)"},"geometry":{"type":"MultiPolygon","coordinates":[[[[-82.177,22.366],[-81.663,22.507],[-81.739,22.621],[-82.046,22.697],[-82.853,22.638],[-83.39,22.223],[-83.945,22.159],[-84.03,21.955],[-84.209,21.828],[-84.706,21.77],[-84.377,22.056],[-84.435,22.323],[-84.308,22.495],[-83.69,22.814],[-82.959,23.025],[-81.431,23.137],[-79.985,22.879],[-79.33,22.404],[-78.171,22.12],[-77.712,21.899],[-77.191,21.448],[-75.751,21.121],[-75.604,21.013],[-75.759,20.752],[-75.654,20.683],[-75.062,20.697],[-74.173,20.19],[-75.519,19.907],[-76.398,20.02],[-77.243,19.885],[-77.663,19.903],[-77.177,20.355],[-77.099,20.533],[-77.291,20.704],[-78.157,20.817],[-78.45,20.969],[-78.514,21.306],[-78.728,21.617],[-79.735,21.672],[-80.776,22.102],[-81.572,22.164],[-82.177,22.366]]]]}},{"type":"Feature","properties":{"NAME":"Hispaniola (Spain)","ABBREVN":"Hispaniola (Spain)","wikipedia":null,"SUBJECTO":"Hispaniola (Spain)","BORDERPRECISION":1,"PARTOF":"Hispaniola (Spain)"},"geometry":{"type":"MultiPolygon","coordinates":[[[[-77.425,17.831],[-77.737,17.932],[-78.052,18.218],[-78.261,18.255],[-78.325,18.35],[-78.086,18.478],[-77.769,18.51],[-77.156,18.397],[-76.426,18.119],[-76.301,17.992],[-76.319,17.903],[-76.468,17.871],[-76.806,18.004],[-77.05,17.978],[-77.291,17.806],[-77.425,17.831]]],[[[-67.152,17.987],[-67.211,18.438],[-67.055,18.546],[-65.952,18.472],[-65.724,18.333],[-65.967,18.027],[-66.451,18.045],[-66.906,17.936],[-67.152,17.987]]],[[[-71.374,19.834],[-70.882,19.93],[-70.739,19.79],[-70.289,19.652],[-69.993,19.684],[-69.747,19.354],[-68.657,18.873],[-68.373,18.575],[-68.665,18.199],[-68.986,18.51],[-69.808,18.547],[-70.299,18.259],[-70.477,18.285],[-70.696,18.519],[-71.062,18.347],[-71.401,17.704],[-71.531,17.755],[-71.677,18.003],[-71.978,18.262],[-72.915,18.228],[-73.474,18.316],[-73.687,18.271],[-73.857,18.112],[-74.365,18.378],[-74.442,18.524],[-74.303,18.696],[-72.746,18.509],[-72.298,18.662],[-72.698,18.941],[-72.759,19.074],[-72.676,19.392],[-72.767,19.525],[-73.355,19.658],[-73.493,19.753],[-73.421,19.874],[-72.94,19.945],[-71.843,19.731],[-71.551,19.897],[-71.374,19.834]]]]}},{"type":"Feature","properties":{"NAME":null,"ABBREVN":null,"wikipedia":null,"SUBJECTO":null,"BORDERPRECISION":1,"PARTOF":null},"geometry":{"type":"MultiPolygon","coordinates":[[[[120.364,14.531],[119.972,14.905],[119.772,15.47],[119.813,15.978],[119.681,16.187],[119.762,16.359],[120.202,16.042],[120.293,16.233],[120.247,16.875],[120.393,18.044],[120.564,18.432],[120.8,18.553],[121.036,18.528],[121.581,18.294],[121.84,18.276],[122.05,18.447],[122.139,18.384],[122.147,18.206],[122.028,18.009],[122.07,17.438],[122.396,17.114],[122.064,16.332],[121.402,15.874],[121.368,15.499],[121.242,15.308],[121.729,14.108],[122.107,13.918],[122.397,14.307],[122.486,14.32],[122.776,14.174],[122.985,13.73],[123.132,13.692],[123.359,13.953],[123.702,13.82],[123.737,13.763],[123.398,13.527],[123.819,12.976],[123.677,12.893],[123.239,13.025],[123.094,13.381],[122.485,13.881],[122.369,13.881],[122.325,13.779],[122.492,13.43],[122.394,13.303],[122.067,13.652],[121.625,13.898],[121.009,13.656],[120.599,13.922],[120.511,14.112],[120.799,14.386],[121.105,14.253],[121.285,14.342],[120.706,14.729],[120.471,14.804],[120.364,14.531]]],[[[121.094,12.201],[120.734,12.55],[120.547,13.153],[120.341,13.387],[121.039,13.408],[121.181,13.332],[121.304,13.129],[121.317,12.742],[121.094,12.201]]],[[[125.323,11.124],[124.883,11.434],[124.875,11.834],[124.33,12.208],[124.264,12.418],[124.952,12.527],[125.119,12.477],[125.246,12.293],[125.449,11.207],[125.323,11.124]]],[[[121.873,10.468],[121.994,11.758],[122.47,11.454],[122.92,11.525],[122.897,11.15],[122.706,10.94],[122.297,10.647],[121.873,10.468]]],[[[118.865,10.024],[118.7,10.036],[119.108,10.628],[119.207,11.13],[119.354,11.213],[119.417,11.13],[119.345,11.003],[119.564,10.502],[118.865,10.024]]],[[[122.942,9.048],[122.396,9.478],[122.303,9.65],[122.347,9.815],[122.602,9.911],[122.701,10.032],[122.92,10.852],[123.239,10.922],[123.312,10.738],[123.104,10.23],[122.962,9.594],[123.133,9.251],[123.037,9.067],[122.942,9.048]]],[[[117.271,8.451],[117.128,8.47],[117.379,8.896],[118.089,9.431],[118.508,9.921],[118.558,9.673],[118.505,9.483],[117.967,9.113],[117.857,8.833],[117.444,8.635],[117.271,8.451]]],[[[126.045,6.608],[125.955,6.652],[125.748,7.186],[125.615,7.236],[125.28,6.594],[125.533,5.94],[125.289,5.488],[125.073,5.723],[125.163,5.907],[125.129,6.053],[124.966,6.085],[124.803,5.786],[124.224,6.09],[123.973,6.337],[123.864,6.851],[124.074,7.258],[124.025,7.474],[123.815,7.658],[123.334,7.771],[123.248,7.593],[123.023,7.478],[122.725,7.452],[122.635,7.783],[122.455,7.693],[121.992,6.873],[121.824,7.057],[122.094,7.775],[122.384,7.985],[122.736,8.062],[122.889,8.342],[123.486,8.496],[123.617,8.337],[123.663,8.014],[124.024,8.11],[124.21,8.447],[124.372,8.561],[124.671,8.429],[124.742,8.918],[124.872,8.925],[124.991,8.715],[125.225,8.995],[125.401,8.951],[125.461,9.053],[125.362,9.625],[125.428,9.784],[126.037,8.959],[126.075,8.813],[125.923,8.482],[126.03,8.381],[126.272,8.426],[126.28,7.733],[126.372,7.34],[126.045,6.608]]]]}},{"type":"Feature","properties":{"NAME":"Madagascar","ABBREVN":"Madagascar","wikipedia":null,"SUBJECTO":"Madagascar","BORDERPRECISION":1,"PARTOF":"Madagascar"},"geometry":{"type":"MultiPolygon","coordinates":[[[[44.672,-16.236],[44.917,-16.203],[45.197,-16.037],[45.555,-16.056],[45.732,-15.89],[46.142,-15.826],[46.282,-15.952],[46.419,-15.939],[46.464,-15.857],[46.388,-15.692],[46.734,-15.449],[46.925,-15.36],[47.07,-15.461],[47.245,-15.366],[47.106,-15.144],[47.199,-15.016],[47.426,-14.825],[47.633,-14.984],[47.884,-14.716],[47.699,-14.443],[47.741,-14.31],[47.972,-14.284],[48.049,-14.131],[47.916,-13.737],[47.942,-13.585],[48.11,-13.597],[48.224,-13.794],[48.35,-13.838],[48.44,-13.654],[48.751,-13.418],[48.993,-12.737],[48.935,-12.477],[49.176,-12.266],[49.542,-12.704],[49.88,-12.92],[50.15,-14.419],[50.503,-15.314],[50.486,-15.48],[50.187,-15.957],[49.754,-15.398],[49.62,-15.462],[49.685,-16.047],[49.863,-16.282],[49.898,-16.46],[49.425,-17.198],[49.342,-18.228],[47.258,-24.766],[46.855,-25.218],[46.239,-25.264],[45.789,-25.411],[45.576,-25.621],[45.211,-25.66],[44.959,-25.387],[44.425,-25.312],[44.037,-24.989],[43.934,-24.519],[43.671,-24.227],[43.672,-23.903],[43.827,-23.413],[43.785,-23.267],[43.291,-22.41],[43.501,-21.494],[43.816,-21.316],[44.517,-20.024],[44.585,-19.528],[44.536,-19.369],[44.251,-19.103],[44.394,-18.791],[44.16,-18.404],[43.972,-17.553],[44.451,-16.725],[44.454,-16.242],[44.672,-16.236]],[[48.015,-17.023],[47.482,-16.904],[46.654,-17.733],[45.292,-22.645],[45.529,-23.592],[46.002,-23.592],[47.186,-23.119],[48.488,-20.041],[48.488,-19.449],[48.015,-17.023]]]]}},{"type":"Feature","properties":{"NAME":"Maoris","ABBREVN":"Maoris","wikipedia":null,"SUBJECTO":"Maoris","BORDERPRECISION":1,"PARTOF":"Maoris"},"geometry":{"type":"MultiPolygon","coordinates":[[[[175.308,-37.321],[175.64,-37.41],[175.535,-37.072],[175.558,-36.944],[175.663,-36.95],[175.838,-37.026],[176.129,-37.798],[177.362,-38.237],[178.241,-37.832],[178.569,-37.921],[178.599,-38.125],[178.408,-38.771],[177.939,-38.83],[177.867,-39.207],[177.34,-39.227],[177.146,-39.317],[177.024,-39.445],[177.156,-39.95],[176.796,-40.271],[176.011,-41.255],[175.365,-41.662],[175.002,-41.444],[174.895,-41.296],[175.367,-40.454],[175.354,-40.3],[174.889,-39.98],[173.992,-39.611],[173.805,-39.42],[174.655,-38.983],[174.749,-38.753],[174.713,-38.44],[174.931,-38.101],[174.945,-37.928],[174.728,-37.552],[174.765,-37.297],[174.22,-36.557],[174.266,-36.483],[174.201,-36.347],[173.788,-36.031],[174.064,-36.368],[174.087,-36.431],[174.01,-36.431],[173.046,-35.253],[173.07,-35.126],[172.96,-34.864],[172.633,-34.56],[173.019,-34.518],[173.057,-34.643],[172.99,-34.727],[173.33,-35.084],[173.349,-35.021],[173.47,-35.032],[174.015,-35.232],[174.068,-35.41],[174.3,-35.347],[174.392,-35.579],[174.609,-35.789],[174.494,-35.873],[174.536,-35.947],[174.348,-35.915],[174.787,-36.283],[174.824,-36.483],[174.706,-36.462],[174.973,-36.778],[174.647,-36.767],[174.645,-36.831],[174.928,-36.967],[174.887,-37.062],[175.301,-37.136],[175.235,-37.231],[175.308,-37.321]]],[[[172.063,-43.923],[171.378,-44.338],[171.066,-44.229],[170.994,-44.267],[171.255,-44.551],[171.171,-44.939],[170.634,-44.863],[171.024,-45.075],[170.612,-45.946],[169.399,-46.71],[168.7,-46.6],[168.417,-46.651],[168.154,-46.452],[167.62,-46.351],[167.548,-46.212],[167.338,-46.168],[167.202,-46.308],[166.85,-46.35],[166.523,-46.233],[166.457,-46.104],[166.651,-46.064],[166.551,-45.967],[166.844,-45.915],[166.64,-45.697],[167.009,-45.817],[166.801,-45.557],[166.855,-45.492],[167.281,-45.563],[167.318,-45.504],[167.137,-45.2],[167.921,-44.616],[167.967,-44.48],[168.416,-44.221],[168.914,-44.097],[169.649,-43.741],[170.203,-43.224],[170.371,-43.217],[171.024,-42.887],[171.077,-42.713],[171.398,-42.513],[171.349,-42.287],[171.458,-41.993],[171.596,-42.014],[172.087,-41.707],[172.207,-41.045],[172.437,-40.753],[172.769,-40.848],[172.784,-40.965],[172.935,-40.992],[173.123,-41.435],[173.264,-41.544],[173.701,-41.254],[174.058,-41.291],[174.158,-41.516],[174.069,-41.696],[174.234,-42.011],[173.841,-42.488],[172.441,-43.509],[172.628,-43.692],[172.82,-43.714],[173.01,-43.844],[172.667,-43.926],[172.441,-43.793],[172.063,-43.923]]]]}},{"type":"Feature","properties":{"NAME":"Portugal","ABBREVN":"Portugal","wikipedia":null,"SUBJECTO":"Portugal","BORDERPRECISION":1,"PARTOF":"Portugal"},"geometry":{"type":"MultiPolygon","coordinates":[[[[-7.492,37.208],[-7.836,37.032],[-8.667,37.121],[-8.991,36.99],[-8.842,37.525],[-8.851,37.91],[-8.933,37.962],[-8.789,38.436],[-8.854,38.5],[-9.237,38.417],[-9.285,38.619],[-9.069,38.643],[-8.942,38.742],[-9.041,38.92],[-9.176,38.732],[-9.362,38.671],[-9.522,38.69],[-9.549,38.775],[-9.415,39.367],[-9.118,39.644],[-8.916,40.138],[-8.97,40.19],[-8.694,40.992],[-8.921,41.767],[-8.806,41.889],[-8.157,42.087],[-7.919,41.889],[-7.098,41.868],[-6.86,41.985],[-6.709,41.96],[-6.518,41.749],[-6.139,41.526],[-6.112,41.417],[-6.834,41.061],[-6.878,39.702],[-7.431,39.521],[-6.933,38.961],[-7.317,38.5],[-7.394,38.295],[-7.028,38.24],[-6.845,38.1],[-7.243,37.811],[-7.492,37.208]]]]}},{"type":"Feature","properties":{"NAME":"Malaysian Islamic states","ABBREVN":"Malaysian Islamic states","wikipedia":null,"SUBJECTO":"Malaysian Islamic states","BORDERPRECISION":1,"PARTOF":"Malaysian Islamic states"},"geometry":{"type":"MultiPolygon","coordinates":[[[[121.263,1.102],[121.591,0.861],[122.181,0.869],[122.733,0.673],[122.992,0.775],[123.826,0.739],[124.15,0.797],[124.432,0.956],[124.527,1.083],[124.457,1.204],[124.852,1.624],[124.982,1.65],[125.016,1.542],[124.931,1.16],[124.234,0.301],[123.472,0.153],[123.249,0.185],[122.983,0.375],[120.826,0.414],[120.337,0.356],[120.143,0.191],[119.957,-0.14],[119.873,-0.465],[119.904,-0.681],[120.022,-0.903],[120.407,-1.175],[120.587,-1.518],[121.055,-1.549],[121.461,-0.989],[121.995,-1.114],[122.739,-0.878],[122.981,-0.718],[123.25,-0.902],[123.213,-1.233],[123.002,-1.112],[122.757,-1.094],[122.223,-1.654],[121.746,-1.852],[121.65,-1.999],[121.253,-1.961],[121.265,-2.101],[121.664,-2.418],[122.258,-3.211],[122.144,-3.663],[122.19,-3.847],[122.641,-4.284],[122.648,-4.513],[122.159,-4.514],[121.974,-4.648],[121.873,-4.96],[121.441,-4.865],[121.416,-4.497],[121.508,-4.236],[120.802,-3.596],[120.999,-3.049],[120.925,-2.826],[120.593,-2.802],[120.144,-3.076],[120.28,-3.654],[120.143,-4.398],[120.307,-4.804],[120.124,-5.332],[120.248,-5.586],[119.477,-5.804],[119.295,-5.423],[119.446,-5.067],[119.461,-3.808],[119.365,-3.63],[119.226,-3.574],[118.791,-3.663],[118.684,-2.901],[119.175,-2.176],[119.247,-1.959],[119.244,-1.228],[119.396,-0.904],[119.597,-0.878],[119.578,-0.491],[119.914,0.54],[120.239,0.788],[120.432,0.636],[120.767,1.139],[121.263,1.102]]],[[[104.813,-2.156],[104.61,-2.576],[104.678,-2.671],[104.995,-2.467],[105.445,-2.599],[105.629,-2.91],[105.943,-3.215],[105.693,-4.308],[105.797,-4.734],[105.728,-5.827],[105.641,-5.929],[105.187,-5.542],[105.033,-5.879],[104.563,-5.601],[104.465,-5.639],[104.642,-5.976],[104.568,-6.071],[103.523,-4.999],[102.462,-4.182],[102.111,-3.604],[101.345,-3.015],[100.812,-2.336],[100.796,-2.025],[100.65,-1.631],[99.972,-0.501],[99.697,-0.152],[99.113,0.221],[98.689,1.37],[98.671,1.618],[98.303,1.935],[97.597,2.251],[97.509,2.74],[97.254,3.14],[96.72,3.705],[96.394,3.647],[96.118,3.951],[96.544,4.472],[96.602,5.077],[97.384,5.18],[97.943,4.521],[98.174,4.381],[98.146,4.07],[98.625,3.658],[98.49,3.227],[98.646,2.76],[100.202,0.892],[101.136,-1.366],[101.759,-1.288],[103.311,-0.818],[103.747,-1.116],[104.23,-1.191],[104.352,-1.89],[104.568,-2.137],[104.813,-2.156]]],[[[105.933,-6.026],[106.308,-6.131],[106.521,-6.11],[106.628,-6.309],[106.864,-6.27],[106.945,-6.026],[107.34,-6.154],[107.525,-6.351],[107.677,-6.33],[107.769,-6.452],[108.173,-6.356],[108.475,-6.686],[108.556,-6.921],[109.161,-7.023],[110.243,-7.031],[110.396,-6.955],[110.492,-6.662],[110.613,-6.541],[110.815,-6.534],[111.045,-6.852],[112.275,-7.027],[112.537,-7.265],[112.501,-7.465],[112.678,-7.719],[113.263,-7.908],[113.948,-7.824],[114.231,-7.932],[114.069,-8.434],[114.329,-8.783],[113.074,-8.347],[112.414,-8.488],[110.778,-8.32],[110.038,-7.991],[109.037,-7.72],[108.61,-7.702],[108.16,-7.856],[107.73,-7.787],[107.368,-7.565],[106.484,-7.503],[106.32,-7.434],[106.547,-7.16],[106.366,-7.04],[105.185,-6.866],[105.144,-6.782],[105.633,-6.755],[105.672,-6.456],[105.811,-6.482],[105.792,-6.257],[105.933,-6.026]]],[[[126.0,-8.656],[127.044,-8.476],[127.141,-8.596],[126.873,-8.807],[125.212,-9.395],[124.154,-10.205],[123.492,-10.352],[123.665,-9.748],[124.918,-9.046],[125.08,-8.772],[126.0,-8.656]]],[[[127.8,1.897],[127.987,1.574],[127.689,0.925],[127.802,0.716],[128.042,0.964],[128.102,1.199],[128.545,1.448],[128.609,1.384],[128.632,1.022],[128.263,0.767],[128.19,0.627],[128.642,0.431],[128.706,0.209],[128.037,0.367],[127.901,0.296],[127.865,0.099],[127.946,-0.326],[128.37,-0.929],[128.299,-1.025],[127.636,-0.308],[127.627,0.061],[127.441,0.537],[127.522,0.785],[127.44,1.128],[127.569,1.528],[127.8,1.897]]],[[[121.276,-8.914],[120.971,-9.055],[120.549,-8.935],[119.935,-8.936],[119.853,-8.574],[120.328,-8.395],[120.565,-8.388],[121.431,-8.723],[121.578,-8.589],[121.98,-8.55],[122.166,-8.634],[122.376,-8.582],[122.344,-8.482],[122.715,-8.293],[122.723,-8.172],[122.64,-8.183],[122.692,-8.094],[122.943,-8.241],[122.949,-8.377],[122.696,-8.493],[122.711,-8.598],[122.051,-8.868],[121.899,-8.849],[121.694,-8.996],[121.276,-8.914]]],[[[129.579,-3.583],[129.031,-3.413],[128.915,-3.254],[128.376,-3.547],[128.042,-3.059],[128.289,-2.957],[128.909,-3.0],[129.168,-3.139],[129.743,-2.979],[130.369,-3.13],[130.725,-3.485],[130.784,-3.879],[130.297,-3.677],[129.781,-3.322],[129.595,-3.335],[129.579,-3.583]]],[[[117.948,-8.162],[118.13,-8.343],[118.267,-8.277],[118.42,-8.325],[118.462,-8.596],[118.618,-8.392],[118.761,-8.379],[118.863,-8.481],[118.873,-8.671],[118.982,-8.702],[118.971,-8.881],[118.689,-8.76],[118.625,-8.786],[118.658,-8.856],[118.275,-8.927],[118.216,-8.739],[117.974,-8.975],[117.841,-8.954],[117.277,-9.145],[116.976,-9.178],[116.663,-9.059],[116.663,-8.702],[116.958,-8.529],[117.514,-8.613],[117.554,-8.739],[117.817,-8.814],[117.902,-8.697],[118.033,-8.692],[118.056,-8.608],[117.677,-8.363],[117.806,-8.178],[117.948,-8.162]]],[[[105.812,-2.382],[105.583,-2.205],[105.2,-2.11],[105.427,-1.71],[105.656,-1.957],[105.722,-1.747],[105.863,-1.626],[106.037,-2.204],[106.329,-2.572],[106.643,-2.711],[106.471,-2.921],[106.553,-3.175],[105.995,-2.89],[105.812,-2.382]]],[[[119.254,-9.827],[118.9,-9.682],[118.949,-9.587],[119.789,-9.458],[120.462,-9.926],[120.581,-10.098],[120.414,-10.352],[120.28,-10.378],[119.254,-9.827]]],[[[126.046,-3.425],[126.111,-3.298],[126.727,-3.233],[127.142,-3.62],[127.056,-3.747],[126.66,-3.875],[126.472,-3.85],[126.15,-3.628],[126.046,-3.425]]],[[[114.511,-8.452],[114.458,-8.331],[115.084,-8.235],[115.5,-8.469],[115.244,-8.59],[115.072,-8.781],[114.511,-8.452]]],[[[114.167,4.511],[114.45,4.563],[114.745,4.984],[114.854,5.016],[114.878,4.856],[115.361,4.876],[115.418,5.111],[115.203,5.276],[115.292,5.454],[115.717,5.468],[115.787,5.74],[116.338,6.358],[116.596,6.899],[116.741,6.69],[116.889,6.646],[117.031,6.837],[117.168,6.614],[117.507,6.393],[117.541,6.24],[117.37,5.789],[117.867,5.904],[117.918,5.803],[117.762,5.58],[118.377,5.639],[118.998,5.278],[119.043,5.17],[118.881,4.979],[118.683,4.915],[118.108,4.939],[117.948,4.799],[117.992,4.685],[118.391,4.374],[118.319,4.234],[117.589,4.048],[117.541,3.94],[117.684,3.629],[117.074,3.507],[117.215,3.272],[117.139,3.171],[117.342,3.025],[117.829,2.314],[117.696,1.901],[117.73,1.799],[118.517,1.166],[118.765,0.823],[118.556,0.746],[118.218,0.758],[117.86,0.866],[117.708,0.821],[117.534,0.611],[117.318,-0.14],[117.43,-0.622],[117.37,-1.004],[117.046,-0.935],[116.046,-1.934],[116.246,-2.106],[116.349,-2.417],[116.041,-2.443],[116.248,-2.798],[115.806,-3.536],[115.568,-3.804],[114.581,-4.295],[114.356,-3.603],[114.218,-3.432],[113.971,-3.363],[113.744,-3.598],[113.608,-3.611],[113.461,-3.383],[113.123,-3.244],[112.795,-2.971],[112.578,-3.423],[112.246,-3.398],[111.739,-3.647],[111.729,-3.259],[111.587,-2.796],[111.436,-2.974],[110.797,-3.172],[110.653,-2.988],[110.102,-3.079],[109.941,-1.643],[109.783,-1.306],[109.179,-0.869],[109.429,-0.71],[109.073,-0.405],[109.158,-0.075],[108.999,0.198],[109.932,0.191],[110.348,0.852],[110.549,0.726],[110.818,1.244],[111.12,1.27],[110.893,1.511],[111.372,2.599],[112.759,3.009],[112.952,3.155],[113.188,3.615],[113.423,3.76],[113.913,4.358],[114.167,4.511]]]]}},{"type":"Feature","properties":{"NAME":null,"ABBREVN":"Greenland","wikipedia":null,"SUBJECTO":null,"BORDERPRECISION":1,"PARTOF":null},"geometry":{"type":"MultiPolygon","coordinates":[[[[-26.787,71.558],[-25.85,71.436],[-25.695,71.273],[-26.329,71.132],[-27.916,70.998],[-28.084,70.897],[-28.384,70.458],[-27.475,70.207],[-26.252,70.178],[-24.585,70.304],[-23.587,70.084],[-22.158,70.056],[-22.732,69.774],[-24.333,69.333],[-24.897,69.392],[-25.802,68.864],[-26.964,68.502],[-27.959,68.477],[-29.4,68.228],[-29.825,68.414],[-29.994,68.391],[-30.305,67.98],[-30.736,67.928],[-31.355,68.046],[-32.019,68.447],[-32.359,68.544],[-32.037,67.985],[-32.124,67.873],[-32.956,67.641],[-34.433,66.384],[-34.782,66.266],[-35.248,66.229],[-35.708,66.352],[-35.774,66.103],[-35.972,65.847],[-36.324,65.722],[-37.048,65.743],[-37.579,65.545],[-37.155,66.32],[-38.042,66.399],[-37.925,66.209],[-37.937,66.004],[-38.11,65.821],[-38.467,65.645],[-39.992,65.533],[-39.686,65.171],[-39.727,64.997],[-41.06,65.037],[-40.484,64.685],[-40.355,64.427],[-40.472,64.348],[-41.484,64.274],[-40.691,63.932],[-40.516,63.782],[-40.894,63.524],[-41.378,63.523],[-41.227,63.253],[-41.434,63.039],[-41.916,63.124],[-41.789,62.847],[-41.834,62.691],[-42.299,62.739],[-43.226,62.681],[-42.919,62.462],[-42.271,62.194],[-42.306,61.729],[-42.478,61.307],[-43.037,61.292],[-42.817,61.026],[-42.785,60.529],[-43.497,60.479],[-43.154,60.305],[-42.962,60.034],[-43.015,59.833],[-43.579,59.936],[-44.052,60.164],[-44.276,60.032],[-44.467,59.761],[-44.753,60.031],[-44.682,60.288],[-45.362,60.461],[-45.622,60.601],[-45.46,60.895],[-45.771,61.104],[-46.331,60.872],[-47.159,60.856],[-47.63,60.597],[-47.969,61.037],[-48.915,61.421],[-49.148,61.772],[-49.116,62.104],[-50.097,62.356],[-50.159,62.462],[-50.096,62.668],[-49.889,62.846],[-49.857,62.967],[-50.466,63.051],[-50.591,63.15],[-50.617,63.435],[-51.101,63.47],[-51.366,63.726],[-51.266,63.926],[-50.988,64.092],[-50.043,64.438],[-50.02,64.61],[-50.144,64.739],[-50.994,64.615],[-51.805,64.233],[-51.957,64.377],[-51.992,65.01],[-52.187,65.518],[-52.536,65.495],[-53.103,65.873],[-53.108,66.034],[-52.73,66.276],[-52.611,66.268],[-52.86,66.353],[-53.348,66.324],[-53.394,66.452],[-53.222,66.531],[-52.448,66.607],[-52.303,66.909],[-53.104,66.908],[-53.397,66.996],[-53.45,67.084],[-53.349,67.21],[-52.978,67.31],[-53.147,67.395],[-53.395,67.362],[-53.494,67.473],[-53.436,67.618],[-52.808,67.775],[-50.477,67.482],[-50.491,67.645],[-50.357,67.891],[-50.95,68.091],[-52.842,68.506],[-52.691,68.663],[-52.337,68.664],[-51.679,68.5],[-51.005,68.509],[-50.874,68.945],[-50.369,68.908],[-50.266,68.953],[-50.279,69.111],[-50.767,69.336],[-50.694,69.533],[-50.457,69.738],[-50.573,69.866],[-51.637,69.94],[-52.909,70.289],[-53.666,70.357],[-54.374,70.725],[-54.158,70.81],[-53.628,70.819],[-52.367,70.667],[-50.824,70.247],[-50.799,70.385],[-50.939,70.577],[-51.326,70.823],[-51.404,71.024],[-51.675,71.224],[-52.198,71.355],[-51.72,71.59],[-52.037,71.698],[-52.813,71.743],[-53.323,71.891],[-53.988,71.414],[-54.382,71.305],[-55.012,71.335],[-55.477,71.489],[-55.614,71.598],[-55.626,71.73],[-55.43,71.871],[-55.298,72.161],[-55.366,72.728],[-55.104,72.752],[-54.793,72.666],[-54.626,72.721],[-54.558,72.872],[-54.73,73.038],[-55.353,73.346],[-55.779,73.704],[-56.939,74.919],[-58.075,75.205],[-58.205,75.295],[-58.229,75.611],[-58.636,75.793],[-59.783,75.916],[-61.507,76.258],[-62.916,76.364],[-63.651,76.38],[-65.475,76.099],[-66.684,76.307],[-66.563,75.929],[-67.619,76.019],[-69.045,76.294],[-68.144,76.6],[-68.186,76.702],[-68.376,76.778],[-70.5,76.833],[-71.448,77.122],[-71.184,77.26],[-70.618,77.278],[-67.736,77.189],[-66.784,77.259],[-66.178,77.398],[-66.153,77.553],[-66.805,77.777],[-67.852,77.593],[-69.994,77.58],[-71.045,77.916],[-71.888,77.949],[-72.525,78.166],[-72.545,78.324],[-72.383,78.526],[-69.266,78.796],[-68.349,79.09],[-65.485,79.158],[-64.891,79.382],[-64.623,79.949],[-65.024,80.052],[-65.9,80.069],[-66.419,79.982],[-67.41,80.211],[-67.143,80.562],[-66.522,80.711],[-63.725,81.086],[-61.112,81.182],[-60.957,81.264],[-60.952,81.365],[-61.122,81.798],[-60.887,81.861],[-60.039,81.883],[-57.444,81.424],[-57.074,81.548],[-57.82,81.784],[-58.133,82.013],[-54.575,82.328],[-53.768,82.245],[-53.664,81.463],[-53.253,81.535],[-53.01,81.68],[-52.816,82.13],[-52.364,82.12],[-49.938,81.676],[-49.846,81.811],[-50.905,82.368],[-50.772,82.497],[-49.648,82.478],[-44.683,81.729],[-44.323,81.823],[-43.955,82.491],[-45.213,82.967],[-44.894,83.078],[-43.812,83.08],[-41.881,83.263],[-40.195,82.967],[-38.587,82.828],[-38.452,83.17],[-38.587,83.382],[-36.487,83.511],[-34.427,83.403],[-32.513,83.577],[-31.594,83.579],[-30.757,83.479],[-28.818,83.472],[-26.421,83.342],[-25.324,83.0],[-24.708,82.891],[-24.103,82.926],[-22.432,82.743],[-22.232,82.56],[-22.59,82.419],[-25.457,82.221],[-28.391,82.31],[-31.135,82.198],[-32.598,81.974],[-32.749,81.765],[-32.415,81.652],[-30.651,81.811],[-26.393,81.862],[-24.877,81.595],[-22.948,81.9],[-22.064,81.965],[-21.798,81.757],[-22.053,81.54],[-23.533,81.1],[-24.11,80.769],[-24.055,80.631],[-23.912,80.563],[-23.339,80.623],[-21.817,81.114],[-20.065,81.523],[-19.317,81.597],[-17.963,81.518],[-16.465,81.904],[-14.253,81.835],[-12.705,81.621],[-12.563,81.509],[-12.644,81.386],[-14.202,81.21],[-15.013,80.858],[-16.441,80.451],[-19.045,80.426],[-20.045,80.24],[-20.267,79.999],[-20.193,79.854],[-18.605,80.012],[-17.769,79.967],[-17.768,79.777],[-18.102,79.669],[-19.385,79.55],[-19.763,78.873],[-20.068,78.802],[-20.879,78.818],[-21.768,77.767],[-21.382,77.587],[-20.777,77.969],[-19.336,77.867],[-19.177,77.824],[-19.059,77.695],[-19.086,77.6],[-19.944,77.641],[-20.174,77.598],[-20.235,77.511],[-20.105,77.382],[-19.064,77.239],[-18.253,77.3],[-18.016,77.206],[-17.92,77.061],[-17.942,76.865],[-18.057,76.805],[-19.978,76.946],[-20.561,76.911],[-21.183,76.697],[-21.773,76.824],[-22.25,76.806],[-22.378,76.636],[-21.751,76.367],[-19.57,76.11],[-19.322,75.893],[-19.2,75.693],[-19.194,75.444],[-19.389,75.261],[-20.512,75.358],[-20.679,75.308],[-20.669,75.061],[-20.616,74.954],[-20.424,74.882],[-19.071,74.609],[-18.899,74.44],[-19.051,74.335],[-19.716,74.213],[-21.762,74.305],[-22.029,74.104],[-21.781,74.016],[-20.679,73.922],[-20.354,73.811],[-20.33,73.42],[-20.88,73.443],[-21.44,73.394],[-21.709,73.274],[-22.269,73.265],[-23.494,73.509],[-24.076,73.756],[-25.01,73.475],[-25.763,73.354],[-26.827,73.408],[-27.263,73.343],[-27.441,73.287],[-27.519,73.16],[-27.357,72.859],[-27.038,72.749],[-25.778,72.609],[-25.073,72.634],[-23.92,72.188],[-22.818,71.87],[-22.649,71.745],[-22.431,71.341],[-21.904,71.497],[-21.726,71.405],[-21.592,71.211],[-21.471,70.532],[-21.547,70.44],[-21.714,70.386],[-22.203,70.485],[-23.084,70.468],[-23.754,70.59],[-24.04,70.774],[-24.386,71.183],[-25.291,71.569],[-26.12,71.669],[-26.787,71.558]]],[[[-22.146,72.027],[-23.585,72.44],[-23.798,72.66],[-23.131,72.678],[-21.882,72.365],[-21.809,72.145],[-21.906,72.051],[-22.146,72.027]]],[[[-53.551,69.278],[-54.574,69.609],[-54.687,69.707],[-54.723,70.087],[-54.594,70.24],[-53.617,70.158],[-52.084,69.772],[-51.813,69.622],[-51.928,69.515],[-53.551,69.278]]]]}},{"type":"Feature","properties":{"NAME":null,"ABBREVN":null,"wikipedia":null,"SUBJECTO":null,"BORDERPRECISION":1,"PARTOF":null},"geometry":{"type":"MultiPolygon","coordinates":[[[[-73.112,-72.749],[-72.88,-72.44],[-72.493,-72.44],[-71.952,-72.209],[-72.03,-71.822],[-73.421,-71.977],[-74.348,-72.209],[-75.043,-72.054],[-75.275,-71.668],[-74.657,-71.436],[-72.725,-71.281],[-72.107,-71.05],[-72.184,-70.586],[-71.798,-70.354],[-71.798,-69.736],[-72.394,-69.261],[-71.952,-69.041],[-71.412,-68.886],[-70.716,-68.809],[-70.33,-68.963],[-69.48,-69.968],[-68.862,-70.509],[-68.398,-71.127],[-68.63,-72.054],[-69.325,-72.286],[-70.021,-72.672],[-73.112,-72.749]]],[[[-102.551,-72.131],[-101.16,-71.822],[-97.22,-71.822],[-95.906,-72.363],[-97.142,-72.672],[-101.16,-72.363],[-102.551,-72.131]]],[[[-150.951,-76.949],[-150.414,-76.83],[-149.787,-76.889],[-149.429,-77.098],[-150.325,-77.098],[-150.951,-76.949]]],[[[-55.185,-80.94],[-54.953,-80.399],[-53.871,-79.936],[-51.708,-79.781],[-51.012,-79.395],[-50.858,-78.699],[-50.24,-78.39],[-48.849,-78.081],[-45.758,-78.081],[-44.213,-78.39],[-43.904,-79.24],[-43.904,-79.781],[-44.831,-80.322],[-50.162,-80.786],[-55.185,-80.94]]],[[[-164.058,-79.356],[-163.517,-78.97],[-162.59,-78.815],[-160.735,-79.047],[-158.804,-79.665],[-159.203,-79.882],[-160.426,-79.974],[-162.358,-79.742],[-164.058,-79.356]]],[[[169.769,-83.418],[171.895,-83.607],[172.04,-83.712],[172.58,-83.844],[174.585,-83.883],[178.304,-84.187],[179.161,-84.174],[180.0,-84.34],[180.0,-90.0],[-180.0,-90.0],[-180.0,-84.322],[-178.43,-84.456],[-173.871,-84.456],[-170.317,-84.688],[-167.226,-84.765],[-160.504,-85.383],[-156.563,-85.46],[-151.463,-85.306],[-150.381,-85.46],[-148.759,-85.074],[-139.331,-85.223],[-138.817,-85.013],[-145.281,-84.765],[-149.609,-84.456],[-152.004,-84.379],[-153.086,-84.147],[-153.31,-83.942],[-153.24,-83.297],[-152.931,-82.91],[-152.081,-82.601],[-154.554,-82.138],[-154.983,-81.911],[-154.267,-81.677],[-155.569,-81.407],[-156.952,-81.314],[-156.999,-81.196],[-155.713,-81.056],[-154.477,-81.056],[-151.54,-81.21],[-149.995,-81.21],[-148.836,-81.365],[-145.668,-80.515],[-146.904,-80.051],[-148.604,-79.665],[-150.58,-79.483],[-151.772,-79.201],[-154.554,-79.124],[-155.867,-78.738],[-154.132,-78.352],[-154.708,-78.12],[-156.022,-78.352],[-156.563,-78.352],[-157.336,-78.197],[-158.185,-77.811],[-158.031,-77.27],[-157.151,-77.238],[-156.408,-77.115],[-154.167,-77.115],[-152.086,-77.337],[-149.995,-77.733],[-147.986,-77.347],[-146.146,-77.457],[-146.116,-76.86],[-147.131,-76.531],[-148.45,-76.497],[-149.609,-76.343],[-148.527,-76.033],[-146.672,-76.111],[-144.509,-75.724],[-134.773,-74.643],[-133.536,-74.797],[-130.987,-74.797],[-128.978,-74.913],[-127.123,-74.681],[-123.569,-74.836],[-120.169,-74.527],[-118.778,-74.604],[-118.083,-74.295],[-117.387,-74.527],[-114.992,-74.449],[-114.937,-74.058],[-114.146,-73.926],[-113.502,-74.072],[-113.238,-74.321],[-113.428,-74.688],[-112.365,-74.836],[-111.744,-74.717],[-111.746,-74.295],[-111.099,-74.175],[-110.433,-74.295],[-110.337,-74.761],[-110.791,-74.951],[-110.557,-75.303],[-109.196,-75.145],[-108.347,-75.299],[-106.801,-75.377],[-105.642,-75.068],[-100.045,-75.31],[-99.733,-75.071],[-100.008,-74.943],[-100.999,-74.888],[-100.412,-74.759],[-100.394,-74.576],[-100.559,-74.466],[-101.495,-74.539],[-101.88,-74.099],[-103.165,-73.86],[-103.247,-73.561],[-101.421,-73.768],[-99.678,-73.658],[-100.229,-73.438],[-103.293,-73.328],[-103.587,-73.108],[-103.587,-72.741],[-102.551,-72.788],[-102.174,-73.09],[-99.788,-72.998],[-96.524,-73.329],[-93.974,-73.174],[-90.0,-73.329],[-89.57,-73.097],[-89.261,-72.788],[-88.72,-72.788],[-88.565,-73.252],[-87.406,-73.406],[-86.325,-73.252],[-85.938,-73.484],[-84.393,-73.793],[-81.766,-74.024],[-81.302,-73.793],[-80.993,-73.252],[-79.757,-73.174],[-78.52,-73.715],[-77.13,-73.638],[-75.584,-73.754],[-71.489,-73.368],[-67.625,-72.749],[-67.084,-72.44],[-67.084,-71.822],[-67.703,-71.281],[-68.089,-70.586],[-68.63,-70.277],[-68.784,-69.813],[-68.244,-69.35],[-67.471,-69.195],[-67.084,-68.654],[-67.316,-67.804],[-67.857,-67.572],[-67.703,-66.877],[-66.853,-66.8],[-65.771,-66.182],[-65.075,-65.95],[-64.689,-65.563],[-64.225,-65.254],[-62.912,-64.713],[-61.289,-64.482],[-60.207,-63.941],[-59.126,-63.863],[-58.121,-63.4],[-57.426,-63.245],[-57.271,-63.709],[-58.894,-64.327],[-59.821,-64.327],[-61.135,-64.868],[-62.371,-65.795],[-62.448,-66.336],[-62.757,-66.645],[-63.376,-66.491],[-63.839,-66.491],[-64.38,-66.722],[-65.385,-67.341],[-65.694,-67.881],[-65.153,-68.5],[-64.535,-68.654],[-63.839,-68.654],[-63.453,-68.886],[-63.144,-69.427],[-62.139,-70.509],[-61.676,-70.818],[-60.98,-72.054],[-60.826,-72.749],[-61.367,-73.909],[-62.68,-74.758],[-63.221,-74.836],[-63.685,-75.222],[-64.457,-75.686],[-65.925,-75.84],[-69.248,-76.381],[-70.562,-76.69],[-73.881,-76.627],[-75.932,-76.484],[-76.28,-76.304],[-77.825,-75.995],[-78.443,-75.995],[-78.829,-76.227],[-78.598,-76.613],[-75.816,-77.463],[-73.568,-77.481],[-73.027,-77.823],[-74.502,-78.081],[-77.052,-77.927],[-80.687,-77.566],[-81.655,-77.68],[-81.285,-77.994],[-80.761,-78.236],[-78.289,-78.313],[-77.67,-78.467],[-77.782,-78.649],[-79.139,-78.931],[-82.075,-78.777],[-83.079,-78.236],[-84.161,-78.236],[-84.104,-78.649],[-82.925,-79.163],[-82.461,-79.24],[-81.92,-79.163],[-81.302,-79.317],[-80.22,-79.317],[-77.98,-79.086],[-76.589,-79.395],[-76.416,-79.588],[-76.434,-79.858],[-78.829,-80.013],[-80.003,-79.93],[-78.289,-80.322],[-76.643,-80.215],[-74.889,-80.708],[-67.934,-81.481],[-63.144,-82.099],[-60.207,-82.331],[-59.28,-82.717],[-58.971,-83.181],[-57.58,-83.026],[-55.185,-82.331],[-52.249,-82.022],[-43.826,-81.79],[-42.976,-81.945],[-41.817,-81.404],[-38.031,-80.94],[-32.931,-80.863],[-28.913,-80.476],[-28.372,-80.09],[-28.913,-79.858],[-29.035,-79.377],[-29.568,-79.224],[-32.854,-79.317],[-35.018,-79.163],[-36.408,-79.163],[-36.408,-78.622],[-34.94,-77.927],[-33.163,-77.386],[-32.081,-77.308],[-30.227,-76.845],[-25.977,-76.304],[-23.582,-75.918],[-20.645,-75.918],[-18.405,-75.686],[-17.168,-74.758],[-14.451,-74.065],[-15.005,-73.831],[-16.164,-74.063],[-17.091,-73.909],[-16.396,-73.445],[-15.7,-73.29],[-14.584,-73.178],[-14.271,-72.844],[-11.828,-72.323],[-11.557,-72.072],[-12.329,-71.675],[-12.371,-71.404],[-11.808,-71.3],[-11.599,-71.634],[-11.141,-71.59],[-9.75,-71.05],[-9.364,-71.127],[-8.823,-71.822],[-7.741,-71.668],[-7.633,-71.258],[-7.2,-70.895],[-6.35,-70.663],[-5.732,-70.895],[-6.255,-71.154],[-6.318,-71.425],[-4.882,-71.281],[-2.719,-71.397],[-1.251,-71.32],[-0.787,-71.706],[0.681,-71.32],[6.554,-70.47],[8.485,-70.084],[9.413,-70.084],[10.34,-70.702],[11.113,-70.856],[11.962,-70.702],[12.658,-70.315],[17.603,-70.084],[19.535,-70.161],[22.548,-70.586],[23.707,-70.586],[30.662,-69.736],[32.748,-69.35],[33.025,-68.918],[33.541,-68.542],[34.293,-68.5],[34.716,-68.934],[35.298,-69.118],[36.078,-69.591],[36.532,-69.654],[36.986,-69.356],[37.581,-69.278],[37.674,-69.513],[37.299,-69.654],[37.956,-69.889],[38.269,-69.544],[38.41,-69.638],[38.332,-70.029],[39.459,-69.701],[39.647,-68.934],[41.943,-68.422],[42.561,-68.113],[44.184,-68.036],[44.797,-67.745],[46.038,-67.688],[46.133,-67.567],[46.058,-67.434],[46.37,-67.33],[46.919,-67.404],[47.008,-67.671],[47.305,-67.775],[48.848,-67.434],[48.27,-67.181],[48.314,-67.018],[48.967,-66.973],[49.67,-67.07],[49.962,-67.196],[50.273,-67.137],[50.243,-66.988],[50.006,-66.84],[50.006,-66.588],[50.14,-66.484],[52.452,-65.988],[53.765,-65.911],[55.142,-65.963],[56.175,-66.447],[57.101,-66.523],[57.111,-66.695],[56.702,-66.738],[56.627,-66.942],[59.603,-67.33],[62.806,-67.611],[63.579,-67.534],[66.979,-67.843],[69.374,-67.843],[69.683,-68.152],[69.773,-68.636],[69.444,-69.19],[69.142,-69.388],[68.951,-69.889],[68.622,-70.033],[68.215,-69.852],[67.841,-70.033],[67.513,-70.464],[68.191,-70.67],[68.458,-70.69],[68.889,-70.423],[69.074,-70.588],[68.684,-71.06],[68.138,-71.088],[67.365,-71.706],[67.365,-72.093],[68.215,-72.402],[69.528,-72.402],[70.301,-72.015],[71.151,-71.32],[71.924,-70.547],[72.542,-70.238],[75.401,-69.466],[76.869,-69.311],[77.796,-68.847],[78.26,-68.384],[81.814,-67.302],[85.523,-66.916],[87.223,-66.993],[87.765,-66.749],[87.841,-66.452],[88.084,-66.111],[88.305,-66.066],[88.654,-66.764],[90.0,-66.607],[95.723,-66.529],[97.114,-66.684],[98.064,-66.588],[98.662,-66.626],[99.12,-66.893],[99.654,-66.549],[100.875,-66.079],[101.715,-65.977],[102.631,-65.926],[103.311,-66.066],[103.836,-65.988],[105.459,-66.297],[107.622,-66.452],[108.101,-66.71],[108.437,-66.75],[109.404,-66.71],[109.976,-66.592],[110.568,-66.395],[110.481,-66.297],[110.607,-66.059],[112.027,-65.988],[113.015,-65.763],[113.959,-65.988],[114.436,-66.493],[115.679,-66.414],[116.972,-66.838],[118.286,-67.07],[121.454,-66.8],[122.458,-66.645],[123.54,-66.645],[125.125,-66.787],[125.441,-66.447],[126.412,-66.374],[126.8,-66.884],[129.01,-67.03],[129.422,-66.52],[130.272,-66.253],[132.967,-66.259],[133.307,-66.132],[134.205,-66.18],[134.011,-65.549],[134.035,-65.185],[134.59,-65.022],[134.982,-65.597],[134.691,-66.083],[135.053,-66.182],[136.317,-66.399],[141.157,-66.722],[142.183,-66.985],[142.76,-67.048],[143.388,-66.972],[144.38,-67.173],[145.262,-67.098],[145.586,-67.223],[145.322,-67.575],[145.454,-67.63],[146.39,-67.779],[146.875,-67.997],[148.093,-67.937],[148.263,-68.205],[148.73,-68.306],[150.893,-68.538],[150.838,-68.779],[151.093,-68.886],[152.306,-68.843],[153.752,-68.925],[153.605,-68.481],[153.924,-68.439],[154.286,-68.63],[154.435,-68.95],[156.148,-69.311],[157.307,-69.156],[159.846,-69.829],[160.599,-70.221],[161.33,-70.232],[161.557,-70.315],[162.485,-70.306],[162.888,-70.571],[163.376,-70.656],[163.439,-70.539],[164.319,-70.518],[167.635,-70.865],[167.963,-71.097],[168.743,-71.243],[170.083,-71.667],[170.277,-71.517],[170.525,-71.603],[170.729,-71.904],[169.89,-72.076],[169.793,-72.238],[169.868,-72.356],[170.116,-72.335],[170.105,-72.636],[169.911,-72.615],[169.868,-72.744],[169.728,-72.776],[169.459,-73.056],[168.975,-73.239],[168.899,-73.54],[168.178,-73.583],[167.575,-73.476],[165.799,-73.828],[164.616,-74.172],[165.189,-74.668],[164.33,-74.763],[163.777,-74.649],[163.433,-74.744],[163.414,-75.031],[162.346,-75.107],[162.407,-75.338],[162.823,-75.622],[162.765,-75.966],[162.594,-76.004],[162.384,-76.214],[162.632,-76.423],[162.67,-76.767],[162.327,-76.958],[163.3,-77.187],[163.452,-77.416],[163.529,-77.74],[164.107,-77.656],[164.483,-78.064],[165.399,-78.198],[165.551,-78.351],[166.753,-78.599],[163.643,-78.661],[162.594,-78.904],[161.773,-78.866],[160.686,-79.114],[160.089,-78.97],[159.843,-79.161],[160.345,-79.4],[160.119,-79.6],[159.818,-79.688],[159.315,-80.027],[158.135,-80.316],[158.348,-80.492],[159.579,-80.442],[159.943,-80.58],[160.019,-80.743],[160.433,-80.906],[160.577,-81.534],[162.015,-81.66],[163.309,-82.087],[167.275,-82.988],[168.386,-83.092],[168.321,-83.198],[167.569,-83.317],[167.358,-83.435],[167.885,-83.475],[168.874,-83.343],[169.769,-83.418]]]]}},{"type":"Feature","properties":{"NAME":"Hausa States","ABBREVN":"Hausa States","wikipedia":null,"SUBJECTO":"Hausa States","BORDERPRECISION":1,"PARTOF":"Hausa States"},"geometry":{"type":"MultiPolygon","coordinates":[[[[9.248,13.287],[10.727,11.291],[10.84,10.577],[10.368,9.516],[9.424,9.044],[8.717,9.044],[7.183,11.049],[4.666,11.513],[3.558,12.178],[3.779,13.656],[6.957,14.247],[9.248,13.287]]]]}},{"type":"Feature","properties":{"NAME":"Papal States","ABBREVN":"Papal States","wikipedia":null,"SUBJECTO":"Papal States","BORDERPRECISION":1,"PARTOF":"Papal States"},"geometry":{"type":"MultiPolygon","coordinates":[[[[12.378,44.732],[12.274,44.673],[12.345,44.301],[12.697,43.935],[13.601,43.535],[14.076,42.634],[13.929,42.53],[13.83,42.564],[13.714,42.398],[13.631,42.53],[13.415,42.364],[13.465,42.232],[13.415,42.198],[13.631,42.016],[13.597,41.8],[13.929,41.75],[13.88,41.634],[14.029,41.401],[13.813,41.318],[13.761,41.207],[12.977,41.371],[11.96,42.007],[12.07,42.298],[12.053,42.53],[12.169,42.63],[12.153,43.062],[12.302,43.278],[12.12,43.477],[12.12,43.743],[12.219,43.892],[12.086,43.842],[12.086,44.174],[11.937,44.091],[11.854,44.357],[11.738,44.357],[11.704,44.224],[11.555,44.191],[11.455,44.274],[11.202,44.143],[11.14,44.34],[11.289,44.373],[11.289,44.456],[11.173,44.606],[11.339,44.855],[11.17,45.067],[11.605,44.905],[11.771,45.071],[12.053,45.021],[12.037,45.137],[12.136,45.104],[12.378,44.732]]]]}},{"type":"Feature","properties":{"NAME":"Expansionist Kingdom of Merina","ABBREVN":"Merina","wikipedia":null,"SUBJECTO":"Expansionist Kingdom of Merina","BORDERPRECISION":1,"PARTOF":"Expansionist Kingdom of Merina"},"geometry":{"type":"MultiPolygon","coordinates":[[[[48.015,-17.023],[48.488,-19.449],[48.488,-20.041],[47.186,-23.119],[46.002,-23.592],[45.529,-23.592],[45.292,-22.645],[46.654,-17.733],[47.482,-16.904],[48.015,-17.023]]]]}},{"type":"Feature","properties":{"NAME":"Mossi States","ABBREVN":"Mossi States","wikipedia":null,"SUBJECTO":"Mossi States","BORDERPRECISION":1,"PARTOF":"Mossi States"},"geometry":{"type":"MultiPolygon","coordinates":[[[[-3.833,12.695],[-3.02,13.656],[-1.69,13.804],[-0.064,13.287],[0.084,11.735],[-1.173,10.848],[-3.168,10.922],[-3.833,12.695]]]]}},{"type":"Feature","properties":{"NAME":"Wadai","ABBREVN":"Wadai","wikipedia":null,"SUBJECTO":"Wadai","BORDERPRECISION":1,"PARTOF":"Wadai"},"geometry":{"type":"MultiPolygon","coordinates":[[[[21.542,16.597],[22.327,15.329],[22.81,13.759],[22.629,13.215],[20.025,12.637],[19.845,13.223],[19.463,13.259],[19.368,13.397],[19.791,14.967],[20.515,16.476],[21.542,16.597]]]]}},{"type":"Feature","properties":{"NAME":"Darfur","ABBREVN":"Darfur","wikipedia":null,"SUBJECTO":"Darfur","BORDERPRECISION":1,"PARTOF":"Darfur"},"geometry":{"type":"MultiPolygon","coordinates":[[[[22.689,15.329],[23.112,16.597],[27.46,18.167],[29.15,17.926],[29.996,14.242],[29.09,13.155],[24.32,12.793],[23.172,13.578],[22.689,15.329]]]]}},{"type":"Feature","properties":{"NAME":"Lunda","ABBREVN":"Lunda","wikipedia":null,"SUBJECTO":"Lunda","BORDERPRECISION":1,"PARTOF":"Lunda"},"geometry":{"type":"MultiPolygon","coordinates":[[[[23.504,-10.335],[23.021,-10.818],[18.251,-11.12],[17.466,-8.161],[17.889,-7.376],[21.331,-6.712],[23.625,-6.772],[23.263,-9.671],[23.504,-10.335]]]]}},{"type":"Feature","properties":{"NAME":"Luba","ABBREVN":"Luba","wikipedia":null,"SUBJECTO":"Luba","BORDERPRECISION":1,"PARTOF":"Luba"},"geometry":{"type":"MultiPolygon","coordinates":[[[[25.316,-6.531],[25.98,-5.142],[29.198,-5.316],[29.372,-5.616],[29.33,-5.799],[29.19,-5.915],[29.193,-6.038],[29.476,-6.515],[29.511,-6.72],[30.147,-7.299],[30.277,-7.848],[30.567,-8.115],[30.464,-8.498],[30.568,-8.514],[30.534,-8.579],[30.672,-8.503],[30.799,-8.566],[30.999,-8.767],[30.358,-9.248],[29.271,-9.187],[28.728,-9.731],[28.003,-9.791],[27.339,-9.61],[26.373,-10.274],[25.648,-9.972],[25.467,-10.395],[23.504,-10.335],[23.263,-9.671],[23.625,-6.772],[25.316,-6.531]]],[[[29.919,-6.458],[29.722,-6.244],[29.73,-6.092],[29.919,-6.458]]]]}},{"type":"Feature","properties":{"NAME":"Congo","ABBREVN":"Congo","wikipedia":null,"SUBJECTO":"Congo","BORDERPRECISION":1,"PARTOF":"Congo"},"geometry":{"type":"MultiPolygon","coordinates":[[[[13.023,-7.605],[12.796,-6.861],[12.372,-6.258],[12.801,-5.956],[13.215,-6.133],[13.274,-5.778],[14.103,-4.949],[14.576,-4.772],[15.05,-6.015],[14.99,-7.198],[14.872,-7.376],[14.399,-7.198],[14.103,-7.376],[14.09,-7.706],[14.325,-8.234],[14.267,-8.939],[14.329,-9.368],[13.084,-9.287],[13.146,-9.065],[13.431,-8.823],[13.477,-8.416],[13.023,-7.605]]]]}},{"type":"Feature","properties":{"NAME":"Sardinia","ABBREVN":"Sardinia","wikipedia":null,"SUBJECTO":"Sardinia","BORDERPRECISION":1,"PARTOF":"Sardinia"},"geometry":{"type":"MultiPolygon","coordinates":[[[[8.82,38.977],[8.582,39.066],[8.374,39.308],[8.508,39.946],[8.488,40.209],[8.428,40.465],[8.159,40.785],[8.241,40.855],[8.766,40.863],[9.306,41.184],[9.591,40.903],[9.794,40.564],[9.631,40.096],[9.698,39.693],[9.648,39.457],[9.479,39.144],[9.296,39.233],[9.063,39.22],[8.82,38.977]]]]}},{"type":"Feature","properties":{"NAME":"Naples","ABBREVN":"Naples","wikipedia":null,"SUBJECTO":"Naples","BORDERPRECISION":1,"PARTOF":"Naples"},"geometry":{"type":"MultiPolygon","coordinates":[[[[14.076,42.634],[14.519,42.23],[14.72,42.142],[14.739,42.047],[14.922,41.972],[15.449,41.857],[16.013,41.904],[16.187,41.841],[16.198,41.746],[15.873,41.502],[18.034,40.597],[18.523,40.094],[18.365,39.747],[18.017,39.948],[17.968,40.167],[17.85,40.243],[17.402,40.292],[17.204,40.398],[17.243,40.496],[16.949,40.481],[16.604,40.09],[16.532,39.698],[17.149,39.422],[17.121,39.086],[17.181,39.022],[17.095,38.915],[16.798,38.926],[16.613,38.827],[16.522,38.725],[16.572,38.457],[16.331,38.321],[16.053,37.931],[15.71,37.941],[15.627,38.004],[15.627,38.233],[15.791,38.296],[15.933,38.54],[15.827,38.623],[16.212,38.778],[15.757,39.934],[15.666,40.092],[15.432,39.989],[14.899,40.241],[14.992,40.372],[14.951,40.551],[14.743,40.705],[14.334,40.594],[14.495,40.73],[14.37,40.851],[14.051,40.768],[13.761,41.207],[13.813,41.318],[14.029,41.401],[13.88,41.634],[13.929,41.75],[13.647,41.75],[13.564,41.866],[13.631,42.016],[13.415,42.198],[13.465,42.232],[13.415,42.364],[13.631,42.53],[13.714,42.398],[13.83,42.564],[13.929,42.53],[14.076,42.634]]]]}},{"type":"Feature","properties":{"NAME":"Sicily","ABBREVN":"Sicily","wikipedia":null,"SUBJECTO":"Sicily","BORDERPRECISION":1,"PARTOF":"Sicily"},"geometry":{"type":"MultiPolygon","coordinates":[[[[14.942,36.739],[14.622,36.776],[14.216,37.049],[13.012,37.525],[12.637,37.582],[12.454,37.766],[12.517,37.919],[12.783,38.117],[13.066,38.067],[13.322,38.221],[13.81,37.966],[14.766,38.058],[15.387,38.206],[15.473,38.11],[15.112,37.459],[15.116,37.287],[15.301,37.058],[15.027,36.745],[14.942,36.739]]]]}},{"type":"Feature","properties":{"NAME":"\u0110\u1ea1i Vi\u1ec7t","ABBREVN":"\u0110\u1ea1i Vi\u1ec7t","wikipedia":null,"SUBJECTO":"\u0110\u1ea1i Vi\u1ec7t","BORDERPRECISION":1,"PARTOF":"\u0110\u1ea1i Vi\u1ec7t"},"geometry":{"type":"MultiPolygon","coordinates":[[[[101.968,22.534],[102.57,22.69],[102.985,22.47],[103.397,22.707],[104.478,22.783],[105.313,23.296],[105.594,23.037],[105.941,22.931],[106.588,22.929],[106.695,22.834],[106.72,22.663],[106.507,22.325],[106.673,21.926],[107.098,21.649],[107.876,21.462],[107.418,21.186],[107.466,20.976],[107.374,20.881],[106.807,20.905],[106.772,20.638],[106.381,20.11],[105.965,19.881],[105.843,19.702],[105.533,18.844],[106.364,18.007],[106.433,17.55],[106.622,17.328],[107.115,16.955],[107.692,16.371],[107.809,16.283],[108.095,16.252],[108.236,16.08],[108.499,15.363],[108.786,15.091],[108.918,14.792],[109.071,14.17],[109.307,12.906],[109.068,12.487],[109.061,11.591],[108.696,11.145],[108.164,10.966],[107.412,10.367],[107.266,10.348],[106.854,10.576],[107.482,12.583],[107.515,13.422],[107.31,13.878],[107.297,14.176],[107.463,14.997],[107.338,15.453],[107.1,15.668],[107.067,15.795],[107.169,15.992],[107.108,16.17],[106.426,16.718],[105.413,18.084],[104.812,18.722],[103.899,19.313],[103.88,19.535],[104.005,19.701],[104.488,19.742],[104.72,19.972],[104.716,20.2],[104.129,20.94],[104.011,20.977],[103.478,20.657],[102.993,20.94],[102.691,21.668],[102.171,22.198],[101.968,22.534]]]]}},{"type":"Feature","properties":{"NAME":"Cambodia","ABBREVN":"Cambodia","wikipedia":null,"SUBJECTO":"Cambodia","BORDERPRECISION":1,"PARTOF":"Cambodia"},"geometry":{"type":"MultiPolygon","coordinates":[[[[106.704,10.448],[106.749,10.067],[106.656,9.743],[106.482,9.552],[106.229,9.552],[106.118,9.335],[105.503,9.029],[105.026,8.52],[104.742,8.494],[104.822,9.472],[104.987,9.822],[104.979,9.981],[104.16,10.519],[103.525,10.524],[103.67,10.766],[103.525,11.058],[103.04,10.898],[102.963,11.368],[102.671,12.038],[103.657,12.846],[105.016,13.406],[107.48,13.257],[107.482,12.583],[106.854,10.576],[106.773,10.639],[106.704,10.448]]]]}},{"type":"Feature","properties":{"NAME":null,"ABBREVN":null,"wikipedia":null,"SUBJECTO":null,"BORDERPRECISION":1,"PARTOF":null},"geometry":{"type":"MultiPolygon","coordinates":[[[[6.531,16.709],[6.531,17.958],[7.156,18.458],[8.155,18.208],[8.405,17.208],[7.781,16.584],[6.531,16.709]]]]}},{"type":"Feature","properties":{"NAME":"Oman","ABBREVN":"Oman","wikipedia":null,"SUBJECTO":"Oman","BORDERPRECISION":1,"PARTOF":"Oman"},"geometry":{"type":"MultiPolygon","coordinates":[[[[57.396,23.837],[58.081,23.502],[58.628,23.458],[59.461,22.539],[59.826,22.374],[59.837,22.279],[59.536,21.802],[58.774,20.941],[57.621,22.705],[57.396,23.837]]]]}},{"type":"Feature","properties":{"NAME":"Astrakhan Khanate","ABBREVN":"Astrakhan Khanate","wikipedia":null,"SUBJECTO":"Nogai Horde","BORDERPRECISION":1,"PARTOF":"Astrakhan Khanate"},"geometry":{"type":"MultiPolygon","coordinates":[[[[46.81,44.536],[46.846,44.446],[47.332,44.186],[47.565,43.844],[47.493,43.583],[47.195,43.376],[47.249,42.785],[48.224,41.471],[47.988,41.219],[47.35,41.304],[47.35,41.442],[46.85,41.836],[46.669,41.815],[46.499,41.964],[46.042,42.049],[45.754,42.251],[45.861,42.474],[45.808,42.538],[45.478,42.549],[45.031,42.772],[44.872,42.666],[44.51,42.761],[44.297,42.612],[43.957,42.591],[42.878,41.546],[42.694,41.564],[42.25,41.369],[41.484,41.437],[41.68,41.793],[41.652,42.121],[41.41,42.788],[41.123,43.019],[40.252,43.268],[38.924,44.212],[38.109,44.494],[37.88,44.719],[37.474,44.692],[39.633,45.689],[40.383,45.439],[40.633,46.688],[42.257,46.813],[43.381,46.188],[43.88,44.814],[44.755,44.439],[46.873,44.68],[46.81,44.536]]]]}},{"type":"Feature","properties":{"NAME":"Britany","ABBREVN":"Britany","wikipedia":null,"SUBJECTO":"Britany","BORDERPRECISION":1,"PARTOF":"Britany"},"geometry":{"type":"MultiPolygon","coordinates":[[[[-1.999,48.677],[-1.752,48.178],[-2.01,47.746],[-2.576,47.324],[-2.466,47.494],[-2.614,47.572],[-2.842,47.492],[-3.858,47.792],[-3.955,47.904],[-4.364,47.829],[-4.391,47.942],[-4.7,48.064],[-4.313,48.101],[-4.351,48.205],[-4.588,48.251],[-4.389,48.298],[-4.35,48.391],[-4.78,48.355],[-4.762,48.552],[-3.999,48.731],[-3.902,48.646],[-3.821,48.721],[-3.608,48.693],[-3.558,48.81],[-3.435,48.836],[-3.091,48.872],[-2.791,48.59],[-2.636,48.552],[-2.343,48.674],[-2.2,48.599],[-1.999,48.677]]]]}},{"type":"Feature","properties":{"NAME":"Venice","ABBREVN":"Venice","wikipedia":null,"SUBJECTO":"Venice","BORDERPRECISION":1,"PARTOF":"Venice"},"geometry":{"type":"MultiPolygon","coordinates":[[[[9.569,46.038],[10.195,46.146],[10.558,46.5],[10.558,46.313],[10.457,46.212],[10.525,45.739],[10.66,45.807],[10.795,45.638],[10.93,45.84],[11.166,45.739],[11.233,46.009],[11.571,45.975],[11.571,46.245],[11.908,46.414],[11.74,46.752],[12.075,46.928],[12.218,46.884],[12.328,46.967],[12.698,46.951],[13.292,47.064],[13.516,47.0],[13.581,46.839],[13.709,46.839],[13.606,46.132],[13.368,45.694],[13.156,45.727],[13.105,45.582],[12.28,45.402],[12.18,45.27],[12.523,44.883],[12.378,44.732],[12.136,45.104],[12.037,45.137],[12.053,45.021],[11.771,45.071],[11.605,44.905],[11.24,45.071],[10.856,45.051],[10.824,45.353],[9.998,45.401],[9.922,45.666],[9.846,45.704],[9.506,45.515],[9.695,45.78],[9.582,45.893],[9.569,46.038]]]]}},{"type":"Feature","properties":{"NAME":"Benin","ABBREVN":"Benin","wikipedia":null,"SUBJECTO":"Benin","BORDERPRECISION":1,"PARTOF":"Benin"},"geometry":{"type":"MultiPolygon","coordinates":[[[[5.383,5.61],[5.153,5.642],[4.634,6.212],[4.072,6.44],[3.949,6.579],[5.338,8.724],[6.879,8.643],[7.365,7.913],[7.365,6.94],[6.9,6.128],[5.383,5.61]]]]}},{"type":"Feature","properties":{"NAME":null,"ABBREVN":null,"wikipedia":null,"SUBJECTO":null,"BORDERPRECISION":1,"PARTOF":null},"geometry":{"type":"MultiPolygon","coordinates":[[[[56.946,20.636],[53.955,19.73],[50.511,17.147],[47.838,16.422],[46.659,15.425],[46.335,14.097],[45.261,13.828],[44.509,14.097],[43.488,16.622],[43.066,18.654],[41.923,20.767],[41.812,21.713],[41.07,22.263],[40.648,24.153],[38.814,24.841],[36.593,29.787],[36.525,31.162],[37.212,33.566],[38.036,34.597],[39.342,34.597],[40.029,34.391],[44.083,30.337],[44.839,29.993],[45.87,29.856],[46.905,29.438],[46.509,28.97],[47.439,28.829],[48.469,26.695],[49.395,26.078],[49.704,24.41],[50.569,23.854],[50.968,24.436],[50.847,25.265],[50.931,25.539],[51.015,25.588],[51.069,25.945],[51.217,26.066],[51.358,26.029],[51.587,25.609],[51.539,25.42],[51.606,24.987],[51.288,24.411],[51.291,24.281],[51.523,24.161],[51.606,24.203],[51.586,24.003],[51.946,23.945],[52.255,23.987],[52.383,24.108],[53.687,23.987],[54.017,24.05],[54.006,24.182],[54.108,24.103],[54.347,24.154],[54.592,24.377],[54.771,24.733],[55.457,25.42],[55.53,25.373],[56.015,25.772],[56.367,26.236],[56.405,25.861],[56.161,25.473],[56.366,25.455],[56.405,24.82],[56.794,24.268],[57.396,23.837],[57.621,22.705],[58.18,21.849],[56.946,20.636]]]]}},{"type":"Feature","properties":{"NAME":"Hadramaut","ABBREVN":"Hadramaut","wikipedia":null,"SUBJECTO":"Hadramaut","BORDERPRECISION":1,"PARTOF":"Hadramaut"},"geometry":{"type":"MultiPolygon","coordinates":[[[[46.659,15.425],[47.838,16.422],[50.511,17.147],[51.599,15.379],[49.334,14.633],[48.765,14.098],[48.036,14.045],[46.878,13.474],[46.711,13.936],[46.335,14.097],[46.659,15.425]]]]}},{"type":"Feature","properties":{"NAME":"Mahra","ABBREVN":"Mahra","wikipedia":null,"SUBJECTO":"Mahra","BORDERPRECISION":1,"PARTOF":"Mahra"},"geometry":{"type":"MultiPolygon","coordinates":[[[[50.511,17.147],[53.955,19.73],[55.389,17.81],[55.29,17.676],[55.195,17.149],[54.756,16.951],[54.407,17.045],[54.084,17.019],[52.894,16.61],[52.652,16.489],[52.238,16.1],[52.135,15.687],[51.599,15.379],[50.511,17.147]]]]}},{"type":"Feature","properties":{"NAME":"Gharra","ABBREVN":"Gharra","wikipedia":null,"SUBJECTO":"Gharra","BORDERPRECISION":1,"PARTOF":"Gharra"},"geometry":{"type":"MultiPolygon","coordinates":[[[[53.955,19.73],[56.946,20.636],[58.18,21.849],[58.774,20.941],[58.512,20.421],[58.403,20.357],[57.931,20.401],[57.806,20.172],[57.778,19.314],[57.839,19.035],[57.186,18.938],[56.904,18.817],[56.739,18.689],[56.458,18.092],[56.258,17.977],[55.561,17.937],[55.389,17.81],[53.955,19.73]]]]}},{"type":"Feature","properties":{"NAME":"Inca Empire","ABBREVN":"Incas","wikipedia":null,"SUBJECTO":"Inca Empire","BORDERPRECISION":1,"PARTOF":"Inca Empire"},"geometry":{"type":"MultiPolygon","coordinates":[[[[-67.004,-15.785],[-66.543,-18.267],[-66.543,-19.766],[-67.917,-22.014],[-67.667,-23.763],[-67.917,-26.261],[-71.413,-32.729],[-71.652,-31.241],[-71.682,-30.6],[-71.237,-29.85],[-71.234,-29.519],[-71.43,-29.1],[-71.142,-27.995],[-70.935,-27.727],[-70.655,-26.259],[-70.683,-25.77],[-70.398,-25.249],[-70.519,-24.455],[-70.359,-23.661],[-70.415,-23.527],[-70.58,-23.49],[-70.573,-23.166],[-70.292,-22.987],[-70.111,-21.748],[-70.112,-20.693],[-70.296,-18.629],[-70.584,-18.083],[-71.365,-17.697],[-71.612,-17.221],[-74.05,-16.045],[-75.231,-15.222],[-75.785,-14.727],[-76.242,-14.106],[-76.238,-13.502],[-76.359,-13.229],[-76.711,-12.76],[-77.336,-11.509],[-77.707,-11.256],[-77.692,-10.837],[-77.759,-10.659],[-79.06,-8.216],[-80.066,-6.756],[-80.274,-6.566],[-81.297,-6.041],[-81.162,-5.914],[-80.888,-5.9],[-80.823,-5.716],[-81.301,-4.999],[-81.413,-4.567],[-81.042,-4.052],[-80.583,-3.657],[-80.144,-3.414],[-79.745,-2.676],[-79.813,-2.17],[-80.357,-2.728],[-80.778,-2.539],[-80.961,-2.355],[-80.741,-2.119],[-80.816,-1.859],[-80.754,-1.452],[-80.966,-1.033],[-80.339,-0.663],[-80.482,-0.384],[-80.109,0.049],[-80.046,0.43],[-80.135,0.716],[-80.086,0.818],[-79.376,1.017],[-78.984,1.297],[-78.929,1.411],[-79.062,1.678],[-79.014,1.774],[-78.785,1.825],[-78.575,1.774],[-78.492,1.921],[-78.648,2.175],[-78.61,2.365],[-78.468,2.467],[-77.987,2.475],[-77.941,-1.724],[-78.562,-2.129],[-78.392,-2.913],[-77.927,-3.102],[-77.885,-6.977],[-74.288,-12.646],[-70.52,-13.744],[-69.602,-14.23],[-69.272,-15.218],[-67.004,-15.785]]]]}},{"type":"Feature","properties":{"NAME":null,"ABBREVN":null,"wikipedia":null,"SUBJECTO":null,"BORDERPRECISION":1,"PARTOF":null},"geometry":{"type":"MultiPolygon","coordinates":[[[[-70.721,-54.937],[-69.672,-54.774],[-69.214,-54.934],[-68.376,-54.852],[-67.492,-54.87],[-66.458,-55.07],[-65.348,-54.913],[-65.259,-54.719],[-65.348,-54.913],[-66.458,-55.07],[-67.492,-54.87],[-68.376,-54.852],[-69.214,-54.934],[-69.672,-54.774],[-70.721,-54.937]]],[[[-69.474,-54.218],[-69.89,-54.139],[-70.146,-53.806],[-69.89,-54.139],[-69.335,-54.292],[-69.055,-54.602],[-69.474,-54.218]]],[[[-70.333,-53.473],[-70.465,-53.373],[-70.333,-53.473],[-69.515,-53.345],[-69.441,-53.411],[-69.515,-53.345],[-70.333,-53.473]]],[[[-68.305,-52.943],[-68.705,-53.235],[-68.305,-52.943],[-68.332,-52.85],[-68.305,-52.943]]],[[[-49.347,-1.645],[-48.886,-1.421],[-48.756,-1.281],[-48.553,-0.632],[-48.402,-0.391],[-48.553,-0.632],[-48.756,-1.281],[-49.138,-1.568],[-50.225,-1.735],[-50.476,-1.679],[-50.611,-1.438],[-50.476,-1.679],[-50.225,-1.735],[-49.347,-1.645]]],[[[-73.455,-42.262],[-73.831,-42.564],[-73.455,-42.262],[-73.475,-42.114],[-73.455,-42.262]]],[[[-73.696,-43.386],[-73.771,-43.509],[-74.142,-43.445],[-74.296,-43.265],[-74.142,-43.445],[-73.771,-43.509],[-73.609,-42.911],[-73.696,-43.386]]],[[[-72.845,-52.646],[-73.08,-53.032],[-73.281,-52.953],[-73.08,-53.032],[-72.845,-52.646],[-72.869,-52.281],[-72.845,-52.646]]],[[[-73.626,-52.608],[-73.243,-52.574],[-73.626,-52.608]]],[[[-48.39,-1.414],[-48.043,-0.816],[-47.237,-0.68],[-46.928,-0.928],[-45.643,-1.363],[-45.492,-1.49],[-45.371,-1.757],[-45.256,-1.763],[-45.076,-1.604],[-44.932,-1.622],[-44.462,-2.269],[-44.711,-2.759],[-44.593,-3.147],[-44.222,-2.777],[-43.233,-2.419],[-42.108,-2.862],[-41.103,-2.974],[-40.231,-2.851],[-39.722,-3.009],[-38.786,-3.604],[-37.181,-4.954],[-36.636,-5.118],[-35.665,-5.18],[-35.464,-5.268],[-35.345,-5.478],[-34.918,-7.167],[-34.925,-7.872],[-35.114,-8.661],[-35.599,-9.628],[-36.829,-10.736],[-37.187,-10.845],[-37.362,-11.131],[-37.41,-11.468],[-37.637,-11.951],[-38.266,-12.887],[-38.473,-12.989],[-38.509,-12.798],[-38.634,-12.665],[-38.799,-12.627],[-38.828,-12.983],[-39.07,-13.721],[-39.126,-14.325],[-38.948,-16.002],[-39.208,-17.146],[-39.142,-17.775],[-39.484,-17.998],[-39.666,-18.227],[-39.801,-18.748],[-39.691,-19.409],[-39.739,-19.574],[-40.14,-19.975],[-40.478,-20.649],[-40.933,-21.279],[-41.048,-21.661],[-40.984,-22.086],[-41.77,-22.38],[-41.929,-22.546],[-41.958,-22.921],[-42.138,-22.972],[-42.967,-23.031],[-43.815,-22.957],[-44.561,-22.99],[-44.658,-23.263],[-45.148,-23.493],[-45.459,-23.856],[-45.795,-23.736],[-46.206,-23.883],[-47.886,-24.985],[-48.125,-25.291],[-48.344,-25.399],[-48.725,-25.426],[-48.722,-25.534],[-48.57,-25.635],[-48.516,-25.876],[-48.611,-26.245],[-48.775,-26.385],[-48.603,-26.677],[-48.564,-27.681],[-48.728,-28.367],[-48.937,-28.698],[-49.546,-29.157],[-49.936,-29.627],[-50.469,-30.74],[-50.806,-31.192],[-51.477,-31.823],[-50.806,-31.192],[-50.469,-30.74],[-49.936,-29.627],[-49.546,-29.157],[-48.937,-28.698],[-48.797,-28.476],[-49.839,-26.797],[-49.487,-24.553],[-48.469,-23.749],[-53.128,-14.265],[-46.281,-3.553],[-49.066,-4.744],[-54.163,-4.627],[-56.331,-4.335],[-58.44,-2.288],[-57.972,-0.589],[-55.804,0.876],[-55.862,1.696],[-58.558,3.978],[-62.659,4.153],[-66.408,3.042],[-70.158,-5.735],[-69.045,-8.236],[-64.194,-14.695],[-64.662,-16.805],[-65.719,-18.084],[-65.494,-19.135],[-67.154,-25.222],[-68.26,-28.542],[-68.445,-30.94],[-69.367,-32.6],[-69.367,-34.445],[-70.289,-36.474],[-71.027,-37.212],[-73.278,-37.283],[-73.144,-37.156],[-72.629,-35.646],[-72.33,-35.283],[-71.823,-33.935],[-71.616,-33.706],[-71.713,-33.109],[-71.416,-32.753],[-67.917,-26.261],[-67.667,-23.763],[-67.917,-22.014],[-66.543,-19.766],[-66.543,-18.267],[-67.004,-15.785],[-69.272,-15.218],[-69.602,-14.23],[-70.52,-13.744],[-74.288,-12.646],[-77.885,-6.977],[-77.927,-3.102],[-77.254,-2.759],[-77.254,-2.098],[-77.854,-1.667],[-77.941,-1.724],[-77.987,2.475],[-77.802,2.577],[-77.106,3.792],[-77.445,4.179],[-77.267,4.739],[-77.5,5.514],[-77.462,5.628],[-77.241,5.692],[-77.181,5.788],[-77.475,6.092],[-77.494,6.194],[-77.322,6.544],[-77.4,6.67],[-75.254,7.885],[-73.245,10.196],[-72.542,10.196],[-72.542,9.593],[-72.24,8.99],[-70.682,8.557],[-65.965,8.18],[-63.065,8.325],[-62.128,8.644],[-61.696,8.61],[-61.29,8.771],[-61.121,9.165],[-60.793,9.388],[-61.121,9.165],[-61.29,8.771],[-61.765,8.583],[-61.271,8.51],[-60.539,8.601],[-59.834,8.44],[-58.881,7.797],[-58.617,7.499],[-58.509,6.559],[-58.375,6.826],[-58.275,6.871],[-58.006,6.789],[-57.414,6.351],[-57.065,5.837],[-56.918,5.978],[-56.746,6.003],[-55.911,5.776],[-55.81,5.999],[-54.895,5.995],[-54.286,5.882],[-53.027,5.427],[-52.098,4.692],[-51.71,4.228],[-51.439,4.324],[-51.315,4.261],[-50.688,2.216],[-50.409,1.823],[-49.969,1.728],[-49.864,1.328],[-49.884,1.214],[-50.12,1.054],[-50.647,0.272],[-51.17,-0.079],[-51.529,-0.429],[-51.963,-1.313],[-52.143,-1.517],[-51.791,-1.535],[-50.977,-1.114],[-50.643,-1.882],[-50.528,-1.933],[-49.622,-1.925],[-49.291,-1.791],[-49.415,-2.096],[-49.423,-2.359],[-48.39,-1.414]]],[[[-72.587,-41.618],[-72.891,-41.529],[-73.178,-41.761],[-73.464,-41.787],[-73.594,-41.697],[-73.464,-41.787],[-73.178,-41.761],[-72.891,-41.529],[-72.587,-41.618]]],[[[-73.845,-41.153],[-73.666,-41.479],[-73.845,-41.153]]],[[[-73.673,-37.501],[-73.435,-37.902],[-73.673,-37.501]]],[[[-69.143,-50.918],[-69.077,-51.499],[-69.167,-51.149],[-69.041,-50.562],[-68.706,-50.285],[-67.833,-49.968],[-67.65,-49.621],[-67.7,-49.386],[-67.578,-49.059],[-67.257,-48.744],[-65.993,-48.077],[-65.839,-47.868],[-65.713,-47.354],[-65.839,-47.868],[-65.993,-48.077],[-67.257,-48.744],[-67.658,-49.183],[-67.65,-49.621],[-67.833,-49.968],[-68.895,-50.384],[-69.041,-50.562],[-69.143,-50.918]]],[[[-68.456,-52.42],[-68.995,-52.426],[-69.343,-52.288],[-69.895,-52.627],[-70.573,-52.708],[-70.734,-52.802],[-70.854,-53.081],[-70.878,-53.474],[-70.998,-53.821],[-71.442,-53.882],[-71.872,-53.696],[-71.442,-53.882],[-70.998,-53.821],[-70.878,-53.474],[-70.854,-53.081],[-70.734,-52.802],[-70.573,-52.708],[-69.895,-52.627],[-69.343,-52.288],[-68.995,-52.426],[-68.456,-52.42]]],[[[-71.443,-52.829],[-72.051,-53.07],[-72.751,-53.138],[-72.842,-52.985],[-72.751,-53.138],[-72.051,-53.07],[-71.443,-52.829],[-71.152,-52.962],[-71.443,-52.829]]],[[[-72.212,-52.572],[-72.559,-52.573],[-71.95,-52.571],[-71.678,-52.644],[-72.212,-52.572]]],[[[-72.81,-51.93],[-73.107,-52.103],[-73.408,-52.024],[-73.107,-52.103],[-72.81,-51.93],[-72.65,-52.128],[-72.449,-52.161],[-72.65,-52.128],[-72.81,-51.93]]],[[[-73.591,-51.792],[-73.875,-51.562],[-73.591,-51.792],[-73.258,-51.706],[-73.591,-51.792]]],[[[-73.861,-51.211],[-74.269,-50.994],[-73.679,-51.231],[-73.861,-51.211]]],[[[-73.934,-50.506],[-74.075,-50.473],[-73.53,-50.433],[-73.934,-50.506]]],[[[-74.187,-49.823],[-73.932,-49.993],[-74.187,-49.823]]],[[[-74.272,-49.431],[-73.963,-49.241],[-74.272,-49.431]]],[[[-74.154,-47.839],[-74.297,-47.761],[-74.538,-47.787],[-74.297,-47.761],[-74.154,-47.839],[-73.764,-47.773],[-73.36,-47.974],[-73.764,-47.773],[-74.154,-47.839]]],[[[-74.412,-47.384],[-74.412,-47.384]]],[[[-74.463,-46.799],[-75.011,-46.774],[-74.463,-46.799],[-73.979,-47.032],[-74.463,-46.799]]],[[[-75.496,-46.58],[-75.022,-46.553],[-75.496,-46.58]]],[[[-74.042,-46.091],[-74.479,-46.306],[-74.429,-46.533],[-74.479,-46.306],[-74.042,-46.091],[-74.068,-45.935],[-74.042,-46.091]]],[[[-73.995,-46.486],[-73.97,-46.713],[-73.979,-46.344],[-73.995,-46.486]]],[[[-73.335,-45.28],[-73.047,-45.376],[-73.335,-45.28]]],[[[-73.058,-44.19],[-72.583,-44.44],[-73.058,-44.19]]],[[[-72.724,-42.8],[-72.53,-43.063],[-72.724,-42.8]]],[[[-72.731,-41.907],[-72.466,-42.035],[-72.731,-41.907]]],[[[-51.445,-31.015],[-51.232,-30.265],[-50.948,-30.36],[-50.609,-30.302],[-50.948,-30.36],[-51.232,-30.265],[-51.445,-31.015],[-51.602,-31.232],[-52.042,-31.557],[-52.144,-31.747],[-52.351,-32.675],[-52.567,-33.019],[-53.432,-33.903],[-53.793,-34.4],[-54.423,-34.852],[-54.99,-34.967],[-55.383,-34.816],[-55.879,-34.887],[-56.167,-35.014],[-56.338,-34.995],[-56.719,-34.691],[-57.006,-34.578],[-57.348,-34.508],[-57.787,-34.598],[-57.934,-34.541],[-58.34,-34.216],[-58.53,-34.485],[-58.523,-34.587],[-58.53,-34.485],[-58.34,-34.216],[-57.934,-34.541],[-57.787,-34.598],[-57.348,-34.508],[-57.006,-34.578],[-56.719,-34.691],[-56.338,-34.995],[-56.167,-35.014],[-55.879,-34.887],[-55.383,-34.816],[-54.99,-34.967],[-54.423,-34.852],[-53.793,-34.4],[-53.432,-33.903],[-52.567,-33.019],[-52.351,-32.675],[-52.042,-31.557],[-51.602,-31.232],[-51.445,-31.015]]],[[[-57.419,-35.997],[-57.372,-36.149],[-57.4,-35.818],[-57.237,-35.583],[-57.226,-35.436],[-57.419,-35.997]]],[[[-57.174,-37.582],[-57.502,-37.927],[-57.643,-38.259],[-58.183,-38.54],[-59.515,-38.875],[-60.936,-39.011],[-61.89,-38.981],[-62.31,-38.88],[-62.351,-39.333],[-62.31,-38.88],[-61.361,-39.031],[-59.515,-38.875],[-58.651,-38.694],[-57.809,-38.386],[-57.643,-38.259],[-57.502,-37.927],[-56.698,-36.944],[-56.8,-36.543],[-56.698,-36.944],[-57.174,-37.582]]],[[[-62.435,-40.195],[-62.466,-40.368],[-62.068,-39.556],[-62.435,-40.195]]],[[[-62.401,-40.925],[-62.964,-41.137],[-63.476,-41.19],[-63.842,-41.158],[-64.939,-40.827],[-65.153,-40.975],[-65.135,-41.244],[-65.153,-40.975],[-64.939,-40.827],[-63.842,-41.158],[-63.476,-41.19],[-62.964,-41.137],[-62.401,-40.925],[-62.26,-40.803],[-62.289,-40.675],[-62.26,-40.803],[-62.401,-40.925]]],[[[-64.992,-42.193],[-65.033,-42.02],[-64.925,-41.731],[-64.941,-41.552],[-64.925,-41.731],[-65.033,-42.02],[-64.992,-42.193]]],[[[-64.12,-42.384],[-64.294,-42.205],[-64.12,-42.384]]],[[[-63.665,-42.775],[-64.001,-42.853],[-64.118,-42.782],[-64.001,-42.853],[-63.6,-42.704],[-63.729,-42.101],[-63.6,-42.704],[-63.665,-42.775]]],[[[-65.085,-42.784],[-64.688,-42.649],[-64.165,-42.648],[-64.688,-42.649],[-65.085,-42.784]]],[[[-65.307,-43.601],[-65.233,-44.142],[-65.637,-44.626],[-65.627,-44.723],[-65.637,-44.626],[-65.233,-44.142],[-65.307,-43.601],[-65.047,-43.331],[-64.309,-43.027],[-65.047,-43.331],[-65.307,-43.601]]],[[[-66.411,-45.021],[-66.973,-45.306],[-67.225,-45.553],[-67.472,-45.922],[-67.469,-46.266],[-67.472,-45.922],[-66.973,-45.306],[-66.411,-45.021],[-65.436,-44.89],[-66.411,-45.021]]]]}},{"type":"Feature","properties":{"NAME":"Karankawa","ABBREVN":"Karankawa","wikipedia":null,"SUBJECTO":"Karankawa","BORDERPRECISION":1,"PARTOF":"Karankawa"},"geometry":{"type":"MultiPolygon","coordinates":[[[[-98.174,28.245],[-97.653,28.558],[-97.399,28.848],[-95.821,29.645],[-95.263,29.362],[-95.174,29.106],[-95.603,28.799],[-96.015,28.656],[-96.717,28.712],[-96.774,28.623],[-96.577,28.426],[-96.685,28.248],[-97.546,27.923],[-98.174,28.245]]]]}},{"type":"Feature","properties":{"NAME":"Mayas","ABBREVN":"Mayas","wikipedia":null,"SUBJECTO":"Mayas","BORDERPRECISION":1,"PARTOF":"Mayas"},"geometry":{"type":"MultiPolygon","coordinates":[[[[-90.0,19.754],[-90.0,21.161],[-89.863,21.25],[-88.334,21.59],[-87.597,21.484],[-87.371,21.571],[-87.201,21.529],[-86.922,21.301],[-86.936,20.976],[-87.651,20.19],[-87.66,19.875],[-87.858,19.582],[-87.789,19.513],[-87.637,19.575],[-87.877,18.381],[-88.138,18.894],[-88.311,18.741],[-88.399,18.309],[-88.124,18.387],[-88.112,18.194],[-88.3,17.635],[-90.0,19.382],[-90.0,19.754]]]]}},{"type":"Feature","properties":{"NAME":"Senegal","ABBREVN":"Senegal","wikipedia":null,"SUBJECTO":"Senegal","BORDERPRECISION":1,"PARTOF":"Senegal"},"geometry":{"type":"MultiPolygon","coordinates":[[[[-16.87,14.364],[-17.221,14.725],[-17.433,14.807],[-16.865,15.298],[-16.45,16.118],[-12.97,15.301],[-10.78,13.954],[-10.949,11.427],[-13.282,9.275],[-13.626,9.623],[-13.68,9.916],[-14.058,10.08],[-14.591,10.467],[-14.575,10.784],[-14.966,10.847],[-15.029,11.158],[-15.341,11.221],[-15.416,11.335],[-15.361,11.52],[-15.099,11.813],[-15.158,11.876],[-15.55,11.92],[-15.809,11.843],[-16.086,11.969],[-16.279,12.21],[-16.696,12.413],[-16.772,12.597],[-16.767,13.36],[-16.452,13.545],[-16.471,13.723],[-16.64,13.843],[-16.87,14.364]]]]}},{"type":"Feature","properties":{"NAME":null,"ABBREVN":null,"wikipedia":null,"SUBJECTO":null,"BORDERPRECISION":1,"PARTOF":null},"geometry":{"type":"MultiPolygon","coordinates":[[[[-11.286,10.585],[-9.938,11.595],[-8.085,11.764],[-6.906,11.09],[-6.906,9.911],[-7.917,8.563],[-9.938,8.563],[-10.949,9.406],[-11.286,10.585]]]]}},{"type":"Feature","properties":{"NAME":"Oyo","ABBREVN":"Oyo","wikipedia":null,"SUBJECTO":"Oyo","BORDERPRECISION":1,"PARTOF":"Oyo"},"geometry":{"type":"MultiPolygon","coordinates":[[[[2.418,9.048],[2.823,10.184],[4.04,10.265],[4.643,9.812],[5.338,8.724],[4.823,7.93],[3.369,8.058],[2.418,9.048]]]]}},{"type":"Feature","properties":{"NAME":"Akan","ABBREVN":"Akan","wikipedia":null,"SUBJECTO":"Akan","BORDERPRECISION":1,"PARTOF":"Akan"},"geometry":{"type":"MultiPolygon","coordinates":[[[[1.166,6.066],[0.939,5.759],[0.09,5.656],[-0.301,5.478],[-1.173,7.3],[-1.173,8.187],[-0.824,8.427],[-0.795,8.315],[-0.6,8.173],[-0.756,8.102],[-0.543,8.154],[-0.527,8.062],[-0.379,8.048],[-0.417,7.972],[-0.315,8.04],[-0.192,7.955],[-0.098,7.746],[-0.654,7.551],[-0.064,7.641],[0.012,7.543],[-0.242,7.517],[0.046,7.478],[0.184,7.287],[0.099,7.193],[0.007,7.209],[0.085,7.147],[0.123,6.983],[0.042,6.946],[0.112,6.897],[-0.066,6.825],[-0.057,6.63],[-0.194,6.741],[-0.335,6.716],[-0.393,6.828],[-0.467,6.723],[-0.684,6.834],[0.103,6.338],[0.152,6.611],[0.317,6.738],[0.254,6.673],[0.32,7.542],[0.229,7.536],[0.258,7.905],[0.168,7.863],[0.108,7.939],[0.267,8.094],[0.184,8.206],[0.294,8.334],[0.115,8.416],[0.124,8.543],[0.552,8.237],[1.166,6.066]]],[[[-0.746,8.481],[-0.016,8.643],[0.095,8.564],[0.092,8.403],[0.217,8.363],[0.105,8.242],[0.17,8.086],[0.07,8.081],[0.055,7.792],[-0.052,7.811],[-0.128,8.011],[-0.33,8.158],[-0.202,8.213],[-0.485,8.209],[-0.746,8.481]]],[[[0.09,6.659],[0.011,6.718],[0.062,6.808],[0.181,6.726],[0.09,6.659]]]]}},{"type":"Feature","properties":{"NAME":"Songhai","ABBREVN":"Songhai","wikipedia":null,"SUBJECTO":"Songhai","BORDERPRECISION":1,"PARTOF":"Songhai"},"geometry":{"type":"MultiPolygon","coordinates":[[[[-0.064,13.287],[-1.69,13.804],[-3.02,13.656],[-5.681,12.621],[-6.494,12.769],[-7.455,14.026],[-7.455,15.134],[-5.903,17.795],[-3.538,21.269],[-1.468,21.564],[-0.507,20.973],[1.192,17.056],[3.41,14.1],[3.558,13.287],[2.745,12.474],[1.932,12.326],[-0.064,13.287]]]]}},{"type":"Feature","properties":{"NAME":null,"ABBREVN":null,"wikipedia":null,"SUBJECTO":null,"BORDERPRECISION":1,"PARTOF":null},"geometry":{"type":"MultiPolygon","coordinates":[[[[8.336,3.187],[8.358,3.317],[8.467,3.361],[8.478,3.557],[8.631,3.656],[8.827,3.612],[8.871,3.525],[8.576,3.067],[8.358,3.088],[8.336,3.187]]]]}},{"type":"Feature","properties":{"NAME":"Mwenemutapa","ABBREVN":"Mwenemutapa","wikipedia":null,"SUBJECTO":"Mwenemutapa","BORDERPRECISION":1,"PARTOF":"Mwenemutapa"},"geometry":{"type":"MultiPolygon","coordinates":[[[[34.377,-20.267],[34.525,-21.302],[34.081,-21.745],[32.899,-21.819],[32.234,-22.337],[31.051,-22.337],[30.238,-21.967],[30.46,-21.08],[31.347,-19.972],[31.494,-19.233],[30.903,-18.272],[30.755,-17.015],[31.716,-16.498],[32.677,-16.794],[34.746,-18.937],[34.746,-19.307],[34.303,-19.898],[34.377,-20.267]]]]}},{"type":"Feature","properties":{"NAME":"Oromo","ABBREVN":"Oromo","wikipedia":null,"SUBJECTO":"Oromo","BORDERPRECISION":1,"PARTOF":"Oromo"},"geometry":{"type":"MultiPolygon","coordinates":[[[[42.822,4.591],[42.824,2.959],[42.332,1.773],[38.411,1.037],[36.45,2.63],[36.083,5.694],[40.557,6.163],[41.964,5.694],[42.822,4.591]]]]}},{"type":"Feature","properties":{"NAME":"Adal","ABBREVN":"Adal","wikipedia":null,"SUBJECTO":"Adal","BORDERPRECISION":1,"PARTOF":"Adal"},"geometry":{"type":"MultiPolygon","coordinates":[[[[50.081,11.476],[48.373,8.742],[46.106,7.414],[43.605,7.336],[42.355,7.805],[41.808,8.586],[41.419,10.562],[41.183,12.337],[41.705,13.93],[42.079,13.861],[42.357,13.468],[42.408,13.175],[42.636,13.093],[43.33,12.434],[43.459,12.225],[43.422,12.047],[43.062,11.919],[42.555,11.568],[43.368,11.456],[44.281,10.396],[45.013,10.449],[45.909,10.832],[46.43,10.668],[46.677,10.7],[47.391,11.159],[47.996,11.116],[48.534,11.333],[48.97,11.233],[49.304,11.246],[50.081,11.476]]]]}},{"type":"Feature","properties":{"NAME":"Ethiopia","ABBREVN":"Ethiopia","wikipedia":null,"SUBJECTO":"Ethiopia","BORDERPRECISION":1,"PARTOF":"Ethiopia"},"geometry":{"type":"MultiPolygon","coordinates":[[[[40.39,14.906],[40.739,14.919],[41.705,13.93],[41.183,12.337],[41.419,10.562],[41.808,8.586],[40.714,7.961],[39.073,7.492],[37.308,7.899],[36.462,8.547],[35.96,14.762],[36.083,16.109],[38.043,16.232],[39.796,15.089],[39.889,15.184],[39.898,15.502],[40.39,14.906]]]]}},{"type":"Feature","properties":{"NAME":"Islamic city-states","ABBREVN":"Islamic city-states","wikipedia":null,"SUBJECTO":"Islamic city-states","BORDERPRECISION":1,"PARTOF":"Islamic city-states"},"geometry":{"type":"MultiPolygon","coordinates":[[[[44.301,1.291],[42.44,-0.512],[41.607,-1.594],[41.61,-1.877],[41.089,-2.129],[40.915,-2.078],[40.877,-2.428],[40.75,-2.593],[40.449,-2.645],[40.271,-2.817],[40.234,-3.192],[39.64,-4.083],[39.681,-4.324],[39.53,-4.617],[39.267,-4.776],[39.122,-5.037],[38.872,-6.092],[38.922,-6.34],[39.221,-6.784],[39.566,-7.044],[39.27,-7.801],[39.478,-7.998],[39.392,-8.735],[39.577,-9.542],[39.658,-9.796],[39.838,-10.005],[40.387,-10.372],[40.62,-10.766],[40.4,-11.23],[39.248,-11.145],[38.238,-9.292],[37.732,-4.575],[39.417,-1.375],[42.786,1.32],[44.301,1.291]]]]}},{"type":"Feature","properties":{"NAME":"Safavid Empire","ABBREVN":"Safavid Empi","wikipedia":null,"SUBJECTO":"Safavid Empire","BORDERPRECISION":1,"PARTOF":"Safavid Empire"},"geometry":{"type":"MultiPolygon","coordinates":[[[[56.43,38.21],[58.619,39.052],[60.978,39.22],[62.662,39.22],[64.347,37.873],[64.684,36.525],[65.526,34.841],[61.988,29.619],[60.48,25.298],[59.031,25.308],[58.744,25.536],[57.9,25.541],[57.805,25.648],[57.255,25.793],[57.245,26.018],[57.112,26.076],[57.066,26.307],[56.935,26.465],[56.929,26.752],[56.79,26.974],[56.431,27.107],[55.9,27.105],[55.805,27.005],[55.425,26.963],[55.34,26.799],[55.098,26.737],[54.926,26.538],[54.646,26.391],[54.065,26.701],[53.634,26.748],[53.381,26.91],[52.891,27.052],[52.41,27.581],[51.962,27.777],[51.611,27.827],[51.35,28.036],[50.702,29.134],[50.705,29.401],[50.132,30.066],[49.718,30.002],[49.452,30.078],[49.557,34.256],[50.469,36.748],[50.252,36.895],[50.561,36.686],[51.417,36.456],[51.796,36.432],[53.8,36.679],[53.984,36.782],[54.067,36.942],[53.88,38.025],[53.937,38.159],[56.43,38.21]]]]}},{"type":"Feature","properties":{"NAME":"Mughal Empire","ABBREVN":"MughalEmpire","wikipedia":null,"SUBJECTO":"Mughal Empire","BORDERPRECISION":1,"PARTOF":"Mughal Empire"},"geometry":{"type":"MultiPolygon","coordinates":[[[[69.646,28.106],[69.063,28.103],[68.566,29.103],[69.568,29.956],[70.242,31.135],[70.242,33.493],[69.568,33.83],[68.726,32.651],[67.379,32.314],[64.191,32.871],[65.526,34.841],[64.684,36.525],[66.336,36.307],[69.232,37.368],[70.579,38.21],[71.253,38.041],[71.566,36.91],[73.809,38.032],[75.246,38.032],[79.329,35.628],[80.175,31.573],[81.449,30.403],[81.573,30.373],[81.656,30.455],[82.142,30.366],[82.201,30.09],[82.591,29.971],[83.13,29.607],[83.197,29.666],[83.402,29.54],[83.698,29.183],[83.836,25.981],[78.951,23.959],[78.277,24.296],[77.772,25.644],[75.75,25.812],[75.414,26.991],[75.75,28.17],[75.296,28.945],[72.937,28.945],[70.748,28.103],[69.646,28.106]]]]}},{"type":"Feature","properties":{"NAME":"Rajputana","ABBREVN":"Rajputana","wikipedia":null,"SUBJECTO":"Rajputana","BORDERPRECISION":1,"PARTOF":"Rajputana"},"geometry":{"type":"MultiPolygon","coordinates":[[[[75.75,25.812],[72.718,23.454],[69.013,24.633],[68.815,25.779],[69.646,28.106],[70.748,28.103],[72.937,28.945],[75.296,28.945],[75.75,28.17],[75.414,26.991],[75.75,25.812]]]]}},{"type":"Feature","properties":{"NAME":"Vijayanagara","ABBREVN":"Vijayanagara","wikipedia":null,"SUBJECTO":"Vijayanagara","BORDERPRECISION":1,"PARTOF":"Vijayanagara"},"geometry":{"type":"MultiPolygon","coordinates":[[[[74.032,15.059],[73.494,16.288],[74.376,16.312],[75.067,15.966],[76.103,15.966],[76.91,16.312],[77.485,16.312],[79.432,16.017],[80.46,15.773],[80.3,15.646],[80.089,15.175],[80.17,13.892],[80.076,13.669],[80.32,13.333],[80.313,13.104],[79.711,11.445],[79.79,10.251],[79.306,10.256],[79.222,10.192],[78.927,9.493],[79.16,9.277],[78.314,8.996],[78.181,8.811],[78.065,8.385],[77.484,8.028],[77.341,8.053],[76.704,8.706],[76.075,10.554],[75.652,11.423],[75.211,12.102],[74.734,13.683],[74.032,15.059]]]]}},{"type":"Feature","properties":{"NAME":"Orissa","ABBREVN":"Orissa","wikipedia":null,"SUBJECTO":"Orissa","BORDERPRECISION":1,"PARTOF":"Orissa"},"geometry":{"type":"MultiPolygon","coordinates":[[[[81.693,17.886],[83.687,19.299],[84.684,20.212],[85.379,19.605],[85.113,19.442],[83.988,18.207],[83.685,18.083],[83.381,17.711],[82.546,17.226],[82.323,17.004],[81.492,17.215],[81.693,17.886]]]]}},{"type":"Feature","properties":{"NAME":"Bengal","ABBREVN":"Bengal","wikipedia":null,"SUBJECTO":"Bengal","BORDERPRECISION":1,"PARTOF":"Bengal"},"geometry":{"type":"MultiPolygon","coordinates":[[[[84.684,20.212],[86.429,21.542],[87.177,24.865],[89.919,24.865],[90.0,21.93],[89.87,22.133],[89.796,21.832],[89.67,21.72],[89.579,21.701],[89.457,21.942],[89.234,21.655],[89.072,21.774],[89.026,21.547],[88.881,21.515],[88.723,21.54],[88.657,21.857],[88.568,21.895],[88.3,21.552],[88.053,21.939],[87.867,21.697],[86.819,21.187],[86.926,20.691],[86.638,20.319],[86.632,20.204],[85.909,19.724],[85.379,19.605],[84.684,20.212]]]]}},{"type":"Feature","properties":{"NAME":"Tibet","ABBREVN":"Tibet","wikipedia":null,"SUBJECTO":"Tibet","BORDERPRECISION":1,"PARTOF":"Tibet"},"geometry":{"type":"MultiPolygon","coordinates":[[[[88.214,27.866],[87.902,27.947],[87.75,27.821],[87.214,27.843],[87.071,28.007],[86.787,28.133],[86.604,28.133],[86.568,27.985],[86.446,27.947],[86.138,28.119],[86.142,27.955],[86.036,27.91],[85.972,28.119],[85.729,28.342],[85.144,28.342],[85.217,28.639],[85.07,28.647],[84.92,28.535],[84.267,28.937],[84.298,29.064],[84.219,29.235],[84.088,29.309],[83.698,29.183],[83.402,29.54],[83.197,29.666],[83.13,29.607],[82.591,29.971],[82.201,30.09],[82.142,30.366],[81.656,30.455],[81.573,30.373],[81.449,30.403],[80.175,31.573],[79.329,35.628],[80.132,36.882],[89.616,36.882],[99.245,38.75],[100.394,37.744],[101.688,36.307],[102.406,33.721],[100.682,28.691],[98.637,27.479],[98.572,27.542],[98.216,27.546],[98.009,28.091],[97.83,28.286],[97.603,28.412],[97.478,28.392],[97.34,28.182],[95.478,27.909],[94.837,27.567],[94.324,26.883],[92.401,26.584],[91.547,26.285],[91.414,27.939],[88.839,28.438],[88.214,27.866]]]]}},{"type":"Feature","properties":{"NAME":"Islamic and Hindu states","ABBREVN":"Islamic and Hindu states","wikipedia":null,"SUBJECTO":"Islamic and Hindu states","BORDERPRECISION":1,"PARTOF":"Islamic and Hindu states"},"geometry":{"type":"MultiPolygon","coordinates":[[[[94.158,24.273],[94.218,21.361],[92.827,20.424],[92.663,20.405],[92.176,20.887],[91.946,21.363],[91.846,21.909],[91.571,22.543],[91.41,22.721],[91.081,22.561],[90.0,22.561],[89.919,24.865],[87.177,24.865],[86.429,21.542],[84.684,20.212],[83.687,19.299],[81.693,17.886],[81.492,17.215],[79.956,17.604],[79.328,17.233],[78.867,18.27],[79.213,18.845],[78.752,19.191],[78.533,19.124],[78.573,20.438],[76.093,21.047],[76.928,23.897],[73.713,22.945],[74.271,21.906],[73.485,19.907],[72.789,19.883],[72.853,19.245],[72.759,20.058],[73.11,20.687],[73.113,20.827],[72.766,21.15],[72.696,22.129],[72.319,22.115],[72.233,22.02],[72.127,21.829],[72.289,21.55],[72.256,21.353],[71.894,20.99],[71.024,20.657],[70.467,20.777],[69.126,21.969],[68.894,22.286],[69.492,22.249],[69.969,22.351],[70.411,22.753],[70.381,22.861],[70.046,22.777],[69.665,22.789],[68.791,23.029],[68.373,23.326],[68.047,23.764],[67.692,23.814],[67.316,24.093],[67.154,24.652],[66.654,24.784],[66.701,25.114],[66.621,25.317],[66.432,25.489],[65.769,25.309],[64.851,25.206],[64.238,25.211],[64.059,25.401],[63.65,25.337],[63.404,25.165],[62.45,25.163],[61.344,25.027],[60.858,25.096],[60.48,25.298],[61.988,29.619],[64.191,32.871],[67.379,32.314],[68.726,32.651],[69.568,33.83],[70.242,33.493],[70.242,31.135],[69.568,29.956],[68.566,29.103],[69.063,28.103],[69.646,28.106],[68.815,25.779],[69.013,24.633],[72.718,23.454],[75.75,25.812],[77.772,25.644],[78.277,24.296],[78.951,23.959],[83.836,25.981],[83.698,29.183],[84.088,29.309],[84.219,29.235],[84.298,29.064],[84.267,28.937],[84.92,28.535],[85.07,28.647],[85.217,28.639],[85.144,28.342],[85.729,28.342],[85.972,28.119],[86.036,27.91],[86.142,27.955],[86.138,28.119],[86.446,27.947],[86.568,27.985],[86.604,28.133],[86.787,28.133],[87.071,28.007],[87.214,27.843],[87.75,27.821],[87.902,27.947],[88.214,27.866],[88.839,28.438],[91.414,27.939],[91.547,26.285],[92.034,25.426],[92.701,25.73],[93.49,25.123],[94.158,24.273]]]]}},{"type":"Feature","properties":{"NAME":"Burmese kingdoms","ABBREVN":"Burmese kingdoms","wikipedia":null,"SUBJECTO":"Burmese kingdoms","BORDERPRECISION":1,"PARTOF":"Burmese kingdoms"},"geometry":{"type":"MultiPolygon","coordinates":[[[[94.218,21.361],[95.068,21.482],[96.039,22.15],[96.221,24.577],[96.585,24.455],[97.191,24.395],[97.313,23.424],[97.859,22.574],[97.895,20.96],[98.016,19.749],[97.789,19.398],[97.711,18.509],[97.373,18.449],[96.949,18.995],[94.946,18.509],[94.465,17.264],[94.42,18.141],[94.054,19.061],[93.966,19.194],[93.839,18.953],[93.458,19.174],[93.815,19.258],[93.724,19.594],[93.334,20.025],[93.066,19.993],[92.894,20.113],[92.921,20.374],[92.827,20.424],[94.218,21.361]]]]}},{"type":"Feature","properties":{"NAME":null,"ABBREVN":null,"wikipedia":null,"SUBJECTO":null,"BORDERPRECISION":1,"PARTOF":null},"geometry":{"type":"MultiPolygon","coordinates":[[[[109.43,18.097],[108.652,18.482],[108.577,19.187],[109.198,19.684],[109.42,19.659],[109.55,19.914],[109.916,19.8],[110.061,19.94],[110.617,20.017],[110.885,19.707],[110.427,19.229],[110.299,18.899],[110.361,18.766],[110.263,18.626],[109.669,18.415],[109.43,18.097]]]]}},{"type":"Feature","properties":{"NAME":"Pegu","ABBREVN":"Pegu","wikipedia":null,"SUBJECTO":"Pegu","BORDERPRECISION":1,"PARTOF":"Pegu"},"geometry":{"type":"MultiPolygon","coordinates":[[[[94.465,17.264],[94.946,18.509],[96.949,18.995],[97.737,17.969],[98.137,15.19],[98.487,14.372],[98.403,13.266],[97.823,14.616],[97.573,16.445],[97.352,16.527],[97.215,16.94],[96.983,17.244],[96.882,17.346],[96.77,17.333],[96.663,16.697],[96.469,16.513],[95.714,16.155],[95.33,15.678],[95.223,15.805],[95.22,16.002],[94.973,15.836],[94.828,15.842],[94.753,15.937],[94.819,16.21],[94.416,16.076],[94.304,15.949],[94.144,16.006],[94.143,16.215],[94.465,17.264]]]]}},{"type":"Feature","properties":{"NAME":"Laos","ABBREVN":"Laos","wikipedia":null,"SUBJECTO":"Laos","BORDERPRECISION":1,"PARTOF":"Laos"},"geometry":{"type":"MultiPolygon","coordinates":[[[[98.562,21.115],[98.587,22.574],[98.985,23.151],[99.234,23.185],[99.469,23.141],[99.484,23.021],[100.387,22.456],[101.554,22.284],[101.968,22.534],[102.171,22.198],[102.691,21.668],[102.993,20.94],[103.478,20.657],[104.011,20.977],[104.129,20.94],[104.716,20.2],[104.72,19.972],[104.488,19.742],[104.005,19.701],[103.462,19.049],[100.435,20.036],[100.431,20.226],[100.245,20.384],[99.965,20.42],[98.562,21.115]]]]}},{"type":"Feature","properties":{"NAME":"Shan states","ABBREVN":"Shan states","wikipedia":null,"SUBJECTO":"Shan states","BORDERPRECISION":1,"PARTOF":"Shan states"},"geometry":{"type":"MultiPolygon","coordinates":[[[[97.895,20.96],[97.859,22.574],[97.313,23.424],[97.191,24.395],[96.585,24.455],[96.221,24.577],[96.039,22.15],[95.068,21.482],[94.218,21.361],[94.158,24.273],[93.49,25.123],[92.701,25.73],[92.034,25.426],[91.547,26.285],[92.401,26.584],[94.324,26.883],[94.837,27.567],[95.478,27.909],[97.34,28.182],[97.478,28.392],[97.603,28.412],[97.83,28.286],[98.009,28.091],[98.216,27.546],[97.98,26.154],[98.526,24.152],[98.985,23.151],[98.587,22.574],[98.562,21.115],[97.895,20.96]]]]}},{"type":"Feature","properties":{"NAME":"Ming Chinese Empire","ABBREVN":"Ming Empire","wikipedia":null,"SUBJECTO":"Ming Chinese Empire","BORDERPRECISION":1,"PARTOF":"Ming Chinese Empire"},"geometry":{"type":"MultiPolygon","coordinates":[[[[114.046,22.34],[114.022,22.228],[113.836,22.214],[114.046,22.34]]],[[[114.084,22.528],[114.309,22.554],[114.413,22.437],[114.263,22.204],[114.134,22.172],[114.161,22.314],[113.901,22.407],[114.084,22.528]]],[[[98.894,23.297],[98.526,24.152],[97.98,26.154],[98.216,27.546],[98.572,27.542],[98.637,27.479],[100.682,28.691],[102.406,33.721],[101.688,36.307],[100.394,37.744],[99.245,38.75],[99.388,39.756],[100.538,40.331],[102.119,39.756],[103.556,39.9],[107.713,43.255],[120.387,46.423],[127.581,56.615],[128.171,56.72],[128.837,56.646],[129.207,56.868],[130.39,56.054],[130.908,55.24],[130.538,53.908],[131.13,53.908],[132.018,52.429],[132.388,52.355],[133.128,52.651],[133.424,52.651],[134.237,53.464],[134.681,52.947],[136.161,53.021],[137.239,53.457],[137.979,53.465],[138.234,53.572],[138.409,53.805],[138.417,54.092],[139.378,54.08],[139.806,53.961],[140.102,53.802],[140.321,53.536],[141.121,53.052],[140.828,52.825],[141.032,52.726],[141.091,52.587],[140.939,52.262],[141.161,52.209],[141.257,52.103],[140.73,51.441],[140.405,50.827],[140.323,50.518],[140.457,50.104],[140.081,48.503],[139.214,47.811],[139.047,47.615],[138.949,47.322],[138.352,46.873],[137.985,46.269],[137.721,45.997],[136.494,44.966],[136.034,44.398],[135.415,44.037],[134.962,43.515],[134.569,43.212],[134.139,42.993],[132.953,42.67],[132.827,42.862],[132.485,42.88],[132.333,42.964],[132.182,43.195],[131.675,43.027],[131.865,43.29],[131.584,43.213],[130.435,42.277],[129.966,42.957],[129.854,42.957],[129.568,42.737],[129.464,42.417],[129.035,42.177],[128.756,42.061],[127.984,42.108],[127.861,41.998],[127.849,41.845],[128.098,41.449],[127.423,41.356],[126.972,41.539],[126.849,41.718],[126.474,41.652],[126.166,41.189],[125.879,40.945],[124.725,40.428],[124.491,40.28],[124.134,39.843],[123.039,39.672],[122.027,39.256],[121.216,38.757],[121.065,38.75],[121.66,39.332],[121.282,39.35],[121.239,39.554],[122.108,40.354],[122.082,40.488],[121.754,40.737],[121.427,40.864],[121.011,40.851],[120.273,40.152],[119.385,39.843],[118.978,39.224],[118.559,39.172],[118.275,39.0],[118.07,39.254],[117.753,39.203],[117.44,38.603],[117.479,38.45],[117.589,38.284],[117.841,38.164],[118.2,38.044],[118.745,38.064],[118.875,37.949],[118.812,37.446],[118.837,37.204],[118.955,37.077],[119.284,37.046],[119.599,37.117],[120.169,37.576],[120.658,37.736],[121.434,37.337],[121.895,37.376],[122.393,37.301],[122.256,36.734],[121.847,36.86],[121.61,36.834],[120.855,36.584],[120.537,36.387],[120.505,36.056],[120.27,35.985],[120.139,36.195],[119.914,36.143],[119.976,35.934],[119.907,35.768],[119.003,34.939],[119.021,34.692],[119.3,34.591],[119.974,34.135],[120.149,33.894],[120.34,33.336],[120.641,33.045],[120.719,32.848],[120.661,32.543],[121.051,32.328],[121.231,32.062],[121.606,31.828],[121.645,31.688],[121.268,31.452],[121.499,31.281],[121.64,30.926],[121.569,30.71],[121.035,30.595],[120.609,30.346],[119.944,30.116],[120.438,29.997],[121.083,30.214],[121.391,29.922],[121.77,29.834],[121.774,29.764],[121.362,29.414],[121.411,29.345],[121.649,29.32],[121.26,28.182],[121.166,28.125],[121.009,28.277],[120.506,27.59],[120.352,27.177],[119.857,26.706],[119.601,26.693],[119.429,26.591],[119.555,26.267],[119.436,26.038],[119.429,25.651],[119.335,25.53],[119.096,25.441],[118.813,24.849],[118.531,24.69],[118.346,24.467],[117.925,24.562],[117.796,24.422],[117.849,24.047],[117.406,23.69],[116.963,23.556],[116.452,23.25],[116.341,22.913],[115.86,22.836],[115.707,22.639],[115.186,22.746],[114.848,22.51],[114.559,22.465],[114.537,22.675],[113.717,22.482],[113.463,22.774],[113.377,22.647],[113.378,22.164],[113.284,22.03],[113.097,21.979],[112.871,22.061],[112.75,21.756],[112.04,21.659],[111.831,21.754],[111.434,21.461],[111.086,21.479],[110.75,21.377],[110.566,21.231],[110.239,21.281],[110.077,20.867],[110.434,20.436],[110.271,20.315],[109.928,20.245],[109.603,20.879],[109.78,21.483],[109.516,21.597],[109.322,21.431],[109.117,21.399],[108.813,21.494],[108.555,21.823],[108.467,21.785],[108.387,21.531],[108.266,21.473],[107.876,21.462],[107.098,21.649],[106.673,21.926],[106.551,22.091],[106.507,22.325],[106.72,22.663],[106.695,22.834],[106.588,22.929],[105.941,22.931],[105.594,23.037],[105.313,23.296],[104.478,22.783],[103.397,22.707],[102.985,22.47],[102.57,22.69],[102.417,22.695],[101.662,22.392],[101.554,22.284],[100.387,22.456],[99.484,23.021],[99.469,23.141],[98.985,23.151],[98.894,23.297]]]]}},{"type":"Feature","properties":{"NAME":null,"ABBREVN":null,"wikipedia":null,"SUBJECTO":null,"BORDERPRECISION":1,"PARTOF":null},"geometry":{"type":"MultiPolygon","coordinates":[[[[52.611,72.74],[53.502,73.137],[55.816,73.307],[56.509,73.174],[56.272,72.857],[55.623,72.651],[55.518,72.478],[55.52,72.11],[55.721,71.642],[56.151,71.271],[57.251,70.818],[57.238,70.691],[55.679,70.707],[54.998,70.522],[54.694,70.744],[53.729,70.765],[53.715,70.927],[54.321,71.09],[54.353,71.198],[53.234,71.514],[52.55,71.59],[52.121,71.465],[51.815,71.48],[51.534,71.658],[51.482,71.845],[51.585,71.985],[51.76,72.079],[52.351,72.041],[52.584,72.128],[53.089,72.473],[53.198,72.631],[52.611,72.74]]]]}},{"type":"Feature","properties":{"NAME":"central Asian khanates","ABBREVN":"central Asian khanates","wikipedia":null,"SUBJECTO":"central Asian khanates","BORDERPRECISION":1,"PARTOF":"central Asian khanates"},"geometry":{"type":"MultiPolygon","coordinates":[[[[55.425,73.553],[54.664,73.472],[54.018,73.734],[54.894,74.063],[55.885,74.105],[55.946,74.265],[55.619,74.417],[55.965,74.603],[56.652,74.693],[56.303,74.871],[56.995,75.273],[57.226,75.331],[57.729,75.291],[58.17,75.532],[59.018,75.799],[60.043,75.918],[60.617,75.894],[60.949,75.961],[61.303,76.238],[61.819,76.289],[62.593,76.165],[65.926,76.507],[66.442,76.83],[68.457,76.927],[68.867,76.766],[68.937,76.606],[68.571,76.394],[67.722,76.175],[60.463,75.156],[60.334,75.033],[60.623,74.935],[60.009,74.675],[58.851,74.689],[58.656,74.608],[58.603,74.504],[58.882,74.391],[58.733,74.287],[58.191,74.085],[57.671,74.188],[57.405,74.052],[57.799,73.924],[57.823,73.781],[56.96,73.357],[56.265,73.515],[55.425,73.553]]]]}},{"type":"Feature","properties":{"NAME":"Saylan","ABBREVN":"Saylan","wikipedia":null,"SUBJECTO":"Saylan","BORDERPRECISION":1,"PARTOF":"Saylan"},"geometry":{"type":"MultiPolygon","coordinates":[[[[80.563,5.932],[80.222,6.058],[79.854,7.061],[79.832,8.103],[79.724,8.417],[79.809,8.647],[79.675,8.805],[79.706,8.931],[79.896,8.92],[80.053,9.114],[80.178,9.445],[80.11,9.687],[80.662,9.299],[81.093,8.627],[81.06,8.411],[81.326,8.259],[81.866,7.085],[81.779,6.754],[81.434,6.27],[81.203,6.079],[80.563,5.932]]]]}},{"type":"Feature","properties":{"NAME":"Aceh","ABBREVN":"Aceh","wikipedia":null,"SUBJECTO":"Aceh","BORDERPRECISION":1,"PARTOF":"Aceh"},"geometry":{"type":"MultiPolygon","coordinates":[[[[96.118,3.951],[95.561,4.534],[95.308,4.96],[95.191,5.41],[95.283,5.55],[95.628,5.526],[96.025,5.215],[96.602,5.077],[96.544,4.472],[96.118,3.951]]]]}},{"type":"Feature","properties":{"NAME":"Malacca","ABBREVN":"Malacca","wikipedia":null,"SUBJECTO":"Malacca","BORDERPRECISION":1,"PARTOF":"Malacca"},"geometry":{"type":"MultiPolygon","coordinates":[[[[103.714,-0.017],[103.238,-0.659],[103.311,-0.818],[101.759,-1.288],[101.136,-1.366],[100.202,0.892],[98.646,2.76],[98.49,3.227],[98.625,3.658],[99.796,2.981],[99.863,2.568],[100.121,2.543],[100.732,1.871],[100.854,1.877],[100.832,2.176],[101.06,2.081],[101.276,1.719],[101.474,1.548],[101.868,1.435],[102.278,0.743],[102.472,0.623],[103.24,0.459],[103.714,-0.017]]],[[[103.334,3.394],[103.351,2.804],[103.83,2.17],[104.176,1.389],[103.349,1.412],[102.717,1.881],[101.893,2.337],[101.336,2.781],[101.264,3.225],[101.837,3.46],[103.334,3.394]]],[[[108.999,0.198],[108.841,0.331],[108.814,0.808],[109.282,1.883],[109.554,1.801],[109.723,1.617],[110.289,1.516],[110.818,1.244],[110.549,0.726],[110.348,0.852],[109.932,0.191],[108.999,0.198]]]]}},{"type":"Feature","properties":{"NAME":"Scotland","ABBREVN":"Scotland","wikipedia":null,"SUBJECTO":"Scotland","BORDERPRECISION":1,"PARTOF":"Scotland"},"geometry":{"type":"MultiPolygon","coordinates":[[[[-1.95,55.562],[-2.125,55.522],[-2.118,55.284],[-3.188,54.849],[-3.577,54.924],[-4.122,54.762],[-4.461,54.862],[-4.6,54.688],[-5.111,54.794],[-5.067,54.948],[-4.638,55.428],[-4.908,55.664],[-4.895,55.772],[-4.623,55.908],[-4.711,56.131],[-5.57,55.751],[-5.633,55.94],[-5.271,56.544],[-5.547,56.652],[-5.822,56.4],[-6.044,56.475],[-5.909,56.733],[-5.625,56.999],[-5.726,57.258],[-5.461,57.388],[-5.763,57.62],[-5.568,57.777],[-5.056,57.751],[-5.346,58.093],[-4.907,58.169],[-5.113,58.395],[-4.926,58.567],[-4.51,58.403],[-3.165,58.522],[-3.028,58.406],[-3.166,58.275],[-3.943,57.958],[-4.15,57.835],[-4.249,57.636],[-4.148,57.555],[-3.796,57.542],[-2.15,57.572],[-1.945,57.402],[-2.203,57.065],[-2.159,57.014],[-2.667,56.471],[-3.152,56.337],[-2.721,56.178],[-3.294,55.974],[-3.895,55.985],[-3.713,55.885],[-3.356,55.843],[-2.742,55.957],[-2.245,55.811],[-1.95,55.562]]]]}},{"type":"Feature","properties":{"NAME":"England and Ireland","ABBREVN":"England and Ireland","wikipedia":null,"SUBJECTO":"England and Ireland","BORDERPRECISION":1,"PARTOF":"England and Ireland"},"geometry":{"type":"MultiPolygon","coordinates":[[[[-5.698,55.331],[-5.756,55.477],[-5.689,55.628],[-5.518,55.668],[-5.482,55.443],[-5.698,55.331]]]]}},{"type":"Feature","properties":{"NAME":"Habsburg Netherlands","ABBREVN":"Habsburg Netherlands","wikipedia":null,"SUBJECTO":"Habsburg Netherlands","BORDERPRECISION":1,"PARTOF":"Habsburg Netherlands"},"geometry":{"type":"MultiPolygon","coordinates":[[[[5.541,52.248],[5.946,51.504],[6.161,49.932],[5.699,49.391],[5.361,49.697],[4.255,49.887],[3.82,50.039],[3.483,49.92],[2.907,49.943],[2.677,50.151],[2.401,50.197],[2.148,50.059],[1.987,50.082],[1.987,50.22],[1.826,50.243],[1.796,50.921],[2.443,51.048],[2.995,51.313],[3.681,51.321],[3.775,51.388],[3.743,51.46],[3.52,51.579],[4.264,52.071],[4.719,52.802],[5.008,52.856],[5.235,52.623],[5.108,52.532],[5.006,52.557],[5.036,52.334],[4.95,52.278],[5.473,52.177],[5.541,52.248]]]]}},{"type":"Feature","properties":{"NAME":"England and Ireland","ABBREVN":"England and Ireland","wikipedia":null,"SUBJECTO":"England and Ireland","BORDERPRECISION":1,"PARTOF":"England and Ireland"},"geometry":{"type":"MultiPolygon","coordinates":[[[[-7.428,55.064],[-6.645,55.206],[-6.117,55.16],[-5.785,54.737],[-5.8,54.523],[-5.662,54.322],[-5.731,54.175],[-5.912,54.027],[-6.443,53.899],[-6.172,53.439],[-6.043,52.893],[-6.406,52.214],[-6.894,52.207],[-6.962,52.111],[-7.751,52.033],[-8.565,51.615],[-9.819,51.435],[-9.835,51.803],[-10.217,51.758],[-10.294,51.978],[-9.964,52.092],[-10.497,52.102],[-10.469,52.207],[-9.891,52.194],[-9.802,52.241],[-9.736,52.48],[-9.193,52.554],[-9.134,52.681],[-9.616,52.637],[-9.442,52.833],[-9.526,52.905],[-9.309,53.115],[-8.924,53.161],[-9.002,53.3],[-9.158,53.221],[-9.617,53.346],[-9.885,53.297],[-10.16,53.374],[-10.021,53.512],[-10.151,53.576],[-9.81,53.632],[-9.872,53.768],[-9.696,53.873],[-9.913,53.97],[-10.179,53.912],[-10.16,54.133],[-9.892,54.326],[-8.59,54.203],[-8.687,54.364],[-8.301,54.489],[-8.211,54.634],[-8.829,54.634],[-8.504,54.75],[-8.345,55.095],[-7.756,55.253],[-7.657,55.117],[-7.428,55.064]]],[[[-3.188,54.849],[-2.118,55.284],[-2.125,55.522],[-1.95,55.562],[-1.719,55.454],[-1.556,54.922],[-1.389,54.68],[-0.871,54.547],[-0.296,54.033],[-0.235,53.799],[-0.319,53.579],[0.081,53.386],[0.268,53.127],[0.006,52.787],[0.327,52.707],[0.505,52.848],[1.013,52.888],[1.376,52.809],[1.586,52.65],[1.692,52.311],[1.512,52.026],[1.031,51.813],[0.686,51.56],[0.254,51.454],[1.365,51.353],[1.335,51.121],[0.886,50.982],[0.888,50.893],[0.673,50.931],[0.192,50.731],[-0.336,50.817],[-0.839,50.722],[-1.103,50.817],[-2.085,50.703],[-2.024,50.57],[-2.432,50.646],[-2.551,50.57],[-2.961,50.722],[-3.521,50.617],[-3.563,50.361],[-3.715,50.219],[-3.882,50.2],[-4.243,50.391],[-4.303,50.324],[-4.541,50.358],[-4.967,50.212],[-5.282,49.964],[-5.429,50.068],[-5.778,50.134],[-4.815,50.604],[-4.605,50.779],[-4.552,50.997],[-4.443,50.969],[-4.277,51.064],[-4.281,51.187],[-3.825,51.235],[-3.066,51.178],[-3.033,51.33],[-2.895,51.394],[-2.75,51.644],[-3.173,51.467],[-3.499,51.46],[-4.159,51.677],[-4.999,51.702],[-5.249,51.86],[-5.061,52.006],[-4.295,52.2],[-4.124,52.373],[-4.094,52.746],[-4.148,52.832],[-4.621,52.831],[-4.492,52.991],[-3.957,53.205],[-2.914,53.267],[-3.057,53.514],[-2.865,54.028],[-2.886,54.169],[-3.261,54.141],[-3.569,54.415],[-3.188,54.849]]]]}},{"type":"Feature","properties":{"NAME":"Prussia","ABBREVN":"Prussia","wikipedia":null,"SUBJECTO":"Prussia","BORDERPRECISION":1,"PARTOF":"Prussia"},"geometry":{"type":"MultiPolygon","coordinates":[[[[21.008,55.817],[21.962,55.033],[22.799,54.739],[22.392,54.038],[22.821,53.563],[20.333,52.975],[19.881,53.246],[18.795,53.314],[18.885,53.585],[18.342,53.97],[18.665,54.258],[19.255,54.277],[19.758,54.459],[19.232,54.222],[19.328,54.161],[20.327,54.564],[20.006,54.547],[19.938,54.608],[19.833,54.531],[19.943,54.85],[21.137,54.845],[21.192,54.96],[21.113,55.089],[21.224,55.111],[21.143,55.256],[21.216,55.344],[21.018,55.634],[21.008,55.817]]]]}},{"type":"Feature","properties":{"NAME":"Watassid Morocco","ABBREVN":"Morocco","wikipedia":null,"SUBJECTO":"Watassid Morocco","BORDERPRECISION":1,"PARTOF":"Watassid Morocco"},"geometry":{"type":"MultiPolygon","coordinates":[[[[-2.401,32.254],[-3.758,31.734],[-4.369,30.625],[-6.767,29.675],[-9.526,28.137],[-10.996,28.648],[-10.339,29.146],[-9.663,29.955],[-9.625,30.406],[-9.817,30.755],[-9.858,31.06],[-9.813,31.289],[-9.318,31.964],[-9.219,32.58],[-8.314,33.338],[-7.004,33.875],[-6.511,34.454],[-5.929,35.728],[-5.808,35.785],[-5.565,35.862],[-5.172,35.424],[-4.593,35.151],[-3.441,35.166],[-3.009,35.39],[-2.83,35.142],[-2.193,35.054],[-2.077,34.826],[-1.823,34.7],[-1.738,34.605],[-1.664,34.205],[-1.681,33.258],[-1.341,32.694],[-1.066,32.45],[-1.157,32.209],[-2.401,32.254]]]]}},{"type":"Feature","properties":{"NAME":null,"ABBREVN":null,"wikipedia":null,"SUBJECTO":null,"BORDERPRECISION":1,"PARTOF":null},"geometry":{"type":"MultiPolygon","coordinates":[[[[-1.066,32.45],[0.873,31.986],[6.269,31.873],[8.021,33.02],[8.771,33.189],[13.078,31.826],[13.877,31.059],[13.675,26.143],[9.457,25.184],[9.67,24.218],[15.145,25.097],[15.634,30.518],[17.581,30.343],[18.859,29.562],[19.97,29.723],[20.281,30.331],[21.197,31.077],[22.122,31.077],[22.429,31.265],[26.171,30.316],[29.426,22.664],[30.346,22.111],[29.466,20.766],[29.466,19.173],[30.691,16.845],[31.671,15.864],[31.426,13.291],[31.671,11.576],[33.142,11.576],[33.999,13.659],[33.632,15.742],[34.612,18.07],[33.877,19.663],[32.161,20.643],[31.617,21.295],[32.662,21.0],[35.251,21.369],[36.8,21.915],[36.903,21.729],[37.128,21.227],[37.165,20.764],[36.695,20.398],[35.96,19.418],[36.45,18.07],[37.431,17.702],[38.527,18.161],[38.642,18.061],[39.518,15.463],[39.796,15.089],[38.043,16.232],[36.083,16.109],[35.96,14.762],[36.462,8.547],[37.308,7.899],[39.073,7.492],[40.714,7.961],[41.808,8.586],[42.355,7.805],[43.605,7.336],[46.106,7.414],[48.373,8.742],[50.081,11.476],[50.697,11.948],[51.181,11.777],[51.247,11.657],[51.061,11.243],[51.13,10.71],[50.887,10.277],[50.779,9.368],[50.211,8.351],[49.832,7.994],[49.777,7.854],[49.823,7.695],[49.046,6.416],[48.95,5.99],[48.472,5.201],[47.556,3.993],[46.361,2.668],[45.541,1.967],[44.301,1.291],[42.786,1.32],[39.417,-1.375],[37.732,-4.575],[38.238,-9.292],[39.248,-11.145],[40.4,-11.23],[40.311,-11.345],[40.527,-12.584],[40.482,-12.844],[40.366,-12.991],[40.603,-13.531],[40.618,-14.484],[40.849,-14.579],[40.855,-14.699],[40.781,-14.922],[40.527,-15.183],[40.61,-15.355],[40.574,-15.482],[39.471,-16.717],[38.859,-17.055],[37.275,-17.713],[36.892,-18.0],[35.915,-19.032],[34.726,-19.86],[34.673,-20.515],[35.023,-20.813],[35.107,-20.984],[34.994,-21.271],[35.234,-22.204],[35.371,-22.28],[35.512,-22.185],[35.425,-23.456],[35.297,-23.825],[35.512,-23.939],[35.43,-24.225],[34.884,-24.722],[33.347,-25.304],[32.945,-25.54],[32.651,-25.839],[32.5,-26.068],[32.896,-26.372],[32.916,-26.518],[32.767,-27.517],[32.609,-27.898],[32.345,-28.026],[32.303,-28.134],[32.393,-28.375],[32.235,-28.744],[31.563,-29.21],[30.391,-30.814],[28.922,-32.298],[27.408,-33.426],[26.659,-33.847],[25.619,-33.919],[25.516,-34.174],[24.929,-34.079],[24.592,-34.36],[23.743,-34.076],[23.499,-34.07],[23.189,-34.242],[22.682,-34.103],[22.262,-34.168],[21.669,-34.506],[20.515,-34.533],[20.256,-34.623],[19.884,-34.992],[19.321,-34.733],[19.279,-34.504],[19.181,-34.422],[18.84,-34.435],[18.724,-34.219],[18.57,-34.194],[18.487,-34.398],[18.293,-34.246],[18.459,-33.832],[17.868,-32.994],[17.945,-32.918],[18.232,-32.898],[18.309,-32.708],[18.336,-32.339],[18.179,-31.805],[17.354,-30.422],[16.788,-29.139],[15.454,-27.616],[15.137,-26.829],[15.076,-26.607],[15.153,-26.333],[14.947,-26.01],[14.843,-25.622],[14.909,-25.018],[14.668,-24.421],[14.409,-23.253],[14.396,-23.075],[14.524,-22.941],[14.577,-22.731],[14.533,-22.496],[13.804,-21.443],[12.929,-19.742],[12.08,-18.491],[11.795,-17.844],[11.782,-15.868],[12.06,-15.594],[12.177,-15.276],[12.333,-14.316],[12.585,-13.464],[12.848,-13.164],[13.051,-12.751],[13.339,-12.649],[13.459,-12.502],[13.649,-12.197],[13.813,-11.656],[13.816,-10.976],[13.73,-10.544],[13.204,-9.637],[13.084,-9.287],[14.329,-9.368],[14.267,-8.939],[14.325,-8.234],[14.09,-7.706],[14.103,-7.376],[14.399,-7.198],[14.872,-7.376],[14.99,-7.198],[15.05,-6.015],[14.576,-4.772],[14.103,-4.949],[13.274,-5.778],[13.215,-6.133],[12.801,-5.956],[12.372,-6.258],[12.194,-5.775],[12.227,-5.362],[11.773,-4.537],[9.931,-2.711],[10.06,-2.571],[9.894,-2.444],[9.656,-2.419],[9.243,-1.772],[9.465,-1.593],[9.321,-1.416],[9.112,-1.353],[8.815,-0.896],[9.203,-0.634],[9.473,0.116],[9.883,0.079],[9.854,0.174],[9.35,0.535],[9.566,0.612],[9.644,0.955],[9.622,1.089],[9.37,1.171],[9.851,1.877],[9.894,2.138],[9.801,2.379],[9.923,2.824],[9.765,3.383],[9.586,3.675],[9.78,3.853],[9.651,4.018],[9.284,4.017],[9.032,4.138],[8.875,4.62],[8.328,4.841],[8.263,4.746],[8.299,4.555],[8.14,4.466],[7.449,4.407],[7.176,4.527],[7.046,4.508],[6.844,4.292],[6.089,4.328],[5.851,4.429],[5.607,4.632],[5.419,4.956],[5.333,5.248],[5.448,5.477],[5.383,5.61],[6.9,6.128],[7.365,6.94],[7.365,7.913],[6.879,8.643],[5.338,8.724],[4.643,9.812],[4.04,10.265],[2.823,10.184],[2.418,9.048],[3.369,8.058],[4.823,7.93],[3.949,6.579],[3.719,6.547],[3.611,6.413],[3.46,6.381],[1.558,6.237],[1.176,6.084],[0.552,8.237],[0.124,8.543],[0.198,8.738],[0.095,8.564],[-0.016,8.643],[-0.775,8.461],[-0.705,8.643],[-0.806,8.689],[-0.791,8.761],[-0.873,8.586],[-1.106,8.897],[-1.152,9.117],[-1.174,8.945],[-1.062,8.722],[-1.376,8.805],[-1.715,8.63],[-1.405,8.739],[-1.153,8.551],[-1.128,8.632],[-0.999,8.63],[-0.824,8.427],[-1.173,8.187],[-1.173,7.3],[-0.301,5.478],[-1.6,4.953],[-2.031,4.698],[-2.717,5.04],[-2.934,5.275],[-3.135,5.141],[-3.942,5.266],[-5.0,5.238],[-6.316,4.873],[-7.413,4.331],[-8.243,4.64],[-9.248,5.172],[-9.937,5.863],[-12.264,7.351],[-12.274,7.631],[-12.869,7.973],[-13.212,8.347],[-12.912,8.557],[-13.174,8.773],[-13.141,9.027],[-13.282,9.275],[-10.949,11.427],[-10.78,13.954],[-12.97,15.301],[-16.45,16.118],[-16.379,16.716],[-16.125,17.301],[-15.983,18.178],[-16.191,19.03],[-16.472,19.366],[-16.27,19.684],[-16.269,20.364],[-16.711,20.89],[-16.845,20.941],[-17.021,20.744],[-17.046,20.833],[-16.984,21.595],[-16.806,21.99],[-16.353,22.493],[-15.714,23.873],[-14.975,24.51],[-14.82,24.733],[-14.66,25.636],[-14.367,26.119],[-13.629,26.591],[-13.06,27.673],[-12.866,27.857],[-12.091,28.024],[-11.576,28.229],[-10.996,28.648],[-9.526,28.137],[-6.767,29.675],[-4.369,30.625],[-3.758,31.734],[-2.401,32.254],[-1.157,32.209],[-1.066,32.45]],[[7.183,11.049],[8.717,9.044],[9.424,9.044],[10.368,9.516],[10.84,10.577],[10.727,11.291],[9.248,13.287],[6.957,14.247],[3.779,13.656],[3.558,12.178],[4.666,11.513],[7.183,11.049]],[[11.909,11.069],[14.805,12.527],[14.993,12.097],[16.634,11.103],[20.206,12.047],[20.025,12.637],[22.629,13.215],[22.81,13.759],[22.327,15.329],[21.542,16.597],[20.515,16.476],[19.791,14.967],[19.368,13.397],[19.463,13.259],[17.158,13.472],[16.476,13.369],[16.895,13.579],[17.304,14.469],[17.009,15.504],[13.313,20.973],[12.057,20.973],[11.613,20.603],[11.392,15.504],[10.209,13.73],[10.727,11.291],[11.909,11.069]],[[30.903,-18.272],[31.494,-19.233],[31.347,-19.972],[30.46,-21.08],[30.238,-21.967],[31.051,-22.337],[32.234,-22.337],[32.899,-21.819],[34.081,-21.745],[34.525,-21.302],[34.303,-19.898],[34.746,-19.307],[34.746,-18.937],[32.677,-16.794],[31.716,-16.498],[30.755,-17.015],[30.903,-18.272]],[[-9.938,11.595],[-11.286,10.585],[-10.949,9.406],[-9.938,8.563],[-7.917,8.563],[-6.906,9.911],[-6.906,11.09],[-8.085,11.764],[-9.938,11.595]],[[7.781,16.584],[8.405,17.208],[8.155,18.208],[7.156,18.458],[6.531,17.958],[6.531,16.709],[7.781,16.584]],[[25.467,-10.395],[25.648,-9.972],[26.373,-10.274],[27.339,-9.61],[28.003,-9.791],[28.728,-9.731],[29.271,-9.187],[30.358,-9.248],[30.999,-8.767],[31.189,-8.73],[31.143,-8.451],[30.604,-7.542],[30.528,-6.923],[30.166,-6.483],[29.95,-6.498],[29.73,-6.092],[29.951,-5.861],[29.758,-5.467],[29.792,-5.041],[29.6,-4.896],[29.653,-4.42],[29.364,-3.856],[29.298,-3.355],[29.142,-3.408],[29.058,-4.286],[29.145,-4.335],[29.245,-4.065],[29.114,-4.714],[29.102,-5.054],[29.198,-5.316],[25.98,-5.142],[25.316,-6.531],[23.625,-6.772],[21.331,-6.712],[17.889,-7.376],[17.466,-8.161],[18.251,-11.12],[23.021,-10.818],[23.504,-10.335],[25.467,-10.395]],[[23.112,16.597],[22.689,15.329],[23.172,13.578],[24.32,12.793],[29.09,13.155],[29.996,14.242],[29.15,17.926],[27.46,18.167],[23.112,16.597]],[[2.745,12.474],[3.558,13.287],[3.41,14.1],[1.192,17.056],[-0.507,20.973],[-1.468,21.564],[-3.538,21.269],[-5.903,17.795],[-7.455,15.134],[-7.455,14.026],[-6.494,12.769],[-5.681,12.621],[-3.02,13.656],[-3.833,12.695],[-3.168,10.922],[-1.173,10.848],[0.084,11.735],[-0.064,13.287],[1.932,12.326],[2.745,12.474]],[[42.824,3.819],[42.822,4.591],[41.964,5.694],[40.557,6.163],[36.083,5.694],[36.45,2.63],[38.411,1.037],[42.332,1.773],[42.824,2.959],[42.824,3.819]],[[34.888,-13.717],[34.791,-12.643],[34.694,-12.422],[34.7,-12.2],[34.934,-11.871],[34.937,-11.463],[34.608,-11.08],[34.662,-10.71],[34.524,-10.03],[34.321,-9.732],[33.996,-9.495],[33.907,-9.802],[34.26,-10.448],[34.19,-10.59],[34.323,-11.653],[34.059,-12.049],[34.033,-12.209],[34.18,-12.425],[34.33,-12.945],[34.321,-13.379],[34.605,-13.669],[34.538,-13.985],[34.6,-14.159],[34.77,-14.254],[34.906,-14.021],[35.258,-14.403],[35.056,-13.743],[34.888,-13.717]],[[34.334,-0.337],[34.003,-0.024],[33.975,0.213],[33.745,0.208],[33.68,0.316],[33.483,0.218],[33.484,0.315],[33.332,0.369],[33.364,0.472],[33.187,0.428],[33.137,0.252],[32.958,0.108],[32.879,0.169],[32.671,0.117],[32.711,0.179],[32.647,0.253],[32.533,0.07],[32.413,0.089],[31.95,-0.132],[31.994,-0.321],[31.723,-0.79],[31.865,-1.092],[31.664,-1.932],[31.801,-2.791],[31.918,-2.674],[32.003,-2.757],[31.986,-2.547],[32.15,-2.525],[32.096,-2.394],[32.283,-2.282],[32.548,-2.508],[32.644,-2.439],[32.811,-2.515],[32.862,-2.757],[32.76,-2.985],[32.963,-2.849],[32.884,-2.664],[32.945,-2.421],[33.416,-2.531],[33.767,-2.238],[33.81,-2.157],[33.753,-2.111],[33.585,-2.168],[33.226,-2.096],[33.524,-1.996],[33.45,-1.915],[33.298,-1.922],[33.593,-1.761],[33.686,-1.488],[33.921,-1.514],[33.829,-1.363],[33.942,-1.34],[33.903,-1.247],[34.163,-0.879],[34.079,-0.579],[34.217,-0.442],[34.456,-0.495],[34.478,-0.353],[34.813,-0.276],[34.718,-0.092],[34.42,-0.196],[34.334,-0.337]],[[4.667,10.41],[4.68,10.585],[4.47,10.627],[4.4,10.375],[4.594,9.867],[4.659,9.885],[4.598,10.196],[4.667,10.41]]],[[[34.642,-12.014],[34.622,-12.067],[34.542,-12.019],[34.642,-12.014]]],[[[34.756,-12.059],[34.662,-12.101],[34.68,-12.009],[34.756,-12.059]]],[[[31.848,-2.454],[31.818,-2.192],[31.9,-2.284],[32.045,-2.243],[32.038,-2.351],[31.848,-2.454]]],[[[32.205,-0.397],[32.086,-0.231],[32.319,-0.338],[32.272,-0.472],[32.132,-0.525],[32.205,-0.397]]],[[[32.851,-2.061],[32.83,-1.938],[32.949,-1.902],[32.972,-1.973],[33.097,-1.965],[33.175,-2.159],[32.851,-2.061]]],[[[33.264,0.144],[33.184,0.15],[33.224,0.277],[33.388,0.272],[33.339,0.08],[33.264,0.144]]]]}},{"type":"Feature","properties":{"NAME":"Holy Roman Empire","ABBREVN":"Holy Roman E","wikipedia":null,"SUBJECTO":"Holy Roman Empire","BORDERPRECISION":1,"PARTOF":"Holy Roman Empire"},"geometry":{"type":"MultiPolygon","coordinates":[[[[14.07,53.918],[14.174,53.907],[14.205,53.813],[13.828,53.83],[13.778,54.044],[14.07,53.918]]],[[[9.432,42.794],[9.453,42.048],[9.173,41.35],[9.039,41.369],[9.013,41.458],[8.727,41.561],[8.823,41.688],[8.627,41.732],[8.742,41.882],[8.562,41.882],[8.538,41.948],[8.668,42.029],[8.511,42.134],[8.628,42.262],[8.5,42.36],[9.018,42.691],[9.238,42.664],[9.303,42.983],[9.367,42.988],[9.432,42.794]]],[[[14.473,53.877],[14.459,53.819],[14.248,53.816],[14.227,53.91],[14.473,53.877]]]]}},{"type":"Feature","properties":{"NAME":"Florence","ABBREVN":"Florence","wikipedia":null,"SUBJECTO":"Florence","BORDERPRECISION":1,"PARTOF":"Florence"},"geometry":{"type":"MultiPolygon","coordinates":[[[[9.705,44.46],[9.905,44.571],[10.278,44.401],[10.506,45.365],[10.824,45.353],[10.856,45.051],[11.17,45.067],[11.339,44.855],[11.173,44.606],[11.289,44.456],[11.289,44.373],[11.14,44.34],[11.202,44.143],[11.455,44.274],[11.555,44.191],[11.704,44.224],[11.738,44.357],[11.904,44.324],[11.937,44.091],[12.086,44.174],[12.037,43.925],[12.086,43.842],[12.219,43.892],[12.12,43.743],[12.12,43.477],[12.302,43.278],[12.153,43.062],[12.169,42.63],[12.053,42.53],[12.07,42.298],[11.96,42.007],[10.743,42.851],[10.292,43.705],[9.979,44.047],[10.069,44.249],[9.705,44.46]]]]}},{"type":"Feature","properties":{"NAME":"Genoa","ABBREVN":"Genoa","wikipedia":null,"SUBJECTO":"Genoa","BORDERPRECISION":1,"PARTOF":"Genoa"},"geometry":{"type":"MultiPolygon","coordinates":[[[[7.832,43.925],[7.468,43.811],[7.467,43.92],[7.634,44.036],[7.673,43.981],[7.705,44.062],[7.643,44.413],[8.242,44.605],[8.223,44.674],[9.192,44.758],[10.069,44.249],[9.979,44.047],[9.692,44.22],[9.157,44.373],[8.672,44.417],[7.832,43.925]]]]}},{"type":"Feature","properties":{"NAME":"Navaho","ABBREVN":"Navaho","wikipedia":null,"SUBJECTO":"Navaho","BORDERPRECISION":1,"PARTOF":"Navaho"},"geometry":{"type":"MultiPolygon","coordinates":[[[[-108.798,36.785],[-108.032,36.612],[-107.381,36.916],[-106.455,37.191],[-104.632,36.974],[-105.269,36.453],[-106.064,36.323],[-106.692,35.977],[-107.048,35.599],[-106.99,35.368],[-107.245,35.113],[-108.883,35.37],[-109.082,35.299],[-109.377,35.05],[-109.457,34.875],[-109.349,34.719],[-109.276,33.849],[-110.013,34.456],[-110.867,34.731],[-111.185,35.455],[-110.39,35.165],[-109.883,35.585],[-110.462,36.236],[-110.317,37.335],[-109.869,37.089],[-109.334,37.191],[-108.798,36.785]]]]}},{"type":"Feature","properties":{"NAME":"Shawnee","ABBREVN":"Shawnee","wikipedia":null,"SUBJECTO":"Shawnee","BORDERPRECISION":1,"PARTOF":"Shawnee"},"geometry":{"type":"MultiPolygon","coordinates":[[[[-88.037,37.528],[-87.778,38.364],[-87.55,38.699],[-86.076,39.201],[-84.692,39.246],[-83.096,38.957],[-82.062,38.334],[-81.849,37.543],[-81.88,37.346],[-85.24,35.689],[-86.669,35.096],[-87.687,35.795],[-87.961,36.874],[-88.326,37.011],[-88.432,37.376],[-88.037,37.528]]]]}},{"type":"Feature","properties":{"NAME":"Chtimacha","ABBREVN":"Chtimacha","wikipedia":null,"SUBJECTO":"Chtimacha","BORDERPRECISION":1,"PARTOF":"Chtimacha"},"geometry":{"type":"MultiPolygon","coordinates":[[[[-91.981,30.233],[-91.184,29.856],[-90.372,29.856],[-89.523,29.976],[-89.38,29.873],[-89.686,29.706],[-89.677,29.591],[-89.559,29.433],[-89.292,29.367],[-89.032,29.119],[-89.498,29.096],[-89.622,29.284],[-89.978,29.406],[-90.0,29.501],[-90.0,29.109],[-91.24,29.321],[-91.429,29.543],[-92.017,29.825],[-91.981,30.233]]]]}},{"type":"Feature","properties":{"NAME":"Delaware","ABBREVN":"Delaware","wikipedia":null,"SUBJECTO":"Delaware","BORDERPRECISION":1,"PARTOF":"Delaware"},"geometry":{"type":"MultiPolygon","coordinates":[[[[-75.826,40.68],[-75.716,41.481],[-75.296,42.177],[-75.091,42.447],[-74.604,42.644],[-74.23,42.327],[-74.039,41.706],[-73.743,41.501],[-73.784,40.882],[-74.007,40.799],[-73.858,41.186],[-74.074,40.727],[-74.293,40.632],[-74.195,40.489],[-73.946,40.447],[-74.153,39.765],[-74.289,39.572],[-74.406,39.614],[-74.414,39.418],[-74.86,38.99],[-74.969,39.032],[-74.889,39.171],[-74.94,39.251],[-75.133,39.246],[-75.401,39.424],[-75.549,39.667],[-75.339,39.893],[-75.624,39.673],[-75.404,39.293],[-75.389,39.133],[-75.215,38.871],[-75.089,38.842],[-75.048,38.538],[-75.266,38.534],[-75.653,38.772],[-75.798,39.405],[-76.006,39.462],[-75.826,40.68]]]]}},{"type":"Feature","properties":{"NAME":"Comanche","ABBREVN":"Comanche","wikipedia":null,"SUBJECTO":"Comanche","BORDERPRECISION":1,"PARTOF":"Comanche"},"geometry":{"type":"MultiPolygon","coordinates":[[[[-98.423,29.694],[-100.106,31.04],[-103.367,32.386],[-103.619,32.786],[-103.829,34.216],[-104.355,34.89],[-104.167,35.39],[-103.303,35.92],[-101.684,37.624],[-101.266,35.946],[-100.548,34.763],[-99.685,33.943],[-99.454,32.239],[-98.398,31.383],[-97.479,31.104],[-97.435,30.956],[-97.75,30.22],[-98.423,29.694]]]]}},{"type":"Feature","properties":{"NAME":"Pawnee","ABBREVN":"Pawnee","wikipedia":null,"SUBJECTO":"Pawnee","BORDERPRECISION":1,"PARTOF":"Pawnee"},"geometry":{"type":"MultiPolygon","coordinates":[[[[-101.37,42.253],[-101.056,42.417],[-100.856,42.762],[-99.837,42.681],[-98.253,42.308],[-97.926,42.035],[-97.534,42.008],[-97.198,41.362],[-96.715,41.189],[-97.079,40.115],[-97.607,39.314],[-97.807,38.777],[-98.635,38.832],[-99.518,38.768],[-99.846,39.814],[-100.201,40.47],[-100.71,41.016],[-101.267,41.141],[-101.393,41.716],[-101.593,41.989],[-101.37,42.253]]]]}},{"type":"Feature","properties":{"NAME":"Cheyenne","ABBREVN":"Cheyenne","wikipedia":null,"SUBJECTO":"Cheyenne","BORDERPRECISION":1,"PARTOF":"Cheyenne"},"geometry":{"type":"MultiPolygon","coordinates":[[[[-102.755,44.896],[-102.313,44.485],[-102.229,44.165],[-102.884,43.266],[-102.953,42.985],[-103.479,42.611],[-104.164,41.971],[-104.834,42.238],[-105.429,42.901],[-105.977,43.312],[-105.436,43.754],[-104.903,44.714],[-104.553,45.072],[-104.225,45.239],[-103.699,45.3],[-103.22,45.194],[-102.755,44.896]]]]}},{"type":"Feature","properties":{"NAME":"Alabama","ABBREVN":"Alabama","wikipedia":null,"SUBJECTO":"Alabama","BORDERPRECISION":1,"PARTOF":"Alabama"},"geometry":{"type":"MultiPolygon","coordinates":[[[[-85.644,32.402],[-85.668,32.114],[-85.824,31.864],[-87.322,31.867],[-87.154,32.418],[-87.162,32.953],[-86.107,32.913],[-85.668,32.762],[-85.644,32.402]]]]}},{"type":"Feature","properties":{"NAME":"Tunica","ABBREVN":"Tunica","wikipedia":null,"SUBJECTO":"Tunica","BORDERPRECISION":1,"PARTOF":"Tunica"},"geometry":{"type":"MultiPolygon","coordinates":[[[[-89.949,32.982],[-89.974,32.572],[-90.396,32.51],[-90.409,32.05],[-91.626,31.939],[-91.626,32.957],[-89.949,32.982]]]]}},{"type":"Feature","properties":{"NAME":"Apalachee","ABBREVN":"Apalachee","wikipedia":null,"SUBJECTO":"Apalachee","BORDERPRECISION":1,"PARTOF":"Apalachee"},"geometry":{"type":"MultiPolygon","coordinates":[[[[-83.736,30.375],[-83.847,30.012],[-84.124,30.124],[-84.317,30.092],[-84.764,29.799],[-85.305,29.664],[-85.064,30.344],[-83.736,30.375]]]]}},{"type":"Feature","properties":{"NAME":"Crow","ABBREVN":"Crow","wikipedia":null,"SUBJECTO":"Crow","BORDERPRECISION":1,"PARTOF":"Crow"},"geometry":{"type":"MultiPolygon","coordinates":[[[[-103.995,47.636],[-104.537,47.134],[-104.698,46.17],[-104.349,45.21],[-105.116,44.432],[-105.436,43.754],[-105.977,43.312],[-107.18,43.958],[-107.75,44.042],[-109.026,44.49],[-110.279,44.748],[-110.963,45.067],[-111.549,45.507],[-110.162,46.792],[-107.812,47.194],[-106.285,47.918],[-103.995,47.636]]],[[[-107.383,43.988],[-107.454,43.998],[-107.309,43.977],[-107.383,43.988]]]]}},{"type":"Feature","properties":{"NAME":"Wichita","ABBREVN":"Wichita","wikipedia":null,"SUBJECTO":"Wichita","BORDERPRECISION":1,"PARTOF":"Wichita"},"geometry":{"type":"MultiPolygon","coordinates":[[[[-96.002,35.194],[-95.454,35.132],[-95.351,34.048],[-95.392,33.614],[-96.146,33.325],[-96.828,32.354],[-96.952,31.941],[-97.479,31.104],[-98.398,31.383],[-99.454,32.239],[-99.685,33.943],[-99.451,34.771],[-98.955,34.998],[-96.776,34.874],[-96.002,35.194]]]]}},{"type":"Feature","properties":{"NAME":"Illinnois","ABBREVN":"Illinnois","wikipedia":null,"SUBJECTO":"Illinnois","BORDERPRECISION":1,"PARTOF":"Illinnois"},"geometry":{"type":"MultiPolygon","coordinates":[[[[-88.037,37.528],[-88.432,37.376],[-88.371,37.087],[-88.855,37.139],[-89.092,36.947],[-90.809,37.169],[-90.528,37.939],[-91.624,38.457],[-91.786,39.286],[-92.216,40.085],[-92.837,40.307],[-92.038,40.87],[-91.327,41.536],[-91.368,42.108],[-92.453,42.691],[-91.816,43.12],[-91.135,43.934],[-89.832,42.676],[-88.826,42.942],[-87.791,42.829],[-87.783,42.204],[-87.554,41.766],[-87.375,41.625],[-87.745,40.337],[-87.778,38.364],[-88.037,37.528]]]]}},{"type":"Feature","properties":{"NAME":"Ninticoy","ABBREVN":"Ninticoy","wikipedia":null,"SUBJECTO":"Ninticoy","BORDERPRECISION":1,"PARTOF":"Ninticoy"},"geometry":{"type":"MultiPolygon","coordinates":[[[[-75.858,39.436],[-75.653,38.772],[-75.266,38.534],[-75.042,38.497],[-75.431,37.993],[-75.593,37.61],[-75.652,37.551],[-75.7,37.607],[-75.857,37.225],[-75.958,37.207],[-76.02,37.326],[-75.866,37.714],[-75.64,38.005],[-75.85,37.978],[-75.748,38.15],[-75.926,38.174],[-75.92,38.26],[-75.811,38.278],[-75.846,38.426],[-76.044,38.293],[-76.223,38.361],[-76.326,38.539],[-76.008,38.667],[-76.279,38.809],[-76.353,38.735],[-76.305,38.88],[-76.112,38.845],[-76.156,38.946],[-76.344,39.026],[-76.15,39.067],[-76.063,39.195],[-76.26,39.201],[-76.151,39.367],[-75.858,39.436]]]]}},{"type":"Feature","properties":{"NAME":"Wappynger","ABBREVN":"Wappynger","wikipedia":null,"SUBJECTO":"Wappynger","BORDERPRECISION":1,"PARTOF":"Wappynger"},"geometry":{"type":"MultiPolygon","coordinates":[[[[-73.743,41.501],[-73.414,41.653],[-73.169,41.871],[-73.082,42.177],[-72.487,41.91],[-72.547,41.67],[-72.427,41.334],[-73.386,41.139],[-73.741,40.977],[-73.784,40.882],[-73.743,41.501]]]]}},{"type":"Feature","properties":{"NAME":"Mahicacn","ABBREVN":"Mahicacn","wikipedia":null,"SUBJECTO":"Mahicacn","BORDERPRECISION":1,"PARTOF":"Mahicacn"},"geometry":{"type":"MultiPolygon","coordinates":[[[[-73.311,43.813],[-73.108,44.656],[-72.4,44.391],[-72.714,43.942],[-72.659,43.696],[-72.517,43.579],[-73.046,42.625],[-73.169,41.871],[-73.414,41.653],[-73.743,41.501],[-74.039,41.706],[-74.23,42.327],[-74.604,42.644],[-73.662,43.271],[-73.311,43.813]]]]}},{"type":"Feature","properties":{"NAME":"Pocumtuk","ABBREVN":"Pocumtuk","wikipedia":null,"SUBJECTO":"Pocumtuk","BORDERPRECISION":1,"PARTOF":"Pocumtuk"},"geometry":{"type":"MultiPolygon","coordinates":[[[[-72.209,43.284],[-71.994,42.631],[-72.487,41.91],[-73.082,42.177],[-73.046,42.625],[-72.517,43.579],[-72.209,43.284]]]]}},{"type":"Feature","properties":{"NAME":"Abnaki","ABBREVN":"Abnaki","wikipedia":null,"SUBJECTO":"Abnaki","BORDERPRECISION":1,"PARTOF":"Abnaki"},"geometry":{"type":"MultiPolygon","coordinates":[[[[-71.234,45.327],[-70.621,45.577],[-70.337,46.215],[-69.224,47.466],[-69.069,47.388],[-69.069,47.216],[-68.258,47.328],[-67.844,47.06],[-67.905,45.672],[-67.499,45.603],[-67.568,45.284],[-67.087,44.969],[-67.15,44.903],[-66.939,44.879],[-67.169,44.711],[-67.532,44.723],[-67.6,44.579],[-67.738,44.663],[-68.052,44.411],[-68.131,44.567],[-68.467,44.441],[-68.558,44.483],[-68.504,44.297],[-68.804,44.393],[-68.715,44.609],[-68.782,44.627],[-69.249,43.991],[-69.395,44.093],[-69.507,43.896],[-69.662,43.931],[-69.608,44.069],[-69.754,43.955],[-69.68,43.884],[-69.826,43.752],[-69.969,43.812],[-69.922,43.913],[-70.216,43.8],[-70.187,43.638],[-70.306,43.62],[-70.378,43.452],[-70.536,43.404],[-71.199,44.499],[-71.234,45.327]]]]}},{"type":"Feature","properties":{"NAME":"Masachuset","ABBREVN":"Masachuset","wikipedia":null,"SUBJECTO":"Masachuset","BORDERPRECISION":1,"PARTOF":"Masachuset"},"geometry":{"type":"MultiPolygon","coordinates":[[[[-71.736,41.951],[-71.269,42.583],[-70.893,42.526],[-71.054,42.357],[-70.776,42.303],[-70.534,42.019],[-71.736,41.951]]]]}},{"type":"Feature","properties":{"NAME":"Susquehanna","ABBREVN":"Susquehanna","wikipedia":null,"SUBJECTO":"Susquehanna","BORDERPRECISION":1,"PARTOF":"Susquehanna"},"geometry":{"type":"MultiPolygon","coordinates":[[[[-76.342,39.448],[-77.799,39.937],[-78.79,40.66],[-78.134,42.403],[-77.279,42.242],[-76.019,42.188],[-75.366,42.061],[-75.716,41.481],[-75.94,39.646],[-76.066,39.605],[-76.06,39.51],[-76.201,39.424],[-76.259,39.501],[-76.272,39.361],[-76.342,39.448]]]]}},{"type":"Feature","properties":{"NAME":"Arapaho","ABBREVN":"Arapaho","wikipedia":null,"SUBJECTO":"Arapaho","BORDERPRECISION":1,"PARTOF":"Arapaho"},"geometry":{"type":"MultiPolygon","coordinates":[[[[-106.526,42.122],[-106.823,43.715],[-105.977,43.312],[-105.429,42.901],[-104.834,42.238],[-103.197,41.607],[-100.71,41.016],[-100.201,40.47],[-99.846,39.814],[-99.518,38.768],[-99.562,38.535],[-100.189,38.39],[-101.684,37.624],[-102.875,36.38],[-102.875,37.602],[-104.162,37.779],[-104.258,39.822],[-105.255,41.028],[-106.526,42.122]]]]}},{"type":"Feature","properties":{"NAME":"Kiowa","ABBREVN":"Kiowa","wikipedia":null,"SUBJECTO":"Kiowa","BORDERPRECISION":1,"PARTOF":"Kiowa"},"geometry":{"type":"MultiPolygon","coordinates":[[[[-96.586,37.248],[-96.747,36.686],[-97.406,35.576],[-97.51,34.884],[-98.955,34.998],[-99.451,34.771],[-99.685,33.943],[-100.548,34.763],[-101.266,35.946],[-101.684,37.624],[-100.189,38.39],[-99.562,38.535],[-99.518,38.768],[-98.635,38.832],[-97.807,38.777],[-97.052,38.214],[-96.586,37.248]]]]}},{"type":"Feature","properties":{"NAME":"Tonkawa","ABBREVN":"Tonkawa","wikipedia":null,"SUBJECTO":"Tonkawa","BORDERPRECISION":1,"PARTOF":"Tonkawa"},"geometry":{"type":"MultiPolygon","coordinates":[[[[-96.146,33.325],[-95.392,33.614],[-95.002,33.425],[-94.518,32.508],[-95.226,32.275],[-95.527,32.008],[-95.561,31.67],[-95.468,31.216],[-96.212,31.165],[-95.972,30.84],[-95.776,30.002],[-95.821,29.645],[-97.399,28.848],[-97.527,28.682],[-98.423,29.694],[-97.75,30.22],[-97.303,31.455],[-96.952,31.941],[-96.828,32.354],[-96.146,33.325]]]]}},{"type":"Feature","properties":{"NAME":"Hopie","ABBREVN":"Hopie","wikipedia":null,"SUBJECTO":"Hopie","BORDERPRECISION":1,"PARTOF":"Hopie"},"geometry":{"type":"MultiPolygon","coordinates":[[[[-111.185,35.455],[-110.995,36.01],[-110.462,36.236],[-109.883,35.585],[-110.39,35.165],[-111.185,35.455]]]]}},{"type":"Feature","properties":{"NAME":"Yavapai","ABBREVN":"Yavapai","wikipedia":null,"SUBJECTO":"Yavapai","BORDERPRECISION":1,"PARTOF":"Yavapai"},"geometry":{"type":"MultiPolygon","coordinates":[[[[-113.941,34.352],[-114.17,34.844],[-113.588,34.582],[-113.153,34.721],[-112.825,35.156],[-111.873,35.132],[-111.947,34.73],[-111.807,34.418],[-111.397,34.385],[-111.208,33.556],[-112.718,33.384],[-112.726,33.146],[-113.809,32.941],[-114.334,33.187],[-113.941,34.352]]]]}},{"type":"Feature","properties":{"NAME":"Serano","ABBREVN":"Serano","wikipedia":null,"SUBJECTO":"Serano","BORDERPRECISION":1,"PARTOF":"Serano"},"geometry":{"type":"MultiPolygon","coordinates":[[[[-116.456,35.195],[-116.213,34.711],[-115.493,34.593],[-115.236,34.012],[-116.882,34.159],[-117.933,34.622],[-118.734,34.593],[-119.042,35.218],[-118.403,35.46],[-117.507,35.115],[-116.581,35.754],[-116.133,35.46],[-116.456,35.195]]]]}},{"type":"Feature","properties":{"NAME":"Riro","ABBREVN":"Riro","wikipedia":null,"SUBJECTO":"Riro","BORDERPRECISION":1,"PARTOF":"Riro"},"geometry":{"type":"MultiPolygon","coordinates":[[[[-106.503,34.545],[-106.064,34.485],[-106.587,33.98],[-106.989,33.253],[-107.32,33.163],[-107.374,33.506],[-107.079,34.449],[-106.904,34.603],[-106.845,34.773],[-106.503,34.545]]]]}},{"type":"Feature","properties":{"NAME":"Arikara","ABBREVN":"Arikara","wikipedia":null,"SUBJECTO":"Arikara","BORDERPRECISION":1,"PARTOF":"Arikara"},"geometry":{"type":"MultiPolygon","coordinates":[[[[-100.212,46.354],[-99.979,44.788],[-101.143,44.715],[-100.999,45.551],[-101.272,46.346],[-100.212,46.354]]]]}},{"type":"Feature","properties":{"NAME":"Miwok","ABBREVN":"Miwok","wikipedia":null,"SUBJECTO":"Miwok","BORDERPRECISION":1,"PARTOF":"Miwok"},"geometry":{"type":"MultiPolygon","coordinates":[[[[-121.936,38.179],[-121.546,38.37],[-121.512,38.698],[-121.307,38.703],[-120.97,38.886],[-120.117,38.878],[-119.502,38.366],[-119.34,38.003],[-119.612,37.639],[-119.702,37.618],[-119.818,37.363],[-120.782,38.225],[-121.823,37.879],[-121.936,38.179]]]]}},{"type":"Feature","properties":{"NAME":"Yankton","ABBREVN":"Yankton","wikipedia":null,"SUBJECTO":"Yankton","BORDERPRECISION":1,"PARTOF":"Yankton"},"geometry":{"type":"MultiPolygon","coordinates":[[[[-97.272,42.903],[-97.967,42.718],[-99.449,43.992],[-99.889,44.2],[-99.82,44.525],[-97.283,44.397],[-95.813,44.513],[-94.585,44.212],[-94.666,43.784],[-93.994,43.251],[-94.026,42.629],[-94.109,42.427],[-94.657,42.094],[-95.753,41.97],[-96.098,41.937],[-96.345,42.475],[-97.272,42.903]]]]}},{"type":"Feature","properties":{"NAME":"Kwakwaka'wakw","ABBREVN":"Kwakwaka'wakw","wikipedia":"https://en.wikipedia.org/wiki/Kwakwaka%CA%BCwakw","SUBJECTO":"Kwakwaka'wakw","BORDERPRECISION":1,"PARTOF":"Kwakwaka'wakw"},"geometry":{"type":"MultiPolygon","coordinates":[[[[-125.46,49.168],[-125.645,49.056],[-125.967,49.174],[-125.892,49.377],[-126.112,49.527],[-126.563,49.572],[-126.665,49.69],[-126.522,49.822],[-126.961,50.057],[-127.385,50.05],[-128.343,50.668],[-128.433,50.827],[-127.848,50.861],[-126.957,50.592],[-125.719,50.409],[-125.267,50.054],[-124.881,49.576],[-123.861,49.158],[-123.593,48.635],[-123.719,48.477],[-124.493,48.6],[-125.196,48.874],[-124.999,49.169],[-125.46,49.168]]]]}},{"type":"Feature","properties":{"NAME":null,"ABBREVN":null,"wikipedia":null,"SUBJECTO":null,"BORDERPRECISION":1,"PARTOF":null},"geometry":{"type":"MultiPolygon","coordinates":[[[[-124.577,71.898],[-125.617,71.99],[-125.904,72.155],[-125.181,72.431],[-125.145,72.605],[-125.341,72.969],[-124.882,73.049],[-124.744,73.216],[-124.247,73.457],[-124.01,73.721],[-124.065,73.865],[-124.74,74.242],[-124.909,74.444],[-123.057,74.439],[-121.239,74.58],[-119.557,74.163],[-117.336,74.167],[-115.654,73.633],[-118.585,72.974],[-119.768,72.394],[-120.454,72.299],[-120.424,71.883],[-120.546,71.656],[-120.843,71.53],[-121.936,71.505],[-122.17,71.287],[-122.574,71.146],[-123.468,71.199],[-123.878,71.618],[-124.577,71.898]]]]}},{"type":"Feature","properties":{"NAME":null,"ABBREVN":null,"wikipedia":null,"SUBJECTO":null,"BORDERPRECISION":1,"PARTOF":null},"geometry":{"type":"MultiPolygon","coordinates":[[[[-87.053,63.752],[-86.061,64.141],[-86.243,64.542],[-86.195,64.73],[-85.558,65.864],[-85.058,65.609],[-85.198,65.376],[-84.842,65.202],[-84.605,65.181],[-84.424,65.392],[-84.122,65.341],[-83.085,64.865],[-82.11,64.644],[-81.831,64.407],[-81.872,63.991],[-80.953,63.978],[-80.179,63.722],[-80.696,63.5],[-82.001,63.633],[-82.198,63.69],[-82.731,64.075],[-83.426,64.174],[-83.517,64.052],[-83.439,63.787],[-83.496,63.744],[-84.087,63.672],[-84.655,63.314],[-85.157,63.185],[-85.463,63.206],[-85.432,63.598],[-85.601,63.748],[-87.101,63.545],[-87.053,63.752]]]]}},{"type":"Feature","properties":{"NAME":null,"ABBREVN":null,"wikipedia":null,"SUBJECTO":null,"BORDERPRECISION":1,"PARTOF":null},"geometry":{"type":"MultiPolygon","coordinates":[[[[-76.794,68.147],[-76.496,68.267],[-75.885,68.343],[-75.475,68.254],[-75.12,68.113],[-75.146,67.577],[-75.77,67.302],[-76.269,67.249],[-77.065,67.329],[-77.248,67.655],[-76.794,68.147]]]]}},{"type":"Feature","properties":{"NAME":null,"ABBREVN":null,"wikipedia":null,"SUBJECTO":null,"BORDERPRECISION":1,"PARTOF":null},"geometry":{"type":"MultiPolygon","coordinates":[[[[-98.878,68.885],[-99.365,68.974],[-99.171,69.125],[-98.304,69.391],[-98.253,69.694],[-98.115,69.801],[-97.742,69.832],[-96.182,69.297],[-96.007,69.041],[-95.515,68.809],[-96.213,68.537],[-96.473,68.514],[-98.878,68.885]]]]}},{"type":"Feature","properties":{"NAME":null,"ABBREVN":null,"wikipedia":null,"SUBJECTO":null,"BORDERPRECISION":1,"PARTOF":null},"geometry":{"type":"MultiPolygon","coordinates":[[[[-111.641,72.725],[-111.726,72.331],[-110.079,72.562],[-110.525,72.997],[-110.455,73.013],[-109.29,72.84],[-108.986,72.73],[-108.348,71.913],[-108.061,71.757],[-107.59,71.899],[-107.527,72.016],[-108.087,72.629],[-108.284,73.223],[-108.182,73.383],[-106.523,73.195],[-105.609,72.871],[-105.313,72.65],[-105.24,72.335],[-105.01,72.045],[-104.467,71.655],[-104.445,71.569],[-104.675,71.187],[-104.595,71.048],[-103.634,70.625],[-102.436,70.465],[-101.511,70.206],[-101.055,70.031],[-100.891,69.674],[-101.449,69.665],[-102.24,69.876],[-102.787,69.708],[-103.361,69.639],[-103.268,69.329],[-102.198,69.482],[-101.804,69.241],[-101.808,69.136],[-102.54,68.908],[-104.188,68.898],[-105.93,69.234],[-106.375,69.482],[-106.592,69.497],[-106.854,69.451],[-107.035,69.284],[-107.536,69.057],[-108.646,69.002],[-109.209,68.813],[-110.448,68.653],[-113.152,68.596],[-113.602,68.722],[-113.629,68.933],[-113.54,68.978],[-113.539,69.114],[-113.717,69.204],[-116.296,69.426],[-116.656,69.516],[-117.568,69.992],[-117.193,70.123],[-116.486,70.147],[-116.214,70.232],[-112.501,70.239],[-111.731,70.256],[-111.544,70.325],[-112.89,70.646],[-113.764,70.737],[-117.761,70.722],[-118.503,70.96],[-118.499,71.053],[-117.41,71.202],[-115.742,71.299],[-115.517,71.423],[-115.693,71.579],[-117.491,71.498],[-118.338,71.824],[-118.649,71.8],[-118.968,71.909],[-118.986,72.034],[-118.399,72.476],[-117.22,72.857],[-115.148,73.314],[-114.647,73.355],[-114.185,73.244],[-114.463,72.989],[-114.473,72.625],[-113.753,72.698],[-113.241,72.944],[-112.839,72.953],[-111.641,72.725]]]]}},{"type":"Feature","properties":{"NAME":null,"ABBREVN":null,"wikipedia":null,"SUBJECTO":null,"BORDERPRECISION":1,"PARTOF":null},"geometry":{"type":"MultiPolygon","coordinates":[[[[-101.406,72.295],[-102.669,72.853],[-102.279,73.147],[-101.521,72.871],[-100.835,72.745],[-100.15,73.151],[-99.963,73.167],[-99.955,73.263],[-100.914,73.708],[-100.994,73.812],[-100.177,73.822],[-99.857,73.919],[-98.968,73.728],[-97.957,73.922],[-96.937,73.788],[-97.082,73.667],[-97.343,73.611],[-97.489,73.459],[-98.186,73.29],[-98.363,73.218],[-98.394,73.131],[-98.28,73.02],[-98.052,72.972],[-97.74,73.013],[-96.689,72.817],[-96.435,72.698],[-96.351,72.501],[-96.657,72.343],[-96.85,71.88],[-97.055,71.715],[-97.58,71.644],[-98.484,71.892],[-98.478,71.799],[-98.004,71.55],[-98.372,71.37],[-98.718,71.354],[-98.939,71.392],[-100.319,72.14],[-101.406,72.295]]]]}},{"type":"Feature","properties":{"NAME":null,"ABBREVN":null,"wikipedia":null,"SUBJECTO":null,"BORDERPRECISION":1,"PARTOF":null},"geometry":{"type":"MultiPolygon","coordinates":[[[[-95.493,73.614],[-95.323,73.759],[-94.758,73.744],[-95.069,74.064],[-94.868,74.137],[-93.899,74.163],[-92.116,73.989],[-91.524,74.055],[-90.0,74.0],[-90.0,73.591],[-91.32,73.255],[-92.001,72.841],[-94.266,72.853],[-93.639,72.53],[-93.724,72.388],[-94.109,72.222],[-94.542,72.19],[-95.058,72.283],[-95.124,72.519],[-95.548,72.882],[-95.641,73.144],[-95.493,73.614]]]]}},{"type":"Feature","properties":{"NAME":"T'atsaot'ine","ABBREVN":"Yellowknives","wikipedia":null,"SUBJECTO":"T'atsaot'ine","BORDERPRECISION":1,"PARTOF":"T'atsaot'ine"},"geometry":{"type":"MultiPolygon","coordinates":[[[[-123.051,69.86],[-122.326,69.884],[-120.222,69.418],[-117.832,69.008],[-115.285,68.892],[-114.39,68.608],[-114.195,68.496],[-114.109,68.347],[-115.402,68.217],[-115.562,67.896],[-114.066,67.735],[-112.503,67.693],[-110.133,67.906],[-109.489,67.691],[-108.835,67.611],[-108.095,67.36],[-108.101,67.219],[-108.485,67.07],[-107.528,66.563],[-107.611,66.88],[-107.128,66.962],[-107.651,67.427],[-107.717,67.628],[-107.662,67.963],[-106.212,68.107],[-105.912,68.339],[-105.636,68.355],[-104.454,68.103],[-103.583,68.12],[-103.196,67.896],[-101.913,67.705],[-101.397,67.706],[-101.002,67.796],[-98.886,67.815],[-98.355,67.935],[-97.496,67.587],[-97.261,67.595],[-97.151,67.737],[-97.159,67.967],[-97.788,68.13],[-98.407,68.159],[-98.367,68.361],[-97.572,68.37],[-96.208,68.074],[-96.168,67.992],[-96.34,67.545],[-96.26,67.315],[-95.259,67.028],[-95.291,67.28],[-95.5,67.725],[-95.439,67.941],[-95.323,68.06],[-94.637,68.069],[-94.084,68.451],[-93.414,68.542],[-93.467,68.767],[-93.636,68.925],[-94.138,68.841],[-94.583,68.878],[-94.343,69.112],[-93.784,69.219],[-93.527,69.219],[-92.985,68.964],[-92.992,69.515],[-93.731,69.498],[-94.423,69.694],[-94.75,69.655],[-96.127,69.941],[-96.423,70.093],[-96.474,70.3],[-95.947,70.57],[-96.7,70.838],[-96.398,71.203],[-96.132,71.335],[-95.43,71.251],[-95.353,71.407],[-95.762,71.694],[-95.411,71.859],[-94.417,71.884],[-93.271,71.559],[-92.989,71.24],[-93.099,70.969],[-91.658,70.286],[-91.828,70.132],[-92.271,70.116],[-92.484,69.993],[-92.671,69.742],[-91.977,69.607],[-91.172,69.647],[-90.0,69.489],[-90.0,68.369],[-89.736,68.534],[-89.441,69.046],[-89.14,69.235],[-88.905,69.228],[-88.097,68.853],[-87.884,68.68],[-87.79,68.478],[-87.861,68.283],[-88.371,68.312],[-88.481,67.991],[-88.324,67.813],[-87.325,67.169],[-86.488,67.378],[-86.395,67.675],[-85.782,68.041],[-85.506,68.677],[-85.4,68.76],[-84.625,68.754],[-84.564,68.987],[-85.421,69.294],[-85.381,69.695],[-85.113,69.817],[-84.314,69.826],[-82.757,69.549],[-82.161,69.248],[-81.684,69.279],[-81.48,69.189],[-81.37,68.722],[-81.583,68.602],[-81.886,68.579],[-82.21,68.819],[-82.687,68.697],[-82.493,68.323],[-82.178,67.995],[-81.295,67.499],[-81.284,67.358],[-81.499,67.069],[-82.33,66.64],[-82.633,66.602],[-83.139,66.373],[-84.49,67.049],[-84.714,67.07],[-85.022,66.944],[-84.408,66.709],[-83.74,66.306],[-84.95,66.275],[-85.119,66.333],[-85.387,66.612],[-86.739,66.565],[-86.853,66.462],[-85.987,66.163],[-87.254,65.43],[-87.55,65.35],[-88.174,65.458],[-88.642,65.712],[-90.0,65.974],[-90.0,65.768],[-88.904,65.325],[-88.171,65.13],[-87.157,65.06],[-87.435,64.569],[-88.377,64.057],[-89.077,63.963],[-89.973,64.191],[-90.0,63.904],[-89.87,63.575],[-93.317,63.974],[-92.351,63.585],[-90.0,63.302],[-90.0,62.946],[-91.417,62.853],[-92.29,62.915],[-92.455,62.794],[-91.891,62.604],[-92.102,62.412],[-92.579,62.269],[-93.423,61.858],[-93.325,61.541],[-93.466,61.435],[-93.874,61.343],[-94.376,60.795],[-94.741,59.856],[-107.513,58.896],[-123.051,69.86]]],[[[-71.879,63.802],[-72.388,63.858],[-72.73,64.015],[-73.148,64.344],[-73.164,64.574],[-73.666,64.602],[-74.256,64.766],[-74.559,64.78],[-74.431,64.435],[-74.501,64.392],[-75.452,64.548],[-75.591,64.533],[-75.936,64.267],[-76.526,64.23],[-78.103,64.507],[-78.127,64.651],[-77.867,64.99],[-77.387,65.064],[-77.301,65.144],[-77.358,65.376],[-76.022,65.262],[-75.356,64.916],[-75.368,65.263],[-74.079,65.448],[-73.494,65.405],[-73.42,65.529],[-74.28,66.06],[-74.333,66.163],[-73.036,66.642],[-72.874,66.886],[-72.305,67.264],[-72.354,67.53],[-73.185,68.296],[-73.937,68.444],[-74.405,68.66],[-74.515,68.87],[-74.752,69.043],[-75.199,68.862],[-76.546,68.731],[-76.643,69.032],[-75.625,69.102],[-75.552,69.222],[-76.971,69.802],[-77.622,69.892],[-77.699,70.136],[-79.101,70.655],[-79.376,70.586],[-80.49,70.815],[-80.66,70.753],[-80.422,70.614],[-78.941,70.271],[-78.744,70.149],[-78.713,70.011],[-79.241,69.881],[-79.826,69.918],[-80.713,70.153],[-81.013,70.183],[-81.158,70.106],[-80.829,69.711],[-81.807,69.983],[-82.269,69.86],[-82.926,70.011],[-83.313,69.957],[-84.874,70.115],[-85.984,70.113],[-86.372,70.196],[-86.373,70.465],[-86.537,70.534],[-86.944,70.556],[-87.121,70.402],[-87.402,70.363],[-88.432,70.461],[-89.019,70.675],[-89.205,70.845],[-89.15,70.968],[-87.309,70.933],[-87.169,71.019],[-87.949,71.351],[-89.997,71.541],[-89.814,71.979],[-89.371,72.066],[-89.334,72.168],[-89.821,72.348],[-89.841,72.427],[-89.639,72.782],[-89.1,73.196],[-88.099,73.636],[-86.246,73.88],[-85.254,73.777],[-86.662,73.097],[-86.855,72.859],[-86.779,72.693],[-86.214,72.449],[-86.414,72.315],[-86.448,72.134],[-86.333,71.993],[-85.945,71.744],[-85.243,71.465],[-85.859,71.261],[-85.891,71.122],[-84.783,71.062],[-84.488,71.349],[-84.535,71.536],[-84.689,71.66],[-85.205,71.769],[-85.602,72.01],[-85.116,72.278],[-84.289,72.256],[-84.831,72.468],[-85.504,72.608],[-85.506,72.94],[-85.107,73.084],[-83.885,73.07],[-84.862,73.355],[-84.505,73.491],[-82.697,73.782],[-81.532,73.688],[-80.463,72.974],[-81.044,72.38],[-81.027,72.05],[-80.863,72.011],[-80.57,71.996],[-80.081,72.138],[-79.953,72.343],[-79.33,72.368],[-79.125,72.289],[-79.056,71.96],[-78.663,71.875],[-78.574,71.93],[-78.666,72.314],[-78.363,72.582],[-77.896,72.701],[-77.119,72.711],[-76.15,72.57],[-75.632,72.611],[-75.322,72.548],[-74.313,72.039],[-74.313,71.953],[-75.137,71.67],[-75.204,71.569],[-75.002,71.453],[-74.809,71.422],[-74.112,71.688],[-73.886,71.665],[-73.672,71.556],[-73.275,71.161],[-72.535,71.629],[-71.664,71.513],[-71.253,71.351],[-71.882,70.931],[-70.667,71.08],[-70.652,70.764],[-70.293,70.618],[-69.092,70.782],[-68.724,70.682],[-68.469,70.56],[-68.75,70.39],[-69.591,70.197],[-69.698,70.074],[-69.463,69.96],[-68.366,70.123],[-68.021,70.299],[-67.805,70.269],[-67.044,69.798],[-68.043,69.773],[-68.234,69.712],[-68.207,69.591],[-67.017,69.419],[-66.773,69.322],[-66.668,69.186],[-67.626,69.207],[-68.391,69.334],[-68.533,69.25],[-67.98,68.988],[-68.077,68.897],[-68.775,68.844],[-68.665,68.716],[-67.032,68.307],[-66.745,67.927],[-66.407,68.025],[-65.53,67.87],[-64.829,67.953],[-63.933,67.413],[-64.601,67.315],[-64.614,67.115],[-62.991,67.177],[-63.165,66.926],[-62.521,66.846],[-62.096,67.017],[-61.211,66.635],[-61.449,66.488],[-61.495,66.341],[-61.864,66.318],[-62.298,66.435],[-62.655,66.338],[-62.094,66.061],[-62.068,65.937],[-62.544,65.848],[-62.845,65.614],[-63.381,65.927],[-63.511,65.431],[-63.352,65.025],[-63.541,64.995],[-64.184,65.19],[-64.425,65.502],[-64.844,65.378],[-65.178,65.654],[-65.034,65.953],[-65.717,66.054],[-66.913,66.595],[-67.256,66.616],[-67.749,66.476],[-67.76,66.373],[-67.161,65.986],[-67.305,65.934],[-67.614,65.912],[-68.376,66.284],[-67.865,65.627],[-67.329,65.584],[-66.598,64.766],[-66.321,64.911],[-66.193,64.889],[-65.663,64.588],[-65.042,64.41],[-65.327,64.359],[-65.423,64.265],[-64.474,63.744],[-64.365,63.438],[-64.415,63.245],[-65.001,63.765],[-65.251,63.872],[-65.21,63.643],[-64.735,63.067],[-64.739,62.931],[-65.156,62.988],[-64.768,62.477],[-65.298,62.696],[-65.698,63.008],[-66.496,63.077],[-67.144,63.375],[-67.766,63.802],[-67.682,63.453],[-68.486,63.737],[-68.879,63.75],[-68.476,63.337],[-66.681,62.566],[-66.332,62.319],[-65.94,61.79],[-68.014,62.259],[-69.155,62.42],[-69.559,62.709],[-70.648,62.927],[-70.674,62.862],[-70.779,62.956],[-71.319,63.061],[-71.622,63.21],[-71.691,63.331],[-71.258,63.567],[-71.879,63.802]]]]}},{"type":"Feature","properties":{"NAME":null,"ABBREVN":null,"wikipedia":null,"SUBJECTO":null,"BORDERPRECISION":1,"PARTOF":null},"geometry":{"type":"MultiPolygon","coordinates":[[[[-90.0,75.968],[-89.594,75.86],[-89.042,75.461],[-88.763,75.42],[-88.667,75.453],[-88.647,75.595],[-87.638,75.705],[-86.618,75.432],[-86.179,75.408],[-85.83,75.617],[-85.203,75.743],[-83.559,75.905],[-81.532,75.859],[-80.766,75.61],[-79.739,75.47],[-79.495,75.28],[-80.5,75.03],[-80.56,74.916],[-80.349,74.616],[-82.027,74.532],[-82.936,74.684],[-83.074,74.984],[-83.449,75.082],[-83.614,75.024],[-83.581,74.699],[-84.568,74.616],[-85.118,74.623],[-86.212,74.816],[-86.306,74.621],[-88.144,74.569],[-88.326,74.682],[-88.39,74.99],[-88.947,74.932],[-89.269,74.705],[-89.698,74.615],[-90.0,74.63],[-90.0,74.718],[-91.054,74.977],[-91.358,74.757],[-91.867,74.789],[-92.366,75.421],[-92.101,75.638],[-92.093,75.805],[-92.224,75.947],[-93.064,76.375],[-93.085,76.527],[-92.247,76.622],[-90.0,76.591],[-90.0,76.455],[-89.812,76.373],[-90.0,76.288],[-90.0,76.185],[-91.156,75.974],[-90.0,75.968]]]]}},{"type":"Feature","properties":{"NAME":null,"ABBREVN":null,"wikipedia":null,"SUBJECTO":null,"BORDERPRECISION":1,"PARTOF":null},"geometry":{"type":"MultiPolygon","coordinates":[[[[-90.0,82.017],[-87.453,82.14],[-86.682,81.994],[-86.503,82.036],[-86.324,82.206],[-85.738,82.335],[-84.947,82.379],[-80.092,81.966],[-79.891,82.04],[-81.287,82.387],[-81.654,82.58],[-81.523,82.689],[-80.415,82.867],[-78.698,83.003],[-77.074,82.863],[-75.925,82.517],[-75.802,82.68],[-76.607,83.04],[-76.382,83.152],[-74.161,82.991],[-73.253,82.773],[-73.226,82.861],[-73.361,83.103],[-71.926,83.084],[-71.178,82.81],[-70.9,82.811],[-71.068,83.142],[-70.584,83.176],[-67.696,82.873],[-65.046,82.879],[-63.185,82.654],[-62.427,82.634],[-61.816,82.473],[-61.989,82.312],[-63.921,82.011],[-66.375,82.101],[-67.585,81.961],[-67.854,81.752],[-67.516,81.587],[-65.588,81.705],[-65.224,81.51],[-66.482,81.303],[-69.497,80.547],[-70.511,80.545],[-70.219,80.137],[-71.454,79.846],[-74.245,80.043],[-74.542,79.894],[-73.376,79.581],[-73.674,79.518],[-75.174,79.515],[-76.335,79.611],[-77.239,79.583],[-77.299,79.286],[-76.254,79.325],[-75.214,79.193],[-74.963,79.122],[-74.909,78.821],[-75.057,78.732],[-75.521,78.678],[-75.753,78.361],[-76.438,78.377],[-76.618,78.298],[-76.143,78.072],[-76.291,78.011],[-78.367,78.033],[-78.182,77.677],[-78.219,77.573],[-78.511,77.443],[-78.855,77.374],[-81.1,77.577],[-81.554,77.541],[-82.102,77.316],[-78.121,77.041],[-77.824,76.888],[-77.804,76.726],[-78.212,76.547],[-80.814,76.238],[-81.382,76.651],[-81.918,76.633],[-82.572,76.776],[-82.424,76.471],[-83.088,76.478],[-83.763,76.536],[-84.622,76.892],[-84.796,76.866],[-84.559,76.543],[-85.037,76.407],[-87.273,76.504],[-88.183,76.74],[-88.31,76.536],[-88.589,76.468],[-89.418,76.61],[-89.247,76.977],[-87.099,77.281],[-87.582,77.461],[-88.051,77.754],[-88.028,77.823],[-87.812,77.876],[-86.436,77.817],[-85.538,77.49],[-84.442,77.303],[-83.319,77.374],[-83.28,77.495],[-83.049,77.631],[-84.407,77.631],[-84.868,77.708],[-84.939,78.09],[-84.843,78.16],[-86.51,78.297],[-86.917,78.245],[-86.825,78.586],[-86.304,78.834],[-85.807,78.906],[-84.456,78.891],[-82.326,78.665],[-81.597,78.755],[-83.911,79.257],[-85.51,79.828],[-85.693,79.719],[-86.322,80.114],[-86.311,80.23],[-86.17,80.279],[-83.618,80.207],[-81.758,79.682],[-80.732,79.659],[-81.356,79.908],[-82.263,80.051],[-81.719,80.385],[-81.064,80.533],[-77.521,80.75],[-78.321,80.965],[-78.962,81.034],[-80.088,81.022],[-81.876,80.749],[-82.791,80.697],[-83.48,80.895],[-83.821,80.775],[-84.793,80.782],[-85.504,80.618],[-85.364,80.991],[-84.923,81.122],[-84.92,81.213],[-85.192,81.324],[-85.811,81.395],[-86.437,81.393],[-88.322,81.166],[-89.236,80.864],[-89.675,81.026],[-89.193,81.096],[-89.245,81.239],[-89.559,81.418],[-91.08,81.538],[-91.219,81.837],[-90.0,82.017]]]]}},{"type":"Feature","properties":{"NAME":null,"ABBREVN":null,"wikipedia":null,"SUBJECTO":null,"BORDERPRECISION":1,"PARTOF":null},"geometry":{"type":"MultiPolygon","coordinates":[[[[-100.097,75.765],[-100.619,75.789],[-102.15,75.644],[-102.534,75.769],[-102.516,75.919],[-101.675,76.064],[-101.885,76.333],[-101.746,76.544],[-101.14,76.436],[-100.074,76.016],[-99.867,76.059],[-99.912,76.168],[-100.511,76.445],[-100.694,76.606],[-100.498,76.649],[-100.067,76.675],[-98.903,76.414],[-98.83,76.618],[-98.615,76.678],[-98.286,76.627],[-97.817,76.476],[-97.651,76.138],[-97.667,75.861],[-98.152,75.602],[-98.159,75.444],[-98.002,75.162],[-98.164,75.096],[-99.944,75.084],[-100.387,75.182],[-100.474,75.315],[-99.896,75.615],[-100.097,75.765]]]]}},{"type":"Feature","properties":{"NAME":null,"ABBREVN":null,"wikipedia":null,"SUBJECTO":null,"BORDERPRECISION":1,"PARTOF":null},"geometry":{"type":"MultiPolygon","coordinates":[[[[-96.809,76.92],[-96.723,77.022],[-95.629,77.042],[-94.195,76.899],[-93.795,76.738],[-93.875,76.627],[-93.82,76.483],[-93.938,76.398],[-95.724,76.471],[-96.809,76.92]]]]}},{"type":"Feature","properties":{"NAME":null,"ABBREVN":null,"wikipedia":null,"SUBJECTO":null,"BORDERPRECISION":1,"PARTOF":null},"geometry":{"type":"MultiPolygon","coordinates":[[[[-113.024,77.602],[-113.16,77.792],[-113.01,77.923],[-112.396,78.003],[-110.71,78.023],[-109.661,77.95],[-110.62,77.537],[-111.91,77.483],[-113.024,77.602]]]]}},{"type":"Feature","properties":{"NAME":null,"ABBREVN":null,"wikipedia":null,"SUBJECTO":null,"BORDERPRECISION":1,"PARTOF":null},"geometry":{"type":"MultiPolygon","coordinates":[[[[-98.343,78.803],[-97.31,78.822],[-95.097,78.438],[-95.118,78.28],[-95.233,78.132],[-97.087,78.015],[-97.923,78.319],[-98.437,78.661],[-98.451,78.758],[-98.343,78.803]]]]}},{"type":"Feature","properties":{"NAME":null,"ABBREVN":null,"wikipedia":null,"SUBJECTO":null,"BORDERPRECISION":1,"PARTOF":null},"geometry":{"type":"MultiPolygon","coordinates":[[[[-115.802,76.34],[-114.372,76.47],[-113.549,76.133],[-112.851,76.227],[-112.574,76.161],[-111.386,75.66],[-109.646,75.638],[-109.144,75.714],[-109.103,75.848],[-109.353,76.099],[-110.382,76.435],[-109.951,76.58],[-109.715,76.75],[-108.965,76.871],[-108.737,76.795],[-108.389,76.489],[-108.396,76.303],[-108.163,76.009],[-106.691,75.761],[-106.842,75.97],[-106.774,76.096],[-106.59,76.13],[-105.917,76.022],[-105.498,75.847],[-105.629,75.662],[-105.612,75.438],[-105.773,75.23],[-106.031,75.106],[-107.48,75.012],[-109.07,75.133],[-112.203,74.5],[-113.443,74.546],[-114.093,74.674],[-114.217,74.845],[-111.367,75.104],[-111.15,75.353],[-112.811,75.416],[-115.186,75.154],[-115.942,75.31],[-116.572,75.201],[-117.012,75.258],[-117.397,75.407],[-116.998,75.649],[-115.15,75.757],[-116.15,75.935],[-116.296,76.238],[-115.802,76.34]]]]}},{"type":"Feature","properties":{"NAME":null,"ABBREVN":null,"wikipedia":null,"SUBJECTO":null,"BORDERPRECISION":1,"PARTOF":null},"geometry":{"type":"MultiPolygon","coordinates":[[[[-121.459,76.27],[-121.711,76.177],[-122.282,76.151],[-122.636,76.276],[-122.763,76.42],[-122.659,76.539],[-121.578,76.702],[-120.43,77.054],[-120.183,77.209],[-119.696,77.313],[-117.226,77.413],[-116.826,77.543],[-116.359,77.578],[-115.682,77.381],[-116.406,77.234],[-116.505,77.113],[-116.24,76.78],[-117.0,76.728],[-117.413,76.43],[-117.863,76.438],[-118.253,76.879],[-118.565,76.947],[-118.736,76.938],[-119.387,76.375],[-119.655,76.307],[-119.783,76.138],[-120.1,75.978],[-120.454,75.952],[-121.12,76.245],[-121.459,76.27]]]]}},{"type":"Feature","properties":{"NAME":null,"ABBREVN":null,"wikipedia":null,"SUBJECTO":null,"BORDERPRECISION":1,"PARTOF":null},"geometry":{"type":"MultiPolygon","coordinates":[[[[-100.888,78.182],[-101.168,78.269],[-103.512,78.273],[-104.508,78.368],[-104.966,78.534],[-105.039,78.639],[-104.527,78.702],[-103.378,78.607],[-103.392,78.713],[-103.505,78.837],[-104.11,79.058],[-105.481,79.224],[-105.452,79.403],[-104.441,79.459],[-103.365,79.389],[-102.569,79.016],[-100.693,78.878],[-100.163,78.772],[-99.386,78.334],[-99.125,78.133],[-99.049,77.941],[-99.68,77.792],[-100.2,77.817],[-100.471,77.895],[-100.888,78.182]]]]}},{"type":"Feature","properties":{"NAME":null,"ABBREVN":null,"wikipedia":null,"SUBJECTO":null,"BORDERPRECISION":1,"PARTOF":null},"geometry":{"type":"MultiPolygon","coordinates":[[[[-89.272,80.389],[-89.042,80.167],[-88.336,80.12],[-88.348,80.411],[-88.15,80.46],[-87.827,80.373],[-87.336,80.093],[-87.341,79.644],[-86.997,79.445],[-85.994,79.486],[-85.253,79.259],[-85.759,79.378],[-87.165,79.126],[-87.539,78.956],[-87.787,78.725],[-88.661,78.901],[-88.956,78.75],[-88.746,78.556],[-88.759,78.451],[-88.945,78.362],[-89.121,78.344],[-90.0,78.624],[-90.0,78.263],[-91.424,78.305],[-92.702,78.434],[-94.103,79.023],[-94.189,79.148],[-93.303,79.256],[-90.0,79.126],[-91.819,79.438],[-93.178,79.534],[-95.039,79.396],[-96.433,79.933],[-96.587,80.093],[-95.7,80.037],[-94.675,80.117],[-95.24,80.228],[-95.58,80.386],[-95.409,80.524],[-95.081,80.583],[-94.321,80.575],[-94.25,80.674],[-95.06,81.031],[-94.04,81.164],[-93.269,81.145],[-93.203,81.226],[-93.435,81.44],[-92.025,81.259],[-91.016,80.75],[-90.0,80.642],[-89.799,80.703],[-89.425,80.615],[-89.272,80.389]]]]}},{"type":"Feature","properties":{"NAME":"Naskapi Innu","ABBREVN":"Naskapi","wikipedia":null,"SUBJECTO":"Naskapi Innu","BORDERPRECISION":1,"PARTOF":"Naskapi Innu"},"geometry":{"type":"MultiPolygon","coordinates":[[[[-76.472,56.547],[-76.439,56.81],[-76.555,57.28],[-76.772,57.663],[-77.404,58.114],[-78.337,58.551],[-78.469,58.709],[-78.042,58.993],[-77.662,59.574],[-77.348,59.623],[-77.215,59.748],[-77.262,59.983],[-77.507,60.415],[-77.388,60.694],[-78.176,60.742],[-77.688,61.156],[-77.462,61.473],[-77.985,61.859],[-78.005,62.099],[-77.868,62.29],[-77.362,62.517],[-75.356,62.182],[-74.708,62.176],[-73.66,62.39],[-73.395,62.355],[-71.724,61.547],[-71.856,61.371],[-71.673,61.266],[-70.028,60.883],[-69.702,60.898],[-69.536,60.989],[-69.384,60.856],[-69.389,60.674],[-69.649,60.52],[-69.704,60.318],[-69.343,59.209],[-69.365,59.051],[-69.476,58.975],[-69.832,58.988],[-69.894,58.684],[-69.726,58.561],[-69.214,58.748],[-68.569,58.783],[-68.095,58.481],[-68.129,58.31],[-68.005,58.166],[-66.821,58.388],[-66.475,58.808],[-66.241,58.746],[-65.929,58.424],[-65.861,58.795],[-65.719,59.057],[-65.263,59.348],[-65.555,59.576],[-65.552,59.714],[-64.988,59.819],[-64.671,60.181],[-63.744,59.517],[-63.476,59.158],[-63.006,58.815],[-62.887,58.656],[-63.042,58.525],[-62.999,58.374],[-62.741,58.389],[-62.495,57.957],[-62.015,57.841],[-61.888,57.725],[-61.828,57.554],[-62.186,57.437],[-61.822,57.192],[-61.408,57.048],[-76.472,56.547]]]]}},{"type":"Feature","properties":{"NAME":"Caloosahatchee culture","ABBREVN":"Caloosahatchee culture","wikipedia":null,"SUBJECTO":"Caloosahatchee culture","BORDERPRECISION":1,"PARTOF":"Caloosahatchee culture"},"geometry":{"type":"MultiPolygon","coordinates":[[[[-82.705,28.523],[-80.598,28.523],[-80.262,27.197],[-80.078,26.923],[-80.05,26.551],[-80.214,25.735],[-80.354,25.548],[-80.314,25.244],[-80.491,24.996],[-80.452,25.208],[-81.098,25.125],[-81.146,25.378],[-81.401,25.859],[-81.745,25.921],[-81.887,26.448],[-82.078,26.551],[-82.142,26.867],[-82.31,26.825],[-82.753,27.528],[-82.62,27.528],[-82.429,27.826],[-82.505,27.928],[-82.717,27.745],[-82.841,27.838],[-82.705,28.523]]]]}},{"type":"Feature","properties":{"NAME":"Cree","ABBREVN":"Cree","wikipedia":null,"SUBJECTO":"Cree","BORDERPRECISION":1,"PARTOF":"Cree"},"geometry":{"type":"MultiPolygon","coordinates":[[[[-101.122,52.828],[-112.449,58.525],[-94.741,59.856],[-94.8,59.514],[-94.684,58.878],[-94.186,58.666],[-93.364,58.702],[-93.074,58.551],[-92.523,57.687],[-92.424,57.386],[-92.483,56.977],[-92.18,56.97],[-91.337,57.163],[-90.0,57.178],[-90.0,57.074],[-89.726,56.934],[-88.767,56.738],[-87.914,56.332],[-87.467,55.912],[-85.892,55.61],[-85.161,55.328],[-84.468,55.167],[-83.576,55.223],[-82.383,55.056],[-82.202,54.969],[-82.399,54.271],[-82.192,53.99],[-82.16,53.802],[-82.212,53.341],[-82.351,53.074],[-82.341,52.981],[-81.988,52.804],[-100.09,52.309],[-101.122,52.828]]]]}},{"type":"Feature","properties":{"NAME":null,"ABBREVN":null,"wikipedia":null,"SUBJECTO":null,"BORDERPRECISION":1,"PARTOF":null},"geometry":{"type":"MultiPolygon","coordinates":[[[[-61.687,17.024],[-61.829,16.997],[-61.887,17.105],[-61.794,17.163],[-61.67,17.09],[-61.687,17.024]]],[[[-61.729,17.609],[-61.733,17.541],[-61.853,17.583],[-61.873,17.704],[-61.729,17.609]]]]}},{"type":"Feature","properties":{"NAME":"Guanches","ABBREVN":"Guanches","wikipedia":null,"SUBJECTO":"Guanches","BORDERPRECISION":1,"PARTOF":"Guanches"},"geometry":{"type":"MultiPolygon","coordinates":[[[[-14.51,28.05],[-14.147,28.391],[-13.808,29.049],[-13.518,29.428],[-13.421,29.091],[-13.784,28.879],[-13.881,28.199],[-14.51,28.05]]],[[[-15.574,28.178],[-15.405,28.199],[-15.211,27.901],[-15.574,27.729],[-15.913,27.901],[-15.574,28.178]]],[[[-17.291,28.285],[-16.082,28.54],[-16.638,28.05],[-17.34,28.029],[-17.291,28.285]]]]}},{"type":"Feature","properties":{"NAME":"Papous","ABBREVN":"Papous","wikipedia":null,"SUBJECTO":"Papous","BORDERPRECISION":1,"PARTOF":"Papous"},"geometry":{"type":"MultiPolygon","coordinates":[[[[137.676,-8.459],[137.941,-7.995],[138.376,-7.555],[138.568,-7.523],[138.895,-7.783],[138.699,-8.152],[138.297,-8.541],[137.676,-8.459]]],[[[149.379,-6.209],[149.209,-6.153],[149.021,-6.242],[148.306,-5.773],[148.377,-5.659],[149.648,-5.713],[149.869,-5.401],[150.181,-5.706],[150.722,-5.622],[150.887,-5.52],[151.157,-5.1],[151.57,-5.029],[151.539,-4.406],[151.944,-4.52],[152.09,-4.36],[152.268,-4.779],[152.136,-5.085],[151.907,-5.104],[151.835,-5.206],[152.059,-5.498],[151.92,-5.657],[151.28,-5.671],[151.056,-6.015],[150.276,-6.341],[149.554,-6.406],[149.379,-6.209]]],[[[142.413,-3.307],[143.446,-3.61],[144.103,-3.984],[144.543,-3.995],[144.783,-4.338],[145.377,-4.674],[145.728,-4.997],[145.608,-5.525],[146.893,-6.03],[147.376,-6.125],[147.644,-6.48],[147.739,-6.74],[146.909,-6.895],[146.886,-7.117],[147.151,-7.562],[148.035,-8.246],[148.133,-8.627],[148.459,-9.097],[148.589,-9.16],[149.198,-9.121],[149.237,-9.21],[149.078,-9.458],[149.176,-9.553],[149.83,-9.711],[149.859,-9.831],[149.567,-9.927],[150.418,-10.294],[150.495,-10.739],[150.002,-10.734],[149.783,-10.41],[148.561,-10.184],[147.874,-10.179],[147.615,-10.084],[147.393,-9.926],[147.185,-9.57],[146.646,-9.279],[145.82,-8.098],[144.929,-7.922],[144.627,-7.783],[144.38,-7.758],[144.016,-7.874],[143.665,-7.671],[143.78,-8.109],[143.356,-8.129],[143.489,-8.307],[143.437,-8.358],[142.249,-8.31],[143.051,-8.67],[143.331,-9.0],[142.607,-9.377],[140.948,-9.274],[139.977,-8.238],[138.917,-8.317],[139.156,-7.725],[138.65,-7.141],[138.662,-7.04],[138.861,-7.09],[139.028,-7.02],[138.421,-6.481],[137.824,-5.427],[137.385,-5.123],[135.061,-4.454],[134.777,-4.309],[134.766,-4.036],[134.401,-4.068],[134.041,-3.948],[133.857,-3.771],[133.763,-3.51],[133.823,-3.288],[133.753,-3.186],[133.563,-3.415],[133.395,-3.988],[132.932,-4.268],[132.713,-3.888],[132.896,-3.696],[132.827,-3.506],[132.495,-3.221],[132.025,-3.018],[132.016,-2.821],[132.719,-2.934],[133.121,-2.597],[133.321,-2.742],[133.781,-2.722],[133.884,-2.43],[133.855,-2.245],[133.321,-2.38],[132.219,-2.344],[131.973,-2.116],[131.816,-1.665],[131.064,-1.54],[131.183,-1.406],[131.211,-1.025],[131.42,-1.011],[131.834,-0.826],[132.254,-0.527],[132.592,-0.57],[133.265,-0.861],[133.907,-1.006],[134.141,-1.501],[133.983,-2.01],[134.283,-2.855],[134.455,-3.0],[134.557,-2.708],[134.773,-3.305],[134.954,-3.463],[135.246,-3.539],[135.508,-3.449],[135.734,-3.252],[136.271,-2.418],[137.084,-2.251],[137.111,-1.984],[137.854,-1.614],[139.592,-2.379],[142.413,-3.307]]]]}},{"type":"Feature","properties":{"NAME":null,"ABBREVN":null,"wikipedia":null,"SUBJECTO":null,"BORDERPRECISION":1,"PARTOF":null},"geometry":{"type":"MultiPolygon","coordinates":[[[[-59.533,13.051],[-59.629,13.103],[-59.631,13.335],[-59.429,13.165],[-59.533,13.051]]]]}},{"type":"Feature","properties":{"NAME":null,"ABBREVN":null,"wikipedia":null,"SUBJECTO":null,"BORDERPRECISION":1,"PARTOF":null},"geometry":{"type":"MultiPolygon","coordinates":[[[[-61.364,15.198],[-61.491,15.541],[-61.452,15.632],[-61.304,15.574],[-61.253,15.461],[-61.265,15.258],[-61.364,15.198]]]]}},{"type":"Feature","properties":{"NAME":null,"ABBREVN":null,"wikipedia":null,"SUBJECTO":null,"BORDERPRECISION":1,"PARTOF":null},"geometry":{"type":"MultiPolygon","coordinates":[[[[-61.747,11.997],[-61.725,12.172],[-61.612,12.231],[-61.611,12.079],[-61.747,11.997]]],[[[-61.58,12.296],[-61.58,12.296]]],[[[-61.428,12.454],[-61.496,12.438],[-61.434,12.529],[-61.428,12.454]]]]}},{"type":"Feature","properties":{"NAME":null,"ABBREVN":null,"wikipedia":null,"SUBJECTO":null,"BORDERPRECISION":1,"PARTOF":null},"geometry":{"type":"MultiPolygon","coordinates":[[[[-60.861,14.403],[-60.887,14.466],[-61.034,14.466],[-61.232,14.809],[-61.175,14.877],[-60.941,14.741],[-60.83,14.57],[-60.861,14.403]]]]}},{"type":"Feature","properties":{"NAME":null,"ABBREVN":null,"wikipedia":null,"SUBJECTO":null,"BORDERPRECISION":1,"PARTOF":null},"geometry":{"type":"MultiPolygon","coordinates":[[[[-62.171,16.671],[-62.237,16.712],[-62.202,16.814],[-62.171,16.671]]]]}},{"type":"Feature","properties":{"NAME":null,"ABBREVN":null,"wikipedia":null,"SUBJECTO":null,"BORDERPRECISION":1,"PARTOF":null},"geometry":{"type":"MultiPolygon","coordinates":[[[[-63.168,18.164],[-62.97,18.272],[-63.168,18.164]]]]}},{"type":"Feature","properties":{"NAME":null,"ABBREVN":null,"wikipedia":null,"SUBJECTO":null,"BORDERPRECISION":1,"PARTOF":null},"geometry":{"type":"MultiPolygon","coordinates":[[[[-62.553,17.094],[-62.622,17.111],[-62.6,17.197],[-62.553,17.094]]],[[[-62.702,17.337],[-62.625,17.221],[-62.864,17.371],[-62.702,17.337]]]]}},{"type":"Feature","properties":{"NAME":null,"ABBREVN":null,"wikipedia":null,"SUBJECTO":null,"BORDERPRECISION":1,"PARTOF":null},"geometry":{"type":"MultiPolygon","coordinates":[[[[-60.955,13.709],[-61.08,13.873],[-60.93,14.109],[-60.878,13.957],[-60.955,13.709]]]]}},{"type":"Feature","properties":{"NAME":null,"ABBREVN":null,"wikipedia":null,"SUBJECTO":null,"BORDERPRECISION":1,"PARTOF":null},"geometry":{"type":"MultiPolygon","coordinates":[[[[-61.417,12.59],[-61.417,12.59]]],[[[-61.328,12.688],[-61.328,12.688]]],[[[-61.217,12.998],[-61.217,12.998]]],[[[-61.173,13.133],[-61.281,13.208],[-61.177,13.384],[-61.12,13.307],[-61.173,13.133]]]]}},{"type":"Feature","properties":{"NAME":null,"ABBREVN":null,"wikipedia":null,"SUBJECTO":null,"BORDERPRECISION":1,"PARTOF":null},"geometry":{"type":"MultiPolygon","coordinates":[[[[-64.762,17.774],[-64.56,17.748],[-64.896,17.677],[-64.88,17.77],[-64.762,17.774]]],[[[-64.665,18.332],[-64.79,18.337],[-64.665,18.332]]],[[[-64.842,18.312],[-65.027,18.363],[-64.842,18.312]]]]}},{"type":"Feature","properties":{"NAME":null,"ABBREVN":null,"wikipedia":null,"SUBJECTO":null,"BORDERPRECISION":1,"PARTOF":null},"geometry":{"type":"MultiPolygon","coordinates":[[[[-61.246,15.872],[-61.33,15.934],[-61.267,16.015],[-61.186,15.916],[-61.246,15.872]]],[[[-61.037,16.311],[-61.087,16.296],[-60.989,16.346],[-61.037,16.311]]],[[[-61.346,16.334],[-61.206,16.267],[-61.567,16.227],[-61.559,16.034],[-61.695,15.949],[-61.784,16.333],[-61.542,16.29],[-61.466,16.514],[-61.346,16.334]]],[[[-62.811,17.888],[-62.869,17.93],[-62.811,17.888]]]]}},{"type":"Feature","properties":{"NAME":null,"ABBREVN":null,"wikipedia":null,"SUBJECTO":null,"BORDERPRECISION":1,"PARTOF":null},"geometry":{"type":"MultiPolygon","coordinates":[[[[-68.195,12.221],[-68.251,12.021],[-68.299,12.195],[-68.417,12.251],[-68.37,12.307],[-68.195,12.221]]],[[[-68.966,12.199],[-68.824,12.16],[-68.747,12.04],[-69.062,12.188],[-69.164,12.366],[-68.966,12.199]]],[[[-62.961,17.461],[-62.997,17.521],[-62.961,17.461]]]]}},{"type":"Feature","properties":{"NAME":null,"ABBREVN":null,"wikipedia":null,"SUBJECTO":null,"BORDERPRECISION":1,"PARTOF":null},"geometry":{"type":"MultiPolygon","coordinates":[[[[-63.007,18.081],[-63.147,18.072],[-63.007,18.081]]]]}},{"type":"Feature","properties":{"NAME":null,"ABBREVN":null,"wikipedia":null,"SUBJECTO":null,"BORDERPRECISION":1,"PARTOF":null},"geometry":{"type":"MultiPolygon","coordinates":[[[[-63.028,18.016],[-63.14,18.059],[-63.011,18.067],[-63.028,18.016]]]]}},{"type":"Feature","properties":{"NAME":"Natchez","ABBREVN":"Natchez","wikipedia":null,"SUBJECTO":"Natchez","BORDERPRECISION":1,"PARTOF":"Natchez"},"geometry":{"type":"MultiPolygon","coordinates":[[[[-92.475,30.852],[-92.737,31.25],[-92.699,31.615],[-92.295,31.793],[-91.845,31.838],[-91.626,31.939],[-90.226,32.022],[-90.166,31.525],[-90.256,31.321],[-91.253,31.18],[-91.575,30.73],[-91.95,30.575],[-92.46,30.584],[-92.475,30.852]]]]}},{"type":"Feature","properties":{"NAME":"Lipan","ABBREVN":"Lipan","wikipedia":null,"SUBJECTO":"Lipan","BORDERPRECISION":1,"PARTOF":"Lipan"},"geometry":{"type":"MultiPolygon","coordinates":[[[[-100.106,31.04],[-98.423,29.694],[-97.536,28.691],[-97.653,28.558],[-98.174,28.245],[-100.335,28.723],[-100.857,29.347],[-101.271,29.667],[-100.304,31.123],[-100.106,31.04]]]]}},{"type":"Feature","properties":{"NAME":"Caddo","ABBREVN":"Caddo","wikipedia":null,"SUBJECTO":"Caddo","BORDERPRECISION":1,"PARTOF":"Caddo"},"geometry":{"type":"MultiPolygon","coordinates":[[[[-95.416,34.74],[-94.937,34.621],[-92.849,34.658],[-92.117,33.903],[-91.626,32.957],[-91.626,31.939],[-91.845,31.838],[-92.295,31.793],[-92.699,31.615],[-92.737,31.25],[-92.475,30.852],[-92.46,30.584],[-93.126,30.498],[-94.708,30.755],[-95.468,31.216],[-95.561,31.67],[-95.527,32.008],[-95.226,32.275],[-94.518,32.508],[-95.002,33.425],[-95.392,33.614],[-95.351,34.048],[-95.416,34.74]]]]}},{"type":"Feature","properties":{"NAME":"Pennacook","ABBREVN":"Pennacook","wikipedia":null,"SUBJECTO":"Pennacook","BORDERPRECISION":1,"PARTOF":"Pennacook"},"geometry":{"type":"MultiPolygon","coordinates":[[[[-72.274,44.681],[-71.685,45.325],[-71.234,45.327],[-71.199,44.499],[-70.536,43.404],[-70.868,42.871],[-70.759,42.71],[-70.57,42.716],[-70.625,42.65],[-70.871,42.602],[-70.893,42.526],[-71.75,42.552],[-71.994,42.631],[-72.209,43.284],[-72.659,43.696],[-72.714,43.942],[-72.274,44.681]]]]}},{"type":"Feature","properties":{"NAME":"Kawahsu","ABBREVN":"Kawahsu","wikipedia":null,"SUBJECTO":"Kawahsu","BORDERPRECISION":1,"PARTOF":"Kawahsu"},"geometry":{"type":"MultiPolygon","coordinates":[[[[-117.065,36.71],[-116.879,36.75],[-116.792,36.416],[-116.587,36.187],[-116.705,35.986],[-116.581,35.754],[-117.507,35.115],[-118.403,35.46],[-118.578,35.427],[-118.609,35.629],[-117.908,35.78],[-117.505,35.951],[-117.474,36.372],[-117.121,36.531],[-117.065,36.71]]]]}},{"type":"Feature","properties":{"NAME":"Yokuts","ABBREVN":"Yokuts","wikipedia":null,"SUBJECTO":"Yokuts","BORDERPRECISION":1,"PARTOF":"Yokuts"},"geometry":{"type":"MultiPolygon","coordinates":[[[[-121.823,37.879],[-120.782,38.225],[-119.818,37.363],[-119.736,37.395],[-119.702,37.618],[-119.571,37.649],[-119.528,37.412],[-119.206,36.954],[-118.641,36.817],[-118.55,36.437],[-118.762,36.25],[-118.57,36.152],[-118.578,35.427],[-118.403,35.46],[-119.042,35.218],[-119.397,35.284],[-120.92,36.559],[-120.829,36.623],[-120.93,36.906],[-121.061,36.93],[-121.152,37.356],[-121.435,37.404],[-121.515,37.597],[-121.823,37.879]]]]}},{"type":"Feature","properties":{"NAME":"Shoshoni","ABBREVN":"Shoshoni","wikipedia":null,"SUBJECTO":"Shoshoni","BORDERPRECISION":1,"PARTOF":"Shoshoni"},"geometry":{"type":"MultiPolygon","coordinates":[[[[-113.429,45.358],[-112.399,45.227],[-111.549,45.507],[-110.963,45.067],[-110.279,44.748],[-109.026,44.49],[-107.75,44.042],[-107.18,43.958],[-106.823,43.715],[-106.526,42.122],[-105.117,40.861],[-109.557,40.894],[-111.872,40.566],[-112.242,40.313],[-112.602,39.678],[-113.413,39.17],[-113.521,38.876],[-114.638,38.686],[-115.395,38.27],[-115.683,37.545],[-115.656,36.727],[-115.773,36.473],[-116.205,36.466],[-116.755,36.828],[-117.065,36.71],[-117.121,36.531],[-117.474,36.372],[-117.505,35.951],[-117.908,35.78],[-118.034,36.575],[-117.899,36.82],[-118.007,37.388],[-117.701,37.816],[-117.737,38.693],[-116.881,41.981],[-116.16,43.017],[-116.124,44.706],[-114.205,45.531],[-113.429,45.358]]]]}},{"type":"Feature","properties":{"NAME":"Pomo","ABBREVN":"Pomo","wikipedia":null,"SUBJECTO":"Pomo","BORDERPRECISION":1,"PARTOF":"Pomo"},"geometry":{"type":"MultiPolygon","coordinates":[[[[-123.933,39.821],[-123.111,39.714],[-122.979,39.549],[-122.782,39.53],[-122.716,38.981],[-122.913,38.981],[-122.691,38.698],[-123.247,38.552],[-123.46,38.704],[-123.796,39.03],[-123.745,39.076],[-123.892,39.414],[-123.82,39.607],[-123.933,39.821]]]]}},{"type":"Feature","properties":{"NAME":"Biloxi","ABBREVN":"Biloxi","wikipedia":null,"SUBJECTO":"Biloxi","BORDERPRECISION":1,"PARTOF":"Biloxi"},"geometry":{"type":"MultiPolygon","coordinates":[[[[-88.381,30.778],[-88.287,30.772],[-88.214,30.35],[-88.755,30.392],[-88.823,30.548],[-89.092,30.744],[-88.381,30.778]],[[-117.711,45.636],[-117.711,45.636],[-117.395,44.792],[-117.711,45.636]],[[-117.852,46.347],[-117.571,46.024],[-117.571,46.024],[-117.852,46.347]]]]}},{"type":"Feature","properties":{"NAME":"Cayuse","ABBREVN":"Cayuse","wikipedia":null,"SUBJECTO":"Cayuse","BORDERPRECISION":1,"PARTOF":"Cayuse"},"geometry":{"type":"MultiPolygon","coordinates":[[[[-118.728,45.898],[-117.852,46.347],[-117.571,46.024],[-117.711,45.636],[-117.395,44.792],[-117.994,44.924],[-118.995,44.93],[-119.069,45.171],[-119.307,45.468],[-119.003,45.805],[-118.951,46.033],[-118.728,45.898]]]]}},{"type":"Feature","properties":{"NAME":"Beothuk","ABBREVN":"Beothuk","wikipedia":null,"SUBJECTO":"Beothuk","BORDERPRECISION":1,"PARTOF":"Beothuk"},"geometry":{"type":"MultiPolygon","coordinates":[[[[-53.115,48.524],[-53.411,48.295],[-53.882,48.189],[-53.577,47.74],[-53.356,47.949],[-53.118,47.878],[-53.163,47.675],[-53.096,47.552],[-52.735,47.546],[-53.07,46.731],[-53.625,46.886],[-53.644,47.179],[-53.914,46.996],[-54.082,46.99],[-54.125,47.113],[-53.901,47.407],[-53.896,47.557],[-54.086,47.771],[-54.211,47.804],[-55.408,46.948],[-55.804,46.967],[-55.904,47.064],[-55.277,47.313],[-55.067,47.548],[-54.783,47.711],[-55.368,47.795],[-55.513,47.586],[-55.698,47.579],[-55.739,47.872],[-56.079,47.865],[-56.146,47.735],[-56.33,47.636],[-56.804,47.616],[-58.091,47.763],[-59.157,47.67],[-59.319,47.963],[-58.139,48.599],[-58.68,48.703],[-58.392,49.037],[-58.231,49.109],[-57.974,49.083],[-57.814,49.202],[-58.128,49.496],[-57.86,49.988],[-57.356,50.595],[-56.376,51.384],[-55.561,51.557],[-55.422,51.425],[-55.927,51.252],[-55.77,51.054],[-56.662,50.056],[-56.784,49.819],[-56.733,49.688],[-56.49,49.768],[-56.273,50.017],[-56.067,50.103],[-55.565,49.966],[-55.968,49.657],[-55.107,49.279],[-54.766,49.293],[-54.62,49.476],[-54.481,49.503],[-53.509,49.282],[-54.13,48.836],[-53.763,48.523],[-53.249,48.648],[-53.115,48.524]]]]}},{"type":"Feature","properties":{"NAME":"Montagnais Innu","ABBREVN":"Montagnais","wikipedia":null,"SUBJECTO":"Montagnais Innu","BORDERPRECISION":1,"PARTOF":"Montagnais Innu"},"geometry":{"type":"MultiPolygon","coordinates":[[[[-61.743,56.171],[-61.25,56.077],[-60.468,55.659],[-60.373,55.422],[-60.575,55.071],[-59.694,55.154],[-58.557,54.772],[-57.433,54.58],[-57.515,54.466],[-58.844,54.148],[-59.399,53.866],[-59.992,53.805],[-60.137,53.684],[-60.124,53.517],[-60.246,53.277],[-59.181,53.519],[-58.64,53.868],[-58.077,54.083],[-57.561,54.131],[-57.263,54.024],[-57.106,53.871],[-57.285,53.67],[-57.131,53.483],[-56.649,53.658],[-55.881,53.352],[-55.77,53.159],[-55.927,52.805],[-56.11,52.605],[-55.659,52.187],[-55.824,52.021],[-56.964,51.488],[-58.524,51.379],[-59.44,50.644],[-60.138,50.412],[-61.64,50.277],[-65.244,50.351],[-64.881,50.334],[-62.954,54.22],[-61.743,56.171]]]]}},{"type":"Feature","properties":{"NAME":"Missouri","ABBREVN":"Missouri","wikipedia":null,"SUBJECTO":"Missouri","BORDERPRECISION":1,"PARTOF":"Missouri"},"geometry":{"type":"MultiPolygon","coordinates":[[[[-94.473,38.786],[-94.535,39.16],[-94.769,39.16],[-95.065,39.57],[-94.892,39.854],[-95.077,39.826],[-95.373,40.043],[-95.398,40.26],[-95.238,40.635],[-95.016,40.682],[-93.709,40.175],[-92.796,40.337],[-92.837,40.307],[-92.216,40.085],[-91.786,39.286],[-91.626,38.469],[-94.473,38.786]]]]}},{"type":"Feature","properties":{"NAME":"Kansa","ABBREVN":"Kansa","wikipedia":null,"SUBJECTO":"Kansa","BORDERPRECISION":1,"PARTOF":"Kansa"},"geometry":{"type":"MultiPolygon","coordinates":[[[[-97.043,40.249],[-96.023,40.017],[-95.259,39.96],[-95.077,39.826],[-94.892,39.854],[-95.065,39.57],[-94.769,39.16],[-94.535,39.16],[-94.474,38.79],[-95.742,38.678],[-96.734,38.488],[-97.16,38.294],[-97.807,38.777],[-97.607,39.314],[-97.043,40.249]]]]}},{"type":"Feature","properties":{"NAME":null,"ABBREVN":null,"wikipedia":null,"SUBJECTO":null,"BORDERPRECISION":1,"PARTOF":null},"geometry":{"type":"MultiPolygon","coordinates":[[[[-122.014,48.165],[-121.439,48.05],[-121.267,47.709],[-121.297,47.407],[-121.469,47.356],[-122.633,47.492],[-122.486,47.606],[-122.359,48.168],[-122.014,48.165]]]]}},{"type":"Feature","properties":{"NAME":"Osage","ABBREVN":"Osage","wikipedia":null,"SUBJECTO":"Osage","BORDERPRECISION":1,"PARTOF":"Osage"},"geometry":{"type":"MultiPolygon","coordinates":[[[[-90.807,37.175],[-91.34,36.605],[-91.837,35.72],[-92.622,35.046],[-92.846,34.655],[-94.937,34.621],[-95.416,34.74],[-95.351,34.048],[-95.454,35.132],[-96.002,35.194],[-96.776,34.874],[-97.51,34.884],[-97.406,35.576],[-96.747,36.686],[-96.586,37.248],[-97.052,38.214],[-97.16,38.294],[-96.734,38.488],[-95.742,38.678],[-94.474,38.79],[-91.626,38.469],[-90.528,37.939],[-90.807,37.175]]]]}},{"type":"Feature","properties":{"NAME":"Quapaw","ABBREVN":"Quapaw","wikipedia":null,"SUBJECTO":"Quapaw","BORDERPRECISION":1,"PARTOF":"Quapaw"},"geometry":{"type":"MultiPolygon","coordinates":[[[[-89.104,36.948],[-89.67,36.19],[-89.869,35.59],[-89.796,35.019],[-90.704,33.431],[-90.763,32.97],[-91.626,32.957],[-92.117,33.903],[-92.846,34.655],[-92.622,35.046],[-91.837,35.72],[-91.34,36.605],[-90.807,37.175],[-89.104,36.948]]]]}},{"type":"Feature","properties":{"NAME":null,"ABBREVN":null,"wikipedia":null,"SUBJECTO":null,"BORDERPRECISION":1,"PARTOF":null},"geometry":{"type":"MultiPolygon","coordinates":[[[[-101.376,47.566],[-100.472,47.686],[-100.305,46.899],[-101.576,46.823],[-101.911,47.158],[-101.376,47.566]]]]}},{"type":"Feature","properties":{"NAME":null,"ABBREVN":null,"wikipedia":null,"SUBJECTO":null,"BORDERPRECISION":1,"PARTOF":null},"geometry":{"type":"MultiPolygon","coordinates":[[[[-124.159,48.254],[-124.281,47.97],[-124.592,47.906],[-124.726,48.118],[-124.675,48.386],[-124.159,48.254]]]]}},{"type":"Feature","properties":{"NAME":null,"ABBREVN":null,"wikipedia":null,"SUBJECTO":null,"BORDERPRECISION":1,"PARTOF":null},"geometry":{"type":"MultiPolygon","coordinates":[[[[-124.276,47.982],[-123.995,47.927],[-123.705,47.744],[-123.842,47.635],[-124.18,47.641],[-124.353,47.529],[-124.592,47.906],[-124.276,47.982]]]]}},{"type":"Feature","properties":{"NAME":null,"ABBREVN":null,"wikipedia":null,"SUBJECTO":null,"BORDERPRECISION":1,"PARTOF":null},"geometry":{"type":"MultiPolygon","coordinates":[[[[-123.131,47.532],[-123.367,47.673],[-122.943,48.091],[-122.826,48.023],[-122.808,47.828],[-123.131,47.532]]]]}},{"type":"Feature","properties":{"NAME":null,"ABBREVN":null,"wikipedia":null,"SUBJECTO":null,"BORDERPRECISION":1,"PARTOF":null},"geometry":{"type":"MultiPolygon","coordinates":[[[[-123.343,47.659],[-123.528,47.565],[-123.995,47.927],[-124.276,47.982],[-124.159,48.254],[-123.259,48.206],[-122.943,48.091],[-123.343,47.659]]]]}},{"type":"Feature","properties":{"NAME":null,"ABBREVN":null,"wikipedia":null,"SUBJECTO":null,"BORDERPRECISION":1,"PARTOF":null},"geometry":{"type":"MultiPolygon","coordinates":[[[[-123.525,47.566],[-123.515,47.506],[-124.249,47.019],[-124.353,47.529],[-124.18,47.641],[-123.842,47.635],[-123.746,47.711],[-123.525,47.566]]]]}},{"type":"Feature","properties":{"NAME":null,"ABBREVN":null,"wikipedia":null,"SUBJECTO":null,"BORDERPRECISION":1,"PARTOF":null},"geometry":{"type":"MultiPolygon","coordinates":[[[[-123.647,47.418],[-123.5,47.312],[-123.066,46.671],[-123.664,46.617],[-124.176,46.811],[-124.17,46.941],[-123.905,47.042],[-124.119,47.103],[-123.647,47.418]]]]}},{"type":"Feature","properties":{"NAME":null,"ABBREVN":null,"wikipedia":null,"SUBJECTO":null,"BORDERPRECISION":1,"PARTOF":null},"geometry":{"type":"MultiPolygon","coordinates":[[[[-124.571,43.16],[-123.956,43.066],[-123.854,42.236],[-124.37,42.192],[-124.561,42.602],[-124.63,43.014],[-124.571,43.16]]]]}},{"type":"Feature","properties":{"NAME":null,"ABBREVN":null,"wikipedia":null,"SUBJECTO":null,"BORDERPRECISION":1,"PARTOF":null},"geometry":{"type":"MultiPolygon","coordinates":[[[[-123.878,42.694],[-123.223,42.702],[-123.178,42.194],[-123.433,42.17],[-123.548,41.938],[-123.662,42.198],[-123.854,42.28],[-123.878,42.694]]]]}},{"type":"Feature","properties":{"NAME":null,"ABBREVN":null,"wikipedia":null,"SUBJECTO":null,"BORDERPRECISION":1,"PARTOF":null},"geometry":{"type":"MultiPolygon","coordinates":[[[[-123.854,42.28],[-123.662,42.198],[-123.548,41.938],[-123.771,41.591],[-124.194,41.731],[-124.37,42.192],[-123.854,42.28]]]]}},{"type":"Feature","properties":{"NAME":null,"ABBREVN":null,"wikipedia":null,"SUBJECTO":null,"BORDERPRECISION":1,"PARTOF":null},"geometry":{"type":"MultiPolygon","coordinates":[[[[-91.041,43.843],[-91.135,43.934],[-91.134,43.935],[-91.041,43.843]]]]}},{"type":"Feature","properties":{"NAME":null,"ABBREVN":null,"wikipedia":null,"SUBJECTO":null,"BORDERPRECISION":1,"PARTOF":null},"geometry":{"type":"MultiPolygon","coordinates":[[[[-124.261,41.017],[-123.912,41.017],[-123.833,40.871],[-123.956,40.63],[-124.086,40.756],[-124.345,40.806],[-124.261,41.017]]]]}},{"type":"Feature","properties":{"NAME":"Papago","ABBREVN":"Papago","wikipedia":null,"SUBJECTO":"Papago","BORDERPRECISION":1,"PARTOF":"Papago"},"geometry":{"type":"MultiPolygon","coordinates":[[[[-112.141,32.83],[-111.822,32.388],[-111.627,31.63],[-112.047,30.228],[-112.721,30.073],[-113.085,30.77],[-113.052,31.139],[-113.662,31.335],[-113.746,31.608],[-113.952,31.69],[-114.195,31.524],[-114.723,31.763],[-114.035,32.445],[-113.733,32.57],[-112.141,32.83]]]]}},{"type":"Feature","properties":{"NAME":null,"ABBREVN":null,"wikipedia":null,"SUBJECTO":null,"BORDERPRECISION":1,"PARTOF":null},"geometry":{"type":"MultiPolygon","coordinates":[[[[-117.382,34.38],[-117.535,34.213],[-117.57,33.997],[-117.972,33.708],[-118.288,33.843],[-118.438,33.794],[-118.502,33.983],[-118.674,34.103],[-118.6,34.598],[-117.933,34.622],[-117.382,34.38]]]]}},{"type":"Feature","properties":{"NAME":"Luiseno","ABBREVN":"Luiseno","wikipedia":null,"SUBJECTO":"Luiseno","BORDERPRECISION":1,"PARTOF":"Luiseno"},"geometry":{"type":"MultiPolygon","coordinates":[[[[-116.779,34.002],[-116.677,33.846],[-116.833,33.623],[-116.443,33.268],[-117.379,33.109],[-117.497,33.325],[-117.972,33.708],[-117.57,33.997],[-117.535,34.213],[-117.382,34.38],[-116.882,34.159],[-116.779,34.002]]]]}},{"type":"Feature","properties":{"NAME":"Houma","ABBREVN":"Houma","wikipedia":null,"SUBJECTO":"Houma","BORDERPRECISION":1,"PARTOF":"Houma"},"geometry":{"type":"MultiPolygon","coordinates":[[[[-90.256,31.321],[-90.196,31.083],[-90.37,30.758],[-91.541,30.796],[-91.253,31.18],[-90.256,31.321]]]]}},{"type":"Feature","properties":{"NAME":null,"ABBREVN":null,"wikipedia":null,"SUBJECTO":null,"BORDERPRECISION":1,"PARTOF":null},"geometry":{"type":"MultiPolygon","coordinates":[[[[-90.48,33.884],[-89.066,33.854],[-89.025,33.438],[-90.711,33.377],[-90.48,33.884]]]]}},{"type":"Feature","properties":{"NAME":"Cusabo","ABBREVN":"Cusabo","wikipedia":null,"SUBJECTO":"Cusabo","BORDERPRECISION":1,"PARTOF":"Cusabo"},"geometry":{"type":"MultiPolygon","coordinates":[[[[-71.765,41.396],[-71.736,41.951],[-70.534,42.019],[-70.482,41.807],[-70.302,41.759],[-69.991,41.867],[-70.001,41.951],[-70.222,42.106],[-70.138,42.136],[-69.936,41.915],[-69.922,41.724],[-70.642,41.592],[-70.712,41.795],[-70.967,41.562],[-71.173,41.527],[-71.194,41.676],[-71.104,41.825],[-71.304,41.771],[-71.373,41.837],[-71.449,41.425],[-71.765,41.396]]]]}},{"type":"Feature","properties":{"NAME":"Yuchi","ABBREVN":"Yuchi","wikipedia":null,"SUBJECTO":"Yuchi","BORDERPRECISION":1,"PARTOF":"Yuchi"},"geometry":{"type":"MultiPolygon","coordinates":[[[[-82.909,36.361],[-83.159,35.958],[-83.933,35.533],[-84.295,35.227],[-85.044,34.972],[-86.23,34.972],[-86.669,35.096],[-85.24,35.689],[-83.253,36.669],[-82.909,36.361]]]]}},{"type":"Feature","properties":{"NAME":"Cherokee","ABBREVN":"Cherokee","wikipedia":null,"SUBJECTO":"Cherokee","BORDERPRECISION":1,"PARTOF":"Cherokee"},"geometry":{"type":"MultiPolygon","coordinates":[[[[-81.523,37.261],[-80.749,37.36],[-80.175,37.667],[-80.312,37.132],[-81.998,35.736],[-82.56,34.9],[-83.696,34.046],[-84.407,33.88],[-85.007,33.922],[-85.094,34.191],[-85.051,34.972],[-84.295,35.227],[-83.933,35.533],[-83.159,35.958],[-82.909,36.361],[-83.253,36.669],[-81.877,37.363],[-81.523,37.261]]]]}},{"type":"Feature","properties":{"NAME":"Zuni","ABBREVN":"Zuni","wikipedia":null,"SUBJECTO":"Zuni","BORDERPRECISION":1,"PARTOF":"Zuni"},"geometry":{"type":"MultiPolygon","coordinates":[[[[-109.349,34.719],[-109.457,34.875],[-109.377,35.05],[-109.082,35.299],[-108.883,35.37],[-108.44,35.299],[-108.328,34.875],[-108.365,34.481],[-108.827,34.527],[-109.294,34.64],[-109.349,34.719]]]]}},{"type":"Feature","properties":{"NAME":"Mescalero","ABBREVN":"Mescalero","wikipedia":null,"SUBJECTO":"Mescalero","BORDERPRECISION":1,"PARTOF":"Mescalero"},"geometry":{"type":"MultiPolygon","coordinates":[[[[-107.103,32.61],[-107.284,32.656],[-107.32,33.163],[-106.989,33.253],[-106.587,33.98],[-105.788,34.773],[-105.427,35.266],[-105.364,35.828],[-104.229,35.352],[-104.167,35.39],[-104.355,34.89],[-103.829,34.216],[-103.619,32.786],[-103.367,32.386],[-100.304,31.123],[-101.271,29.667],[-101.728,29.803],[-102.722,29.749],[-102.961,29.344],[-103.741,29.234],[-104.206,29.617],[-104.785,30.586],[-106.181,31.738],[-106.445,31.759],[-107.103,32.61]]]]}},{"type":"Feature","properties":{"NAME":"Apache","ABBREVN":"Apache","wikipedia":null,"SUBJECTO":"Apache","BORDERPRECISION":1,"PARTOF":"Apache"},"geometry":{"type":"MultiPolygon","coordinates":[[[[-100.106,31.04],[-100.106,31.04],[-100.106,31.04],[-100.106,31.04]]]]}},{"type":"Feature","properties":{"NAME":"Jicarilla","ABBREVN":"Jicarilla","wikipedia":null,"SUBJECTO":"Jicarilla","BORDERPRECISION":1,"PARTOF":"Jicarilla"},"geometry":{"type":"MultiPolygon","coordinates":[[[[-105.315,36.143],[-105.269,36.453],[-104.632,36.974],[-104.162,37.779],[-102.875,37.602],[-102.875,36.38],[-103.303,35.92],[-104.229,35.352],[-105.364,35.828],[-105.315,36.143]]]]}},{"type":"Feature","properties":{"NAME":null,"ABBREVN":null,"wikipedia":null,"SUBJECTO":null,"BORDERPRECISION":1,"PARTOF":null},"geometry":{"type":"MultiPolygon","coordinates":[[[[-109.349,34.719],[-109.335,34.699],[-109.349,34.719],[-109.349,34.719]]]]}},{"type":"Feature","properties":{"NAME":null,"ABBREVN":null,"wikipedia":null,"SUBJECTO":null,"BORDERPRECISION":1,"PARTOF":null},"geometry":{"type":"MultiPolygon","coordinates":[[[[-103.303,35.92],[-101.684,37.624],[-103.303,35.92]]]]}},{"type":"Feature","properties":{"NAME":null,"ABBREVN":null,"wikipedia":null,"SUBJECTO":null,"BORDERPRECISION":1,"PARTOF":null},"geometry":{"type":"MultiPolygon","coordinates":[[[[-109.377,35.05],[-109.377,35.05],[-109.377,35.05],[-109.377,35.05]]]]}},{"type":"Feature","properties":{"NAME":"Cahulia","ABBREVN":"Cahulia","wikipedia":null,"SUBJECTO":"Cahulia","BORDERPRECISION":1,"PARTOF":"Cahulia"},"geometry":{"type":"MultiPolygon","coordinates":[[[[-114.929,33.891],[-114.925,33.672],[-115.064,33.51],[-116.443,33.268],[-116.833,33.623],[-116.677,33.846],[-116.882,34.159],[-115.236,34.012],[-114.929,33.891]]]]}},{"type":"Feature","properties":{"NAME":null,"ABBREVN":null,"wikipedia":null,"SUBJECTO":null,"BORDERPRECISION":1,"PARTOF":null},"geometry":{"type":"MultiPolygon","coordinates":[[[[-115.064,33.51],[-114.925,33.672],[-114.929,33.891],[-114.646,34.381],[-113.941,34.352],[-114.334,33.187],[-114.914,33.528],[-115.064,33.51]]]]}},{"type":"Feature","properties":{"NAME":null,"ABBREVN":null,"wikipedia":null,"SUBJECTO":null,"BORDERPRECISION":1,"PARTOF":null},"geometry":{"type":"MultiPolygon","coordinates":[[[[-106.761,34.941],[-106.904,34.603],[-107.245,35.113],[-106.619,35.613],[-106.279,35.674],[-106.137,35.542],[-106.274,35.273],[-106.761,34.941]]]]}},{"type":"Feature","properties":{"NAME":null,"ABBREVN":null,"wikipedia":null,"SUBJECTO":null,"BORDERPRECISION":1,"PARTOF":null},"geometry":{"type":"MultiPolygon","coordinates":[[[[-106.493,35.123],[-105.79,34.771],[-106.064,34.485],[-106.503,34.545],[-106.845,34.773],[-106.792,34.929],[-106.493,35.123]]]]}},{"type":"Feature","properties":{"NAME":null,"ABBREVN":null,"wikipedia":null,"SUBJECTO":null,"BORDERPRECISION":1,"PARTOF":null},"geometry":{"type":"MultiPolygon","coordinates":[[[[-108.44,35.299],[-107.245,35.113],[-106.904,34.603],[-107.079,34.449],[-108.365,34.481],[-108.328,34.875],[-108.44,35.299]]]]}},{"type":"Feature","properties":{"NAME":"Walapai","ABBREVN":"Walapai","wikipedia":null,"SUBJECTO":"Walapai","BORDERPRECISION":1,"PARTOF":"Walapai"},"geometry":{"type":"MultiPolygon","coordinates":[[[[-114.144,34.833],[-114.311,35.035],[-114.425,35.54],[-114.728,35.742],[-114.666,35.801],[-114.766,36.192],[-114.223,36.053],[-114.021,36.216],[-113.407,35.801],[-113.371,35.889],[-112.948,35.489],[-112.824,35.156],[-113.153,34.721],[-113.588,34.582],[-114.144,34.833]]]]}},{"type":"Feature","properties":{"NAME":null,"ABBREVN":null,"wikipedia":null,"SUBJECTO":null,"BORDERPRECISION":1,"PARTOF":null},"geometry":{"type":"MultiPolygon","coordinates":[[[[-106.064,36.323],[-105.269,36.453],[-105.364,35.828],[-105.838,35.963],[-106.064,36.323]]]]}},{"type":"Feature","properties":{"NAME":"Tano","ABBREVN":"Tano","wikipedia":null,"SUBJECTO":"Tano","BORDERPRECISION":1,"PARTOF":"Tano"},"geometry":{"type":"MultiPolygon","coordinates":[[[[-106.493,35.123],[-106.274,35.273],[-106.137,35.542],[-105.427,35.266],[-105.788,34.773],[-106.493,35.123]]]]}},{"type":"Feature","properties":{"NAME":null,"ABBREVN":null,"wikipedia":null,"SUBJECTO":null,"BORDERPRECISION":1,"PARTOF":null},"geometry":{"type":"MultiPolygon","coordinates":[[[[-106.692,35.977],[-106.461,35.687],[-106.905,35.329],[-106.99,35.368],[-107.048,35.599],[-106.692,35.977]]]]}},{"type":"Feature","properties":{"NAME":"Pewa","ABBREVN":"Pewa","wikipedia":null,"SUBJECTO":"Pewa","BORDERPRECISION":1,"PARTOF":"Pewa"},"geometry":{"type":"MultiPolygon","coordinates":[[[[-106.692,35.977],[-106.064,36.323],[-105.838,35.963],[-105.364,35.828],[-105.427,35.266],[-106.137,35.542],[-106.279,35.674],[-106.461,35.687],[-106.692,35.977]]]]}},{"type":"Feature","properties":{"NAME":"Ute","ABBREVN":"Ute","wikipedia":null,"SUBJECTO":"Ute","BORDERPRECISION":1,"PARTOF":"Ute"},"geometry":{"type":"MultiPolygon","coordinates":[[[[-111.12,37.858],[-111.746,37.868],[-112.198,38.224],[-112.461,38.675],[-113.338,38.783],[-113.517,38.886],[-113.413,39.17],[-112.602,39.678],[-112.242,40.313],[-111.872,40.566],[-109.557,40.894],[-105.117,40.861],[-104.258,39.822],[-104.162,37.779],[-104.632,36.974],[-106.455,37.191],[-107.381,36.916],[-108.032,36.612],[-108.798,36.785],[-109.334,37.191],[-109.869,37.089],[-110.317,37.335],[-110.338,37.174],[-110.844,37.182],[-111.12,37.858]]]]}},{"type":"Feature","properties":{"NAME":"Nayarit","ABBREVN":"Nayarit","wikipedia":null,"SUBJECTO":"Nayarit","BORDERPRECISION":1,"PARTOF":"Nayarit"},"geometry":{"type":"MultiPolygon","coordinates":[[[[-106.933,24.641],[-105.466,22.844],[-105.293,23.122],[-105.261,22.914],[-105.066,22.794],[-104.797,22.056],[-104.3,21.876],[-103.448,21.926],[-103.718,21.566],[-104.031,21.535],[-104.009,21.395],[-103.599,21.003],[-103.782,20.7],[-103.752,20.61],[-105.507,20.104],[-105.687,20.403],[-105.312,20.588],[-105.291,20.67],[-105.44,20.835],[-105.234,21.141],[-105.216,21.313],[-105.628,21.954],[-105.508,22.164],[-105.54,22.285],[-107.336,24.222],[-106.933,24.641]]]]}},{"type":"Feature","properties":{"NAME":"Timucua","ABBREVN":"Timucua","wikipedia":null,"SUBJECTO":"Timucua","BORDERPRECISION":1,"PARTOF":"Timucua"},"geometry":{"type":"MultiPolygon","coordinates":[[[[-80.598,28.523],[-82.705,28.523],[-82.647,28.907],[-82.779,29.11],[-83.118,29.242],[-83.847,30.012],[-83.736,30.375],[-83.351,30.783],[-82.842,30.986],[-81.419,30.98],[-81.512,30.727],[-81.405,30.073],[-80.598,28.523]]]]}},{"type":"Feature","properties":{"NAME":"Catawba","ABBREVN":"Catawba","wikipedia":null,"SUBJECTO":"Catawba","BORDERPRECISION":1,"PARTOF":"Catawba"},"geometry":{"type":"MultiPolygon","coordinates":[[[[-77.465,35.204],[-77.199,34.68],[-77.296,34.667],[-77.963,33.933],[-78.899,33.702],[-79.204,33.46],[-79.431,33.04],[-80.301,33.422],[-80.475,33.664],[-81.055,33.953],[-82.049,34.255],[-82.339,34.555],[-82.491,35.002],[-81.998,35.736],[-80.582,36.872],[-78.966,36.635],[-78.433,36.355],[-78.012,36.52],[-78.238,35.549],[-78.135,35.399],[-77.465,35.204]]]]}},{"type":"Feature","properties":{"NAME":null,"ABBREVN":null,"wikipedia":null,"SUBJECTO":null,"BORDERPRECISION":1,"PARTOF":null},"geometry":{"type":"MultiPolygon","coordinates":[[[[-77.118,36.679],[-77.662,36.907],[-78.055,36.976],[-77.917,37.151],[-77.618,37.087],[-77.517,37.182],[-77.071,36.883],[-77.118,36.679]]]]}},{"type":"Feature","properties":{"NAME":"Conoy","ABBREVN":"Conoy","wikipedia":null,"SUBJECTO":"Conoy","BORDERPRECISION":1,"PARTOF":"Conoy"},"geometry":{"type":"MultiPolygon","coordinates":[[[[-77.254,38.68],[-77.76,38.701],[-78.406,39.019],[-77.842,39.623],[-77.799,39.937],[-76.342,39.448],[-76.385,39.275],[-76.587,39.311],[-76.405,39.085],[-76.538,38.785],[-76.408,38.397],[-76.663,38.634],[-76.573,38.444],[-76.384,38.337],[-76.324,38.109],[-76.608,38.29],[-76.767,38.293],[-76.82,38.42],[-76.89,38.444],[-76.861,38.331],[-77.104,38.477],[-77.253,38.459],[-77.246,38.589],[-77.054,38.735],[-77.254,38.68]]]]}},{"type":"Feature","properties":{"NAME":"Assiniboin","ABBREVN":"Assiniboin","wikipedia":null,"SUBJECTO":"Assiniboin","BORDERPRECISION":1,"PARTOF":"Assiniboin"},"geometry":{"type":"MultiPolygon","coordinates":[[[[-106.277,51.517],[-102.587,53.565],[-100.09,52.309],[-98.488,52.352],[-98.353,48.605],[-99.065,47.935],[-101.376,47.566],[-101.911,47.158],[-103.335,47.61],[-106.189,47.906],[-108.642,50.204],[-106.277,51.517]]]]}},{"type":"Feature","properties":{"NAME":"Blackfoot","ABBREVN":"Blackfoot","wikipedia":null,"SUBJECTO":"Blackfoot","BORDERPRECISION":1,"PARTOF":"Blackfoot"},"geometry":{"type":"MultiPolygon","coordinates":[[[[-112.592,46.673],[-113.429,47.728],[-114.083,49.774],[-110.611,50.337],[-109.644,49.648],[-110.532,49.155],[-110.191,47.988],[-110.176,46.78],[-111.549,45.507],[-110.963,45.067],[-110.279,44.748],[-109.026,44.49],[-107.75,44.042],[-107.309,43.977],[-107.75,44.042],[-109.026,44.49],[-110.279,44.748],[-110.963,45.067],[-111.549,45.507],[-112.399,45.227],[-113.429,45.358],[-112.592,46.673]],[[-113.208,45.706],[-113.208,45.706],[-113.429,45.358],[-113.208,45.706]]]]}},{"type":"Feature","properties":{"NAME":"Aaniiih","ABBREVN":"Aaniiih","wikipedia":null,"SUBJECTO":"Gros Ventre","BORDERPRECISION":1,"PARTOF":"Aaniiih"},"geometry":{"type":"MultiPolygon","coordinates":[[[[-106.285,47.918],[-107.812,47.194],[-110.176,46.78],[-110.191,47.988],[-110.532,49.155],[-108.642,50.204],[-106.189,47.906],[-106.285,47.918]]]]}},{"type":"Feature","properties":{"NAME":"Oto","ABBREVN":"Oto","wikipedia":null,"SUBJECTO":"Oto","BORDERPRECISION":1,"PARTOF":"Oto"},"geometry":{"type":"MultiPolygon","coordinates":[[[[-96.723,41.192],[-96.519,41.211],[-96.487,41.105],[-96.106,40.95],[-95.645,40.943],[-95.016,40.682],[-95.238,40.635],[-95.398,40.26],[-95.373,40.043],[-95.259,39.96],[-96.023,40.017],[-97.043,40.249],[-96.723,41.192]]]]}},{"type":"Feature","properties":{"NAME":"Iowa","ABBREVN":"Iowa","wikipedia":null,"SUBJECTO":"Iowa","BORDERPRECISION":1,"PARTOF":"Iowa"},"geometry":{"type":"MultiPolygon","coordinates":[[[[-96.487,41.105],[-96.585,41.437],[-96.213,41.926],[-94.657,42.094],[-94.109,42.427],[-94.02,42.643],[-93.11,42.766],[-92.453,42.691],[-91.368,42.108],[-91.327,41.536],[-92.038,40.87],[-92.796,40.337],[-93.709,40.175],[-95.489,40.825],[-95.645,40.943],[-96.106,40.95],[-96.487,41.105]]]]}},{"type":"Feature","properties":{"NAME":"Omaha","ABBREVN":"Omaha","wikipedia":null,"SUBJECTO":"Omaha","BORDERPRECISION":1,"PARTOF":"Omaha"},"geometry":{"type":"MultiPolygon","coordinates":[[[[-98.293,42.317],[-98.012,42.757],[-97.272,42.903],[-96.345,42.475],[-96.098,41.937],[-96.213,41.926],[-96.585,41.437],[-96.519,41.211],[-96.723,41.192],[-97.198,41.362],[-97.534,42.008],[-97.926,42.035],[-98.293,42.317]]]]}},{"type":"Feature","properties":{"NAME":"Ponca","ABBREVN":"Ponca","wikipedia":null,"SUBJECTO":"Ponca","BORDERPRECISION":1,"PARTOF":"Ponca"},"geometry":{"type":"MultiPolygon","coordinates":[[[[-100.933,43.885],[-100.451,44.148],[-99.862,44.328],[-99.889,44.2],[-99.449,43.992],[-98.012,42.757],[-98.293,42.317],[-99.837,42.681],[-100.856,42.762],[-100.933,43.885]]]]}},{"type":"Feature","properties":{"NAME":"Santee","ABBREVN":"Santee","wikipedia":null,"SUBJECTO":"Santee","BORDERPRECISION":1,"PARTOF":"Santee"},"geometry":{"type":"MultiPolygon","coordinates":[[[[-95.905,44.63],[-97.236,45.343],[-97.197,45.903],[-96.513,46.644],[-96.487,46.857],[-96.797,47.165],[-95.065,47.655],[-93.864,47.646],[-93.347,47.235],[-93.528,46.1],[-91.134,43.935],[-91.816,43.12],[-92.453,42.691],[-93.11,42.766],[-94.026,42.629],[-93.994,43.251],[-94.666,43.784],[-94.585,44.212],[-95.826,44.512],[-95.905,44.63]]]]}},{"type":"Feature","properties":{"NAME":null,"ABBREVN":null,"wikipedia":null,"SUBJECTO":null,"BORDERPRECISION":1,"PARTOF":null},"geometry":{"type":"MultiPolygon","coordinates":[[[[-91.056,43.961],[-90.704,44.082],[-88.136,44.052],[-88.218,43.89],[-89.172,43.026],[-89.105,42.891],[-89.832,42.676],[-91.134,43.935],[-91.056,43.961]]]]}},{"type":"Feature","properties":{"NAME":"Teton","ABBREVN":"Teton","wikipedia":null,"SUBJECTO":"Teton","BORDERPRECISION":1,"PARTOF":"Teton"},"geometry":{"type":"MultiPolygon","coordinates":[[[[-103.335,47.61],[-101.911,47.158],[-101.576,46.823],[-101.272,46.346],[-100.999,45.551],[-101.143,44.715],[-99.979,44.788],[-99.82,44.525],[-99.862,44.328],[-100.451,44.148],[-100.933,43.885],[-100.874,42.763],[-101.056,42.417],[-101.475,42.199],[-101.593,41.989],[-101.393,41.716],[-101.275,41.143],[-103.197,41.607],[-104.164,41.971],[-103.479,42.611],[-102.953,42.985],[-102.884,43.266],[-102.229,44.165],[-102.313,44.485],[-102.755,44.896],[-103.22,45.194],[-103.699,45.3],[-104.225,45.239],[-104.553,45.072],[-104.349,45.21],[-104.698,46.17],[-104.537,47.134],[-103.995,47.636],[-103.335,47.61]]]]}},{"type":"Feature","properties":{"NAME":"Mandan","ABBREVN":"Mandan","wikipedia":null,"SUBJECTO":"Mandan","BORDERPRECISION":1,"PARTOF":"Mandan"},"geometry":{"type":"MultiPolygon","coordinates":[[[[-101.576,46.823],[-100.305,46.899],[-100.212,46.354],[-101.272,46.346],[-101.576,46.823]]]]}},{"type":"Feature","properties":{"NAME":"Yankontai","ABBREVN":"Yankontai","wikipedia":null,"SUBJECTO":"Yankontai","BORDERPRECISION":1,"PARTOF":"Yankontai"},"geometry":{"type":"MultiPolygon","coordinates":[[[[-98.716,48.279],[-98.134,47.597],[-97.152,47.165],[-96.795,47.165],[-96.487,46.857],[-96.513,46.644],[-97.197,45.903],[-97.236,45.343],[-95.905,44.63],[-95.826,44.512],[-97.283,44.397],[-99.82,44.525],[-99.979,44.788],[-100.472,47.686],[-99.065,47.935],[-98.716,48.279]]]]}},{"type":"Feature","properties":{"NAME":null,"ABBREVN":null,"wikipedia":null,"SUBJECTO":null,"BORDERPRECISION":1,"PARTOF":null},"geometry":{"type":"MultiPolygon","coordinates":[[[[-72.487,41.91],[-71.736,41.951],[-71.765,41.396],[-72.427,41.334],[-72.547,41.67],[-72.487,41.91]]]]}},{"type":"Feature","properties":{"NAME":null,"ABBREVN":null,"wikipedia":null,"SUBJECTO":null,"BORDERPRECISION":1,"PARTOF":null},"geometry":{"type":"MultiPolygon","coordinates":[[[[-71.736,41.951],[-72.487,41.91],[-71.994,42.631],[-71.75,42.552],[-71.269,42.583],[-71.736,41.951]]]]}},{"type":"Feature","properties":{"NAME":null,"ABBREVN":null,"wikipedia":null,"SUBJECTO":null,"BORDERPRECISION":1,"PARTOF":null},"geometry":{"type":"MultiPolygon","coordinates":[[[[-122.718,38.691],[-122.317,38.501],[-122.313,38.221],[-122.548,38.162],[-122.531,37.896],[-122.759,37.957],[-122.991,38.139],[-123.247,38.552],[-122.718,38.691]]]]}},{"type":"Feature","properties":{"NAME":"Fox","ABBREVN":"Fox","wikipedia":null,"SUBJECTO":"Fox","BORDERPRECISION":1,"PARTOF":"Fox"},"geometry":{"type":"MultiPolygon","coordinates":[[[[-89.324,44.915],[-87.924,44.35],[-88.136,44.052],[-90.704,44.082],[-90.436,44.401],[-90.32,44.894],[-90.017,45.332],[-89.324,44.915]]]]}},{"type":"Feature","properties":{"NAME":null,"ABBREVN":null,"wikipedia":null,"SUBJECTO":null,"BORDERPRECISION":1,"PARTOF":null},"geometry":{"type":"MultiPolygon","coordinates":[[[[-90.801,46.812],[-90.884,46.604],[-90.716,46.678],[-90.768,46.713],[-90.527,46.603],[-90.277,46.625],[-89.09,46.96],[-88.299,47.399],[-87.767,47.425],[-88.283,47.142],[-88.484,46.81],[-88.181,46.931],[-88.282,46.824],[-88.113,46.914],[-87.883,46.898],[-87.514,46.689],[-88.667,46.134],[-87.867,44.885],[-87.991,44.671],[-87.999,44.583],[-87.848,44.606],[-87.974,44.37],[-89.324,44.915],[-90.017,45.332],[-91.414,46.803],[-90.832,46.944],[-90.801,46.812]]]]}},{"type":"Feature","properties":{"NAME":null,"ABBREVN":null,"wikipedia":null,"SUBJECTO":null,"BORDERPRECISION":1,"PARTOF":null},"geometry":{"type":"MultiPolygon","coordinates":[[[[-87.62,45.025],[-87.621,45.022],[-87.64,45.005],[-87.62,45.025]]]]}},{"type":"Feature","properties":{"NAME":null,"ABBREVN":null,"wikipedia":null,"SUBJECTO":null,"BORDERPRECISION":1,"PARTOF":null},"geometry":{"type":"MultiPolygon","coordinates":[[[[-83.268,45.036],[-83.268,45.036]]]]}},{"type":"Feature","properties":{"NAME":"Obiwa","ABBREVN":"Obiwa","wikipedia":null,"SUBJECTO":"Obiwa","BORDERPRECISION":1,"PARTOF":"Obiwa"},"geometry":{"type":"MultiPolygon","coordinates":[[[[-88.334,48.567],[-88.558,48.442],[-88.364,48.702],[-88.344,48.78],[-88.43,48.825],[-88.797,48.337],[-88.892,48.314],[-88.817,48.507],[-88.888,48.535],[-89.114,48.454],[-89.517,48.004],[-90.457,47.705],[-91.15,47.368],[-92.265,46.651],[-92.111,46.734],[-91.414,46.803],[-90.017,45.332],[-90.32,44.894],[-90.436,44.401],[-90.704,44.082],[-91.134,43.935],[-93.528,46.1],[-93.347,47.235],[-93.864,47.646],[-95.065,47.655],[-96.795,47.165],[-97.152,47.165],[-98.134,47.597],[-98.716,48.279],[-98.353,48.605],[-98.488,52.352],[-81.988,52.804],[-81.734,52.549],[-81.747,52.17],[-81.506,52.141],[-87.717,48.91],[-88.205,48.976],[-88.236,48.871],[-88.118,48.73],[-88.334,48.567]]]]}},{"type":"Feature","properties":{"NAME":"Winebago","ABBREVN":"Winebago","wikipedia":null,"SUBJECTO":"Winebago","BORDERPRECISION":1,"PARTOF":"Winebago"},"geometry":{"type":"MultiPolygon","coordinates":[[[[-87.627,44.8],[-87.47,44.883],[-87.343,44.818],[-87.908,43.192],[-87.791,42.829],[-88.826,42.942],[-89.105,42.891],[-89.172,43.026],[-88.218,43.89],[-87.924,44.35],[-87.974,44.37],[-87.856,44.6],[-87.627,44.8]]]]}},{"type":"Feature","properties":{"NAME":"Erie","ABBREVN":"Erie","wikipedia":null,"SUBJECTO":"Erie","BORDERPRECISION":1,"PARTOF":"Erie"},"geometry":{"type":"MultiPolygon","coordinates":[[[[-83.203,42.011],[-83.393,41.86],[-83.443,41.702],[-82.748,41.534],[-83.027,41.444],[-82.972,41.428],[-82.368,41.414],[-81.628,41.558],[-79.006,42.61],[-78.134,42.403],[-78.79,40.66],[-77.799,39.937],[-77.842,39.623],[-78.29,39.086],[-79.145,38.598],[-79.921,40.419],[-80.746,40.677],[-82.965,40.588],[-84.278,40.707],[-85.172,40.642],[-85.101,40.928],[-85.441,41.672],[-83.745,42.626],[-82.374,43.047],[-83.203,42.011]]]]}},{"type":"Feature","properties":{"NAME":"Potawatomi","ABBREVN":"Potawatomi","wikipedia":null,"SUBJECTO":"Potawatomi","BORDERPRECISION":1,"PARTOF":"Potawatomi"},"geometry":{"type":"MultiPolygon","coordinates":[[[[-85.383,45.033],[-85.369,45.203],[-85.251,45.314],[-84.952,45.408],[-85.104,45.547],[-84.996,45.751],[-84.784,45.772],[-84.797,45.858],[-83.431,45.275],[-83.268,45.036],[-83.438,45.023],[-83.28,44.756],[-83.319,44.429],[-83.569,44.099],[-83.872,43.92],[-83.875,43.685],[-83.744,43.621],[-83.59,43.665],[-83.384,43.911],[-82.836,44.035],[-82.658,43.84],[-82.374,43.047],[-83.745,42.626],[-85.441,41.672],[-86.254,42.524],[-86.243,42.988],[-86.514,43.681],[-86.494,43.999],[-86.265,44.433],[-86.214,44.704],[-85.543,45.212],[-85.609,44.789],[-85.505,44.936],[-85.564,44.758],[-85.492,44.798],[-85.383,45.033]]]]}},{"type":"Feature","properties":{"NAME":"Miami","ABBREVN":"Miami","wikipedia":null,"SUBJECTO":"Miami","BORDERPRECISION":1,"PARTOF":"Miami"},"geometry":{"type":"MultiPolygon","coordinates":[[[[-86.161,42.415],[-85.441,41.672],[-85.101,40.928],[-85.172,40.642],[-85.516,40.399],[-86.317,40.027],[-87.648,38.882],[-87.763,38.91],[-87.745,40.337],[-87.382,41.638],[-86.842,41.766],[-86.518,42.035],[-86.254,42.524],[-86.161,42.415]]]]}},{"type":"Feature","properties":{"NAME":"Menomini","ABBREVN":"Menomini","wikipedia":null,"SUBJECTO":"Menomini","BORDERPRECISION":1,"PARTOF":"Menomini"},"geometry":{"type":"MultiPolygon","coordinates":[[[[-84.818,45.882],[-85.136,46.032],[-85.551,46.062],[-86.295,45.905],[-86.64,45.62],[-86.679,45.702],[-86.543,45.858],[-86.72,45.867],[-86.935,45.681],[-86.995,45.864],[-87.62,45.025],[-87.867,44.885],[-88.667,46.134],[-87.514,46.689],[-87.273,46.512],[-86.734,46.441],[-85.993,46.672],[-85.1,46.749],[-84.982,46.701],[-85.015,46.558],[-84.888,46.477],[-84.22,46.505],[-83.742,46.26],[-83.927,46.087],[-83.927,45.961],[-84.633,46.029],[-84.743,45.863],[-84.818,45.882]]]]}},{"type":"Feature","properties":{"NAME":"Iroquois","ABBREVN":"Iroquois","wikipedia":null,"SUBJECTO":"Iroquois","BORDERPRECISION":1,"PARTOF":"Iroquois"},"geometry":{"type":"MultiPolygon","coordinates":[[[[-76.19,43.966],[-76.135,44.055],[-76.262,43.991],[-76.348,44.069],[-76.281,44.143],[-74.778,45.022],[-72.996,45.022],[-73.311,43.813],[-73.662,43.271],[-74.604,42.644],[-75.091,42.447],[-75.366,42.061],[-76.019,42.188],[-77.279,42.242],[-79.006,42.61],[-78.764,42.754],[-78.98,43.231],[-78.035,43.366],[-77.523,43.19],[-77.389,43.27],[-76.937,43.237],[-76.209,43.565],[-76.192,43.701],[-76.289,43.85],[-76.051,44.008],[-76.19,43.966]]]]}},{"type":"Feature","properties":{"NAME":null,"ABBREVN":null,"wikipedia":null,"SUBJECTO":null,"BORDERPRECISION":1,"PARTOF":null},"geometry":{"type":"MultiPolygon","coordinates":[[[[-84.436,46.708],[-84.545,46.708],[-84.562,46.785],[-84.372,46.872],[-84.657,46.91],[-84.769,47.016],[-84.623,47.261],[-84.924,47.524],[-84.989,47.686],[-84.894,47.86],[-85.027,47.94],[-85.797,47.966],[-86.077,48.179],[-86.295,48.627],[-86.48,48.763],[-87.192,48.774],[-87.717,48.91],[-81.506,52.141],[-80.877,51.906],[-80.573,51.641],[-80.361,51.304],[-80.073,51.298],[-79.338,50.843],[-79.594,51.266],[-79.534,51.418],[-79.276,51.604],[-79.112,51.525],[-78.823,51.161],[-78.7,51.566],[-78.797,51.771],[-78.553,52.01],[-78.491,52.256],[-78.725,52.695],[-78.844,53.281],[-79.035,53.742],[-78.758,53.749],[-78.801,53.963],[-79.399,54.276],[-79.545,54.692],[-78.589,54.922],[-77.234,55.607],[-76.764,56.027],[-76.569,56.272],[-76.472,56.547],[-61.351,57.002],[-61.335,56.811],[-61.545,56.729],[-62.326,56.769],[-61.786,56.195],[-65.244,50.351],[-66.373,50.314],[-66.619,50.221],[-67.096,49.826],[-67.318,49.425],[-68.307,49.227],[-68.801,48.977],[-69.507,48.459],[-70.599,47.433],[-71.039,46.736],[-70.702,47.068],[-70.224,47.342],[-69.254,48.12],[-68.341,48.546],[-67.354,48.846],[-66.435,45.133],[-66.96,45.21],[-67.016,45.144],[-67.187,45.252],[-67.03,45.03],[-67.087,44.969],[-67.568,45.284],[-67.499,45.603],[-67.905,45.672],[-67.844,47.06],[-68.258,47.328],[-69.069,47.216],[-69.069,47.388],[-69.224,47.466],[-70.337,46.215],[-70.621,45.577],[-71.234,45.327],[-71.685,45.325],[-71.933,45.059],[-72.634,44.114],[-72.714,43.942],[-72.659,43.696],[-72.714,43.942],[-72.4,44.391],[-73.108,44.656],[-72.996,45.022],[-74.778,45.022],[-76.016,44.318],[-76.449,44.277],[-77.035,44.059],[-76.885,44.159],[-77.034,44.129],[-76.951,44.247],[-77.54,44.091],[-77.127,44.149],[-77.13,44.017],[-76.881,44.093],[-77.05,43.917],[-76.897,43.936],[-77.079,43.863],[-77.623,44.01],[-78.023,43.985],[-79.153,43.772],[-79.53,43.57],[-79.891,43.269],[-79.478,43.195],[-78.503,43.362],[-77.761,43.321],[-78.035,43.366],[-78.98,43.231],[-78.764,42.754],[-79.613,42.365],[-78.977,42.704],[-78.893,42.87],[-80.023,42.807],[-80.395,42.657],[-80.088,42.543],[-81.014,42.624],[-81.439,42.587],[-81.864,42.257],[-81.883,42.316],[-82.284,42.147],[-82.535,41.94],[-82.586,42.001],[-83.131,42.052],[-82.372,43.044],[-82.233,43.044],[-81.808,43.318],[-81.719,44.139],[-81.355,44.546],[-81.297,44.713],[-81.385,44.993],[-81.698,45.246],[-81.302,45.219],[-81.308,45.097],[-81.189,44.943],[-80.991,44.94],[-81.095,44.799],[-80.914,44.736],[-80.907,44.602],[-80.684,44.717],[-80.469,44.572],[-80.071,44.52],[-80.01,44.618],[-80.081,44.824],[-79.713,44.739],[-79.676,44.867],[-79.778,44.806],[-79.894,45.009],[-80.042,45.069],[-79.967,45.1],[-80.113,45.238],[-80.05,45.365],[-80.297,45.373],[-80.36,45.577],[-80.509,45.578],[-80.649,45.74],[-80.532,45.772],[-80.679,45.791],[-80.713,45.835],[-80.613,45.864],[-80.718,45.85],[-80.645,45.889],[-80.758,45.97],[-80.8,45.897],[-80.807,45.955],[-81.367,45.973],[-81.245,45.996],[-81.678,45.942],[-81.476,46.048],[-81.708,46.008],[-81.578,46.047],[-81.629,46.101],[-81.847,45.991],[-81.921,46.028],[-81.74,46.098],[-83.742,46.26],[-84.22,46.505],[-84.562,46.536],[-84.436,46.708]]]]}},{"type":"Feature","properties":{"NAME":"Hitchiti","ABBREVN":"Hitchiti","wikipedia":null,"SUBJECTO":"Hitchiti","BORDERPRECISION":1,"PARTOF":"Hitchiti"},"geometry":{"type":"MultiPolygon","coordinates":[[[[-85.064,30.344],[-84.342,32.755],[-83.756,33.27],[-83.074,33.27],[-82.548,32.917],[-82.192,31.55],[-82.203,30.986],[-82.842,30.986],[-83.351,30.783],[-83.736,30.375],[-85.064,30.344]]]]}},{"type":"Feature","properties":{"NAME":"Choctaw","ABBREVN":"Choctaw","wikipedia":null,"SUBJECTO":"Choctaw","BORDERPRECISION":1,"PARTOF":"Choctaw"},"geometry":{"type":"MultiPolygon","coordinates":[[[[-87.322,31.867],[-88.241,31.692],[-88.287,30.772],[-89.092,30.744],[-88.823,30.548],[-88.755,30.392],[-89.233,30.406],[-89.535,30.208],[-89.711,30.183],[-90.0,30.39],[-90.0,30.039],[-89.867,30.132],[-89.523,29.976],[-90.372,29.856],[-91.184,29.856],[-91.981,30.233],[-92.46,30.584],[-91.95,30.575],[-91.541,30.796],[-90.37,30.758],[-90.196,31.083],[-90.256,31.321],[-90.166,31.525],[-90.23,32.023],[-90.133,32.078],[-89.45,32.039],[-89.508,32.48],[-89.974,32.58],[-89.951,32.958],[-88.846,33.28],[-87.11,33.261],[-87.202,32.658],[-87.154,32.418],[-87.322,31.867]]]]}},{"type":"Feature","properties":{"NAME":"Chicaksaw","ABBREVN":"Chicaksaw","wikipedia":null,"SUBJECTO":"Chicaksaw","BORDERPRECISION":1,"PARTOF":"Chicaksaw"},"geometry":{"type":"MultiPolygon","coordinates":[[[[-86.693,35.112],[-87.11,33.261],[-88.846,33.28],[-89.951,32.958],[-90.763,32.97],[-90.711,33.377],[-89.025,33.438],[-89.066,33.854],[-90.48,33.884],[-89.796,35.019],[-89.869,35.59],[-89.67,36.19],[-89.483,36.51],[-88.855,37.139],[-88.371,37.087],[-87.961,36.874],[-87.687,35.795],[-86.693,35.112]]]]}},{"type":"Feature","properties":{"NAME":null,"ABBREVN":null,"wikipedia":null,"SUBJECTO":null,"BORDERPRECISION":1,"PARTOF":null},"geometry":{"type":"MultiPolygon","coordinates":[[[[-89.974,32.58],[-89.508,32.48],[-89.45,32.039],[-90.409,32.05],[-90.396,32.51],[-89.974,32.58]]]]}},{"type":"Feature","properties":{"NAME":"Naniaho","ABBREVN":"Naniaho","wikipedia":null,"SUBJECTO":"Naniaho","BORDERPRECISION":1,"PARTOF":"Naniaho"},"geometry":{"type":"MultiPolygon","coordinates":[[[[-88.241,31.692],[-87.322,31.867],[-86.671,31.861],[-86.615,30.411],[-87.089,30.359],[-87.383,30.442],[-87.404,30.307],[-87.775,30.263],[-88.035,30.679],[-88.142,30.328],[-88.214,30.35],[-88.287,30.772],[-88.241,31.692]]]]}},{"type":"Feature","properties":{"NAME":"Knucati","ABBREVN":"Knucati","wikipedia":null,"SUBJECTO":"Knucati","BORDERPRECISION":1,"PARTOF":"Knucati"},"geometry":{"type":"MultiPolygon","coordinates":[[[[-86.669,35.096],[-86.23,34.972],[-85.044,34.972],[-85.094,34.191],[-85.007,33.922],[-85.301,33.66],[-86.117,33.548],[-86.356,33.092],[-86.107,32.913],[-87.162,32.953],[-86.669,35.096]]]]}},{"type":"Feature","properties":{"NAME":null,"ABBREVN":null,"wikipedia":null,"SUBJECTO":null,"BORDERPRECISION":1,"PARTOF":null},"geometry":{"type":"MultiPolygon","coordinates":[[[[-87.775,30.263],[-87.84,30.367],[-87.775,30.263]]]]}},{"type":"Feature","properties":{"NAME":null,"ABBREVN":null,"wikipedia":null,"SUBJECTO":null,"BORDERPRECISION":1,"PARTOF":null},"geometry":{"type":"MultiPolygon","coordinates":[[[[-88.142,30.328],[-88.171,30.337],[-88.142,30.328],[-88.142,30.328]]]]}},{"type":"Feature","properties":{"NAME":null,"ABBREVN":null,"wikipedia":null,"SUBJECTO":null,"BORDERPRECISION":1,"PARTOF":null},"geometry":{"type":"MultiPolygon","coordinates":[[[[-88.214,30.35],[-88.287,30.772],[-88.214,30.35],[-88.214,30.35]]]]}},{"type":"Feature","properties":{"NAME":null,"ABBREVN":null,"wikipedia":null,"SUBJECTO":null,"BORDERPRECISION":1,"PARTOF":null},"geometry":{"type":"MultiPolygon","coordinates":[[[[-85.051,34.972],[-86.23,34.972],[-86.669,35.096],[-86.23,34.972],[-85.051,34.972]]]]}},{"type":"Feature","properties":{"NAME":"Chumash","ABBREVN":"Chumash","wikipedia":null,"SUBJECTO":"Chumash","BORDERPRECISION":1,"PARTOF":"Chumash"},"geometry":{"type":"MultiPolygon","coordinates":[[[[-120.954,35.489],[-120.721,35.72],[-120.098,35.46],[-119.741,35.566],[-119.397,35.284],[-119.042,35.218],[-118.734,34.593],[-118.6,34.598],[-118.674,34.103],[-118.872,34.07],[-119.292,34.221],[-119.613,34.478],[-120.529,34.508],[-120.708,34.701],[-120.677,35.189],[-120.949,35.289],[-120.954,35.489]]]]}},{"type":"Feature","properties":{"NAME":null,"ABBREVN":null,"wikipedia":null,"SUBJECTO":null,"BORDERPRECISION":1,"PARTOF":null},"geometry":{"type":"MultiPolygon","coordinates":[[[[-121.984,36.531],[-121.575,36.687],[-121.378,36.647],[-121.344,36.463],[-121.65,36.099],[-121.927,36.338],[-121.984,36.531]]]]}},{"type":"Feature","properties":{"NAME":"Kalapuya","ABBREVN":"Kalapuya","wikipedia":null,"SUBJECTO":"Kalapuya","BORDERPRECISION":1,"PARTOF":"Kalapuya"},"geometry":{"type":"MultiPolygon","coordinates":[[[[-123.548,44.731],[-123.359,45.535],[-122.997,45.634],[-122.588,44.363],[-122.015,44.35],[-121.929,43.506],[-123.234,43.506],[-123.548,44.731]]]]}},{"type":"Feature","properties":{"NAME":"Nez Perce","ABBREVN":"Nez Perce","wikipedia":null,"SUBJECTO":"Nez Perce","BORDERPRECISION":1,"PARTOF":"Nez Perce"},"geometry":{"type":"MultiPolygon","coordinates":[[[[-115.057,46.678],[-114.473,46.369],[-114.466,45.995],[-114.205,45.531],[-116.124,44.706],[-117.395,44.792],[-117.711,45.636],[-117.571,46.024],[-117.852,46.347],[-117.317,46.411],[-117.134,46.77],[-116.627,46.868],[-116.043,46.664],[-115.057,46.678]]]]}},{"type":"Feature","properties":{"NAME":"Kalispel","ABBREVN":"Kalispel","wikipedia":null,"SUBJECTO":"Kalispel","BORDERPRECISION":1,"PARTOF":"Kalispel"},"geometry":{"type":"MultiPolygon","coordinates":[[[[-116.282,47.885],[-117.414,47.896],[-117.991,48.365],[-117.316,48.925],[-116.979,48.685],[-115.602,48.291],[-115.253,47.462],[-116.282,47.885]]]]}},{"type":"Feature","properties":{"NAME":"Flathead","ABBREVN":"Flathead","wikipedia":null,"SUBJECTO":"Flathead","BORDERPRECISION":1,"PARTOF":"Flathead"},"geometry":{"type":"MultiPolygon","coordinates":[[[[-114.212,45.528],[-114.466,45.995],[-114.473,46.369],[-115.057,46.678],[-116.043,46.664],[-116.432,46.8],[-116.146,47.829],[-115.253,47.462],[-115.626,48.298],[-115.471,48.67],[-115.186,48.936],[-114.638,48.693],[-113.841,48.481],[-113.677,48.504],[-113.429,47.728],[-112.592,46.673],[-113.429,45.358],[-114.212,45.528]]]]}},{"type":"Feature","properties":{"NAME":null,"ABBREVN":null,"wikipedia":null,"SUBJECTO":null,"BORDERPRECISION":1,"PARTOF":null},"geometry":{"type":"MultiPolygon","coordinates":[[[[-120.414,46.958],[-121.293,47.449],[-121.279,47.584],[-120.643,47.316],[-120.414,47.128],[-120.414,46.958]]]]}},{"type":"Feature","properties":{"NAME":"Yakima","ABBREVN":"Yakima","wikipedia":null,"SUBJECTO":"Yakima","BORDERPRECISION":1,"PARTOF":"Yakima"},"geometry":{"type":"MultiPolygon","coordinates":[[[[-120.071,46.944],[-119.048,46.748],[-118.951,46.033],[-120.597,45.713],[-121.511,46.748],[-121.391,47.016],[-120.602,46.822],[-120.357,46.999],[-120.071,46.944]]]]}},{"type":"Feature","properties":{"NAME":"Umatilla","ABBREVN":"Umatilla","wikipedia":null,"SUBJECTO":"Umatilla","BORDERPRECISION":1,"PARTOF":"Umatilla"},"geometry":{"type":"MultiPolygon","coordinates":[[[[-119.467,44.765],[-120.175,45.795],[-118.951,46.033],[-119.003,45.805],[-119.307,45.468],[-119.069,45.171],[-118.997,44.934],[-119.467,44.765]]]]}},{"type":"Feature","properties":{"NAME":"Tenimo","ABBREVN":"Tenimo","wikipedia":null,"SUBJECTO":"Tenimo","BORDERPRECISION":1,"PARTOF":"Tenimo"},"geometry":{"type":"MultiPolygon","coordinates":[[[[-121.114,45.306],[-120.998,45.631],[-120.578,45.657],[-120.588,45.715],[-120.175,45.795],[-119.467,44.765],[-120.747,44.672],[-122.108,44.352],[-121.985,44.512],[-121.857,45.156],[-121.114,45.306]]]]}},{"type":"Feature","properties":{"NAME":null,"ABBREVN":null,"wikipedia":null,"SUBJECTO":null,"BORDERPRECISION":1,"PARTOF":null},"geometry":{"type":"MultiPolygon","coordinates":[[[[-119.876,48.067],[-119.976,48.401],[-120.155,48.579],[-120.512,48.748],[-119.24,48.711],[-119.486,47.723],[-119.976,47.866],[-119.876,48.067]]]]}},{"type":"Feature","properties":{"NAME":null,"ABBREVN":null,"wikipedia":null,"SUBJECTO":null,"BORDERPRECISION":1,"PARTOF":null},"geometry":{"type":"MultiPolygon","coordinates":[[[[-118.743,46.631],[-117.429,47.01],[-117.102,46.776],[-117.317,46.411],[-117.852,46.347],[-118.728,45.898],[-118.951,46.033],[-119.048,46.748],[-118.743,46.631]]]]}},{"type":"Feature","properties":{"NAME":null,"ABBREVN":null,"wikipedia":null,"SUBJECTO":null,"BORDERPRECISION":1,"PARTOF":null},"geometry":{"type":"MultiPolygon","coordinates":[[[[-120.919,49.044],[-119.118,49.196],[-119.24,48.711],[-120.512,48.748],[-120.919,49.044]]]]}},{"type":"Feature","properties":{"NAME":null,"ABBREVN":null,"wikipedia":null,"SUBJECTO":null,"BORDERPRECISION":1,"PARTOF":null},"geometry":{"type":"MultiPolygon","coordinates":[[[[-121.143,41.1],[-120.434,40.97],[-120.504,40.672],[-121.177,40.61],[-121.238,41.077],[-121.143,41.1]]]]}},{"type":"Feature","properties":{"NAME":"Modoc","ABBREVN":"Modoc","wikipedia":null,"SUBJECTO":"Modoc","BORDERPRECISION":1,"PARTOF":"Modoc"},"geometry":{"type":"MultiPolygon","coordinates":[[[[-120.394,42.09],[-120.493,41.813],[-121.989,41.392],[-122.2,42.011],[-121.383,42.327],[-120.394,42.09]]]]}},{"type":"Feature","properties":{"NAME":"Maiou","ABBREVN":"Maiou","wikipedia":null,"SUBJECTO":"Maiou","BORDERPRECISION":1,"PARTOF":"Maiou"},"geometry":{"type":"MultiPolygon","coordinates":[[[[-121.733,39.033],[-121.98,39.348],[-121.997,40.052],[-121.395,40.328],[-121.541,40.57],[-120.511,40.683],[-120.201,40.238],[-120.162,39.742],[-120.364,39.635],[-120.494,39.77],[-120.956,39.708],[-121.136,39.461],[-121.733,39.033]]]]}},{"type":"Feature","properties":{"NAME":null,"ABBREVN":null,"wikipedia":null,"SUBJECTO":null,"BORDERPRECISION":1,"PARTOF":null},"geometry":{"type":"MultiPolygon","coordinates":[[[[-121.776,46.649],[-121.987,46.361],[-122.144,46.589],[-121.776,46.649]]]]}},{"type":"Feature","properties":{"NAME":null,"ABBREVN":null,"wikipedia":null,"SUBJECTO":null,"BORDERPRECISION":1,"PARTOF":null},"geometry":{"type":"MultiPolygon","coordinates":[[[[-122.587,47.232],[-122.906,47.155],[-123.173,46.828],[-123.647,47.418],[-123.343,47.659],[-123.131,47.532],[-123.183,47.488],[-122.944,47.423],[-122.748,47.262],[-122.663,47.469],[-122.478,47.474],[-122.401,47.277],[-122.587,47.232]]]]}},{"type":"Feature","properties":{"NAME":null,"ABBREVN":null,"wikipedia":null,"SUBJECTO":null,"BORDERPRECISION":1,"PARTOF":null},"geometry":{"type":"MultiPolygon","coordinates":[[[[-121.381,47.014],[-121.511,46.748],[-122.144,46.589],[-122.587,47.232],[-122.401,47.277],[-122.478,47.474],[-121.51,47.361],[-121.381,47.014]]]]}},{"type":"Feature","properties":{"NAME":null,"ABBREVN":null,"wikipedia":null,"SUBJECTO":null,"BORDERPRECISION":1,"PARTOF":null},"geometry":{"type":"MultiPolygon","coordinates":[[[[-121.51,47.361],[-121.293,47.449],[-120.414,46.958],[-120.602,46.822],[-121.381,47.014],[-121.51,47.361]]]]}},{"type":"Feature","properties":{"NAME":null,"ABBREVN":null,"wikipedia":null,"SUBJECTO":null,"BORDERPRECISION":1,"PARTOF":null},"geometry":{"type":"MultiPolygon","coordinates":[[[[-122.301,45.007],[-122.279,45.012],[-122.283,45.004],[-122.301,45.007]]]]}},{"type":"Feature","properties":{"NAME":null,"ABBREVN":null,"wikipedia":null,"SUBJECTO":null,"BORDERPRECISION":1,"PARTOF":null},"geometry":{"type":"MultiPolygon","coordinates":[[[[-121.898,45.678],[-121.876,45.686],[-121.903,45.668],[-121.898,45.678]]]]}},{"type":"Feature","properties":{"NAME":"Kijkitat","ABBREVN":"Kijkitat","wikipedia":null,"SUBJECTO":"Kijkitat","BORDERPRECISION":1,"PARTOF":"Kijkitat"},"geometry":{"type":"MultiPolygon","coordinates":[[[[-121.511,46.748],[-120.578,45.657],[-121.209,45.587],[-121.343,45.665],[-121.876,45.686],[-122.288,45.53],[-122.377,45.579],[-122.151,46.137],[-121.776,46.649],[-121.511,46.748]]]]}},{"type":"Feature","properties":{"NAME":null,"ABBREVN":null,"wikipedia":null,"SUBJECTO":null,"BORDERPRECISION":1,"PARTOF":null},"geometry":{"type":"MultiPolygon","coordinates":[[[[-121.985,44.512],[-122.108,44.352],[-122.588,44.363],[-122.818,45.079],[-122.283,45.004],[-121.869,45.1],[-121.985,44.512]]]]}},{"type":"Feature","properties":{"NAME":null,"ABBREVN":null,"wikipedia":null,"SUBJECTO":null,"BORDERPRECISION":1,"PARTOF":null},"geometry":{"type":"MultiPolygon","coordinates":[[[[-118.781,47.584],[-118.848,46.706],[-120.071,46.944],[-120.118,47.145],[-120.369,47.321],[-120.326,47.637],[-119.976,47.866],[-119.486,47.723],[-119.466,47.802],[-118.781,47.584]]]]}},{"type":"Feature","properties":{"NAME":null,"ABBREVN":null,"wikipedia":null,"SUBJECTO":null,"BORDERPRECISION":1,"PARTOF":null},"geometry":{"type":"MultiPolygon","coordinates":[[[[-121.772,48.654],[-121.189,48.591],[-121.381,48.343],[-121.462,48.055],[-122.359,48.168],[-122.502,48.609],[-121.772,48.654]]]]}},{"type":"Feature","properties":{"NAME":null,"ABBREVN":null,"wikipedia":null,"SUBJECTO":null,"BORDERPRECISION":1,"PARTOF":null},"geometry":{"type":"MultiPolygon","coordinates":[[[[-121.052,48.767],[-121.176,49.023],[-120.919,49.044],[-119.976,48.401],[-119.876,48.067],[-119.976,47.866],[-120.326,47.637],[-120.369,47.321],[-120.118,47.145],[-120.071,46.944],[-120.357,46.999],[-120.643,47.316],[-121.279,47.584],[-121.267,47.709],[-121.462,48.055],[-121.381,48.343],[-121.052,48.767]]]]}},{"type":"Feature","properties":{"NAME":null,"ABBREVN":null,"wikipedia":null,"SUBJECTO":null,"BORDERPRECISION":1,"PARTOF":null},"geometry":{"type":"MultiPolygon","coordinates":[[[[-117.426,47.008],[-117.29,47.625],[-117.358,47.896],[-116.146,47.829],[-116.432,46.8],[-116.627,46.868],[-117.102,46.776],[-117.426,47.008]]]]}},{"type":"Feature","properties":{"NAME":"Spokane","ABBREVN":"Spokane","wikipedia":null,"SUBJECTO":"Spokane","BORDERPRECISION":1,"PARTOF":"Spokane"},"geometry":{"type":"MultiPolygon","coordinates":[[[[-117.358,47.896],[-117.29,47.625],[-117.426,47.008],[-118.743,46.631],[-118.847,46.718],[-118.786,47.577],[-118.321,48.218],[-117.891,48.284],[-117.358,47.896]]]]}},{"type":"Feature","properties":{"NAME":null,"ABBREVN":null,"wikipedia":null,"SUBJECTO":null,"BORDERPRECISION":1,"PARTOF":null},"geometry":{"type":"MultiPolygon","coordinates":[[[[-117.286,48.903],[-117.991,48.365],[-118.115,48.577],[-119.24,48.711],[-119.118,49.196],[-117.338,49.346],[-117.286,48.903]]]]}},{"type":"Feature","properties":{"NAME":null,"ABBREVN":null,"wikipedia":null,"SUBJECTO":null,"BORDERPRECISION":1,"PARTOF":null},"geometry":{"type":"MultiPolygon","coordinates":[[[[-114.638,48.693],[-115.186,48.936],[-115.471,48.67],[-115.626,48.298],[-116.979,48.685],[-117.286,48.903],[-117.338,49.346],[-114.035,49.624],[-113.677,48.504],[-113.841,48.481],[-114.638,48.693]]]]}},{"type":"Feature","properties":{"NAME":null,"ABBREVN":null,"wikipedia":null,"SUBJECTO":null,"BORDERPRECISION":1,"PARTOF":null},"geometry":{"type":"MultiPolygon","coordinates":[[[[-118.115,48.577],[-117.891,48.284],[-118.321,48.218],[-118.781,47.584],[-119.466,47.802],[-119.24,48.711],[-118.115,48.577]]]]}},{"type":"Feature","properties":{"NAME":null,"ABBREVN":null,"wikipedia":null,"SUBJECTO":null,"BORDERPRECISION":1,"PARTOF":null},"geometry":{"type":"MultiPolygon","coordinates":[[[[-120.391,39.663],[-120.476,39.575],[-120.271,39.142],[-120.077,38.991],[-120.108,38.87],[-120.951,38.886],[-121.043,39.588],[-120.956,39.708],[-120.494,39.77],[-120.391,39.663]]]]}},{"type":"Feature","properties":{"NAME":null,"ABBREVN":null,"wikipedia":null,"SUBJECTO":null,"BORDERPRECISION":1,"PARTOF":null},"geometry":{"type":"MultiPolygon","coordinates":[[[[-118.64,36.812],[-119.206,36.954],[-119.528,37.412],[-119.612,37.639],[-119.366,37.968],[-118.343,37.243],[-118.64,36.812]]]]}},{"type":"Feature","properties":{"NAME":null,"ABBREVN":null,"wikipedia":null,"SUBJECTO":null,"BORDERPRECISION":1,"PARTOF":null},"geometry":{"type":"MultiPolygon","coordinates":[[[[-118.328,37.232],[-118.008,36.621],[-117.908,35.78],[-118.609,35.629],[-118.57,36.152],[-118.762,36.25],[-118.55,36.437],[-118.64,36.812],[-118.328,37.232]]]]}},{"type":"Feature","properties":{"NAME":"Northern Paiute","ABBREVN":"Northern Paiute","wikipedia":null,"SUBJECTO":"Northern Paiute","BORDERPRECISION":1,"PARTOF":"Northern Paiute"},"geometry":{"type":"MultiPolygon","coordinates":[[[[-119.415,44.769],[-118.997,44.934],[-117.994,44.924],[-117.395,44.792],[-116.124,44.706],[-116.16,43.017],[-116.881,41.981],[-117.124,41.24],[-117.106,40.928],[-117.575,39.47],[-117.737,38.693],[-117.701,37.816],[-118.007,37.388],[-117.899,36.82],[-118.008,36.621],[-118.328,37.232],[-119.366,37.968],[-119.48,38.316],[-119.36,38.864],[-119.572,39.4],[-119.933,40.005],[-120.19,40.099],[-120.201,40.238],[-120.504,40.672],[-120.475,40.934],[-120.199,41.175],[-120.263,41.748],[-120.5,41.812],[-120.394,42.09],[-120.794,42.716],[-121.292,43.171],[-121.902,43.31],[-122.0,43.506],[-121.929,43.506],[-122.014,44.342],[-120.747,44.672],[-119.415,44.769]]]]}},{"type":"Feature","properties":{"NAME":null,"ABBREVN":null,"wikipedia":null,"SUBJECTO":null,"BORDERPRECISION":1,"PARTOF":null},"geometry":{"type":"MultiPolygon","coordinates":[[[[-114.926,35.557],[-114.66,34.355],[-114.914,33.885],[-115.236,34.012],[-116.333,34.11],[-115.236,34.012],[-115.493,34.593],[-116.213,34.711],[-116.456,35.195],[-116.133,35.46],[-116.581,35.754],[-116.705,35.986],[-116.587,36.187],[-116.792,36.416],[-116.879,36.75],[-116.755,36.828],[-116.205,36.466],[-115.955,36.47],[-114.926,35.557]]]]}},{"type":"Feature","properties":{"NAME":"Southern Paiute","ABBREVN":"Southern Paiute","wikipedia":null,"SUBJECTO":"Southern Paiute","BORDERPRECISION":1,"PARTOF":"Southern Paiute"},"geometry":{"type":"MultiPolygon","coordinates":[[[[-111.787,36.021],[-112.582,36.378],[-113.266,36.143],[-113.407,35.801],[-114.021,36.216],[-114.223,36.053],[-114.766,36.192],[-114.666,35.801],[-114.926,35.557],[-115.955,36.47],[-115.773,36.473],[-115.656,36.727],[-115.683,37.545],[-115.395,38.27],[-114.638,38.686],[-113.517,38.886],[-113.338,38.783],[-112.461,38.675],[-112.198,38.224],[-111.746,37.868],[-111.12,37.858],[-110.844,37.182],[-110.338,37.174],[-110.462,36.236],[-110.995,36.01],[-111.197,35.466],[-111.787,36.021]]]]}},{"type":"Feature","properties":{"NAME":null,"ABBREVN":null,"wikipedia":null,"SUBJECTO":null,"BORDERPRECISION":1,"PARTOF":null},"geometry":{"type":"MultiPolygon","coordinates":[[[[-111.185,35.454],[-111.185,35.454]]]]}},{"type":"Feature","properties":{"NAME":null,"ABBREVN":null,"wikipedia":null,"SUBJECTO":null,"BORDERPRECISION":1,"PARTOF":null},"geometry":{"type":"MultiPolygon","coordinates":[[[[-124.255,44.357],[-123.431,44.274],[-123.234,43.506],[-123.141,43.505],[-123.232,43.346],[-123.599,43.534],[-124.145,43.651],[-124.331,44.072],[-124.255,44.357]]]]}},{"type":"Feature","properties":{"NAME":null,"ABBREVN":null,"wikipedia":null,"SUBJECTO":null,"BORDERPRECISION":1,"PARTOF":null},"geometry":{"type":"MultiPolygon","coordinates":[[[[-124.152,44.746],[-123.548,44.731],[-123.431,44.274],[-124.255,44.357],[-124.152,44.746]]]]}},{"type":"Feature","properties":{"NAME":null,"ABBREVN":null,"wikipedia":null,"SUBJECTO":null,"BORDERPRECISION":1,"PARTOF":null},"geometry":{"type":"MultiPolygon","coordinates":[[[[-124.064,45.128],[-123.49,45.023],[-123.548,44.731],[-124.152,44.746],[-124.064,45.128]]]]}},{"type":"Feature","properties":{"NAME":null,"ABBREVN":null,"wikipedia":null,"SUBJECTO":null,"BORDERPRECISION":1,"PARTOF":null},"geometry":{"type":"MultiPolygon","coordinates":[[[[-124.044,45.892],[-123.647,45.856],[-123.352,45.538],[-123.49,45.023],[-124.064,45.128],[-123.995,45.764],[-124.044,45.892]]]]}},{"type":"Feature","properties":{"NAME":null,"ABBREVN":null,"wikipedia":null,"SUBJECTO":null,"BORDERPRECISION":1,"PARTOF":null},"geometry":{"type":"MultiPolygon","coordinates":[[[[-122.814,45.773],[-122.693,46.019],[-123.613,46.385],[-123.707,46.634],[-123.066,46.671],[-123.173,46.828],[-122.906,47.155],[-122.587,47.232],[-121.987,46.361],[-122.39,45.548],[-122.814,45.773]]]]}},{"type":"Feature","properties":{"NAME":null,"ABBREVN":null,"wikipedia":null,"SUBJECTO":null,"BORDERPRECISION":1,"PARTOF":null},"geometry":{"type":"MultiPolygon","coordinates":[[[[-123.649,45.856],[-123.714,46.245],[-123.207,46.091],[-122.973,45.649],[-123.352,45.538],[-123.649,45.856]]]]}},{"type":"Feature","properties":{"NAME":null,"ABBREVN":null,"wikipedia":null,"SUBJECTO":null,"BORDERPRECISION":1,"PARTOF":null},"geometry":{"type":"MultiPolygon","coordinates":[[[[-123.613,46.385],[-122.693,46.019],[-122.814,45.773],[-122.973,45.649],[-123.207,46.091],[-123.714,46.245],[-123.649,45.856],[-124.044,45.892],[-124.054,46.29],[-123.787,46.298],[-124.159,46.35],[-124.176,46.811],[-123.707,46.634],[-123.613,46.385]]]]}},{"type":"Feature","properties":{"NAME":null,"ABBREVN":null,"wikipedia":null,"SUBJECTO":null,"BORDERPRECISION":1,"PARTOF":null},"geometry":{"type":"MultiPolygon","coordinates":[[[[-123.45,43.242],[-123.801,43.223],[-123.952,43.051],[-124.571,43.16],[-124.302,43.343],[-124.145,43.651],[-123.599,43.534],[-123.322,43.354],[-123.45,43.242]]]]}},{"type":"Feature","properties":{"NAME":null,"ABBREVN":null,"wikipedia":null,"SUBJECTO":null,"BORDERPRECISION":1,"PARTOF":null},"geometry":{"type":"MultiPolygon","coordinates":[[[[-123.007,42.084],[-122.879,41.568],[-123.239,41.159],[-123.523,41.364],[-123.638,41.798],[-123.433,42.17],[-123.175,42.217],[-123.107,42.077],[-123.007,42.084]]]]}},{"type":"Feature","properties":{"NAME":null,"ABBREVN":null,"wikipedia":null,"SUBJECTO":null,"BORDERPRECISION":1,"PARTOF":null},"geometry":{"type":"MultiPolygon","coordinates":[[[[-122.194,41.996],[-122.461,42.123],[-123.107,42.077],[-123.216,42.675],[-122.711,42.886],[-122.298,42.604],[-122.194,41.996]]]]}},{"type":"Feature","properties":{"NAME":null,"ABBREVN":null,"wikipedia":null,"SUBJECTO":null,"BORDERPRECISION":1,"PARTOF":null},"geometry":{"type":"MultiPolygon","coordinates":[[[[-122.791,39.572],[-122.782,39.53],[-122.822,39.534],[-122.791,39.572]]]]}},{"type":"Feature","properties":{"NAME":null,"ABBREVN":null,"wikipedia":null,"SUBJECTO":null,"BORDERPRECISION":1,"PARTOF":null},"geometry":{"type":"MultiPolygon","coordinates":[[[[-122.83,43.31],[-122.811,43.083],[-122.678,42.899],[-123.216,42.675],[-123.878,42.694],[-123.952,43.051],[-123.801,43.223],[-123.45,43.242],[-123.232,43.346],[-123.141,43.505],[-122.845,43.502],[-122.83,43.31]]]]}},{"type":"Feature","properties":{"NAME":null,"ABBREVN":null,"wikipedia":null,"SUBJECTO":null,"BORDERPRECISION":1,"PARTOF":null},"geometry":{"type":"MultiPolygon","coordinates":[[[[-122.357,42.644],[-122.711,42.886],[-122.811,43.083],[-122.845,43.502],[-122.0,43.506],[-121.885,43.306],[-122.357,42.644]]]]}},{"type":"Feature","properties":{"NAME":null,"ABBREVN":null,"wikipedia":null,"SUBJECTO":null,"BORDERPRECISION":1,"PARTOF":null},"geometry":{"type":"MultiPolygon","coordinates":[[[[-121.292,43.171],[-121.515,43.191],[-121.292,43.171],[-120.794,42.716],[-120.394,42.09],[-121.383,42.327],[-122.175,42.021],[-122.357,42.644],[-121.885,43.306],[-121.292,43.171]]]]}},{"type":"Feature","properties":{"NAME":null,"ABBREVN":null,"wikipedia":null,"SUBJECTO":null,"BORDERPRECISION":1,"PARTOF":null},"geometry":{"type":"MultiPolygon","coordinates":[[[[-123.001,40.472],[-122.822,39.534],[-122.979,39.549],[-123.111,39.714],[-123.933,39.821],[-124.021,39.963],[-123.469,39.909],[-123.346,40.086],[-123.185,40.103],[-123.254,40.244],[-123.116,40.42],[-123.17,40.45],[-123.001,40.472]]]]}},{"type":"Feature","properties":{"NAME":null,"ABBREVN":null,"wikipedia":null,"SUBJECTO":null,"BORDERPRECISION":1,"PARTOF":null},"geometry":{"type":"MultiPolygon","coordinates":[[[[-123.284,41.192],[-123.462,40.899],[-123.309,40.775],[-123.338,40.542],[-123.116,40.42],[-123.254,40.244],[-123.185,40.103],[-123.346,40.086],[-123.469,39.909],[-124.021,39.963],[-124.365,40.334],[-124.412,40.469],[-124.345,40.806],[-124.086,40.756],[-123.956,40.63],[-123.833,40.871],[-123.913,41.018],[-123.783,41.322],[-123.631,41.268],[-123.523,41.364],[-123.284,41.192]]]]}},{"type":"Feature","properties":{"NAME":null,"ABBREVN":null,"wikipedia":null,"SUBJECTO":null,"BORDERPRECISION":1,"PARTOF":null},"geometry":{"type":"MultiPolygon","coordinates":[[[[-122.968,41.117],[-122.617,41.147],[-122.354,41.326],[-122.297,41.067],[-122.104,41.076],[-122.049,40.922],[-122.256,40.571],[-123.17,40.45],[-123.338,40.542],[-123.338,40.769],[-123.054,40.822],[-122.968,41.117]]]]}},{"type":"Feature","properties":{"NAME":null,"ABBREVN":null,"wikipedia":null,"SUBJECTO":null,"BORDERPRECISION":1,"PARTOF":null},"geometry":{"type":"MultiPolygon","coordinates":[[[[-121.143,41.1],[-121.238,41.077],[-121.305,41.585],[-120.5,41.812],[-120.263,41.748],[-120.199,41.175],[-120.434,40.97],[-121.143,41.1]]]]}},{"type":"Feature","properties":{"NAME":"Havasupai","ABBREVN":"Havasupai","wikipedia":null,"SUBJECTO":"Havasupai","BORDERPRECISION":1,"PARTOF":"Havasupai"},"geometry":{"type":"MultiPolygon","coordinates":[[[[-112.824,35.156],[-112.948,35.489],[-113.371,35.889],[-113.266,36.143],[-112.582,36.378],[-111.787,36.021],[-111.197,35.466],[-111.878,35.105],[-112.824,35.156]]]]}},{"type":"Feature","properties":{"NAME":null,"ABBREVN":null,"wikipedia":null,"SUBJECTO":null,"BORDERPRECISION":1,"PARTOF":null},"geometry":{"type":"MultiPolygon","coordinates":[[[[-114.728,35.742],[-114.425,35.54],[-114.311,35.035],[-114.144,34.833],[-113.941,34.352],[-114.66,34.355],[-114.926,35.557],[-114.728,35.742]]]]}},{"type":"Feature","properties":{"NAME":"Cochim\u00e0","ABBREVN":"Cochim\u00e0","wikipedia":null,"SUBJECTO":"Cochim\u00c3\u00ad","BORDERPRECISION":1,"PARTOF":"Cochim\u00e0"},"geometry":{"type":"MultiPolygon","coordinates":[[[[-114.102,28.074],[-112.765,27.882],[-112.678,27.629],[-112.284,27.509],[-111.915,26.664],[-111.594,26.76],[-111.329,25.896],[-110.798,24.88],[-110.772,24.378],[-110.656,24.219],[-110.485,24.15],[-110.205,24.315],[-109.824,23.693],[-109.489,23.573],[-109.429,23.433],[-109.578,23.134],[-109.889,22.867],[-110.004,22.885],[-110.225,23.4],[-111.906,24.687],[-112.166,25.011],[-112.084,25.57],[-112.411,26.193],[-112.558,26.32],[-112.981,26.503],[-113.285,26.808],[-113.585,26.769],[-114.478,27.244],[-115.055,27.853],[-114.479,27.78],[-114.214,27.908],[-114.102,28.074]]]]}},{"type":"Feature","properties":{"NAME":"Pima","ABBREVN":"Pima","wikipedia":null,"SUBJECTO":"Pima","BORDERPRECISION":1,"PARTOF":"Pima"},"geometry":{"type":"MultiPolygon","coordinates":[[[[-111.232,33.553],[-111.096,33.489],[-110.699,32.909],[-110.793,32.434],[-110.435,32.131],[-110.372,30.613],[-112.047,30.228],[-111.627,31.63],[-111.822,32.388],[-112.141,32.83],[-111.883,32.887],[-111.77,33.492],[-111.232,33.553]]]]}},{"type":"Feature","properties":{"NAME":null,"ABBREVN":null,"wikipedia":null,"SUBJECTO":null,"BORDERPRECISION":1,"PARTOF":null},"geometry":{"type":"MultiPolygon","coordinates":[[[[-110.426,33.884],[-110.306,33.119],[-109.957,32.388],[-110.436,32.189],[-110.435,32.131],[-110.793,32.434],[-110.699,32.909],[-111.096,33.489],[-111.232,33.553],[-111.289,33.911],[-110.872,33.832],[-110.757,33.976],[-110.426,33.884]]]]}},{"type":"Feature","properties":{"NAME":"Chiricahua","ABBREVN":"Chiricahua","wikipedia":null,"SUBJECTO":"Chiricahua","BORDERPRECISION":1,"PARTOF":"Chiricahua"},"geometry":{"type":"MultiPolygon","coordinates":[[[[-108.199,31.713],[-108.217,31.265],[-108.746,31.276],[-108.694,30.998],[-110.372,30.613],[-110.436,32.189],[-109.983,32.358],[-109.295,33.143],[-109.349,34.719],[-109.294,34.64],[-108.827,34.527],[-107.079,34.449],[-107.374,33.506],[-107.284,32.656],[-107.103,32.61],[-106.914,32.423],[-106.445,31.759],[-108.199,31.713]]]]}},{"type":"Feature","properties":{"NAME":null,"ABBREVN":null,"wikipedia":null,"SUBJECTO":null,"BORDERPRECISION":1,"PARTOF":null},"geometry":{"type":"MultiPolygon","coordinates":[[[[-110.972,34.971],[-111.369,34.759],[-111.545,34.397],[-111.807,34.418],[-111.947,34.73],[-111.878,35.105],[-111.197,35.466],[-110.972,34.971]]]]}},{"type":"Feature","properties":{"NAME":null,"ABBREVN":null,"wikipedia":null,"SUBJECTO":null,"BORDERPRECISION":1,"PARTOF":null},"geometry":{"type":"MultiPolygon","coordinates":[[[[-110.794,34.708],[-110.714,33.964],[-110.872,33.832],[-111.289,33.911],[-111.397,34.385],[-111.545,34.397],[-111.369,34.759],[-110.972,34.971],[-110.794,34.708]]]]}},{"type":"Feature","properties":{"NAME":null,"ABBREVN":null,"wikipedia":null,"SUBJECTO":null,"BORDERPRECISION":1,"PARTOF":null},"geometry":{"type":"MultiPolygon","coordinates":[[[[-109.957,32.388],[-110.306,33.119],[-110.426,33.884],[-110.109,34.072],[-110.06,34.471],[-109.276,33.849],[-109.346,34.683],[-109.295,33.143],[-109.957,32.388]]]]}},{"type":"Feature","properties":{"NAME":null,"ABBREVN":null,"wikipedia":null,"SUBJECTO":null,"BORDERPRECISION":1,"PARTOF":null},"geometry":{"type":"MultiPolygon","coordinates":[[[[-110.714,33.964],[-110.794,34.708],[-110.06,34.471],[-110.109,34.072],[-110.433,33.88],[-110.714,33.964]]]]}},{"type":"Feature","properties":{"NAME":null,"ABBREVN":null,"wikipedia":null,"SUBJECTO":null,"BORDERPRECISION":1,"PARTOF":null},"geometry":{"type":"MultiPolygon","coordinates":[[[[-79.144,38.599],[-79.163,38.532],[-79.528,38.447],[-80.067,37.96],[-80.221,37.643],[-80.749,37.36],[-81.523,37.261],[-81.877,37.363],[-81.849,37.543],[-82.062,38.334],[-83.096,38.957],[-84.692,39.246],[-86.076,39.201],[-87.55,38.699],[-87.778,38.364],[-87.745,40.337],[-87.763,38.91],[-87.648,38.882],[-86.317,40.027],[-85.516,40.399],[-85.172,40.642],[-84.278,40.707],[-82.965,40.588],[-80.746,40.677],[-79.921,40.419],[-79.144,38.599]]]]}},{"type":"Feature","properties":{"NAME":null,"ABBREVN":null,"wikipedia":null,"SUBJECTO":null,"BORDERPRECISION":1,"PARTOF":null},"geometry":{"type":"MultiPolygon","coordinates":[[[[-76.969,36.084],[-76.732,36.164],[-76.679,36.063],[-76.727,35.992],[-76.068,36.048],[-76.012,35.974],[-76.095,35.722],[-76.032,35.693],[-75.849,36.021],[-75.708,35.749],[-75.783,35.636],[-75.884,35.687],[-76.141,35.384],[-76.516,35.467],[-76.577,35.577],[-76.645,35.571],[-76.581,35.461],[-76.857,35.512],[-76.982,35.555],[-76.809,35.838],[-76.969,36.084]]]]}},{"type":"Feature","properties":{"NAME":null,"ABBREVN":null,"wikipedia":null,"SUBJECTO":null,"BORDERPRECISION":1,"PARTOF":null},"geometry":{"type":"MultiPolygon","coordinates":[[[[-77.128,35.319],[-77.003,35.522],[-76.484,35.334],[-76.678,35.216],[-76.567,35.213],[-76.779,35.038],[-77.128,35.319]]]]}},{"type":"Feature","properties":{"NAME":"Catawba","ABBREVN":"Catawba","wikipedia":null,"SUBJECTO":"Catawba","BORDERPRECISION":1,"PARTOF":"Catawba"},"geometry":{"type":"MultiPolygon","coordinates":[[[[-77.199,34.68],[-77.465,35.204],[-77.119,35.323],[-76.953,35.029],[-76.76,34.955],[-76.493,35.02],[-76.443,35.112],[-76.306,34.979],[-76.504,34.795],[-77.199,34.68]]]]}},{"type":"Feature","properties":{"NAME":null,"ABBREVN":null,"wikipedia":null,"SUBJECTO":null,"BORDERPRECISION":1,"PARTOF":null},"geometry":{"type":"MultiPolygon","coordinates":[[[[-76.31,37.05],[-76.291,37.195],[-76.283,37.056],[-76.31,37.05]]]]}},{"type":"Feature","properties":{"NAME":"Tutelo","ABBREVN":"Tutelo","wikipedia":null,"SUBJECTO":"Tutelo","BORDERPRECISION":1,"PARTOF":"Tutelo"},"geometry":{"type":"MultiPolygon","coordinates":[[[[-77.517,37.182],[-77.618,37.087],[-77.917,37.151],[-78.055,36.976],[-77.997,36.632],[-78.057,36.502],[-78.433,36.355],[-78.966,36.635],[-80.582,36.872],[-80.312,37.132],[-80.175,37.667],[-80.221,37.643],[-80.067,37.96],[-79.528,38.447],[-79.163,38.532],[-78.406,39.019],[-77.733,38.7],[-77.713,38.487],[-77.494,38.384],[-77.443,37.799],[-77.669,37.284],[-77.517,37.182]]]]}},{"type":"Feature","properties":{"NAME":"Cusabo","ABBREVN":"Cusabo","wikipedia":null,"SUBJECTO":"Cusabo","BORDERPRECISION":1,"PARTOF":"Cusabo"},"geometry":{"type":"MultiPolygon","coordinates":[[[[-81.056,32.426],[-80.665,32.765],[-79.878,33.232],[-79.431,33.04],[-80.884,32.055],[-81.067,32.096],[-81.056,32.426]]]]}},{"type":"Feature","properties":{"NAME":null,"ABBREVN":null,"wikipedia":null,"SUBJECTO":null,"BORDERPRECISION":1,"PARTOF":null},"geometry":{"type":"MultiPolygon","coordinates":[[[[-116.35,33.292],[-116.067,32.716],[-116.62,31.884],[-116.96,32.156],[-117.331,32.713],[-117.379,33.109],[-116.35,33.292]]]]}},{"type":"Feature","properties":{"NAME":null,"ABBREVN":null,"wikipedia":null,"SUBJECTO":null,"BORDERPRECISION":1,"PARTOF":null},"geometry":{"type":"MultiPolygon","coordinates":[[[[-112.774,33.137],[-112.709,32.708],[-113.733,32.57],[-113.828,32.95],[-112.774,33.137]]]]}},{"type":"Feature","properties":{"NAME":null,"ABBREVN":null,"wikipedia":null,"SUBJECTO":null,"BORDERPRECISION":1,"PARTOF":null},"geometry":{"type":"MultiPolygon","coordinates":[[[[-112.709,32.708],[-112.774,33.137],[-112.718,33.384],[-111.77,33.492],[-111.883,32.887],[-112.709,32.708]]]]}},{"type":"Feature","properties":{"NAME":"Guachimis","ABBREVN":"Guachimis","wikipedia":null,"SUBJECTO":"Guachimis","BORDERPRECISION":1,"PARTOF":"Guachimis"},"geometry":{"type":"MultiPolygon","coordinates":[[[[-116.255,32.433],[-114.897,31.611],[-114.988,31.166],[-114.735,30.843],[-114.683,30.143],[-114.389,29.762],[-114.1,29.642],[-113.829,29.401],[-113.322,28.556],[-112.87,28.335],[-112.765,27.882],[-114.102,28.074],[-114.067,28.423],[-114.273,28.709],[-114.978,29.311],[-115.602,29.685],[-115.857,30.282],[-116.058,30.339],[-116.229,30.943],[-116.705,31.591],[-116.62,31.884],[-116.255,32.433]]]]}},{"type":"Feature","properties":{"NAME":"Kamia","ABBREVN":"Kamia","wikipedia":null,"SUBJECTO":"Kamia","BORDERPRECISION":1,"PARTOF":"Kamia"},"geometry":{"type":"MultiPolygon","coordinates":[[[[-115.12,33.503],[-115.146,33.377],[-114.87,33.099],[-115.397,31.913],[-116.255,32.433],[-116.067,32.716],[-116.35,33.292],[-115.12,33.503]]]]}},{"type":"Feature","properties":{"NAME":"Yuma","ABBREVN":"Yuma","wikipedia":null,"SUBJECTO":"Yuma","BORDERPRECISION":1,"PARTOF":"Yuma"},"geometry":{"type":"MultiPolygon","coordinates":[[[[-115.397,31.913],[-114.87,33.099],[-115.146,33.377],[-115.12,33.503],[-114.914,33.528],[-113.828,32.95],[-113.733,32.57],[-114.035,32.445],[-114.723,31.763],[-114.839,31.815],[-114.897,31.611],[-115.397,31.913]]]]}},{"type":"Feature","properties":{"NAME":"Saunan","ABBREVN":"Saunan","wikipedia":null,"SUBJECTO":"Saunan","BORDERPRECISION":1,"PARTOF":"Saunan"},"geometry":{"type":"MultiPolygon","coordinates":[[[[-119.741,35.566],[-120.098,35.46],[-120.721,35.72],[-120.954,35.489],[-121.385,35.785],[-121.65,36.099],[-121.404,36.436],[-121.056,36.597],[-120.897,36.575],[-120.688,36.421],[-120.597,36.242],[-119.741,35.566]]]]}},{"type":"Feature","properties":{"NAME":"Costanoan","ABBREVN":"Costanoan","wikipedia":null,"SUBJECTO":"Costanoan","BORDERPRECISION":1,"PARTOF":"Costanoan"},"geometry":{"type":"MultiPolygon","coordinates":[[[[-121.344,36.463],[-121.378,36.647],[-121.575,36.687],[-121.984,36.531],[-121.998,36.678],[-121.851,36.749],[-121.838,36.896],[-121.932,37.009],[-122.253,37.07],[-122.494,37.301],[-122.552,37.843],[-122.421,37.79],[-122.391,37.653],[-122.119,37.536],[-122.375,37.854],[-122.49,38.165],[-122.313,38.221],[-121.936,38.179],[-121.823,37.879],[-121.515,37.597],[-121.435,37.404],[-121.152,37.356],[-121.061,36.93],[-120.93,36.906],[-120.829,36.623],[-121.344,36.463]]]]}},{"type":"Feature","properties":{"NAME":null,"ABBREVN":null,"wikipedia":null,"SUBJECTO":null,"BORDERPRECISION":1,"PARTOF":null},"geometry":{"type":"MultiPolygon","coordinates":[[[[-122.717,38.992],[-122.346,38.879],[-122.1,38.603],[-122.352,38.517],[-122.718,38.691],[-122.913,38.981],[-122.717,38.992]]]]}},{"type":"Feature","properties":{"NAME":"Patwin","ABBREVN":"Patwin","wikipedia":null,"SUBJECTO":"Patwin","BORDERPRECISION":1,"PARTOF":"Patwin"},"geometry":{"type":"MultiPolygon","coordinates":[[[[-122.782,39.53],[-122.747,39.626],[-121.986,39.595],[-121.98,39.348],[-121.733,39.033],[-121.043,39.588],[-120.951,38.886],[-121.307,38.703],[-121.512,38.698],[-121.546,38.37],[-121.936,38.179],[-122.313,38.221],[-122.352,38.517],[-122.1,38.603],[-122.346,38.879],[-122.717,38.992],[-122.782,39.53]]]]}},{"type":"Feature","properties":{"NAME":null,"ABBREVN":null,"wikipedia":null,"SUBJECTO":null,"BORDERPRECISION":1,"PARTOF":null},"geometry":{"type":"MultiPolygon","coordinates":[[[[-122.283,40.568],[-121.977,40.061],[-121.986,39.595],[-122.747,39.626],[-122.791,39.572],[-123.001,40.472],[-122.283,40.568]]]]}},{"type":"Feature","properties":{"NAME":null,"ABBREVN":null,"wikipedia":null,"SUBJECTO":null,"BORDERPRECISION":1,"PARTOF":null},"geometry":{"type":"MultiPolygon","coordinates":[[[[-121.414,40.584],[-121.739,40.806],[-121.7,40.968],[-121.238,41.077],[-121.177,40.61],[-121.414,40.584]]]]}},{"type":"Feature","properties":{"NAME":null,"ABBREVN":null,"wikipedia":null,"SUBJECTO":null,"BORDERPRECISION":1,"PARTOF":null},"geometry":{"type":"MultiPolygon","coordinates":[[[[-121.7,40.968],[-121.739,40.806],[-121.414,40.584],[-121.541,40.57],[-121.395,40.328],[-121.977,40.061],[-122.283,40.568],[-122.064,40.92],[-121.7,40.968]]]]}},{"type":"Feature","properties":{"NAME":null,"ABBREVN":null,"wikipedia":null,"SUBJECTO":null,"BORDERPRECISION":1,"PARTOF":null},"geometry":{"type":"MultiPolygon","coordinates":[[[[-122.049,40.922],[-122.108,41.067],[-121.968,41.397],[-121.305,41.585],[-121.238,41.077],[-122.049,40.922]]]]}},{"type":"Feature","properties":{"NAME":null,"ABBREVN":null,"wikipedia":null,"SUBJECTO":null,"BORDERPRECISION":1,"PARTOF":null},"geometry":{"type":"MultiPolygon","coordinates":[[[[-122.104,41.076],[-122.297,41.067],[-122.354,41.326],[-122.617,41.147],[-122.968,41.117],[-123.109,41.243],[-122.879,41.568],[-123.007,42.084],[-122.461,42.123],[-122.194,41.996],[-121.968,41.397],[-122.104,41.076]]]]}},{"type":"Feature","properties":{"NAME":null,"ABBREVN":null,"wikipedia":null,"SUBJECTO":null,"BORDERPRECISION":1,"PARTOF":null},"geometry":{"type":"MultiPolygon","coordinates":[[[[-123.309,40.775],[-123.462,40.899],[-123.284,41.192],[-123.109,41.243],[-122.955,41.163],[-123.054,40.822],[-123.309,40.775]]]]}},{"type":"Feature","properties":{"NAME":null,"ABBREVN":null,"wikipedia":null,"SUBJECTO":null,"BORDERPRECISION":1,"PARTOF":null},"geometry":{"type":"MultiPolygon","coordinates":[[[[-123.912,41.017],[-124.261,41.017],[-124.179,41.195],[-124.194,41.731],[-123.771,41.591],[-123.638,41.798],[-123.509,41.376],[-123.631,41.268],[-123.783,41.322],[-123.912,41.017]]]]}},{"type":"Feature","properties":{"NAME":null,"ABBREVN":null,"wikipedia":null,"SUBJECTO":null,"BORDERPRECISION":1,"PARTOF":null},"geometry":{"type":"MultiPolygon","coordinates":[[[[-77.096,36.774],[-76.401,36.419],[-76.522,36.235],[-76.701,36.174],[-76.71,36.353],[-76.732,36.164],[-76.969,36.084],[-77.181,36.409],[-77.096,36.774]]]]}},{"type":"Feature","properties":{"NAME":null,"ABBREVN":null,"wikipedia":null,"SUBJECTO":null,"BORDERPRECISION":1,"PARTOF":null},"geometry":{"type":"MultiPolygon","coordinates":[[[[-75.87,36.576],[-75.522,35.858],[-75.703,36.057],[-75.87,36.576]]]]}},{"type":"Feature","properties":{"NAME":null,"ABBREVN":null,"wikipedia":null,"SUBJECTO":null,"BORDERPRECISION":1,"PARTOF":null},"geometry":{"type":"MultiPolygon","coordinates":[[[[-76.291,37.195],[-76.31,37.05],[-76.417,37.029],[-76.639,37.269],[-76.852,37.358],[-76.942,37.286],[-76.662,37.153],[-77.131,36.923],[-77.669,37.284],[-77.443,37.799],[-77.494,38.384],[-77.713,38.487],[-77.733,38.7],[-77.254,38.68],[-77.332,38.489],[-77.24,38.385],[-77.034,38.364],[-76.943,38.251],[-76.215,37.943],[-76.314,37.732],[-76.416,37.705],[-76.885,38.067],[-76.566,37.702],[-76.284,37.625],[-76.396,37.584],[-76.25,37.548],[-76.258,37.373],[-76.399,37.459],[-76.384,37.332],[-76.481,37.323],[-76.787,37.563],[-76.598,37.349],[-76.291,37.195]]]]}},{"type":"Feature","properties":{"NAME":null,"ABBREVN":null,"wikipedia":null,"SUBJECTO":null,"BORDERPRECISION":1,"PARTOF":null},"geometry":{"type":"MultiPolygon","coordinates":[[[[-76.009,36.521],[-76.38,36.533],[-76.311,36.991],[-75.975,36.937],[-75.843,36.576],[-75.958,36.768],[-75.983,36.629],[-75.907,36.54],[-76.038,36.57],[-76.009,36.521]]]]}},{"type":"Feature","properties":{"NAME":null,"ABBREVN":null,"wikipedia":null,"SUBJECTO":null,"BORDERPRECISION":1,"PARTOF":null},"geometry":{"type":"MultiPolygon","coordinates":[[[[-76.38,36.533],[-76.009,36.521],[-75.793,36.137],[-75.953,36.333],[-75.953,36.232],[-76.186,36.368],[-76.094,36.205],[-76.205,36.152],[-76.442,36.244],[-76.34,36.152],[-76.587,36.066],[-76.701,36.174],[-76.522,36.235],[-76.38,36.533]]]]}},{"type":"Feature","properties":{"NAME":null,"ABBREVN":null,"wikipedia":null,"SUBJECTO":null,"BORDERPRECISION":1,"PARTOF":null},"geometry":{"type":"MultiPolygon","coordinates":[[[[-76.401,36.419],[-77.096,36.774],[-77.131,36.923],[-76.662,37.153],[-76.503,37.029],[-76.524,36.922],[-76.326,36.937],[-76.401,36.419]]]]}},{"type":"Feature","properties":{"NAME":null,"ABBREVN":null,"wikipedia":null,"SUBJECTO":null,"BORDERPRECISION":1,"PARTOF":null},"geometry":{"type":"MultiPolygon","coordinates":[[[[-78.048,36.932],[-77.662,36.907],[-77.118,36.679],[-77.181,36.409],[-76.809,35.838],[-76.982,35.555],[-77.053,35.58],[-77.003,35.522],[-77.128,35.319],[-77.417,35.19],[-78.135,35.399],[-78.238,35.549],[-78.012,36.52],[-78.048,36.932]]]]}},{"type":"Feature","properties":{"NAME":"Polynesians","ABBREVN":"Polynesians","wikipedia":null,"SUBJECTO":"Polynesians","BORDERPRECISION":1,"PARTOF":"Polynesians"},"geometry":{"type":"MultiPolygon","coordinates":[[[[-156.551,20.975],[-156.119,20.79],[-156.121,20.713],[-156.253,20.63],[-156.576,20.635],[-156.615,20.795],[-156.822,20.94],[-156.716,21.069],[-156.551,20.975]]],[[[-156.032,20.196],[-155.931,20.284],[-155.479,20.087],[-155.212,19.896],[-155.218,19.772],[-154.92,19.555],[-154.948,19.483],[-155.137,19.328],[-155.65,19.137],[-155.783,18.946],[-156.034,19.106],[-156.054,19.504],[-156.163,19.808],[-155.947,19.989],[-156.032,20.196]]],[[[-158.434,21.452],[-158.466,21.571],[-158.314,21.575],[-158.179,21.689],[-157.842,21.29],[-158.298,21.276],[-158.434,21.452]]]]}},{"type":"Feature","properties":{"NAME":"Yup'ik & Cup'ik","ABBREVN":"Yup'ik & Cup'ik","wikipedia":null,"SUBJECTO":"Yup'ik & Cup'ik","BORDERPRECISION":1,"PARTOF":"Yup'ik & Cup'ik"},"geometry":{"type":"MultiPolygon","coordinates":[[[[-153.17,59.74],[-153.71,59.644],[-154.097,59.412],[-157.153,58.686],[-157.139,58.856],[-158.291,58.73],[-158.517,58.999],[-158.912,58.874],[-158.973,58.77],[-158.856,58.454],[-158.933,58.433],[-159.814,58.941],[-160.431,59.002],[-160.84,58.96],[-160.828,58.898],[-161.117,58.746],[-161.938,58.723],[-162.06,59.289],[-161.925,59.518],[-161.989,59.712],[-162.378,60.163],[-163.536,59.841],[-164.027,59.798],[-164.594,60.208],[-165.048,60.416],[-165.128,60.542],[-164.845,60.816],[-163.627,60.601],[-163.52,60.706],[-163.689,60.923],[-163.895,61.042],[-164.539,60.95],[-165.423,61.264],[-165.898,61.27],[-166.19,61.749],[-165.834,61.834],[-165.802,62.039],[-165.579,62.139],[-165.431,62.43],[-165.03,62.65],[-164.292,63.25],[-163.309,63.038],[-162.97,63.103],[-162.474,63.41],[-161.001,63.628],[-153.17,59.74]]]]}},{"type":"Feature","properties":{"NAME":"Suspiaq","ABBREVN":"Suspiaq","wikipedia":null,"SUBJECTO":"Suspiaq","BORDERPRECISION":1,"PARTOF":"Suspiaq"},"geometry":{"type":"MultiPolygon","coordinates":[[[[-163.091,55.273],[-162.788,55.152],[-162.746,55.064],[-162.968,54.949],[-163.2,55.043],[-163.262,55.171],[-163.091,55.273]]],[[[-160.356,55.657],[-160.391,55.562],[-161.575,55.479],[-162.218,55.132],[-162.546,55.145],[-162.59,55.253],[-162.585,55.389],[-162.224,55.498],[-161.609,55.845],[-161.318,55.879],[-160.356,55.657]]],[[[-166.927,53.459],[-167.148,53.94],[-166.771,54.001],[-166.383,53.855],[-166.61,53.707],[-166.643,53.573],[-166.927,53.459]]],[[[-164.561,54.831],[-163.743,55.062],[-163.36,54.921],[-163.206,54.737],[-163.573,54.632],[-164.072,54.657],[-164.564,54.334],[-164.949,54.427],[-165.01,54.528],[-164.561,54.831]]],[[[-148.336,60.413],[-148.258,60.281],[-148.301,60.106],[-148.494,59.904],[-149.326,60.027],[-149.581,59.985],[-150.021,59.714],[-150.501,59.616],[-151.388,59.213],[-151.881,59.163],[-151.772,59.357],[-151.448,59.538],[-151.49,59.711],[-151.784,59.962],[-148.755,60.683],[-148.84,60.545],[-148.336,60.413]]],[[[-154.342,57.487],[-154.189,57.631],[-153.731,57.427],[-153.425,57.64],[-153.396,57.804],[-153.178,57.825],[-152.679,57.765],[-152.378,57.518],[-153.177,57.407],[-153.492,57.051],[-153.878,56.941],[-154.593,57.145],[-154.661,57.234],[-154.585,57.364],[-154.342,57.487]]],[[[-167.961,53.49],[-167.865,53.323],[-168.374,53.235],[-168.554,53.375],[-168.223,53.59],[-167.961,53.49]]],[[[-154.282,59.249],[-154.298,59.117],[-153.664,58.98],[-153.455,58.877],[-153.489,58.794],[-154.214,58.428],[-154.649,58.076],[-155.598,57.896],[-156.369,57.566],[-156.685,57.401],[-156.451,57.175],[-156.496,57.1],[-156.993,56.915],[-157.747,56.77],[-158.527,56.449],[-158.738,56.19],[-159.077,55.992],[-160.169,55.807],[-160.607,55.962],[-160.457,56.2],[-160.114,56.323],[-159.776,56.582],[-159.249,56.781],[-158.617,56.748],[-158.662,57.076],[-157.665,57.604],[-157.665,57.933],[-157.554,58.27],[-157.242,58.491],[-157.153,58.686],[-154.097,59.412],[-154.282,59.249]]]]}},{"type":"Feature","properties":{"NAME":"Shuar","ABBREVN":"Shuar","wikipedia":"https://en.wikipedia.org/wiki/Shuar","SUBJECTO":"Shuar","BORDERPRECISION":1,"PARTOF":"Shuar"},"geometry":{"type":"MultiPolygon","coordinates":[[[[-77.9,-3.113],[-78.392,-2.913],[-78.562,-2.129],[-77.854,-1.667],[-77.254,-2.098],[-77.254,-2.759],[-77.9,-3.113]]]]}},{"type":"Feature","properties":{"NAME":null,"ABBREVN":null,"wikipedia":null,"SUBJECTO":null,"BORDERPRECISION":1,"PARTOF":null},"geometry":{"type":"MultiPolygon","coordinates":[[[[19.334,57.956],[19.163,57.927],[19.126,57.84],[19.034,57.901],[19.096,57.974],[19.334,57.956]]]]}},{"type":"Feature","properties":{"NAME":"Inupiaq","ABBREVN":"Inupiaq","wikipedia":null,"SUBJECTO":"Inupiaq","BORDERPRECISION":1,"PARTOF":"Inupiaq"},"geometry":{"type":"MultiPolygon","coordinates":[[[[-157.178,64.013],[-160.927,63.952],[-161.006,64.158],[-161.373,64.466],[-160.944,64.525],[-160.79,64.64],[-160.902,64.813],[-161.291,64.964],[-162.137,64.789],[-162.802,64.471],[-163.025,64.442],[-163.883,64.591],[-164.6,64.619],[-165.171,64.546],[-166.348,64.637],[-166.586,64.73],[-166.669,65.085],[-166.604,65.15],[-165.864,65.166],[-165.663,65.246],[-168.18,65.694],[-167.73,65.863],[-167.024,65.959],[-164.463,66.596],[-163.782,66.538],[-163.843,66.178],[-162.759,66.063],[-161.979,66.116],[-161.261,66.396],[-160.125,66.339],[-160.032,66.568],[-161.796,66.749],[-161.936,67.088],[-163.739,67.218],[-163.826,67.448],[-164.513,67.797],[-166.844,68.405],[-166.335,68.661],[-166.297,68.88],[-164.89,68.935],[-164.067,69.065],[-163.714,69.224],[-163.511,69.504],[-162.879,69.999],[-162.177,70.284],[-161.188,70.44],[-159.905,70.427],[-159.839,70.512],[-159.91,70.604],[-160.248,70.766],[-160.24,70.858],[-157.812,70.971],[-156.905,71.346],[-156.474,71.354],[-156.043,71.223],[-155.973,71.145],[-156.145,71.083],[-156.138,70.928],[-155.475,70.852],[-155.1,71.077],[-152.971,70.934],[-151.915,70.496],[-149.286,70.539],[-147.724,70.327],[-146.183,70.268],[-145.273,70.116],[-143.308,70.197],[-141.161,69.599],[-139.901,69.571],[-138.3,69.143],[-157.178,64.013]]],[[[-171.858,63.5],[-172.052,63.6],[-171.972,63.729],[-171.229,63.651],[-170.482,63.688],[-169.333,63.397],[-169.119,63.241],[-169.666,63.24],[-169.903,63.075],[-170.966,63.459],[-171.858,63.5]]]]}},{"type":"Feature","properties":{"NAME":null,"ABBREVN":null,"wikipedia":null,"SUBJECTO":null,"BORDERPRECISION":1,"PARTOF":null},"geometry":{"type":"MultiPolygon","coordinates":[[[[-127.166,70.235],[-126.795,69.785],[-126.618,69.679],[-125.974,69.43],[-125.455,69.333],[-125.188,69.409],[-125.418,69.697],[-125.386,69.818],[-124.707,69.941],[-124.534,69.782],[-124.508,69.592],[-124.6,69.463],[-124.225,69.403],[-123.803,69.434],[-123.292,69.64],[-123.078,69.835],[-107.513,58.896],[-112.449,58.525],[-111.371,58.606],[-118.198,62.713],[-124.936,64.835],[-132.302,62.538],[-133.481,62.934],[-129.763,69.658],[-129.013,69.72],[-127.726,70.188],[-127.806,70.31],[-128.416,70.686],[-127.667,70.518],[-127.166,70.235]]],[[[-120.919,49.044],[-122.683,48.896],[-123.213,49.272],[-123.212,49.625],[-123.699,49.525],[-123.847,49.663],[-123.976,49.971],[-124.471,49.813],[-124.795,50.035],[-124.939,50.596],[-125.412,50.549],[-126.086,50.713],[-126.425,51.089],[-126.691,50.989],[-127.455,51.021],[-127.675,51.245],[-127.559,51.537],[-127.353,51.637],[-127.455,51.769],[-128.013,51.808],[-127.037,52.464],[-127.71,52.394],[-128.06,52.5],[-127.866,52.413],[-125.758,53.131],[-124.76,52.448],[-120.615,49.07],[-119.118,49.196],[-120.919,49.044]]],[[[-106.277,51.517],[-109.644,49.648],[-110.611,50.337],[-114.083,49.774],[-114.035,49.624],[-114.265,49.605],[-114.467,52.0],[-106.277,51.517]]],[[[-128.889,53.418],[-128.432,52.939],[-128.077,52.939],[-128.432,52.939],[-128.889,53.418]]],[[[-129.434,53.518],[-129.97,53.913],[-129.434,53.518],[-129.06,53.739],[-128.814,53.764],[-129.06,53.739],[-129.434,53.518]]],[[[-134.799,60.553],[-134.311,61.434],[-133.464,61.538],[-128.705,60.74],[-130.075,57.566],[-128.427,55.668],[-132.055,59.845],[-134.799,60.553]]]]}},{"type":"Feature","properties":{"NAME":"Eyaq","ABBREVN":"Eyaq","wikipedia":null,"SUBJECTO":"Eyaq","BORDERPRECISION":1,"PARTOF":"Eyaq"},"geometry":{"type":"MultiPolygon","coordinates":[[[[-135.197,56.82],[-135.466,57.229],[-135.441,57.428],[-135.002,57.326],[-134.764,56.794],[-134.946,56.454],[-135.197,56.82]]],[[[-132.351,53.365],[-132.569,53.28],[-132.997,53.651],[-133.086,53.805],[-133.054,54.066],[-131.956,53.968],[-131.894,53.894],[-131.999,53.794],[-132.09,53.399],[-132.351,53.365]]],[[[-132.177,55.285],[-132.174,54.846],[-133.016,55.371],[-133.271,55.621],[-133.266,55.831],[-133.486,56.258],[-133.281,56.232],[-132.633,55.9],[-132.594,55.812],[-132.688,55.649],[-132.555,55.453],[-132.177,55.285]]],[[[-136.025,58.215],[-135.672,58.044],[-135.325,58.093],[-135.115,57.675],[-135.147,57.599],[-135.822,57.756],[-135.816,57.454],[-136.596,57.905],[-136.3,58.18],[-136.025,58.215]]],[[[-129.97,53.913],[-130.176,54.172],[-130.299,54.548],[-129.842,54.979],[-130.003,55.289],[-130.065,55.102],[-130.413,55.021],[-130.546,54.91],[-130.773,55.066],[-130.695,55.465],[-130.892,55.769],[-131.191,56.035],[-131.767,56.01],[-132.256,55.85],[-132.279,56.132],[-132.101,56.349],[-132.871,57.016],[-133.4,57.219],[-133.341,57.377],[-133.641,57.739],[-133.474,57.842],[-133.505,57.897],[-133.84,57.999],[-134.123,58.239],[-134.83,58.561],[-135.309,59.347],[-135.469,59.34],[-135.515,58.973],[-135.3,58.374],[-135.738,58.47],[-136.148,58.903],[-136.39,58.841],[-136.939,58.943],[-136.37,58.62],[-136.356,58.524],[-137.085,58.447],[-137.577,58.604],[-138.446,59.162],[-139.2,59.277],[-139.785,59.518],[-139.307,59.706],[-139.573,59.9],[-140.428,59.76],[-141.385,59.897],[-141.439,60.091],[-141.586,60.14],[-142.425,60.02],[-144.406,60.093],[-144.811,60.315],[-145.003,60.552],[-145.493,60.384],[-145.893,60.516],[-145.998,60.662],[-146.186,60.725],[-147.068,60.91],[-145.511,62.576],[-138.607,61.535],[-132.055,59.845],[-128.427,55.668],[-129.97,53.913]]]]}},{"type":"Feature","properties":{"NAME":"Tecuexe","ABBREVN":"Tecuexe","wikipedia":null,"SUBJECTO":"Tecuexe","BORDERPRECISION":1,"PARTOF":"Tecuexe"},"geometry":{"type":"MultiPolygon","coordinates":[[[[-103.157,21.154],[-103.135,21.294],[-102.768,21.325],[-102.045,21.796],[-101.84,21.776],[-101.916,20.902],[-102.143,20.902],[-102.24,20.66],[-102.761,20.458],[-103.495,20.684],[-103.752,20.61],[-103.782,20.7],[-103.61,21.013],[-103.157,21.154]]]]}},{"type":"Feature","properties":{"NAME":null,"ABBREVN":null,"wikipedia":null,"SUBJECTO":null,"BORDERPRECISION":1,"PARTOF":null},"geometry":{"type":"MultiPolygon","coordinates":[[[[-101.808,20.751],[-101.797,20.579],[-101.474,20.508],[-101.409,20.73],[-101.23,20.781],[-101.47,20.061],[-102.761,20.458],[-102.24,20.66],[-102.143,20.902],[-101.937,20.902],[-101.808,20.751]]]]}},{"type":"Feature","properties":{"NAME":"Zacatecs","ABBREVN":"Zacatecs","wikipedia":null,"SUBJECTO":"Zacatecs","BORDERPRECISION":1,"PARTOF":"Zacatecs"},"geometry":{"type":"MultiPolygon","coordinates":[[[[-103.702,21.911],[-103.675,22.456],[-104.84,23.756],[-104.905,24.828],[-104.807,25.043],[-105.045,25.997],[-104.678,26.461],[-103.739,26.375],[-103.491,25.628],[-102.779,24.955],[-102.844,24.612],[-102.423,24.18],[-102.358,23.706],[-102.574,23.4],[-102.294,23.152],[-102.11,22.665],[-102.779,21.976],[-102.855,22.156],[-103.232,22.146],[-103.528,21.922],[-103.702,21.911]]]]}},{"type":"Feature","properties":{"NAME":"Caxcane","ABBREVN":"Caxcane","wikipedia":null,"SUBJECTO":"Caxcane","BORDERPRECISION":1,"PARTOF":"Caxcane"},"geometry":{"type":"MultiPolygon","coordinates":[[[[-102.803,22.032],[-102.882,21.916],[-102.372,21.583],[-102.768,21.325],[-103.135,21.294],[-103.157,21.154],[-103.61,21.013],[-104.009,21.395],[-104.031,21.535],[-103.718,21.566],[-103.448,21.926],[-103.528,21.922],[-103.232,22.146],[-102.855,22.156],[-102.803,22.032]]]]}},{"type":"Feature","properties":{"NAME":"Guachichiles","ABBREVN":"Guachichiles","wikipedia":null,"SUBJECTO":"Guachichiles","BORDERPRECISION":1,"PARTOF":"Guachichiles"},"geometry":{"type":"MultiPolygon","coordinates":[[[[-102.794,24.969],[-102.569,25.057],[-102.569,25.545],[-102.299,25.613],[-102.062,25.574],[-101.76,25.36],[-101.673,25.399],[-101.824,25.711],[-101.296,25.866],[-100.227,25.35],[-99.753,24.715],[-99.656,24.44],[-100.627,24.194],[-100.519,23.662],[-99.904,23.583],[-99.807,23.048],[-99.44,22.809],[-100.508,21.561],[-102.115,22.679],[-102.294,23.152],[-102.574,23.4],[-102.358,23.706],[-102.423,24.18],[-102.844,24.612],[-102.794,24.969]]]]}},{"type":"Feature","properties":{"NAME":"Guamar / Pecchichitane","ABBREVN":"Guamar / Pecchichitane","wikipedia":null,"SUBJECTO":"Guamar / Pecchichitane","BORDERPRECISION":1,"PARTOF":"Guamar / Pecchichitane"},"geometry":{"type":"MultiPolygon","coordinates":[[[[-100.343,21.086],[-100.26,20.947],[-100.486,20.826],[-100.4,20.523],[-101.069,20.846],[-101.409,20.73],[-101.474,20.508],[-101.797,20.579],[-101.808,20.751],[-101.937,20.902],[-101.84,21.776],[-102.045,21.796],[-102.372,21.583],[-102.882,21.916],[-102.115,22.679],[-100.476,21.598],[-100.343,21.086]]]]}},{"type":"Feature","properties":{"NAME":"Xecora","ABBREVN":"Xecora","wikipedia":null,"SUBJECTO":"Xecora","BORDERPRECISION":1,"PARTOF":"Xecora"},"geometry":{"type":"MultiPolygon","coordinates":[[[[-105.289,23.1],[-105.204,23.4],[-105.285,23.543],[-105.08,23.612],[-104.598,23.486],[-103.675,22.456],[-103.702,21.911],[-104.3,21.876],[-104.797,22.056],[-105.066,22.794],[-105.261,22.914],[-105.289,23.1]]]]}},{"type":"Feature","properties":{"NAME":"Vice Royalty of New Spain","ABBREVN":"New Spain","wikipedia":null,"SUBJECTO":"Vice Royalty of New Spain","BORDERPRECISION":1,"PARTOF":"Vice Royalty of New Spain"},"geometry":{"type":"MultiPolygon","coordinates":[[[[-97.88,22.482],[-97.504,21.189],[-96.579,19.92],[-96.012,18.929],[-95.844,18.796],[-95.083,18.702],[-94.59,18.271],[-94.242,18.24],[-92.098,18.76],[-92.107,18.516],[-91.73,18.416],[-91.479,18.634],[-91.526,18.745],[-91.702,18.823],[-91.22,19.102],[-90.0,19.382],[-88.22,17.514],[-88.327,17.157],[-88.242,17.014],[-88.445,16.441],[-88.58,16.284],[-88.742,16.269],[-88.766,16.141],[-88.941,16.033],[-88.941,15.905],[-88.664,15.726],[-88.601,15.812],[-88.631,15.983],[-88.274,15.747],[-87.571,15.908],[-86.372,15.803],[-85.887,15.994],[-85.632,15.874],[-84.65,15.933],[-84.171,15.763],[-84.234,15.502],[-84.132,15.375],[-83.527,15.237],[-83.296,14.615],[-83.418,14.068],[-83.662,13.705],[-83.688,12.962],[-83.883,12.122],[-83.914,11.251],[-83.747,10.878],[-83.204,10.2],[-82.962,10.034],[-82.752,9.744],[-82.326,9.445],[-82.23,9.047],[-82.066,8.977],[-81.784,8.966],[-81.674,9.058],[-81.495,8.865],[-80.962,8.865],[-80.356,9.203],[-80.124,9.224],[-79.5,9.638],[-78.998,9.543],[-78.967,9.473],[-78.612,9.48],[-78.266,9.386],[-77.678,8.961],[-76.858,7.93],[-76.702,8.115],[-76.842,8.559],[-76.383,8.98],[-76.158,9.311],[-75.703,9.426],[-75.605,9.598],[-75.652,9.769],[-75.543,10.411],[-75.45,10.628],[-75.226,10.825],[-74.716,11.061],[-74.548,10.969],[-74.449,10.77],[-74.323,10.922],[-74.219,11.368],[-73.362,11.325],[-72.761,11.695],[-72.38,11.81],[-72.059,12.237],[-71.698,12.428],[-71.437,12.422],[-71.13,12.213],[-71.061,12.061],[-71.189,11.912],[-71.594,11.844],[-71.988,11.608],[-71.838,11.151],[-71.738,11.095],[-71.688,10.769],[-72.114,9.904],[-71.605,9.092],[-71.369,9.143],[-71.098,9.328],[-71.014,9.627],[-71.089,9.919],[-71.607,10.727],[-71.456,10.885],[-71.548,10.949],[-70.161,11.39],[-70.122,11.491],[-69.748,11.533],[-69.792,11.693],[-69.923,11.79],[-70.197,11.751],[-70.339,11.999],[-70.138,12.209],[-69.974,12.228],[-69.629,11.541],[-68.695,11.38],[-68.372,11.012],[-68.302,10.726],[-68.141,10.58],[-66.478,10.679],[-66.157,10.622],[-65.977,10.407],[-65.596,10.217],[-64.884,10.136],[-64.712,10.161],[-63.857,10.71],[-62.29,10.732],[-62.178,10.682],[-62.336,10.535],[-62.914,10.547],[-62.925,10.369],[-62.659,10.255],[-62.385,10.014],[-62.297,9.722],[-62.103,10.021],[-61.917,9.907],[-61.531,9.851],[-61.415,9.698],[-62.998,9.292],[-64.907,9.292],[-69.227,9.794],[-69.729,8.488],[-70.432,8.488],[-72.24,8.99],[-72.542,9.593],[-72.542,10.196],[-73.245,10.196],[-75.254,7.885],[-77.4,6.67],[-77.897,7.172],[-78.265,7.886],[-78.327,8.089],[-78.247,8.197],[-77.794,8.179],[-78.002,8.34],[-78.045,8.552],[-78.184,8.413],[-78.381,8.395],[-78.592,8.813],[-78.652,8.745],[-79.068,9.034],[-79.321,9.04],[-79.717,8.883],[-79.712,8.616],[-80.269,8.377],[-80.425,8.192],[-80.403,8.059],[-80.051,7.732],[-79.976,7.492],[-80.212,7.475],[-80.406,7.299],[-80.814,7.27],[-80.899,7.336],[-80.85,7.409],[-81.117,7.943],[-81.197,7.64],[-81.562,7.824],[-81.664,8.165],[-82.654,8.321],[-82.795,8.27],[-82.957,8.047],[-82.956,8.257],[-83.09,8.395],[-83.085,8.651],[-83.412,8.727],[-83.266,8.542],[-83.279,8.413],[-83.605,8.548],[-83.664,8.675],[-83.533,8.999],[-83.615,9.152],[-84.182,9.491],[-84.492,9.537],[-84.635,9.684],[-84.697,9.988],[-85.255,10.311],[-85.116,9.981],[-84.926,9.961],[-84.844,9.841],[-85.089,9.583],[-85.314,9.828],[-85.712,10.03],[-85.824,10.361],[-85.767,10.55],[-85.617,10.652],[-85.621,10.827],[-85.87,10.928],[-85.707,10.983],[-85.733,11.085],[-85.84,11.078],[-86.014,11.368],[-86.885,12.256],[-87.675,12.915],[-87.685,13.017],[-87.404,13.03],[-87.556,13.366],[-87.771,13.501],[-87.949,13.172],[-88.255,13.192],[-89.989,13.678],[-90.0,13.937],[-91.242,13.952],[-91.516,14.059],[-93.812,15.921],[-94.363,16.225],[-95.13,16.299],[-96.333,15.75],[-97.881,16.052],[-98.856,16.597],[-99.979,16.893],[-101.221,17.418],[-101.993,18.027],[-102.668,18.095],[-103.494,18.354],[-104.197,19.058],[-104.948,19.438],[-105.507,20.104],[-103.495,20.684],[-101.47,20.061],[-101.23,20.781],[-101.069,20.846],[-100.4,20.523],[-100.486,20.826],[-100.26,20.947],[-100.343,21.086],[-99.757,21.152],[-99.29,22.398],[-98.49,22.361],[-98.66,22.924],[-97.88,22.482]]]]}},{"type":"Feature","properties":{"NAME":"Tamalipueca","ABBREVN":"Tamalipueca","wikipedia":null,"SUBJECTO":"Tamalipueca","BORDERPRECISION":1,"PARTOF":"Tamalipueca"},"geometry":{"type":"MultiPolygon","coordinates":[[[[-98.941,22.904],[-98.822,24.13],[-98.995,24.288],[-98.865,24.337],[-99.146,24.906],[-98.531,26.5],[-97.637,26.843],[-97.26,25.811],[-97.658,25.073],[-97.742,24.73],[-97.88,22.482],[-98.66,22.924],[-98.49,22.361],[-99.085,22.388],[-98.941,22.904]]]]}},{"type":"Feature","properties":{"NAME":null,"ABBREVN":null,"wikipedia":null,"SUBJECTO":null,"BORDERPRECISION":1,"PARTOF":null},"geometry":{"type":"MultiPolygon","coordinates":[[[[-106.772,24.445],[-106.0,24.711],[-105.436,23.746],[-105.213,23.567],[-105.285,23.543],[-105.204,23.4],[-105.289,23.1],[-105.466,22.844],[-106.772,24.445]]]]}},{"type":"Feature","properties":{"NAME":"Apache","ABBREVN":"Apache","wikipedia":null,"SUBJECTO":"Apache","BORDERPRECISION":1,"PARTOF":"Apache"},"geometry":{"type":"MultiPolygon","coordinates":[[[[-107.867,26.471],[-108.219,27.222],[-108.64,27.872],[-108.478,28.101],[-108.759,28.149],[-109.309,28.566],[-109.428,28.32],[-111.239,28.092],[-111.692,28.496],[-112.721,30.073],[-108.694,30.998],[-108.746,31.276],[-108.217,31.265],[-108.199,31.713],[-106.445,31.759],[-106.181,31.738],[-104.785,30.586],[-104.206,29.617],[-103.741,29.234],[-102.961,29.344],[-102.722,29.749],[-101.728,29.803],[-101.271,29.667],[-100.819,29.302],[-101.228,28.303],[-103.463,27.686],[-103.515,27.796],[-104.228,28.196],[-104.842,27.767],[-105.151,27.221],[-107.867,26.471]]]]}},{"type":"Feature","properties":{"NAME":"Cahitas","ABBREVN":"Cahitas","wikipedia":null,"SUBJECTO":"Cahitas","BORDERPRECISION":1,"PARTOF":"Cahitas"},"geometry":{"type":"MultiPolygon","coordinates":[[[[-109.428,28.32],[-109.309,28.566],[-108.759,28.149],[-108.478,28.101],[-108.64,27.872],[-108.219,27.222],[-107.867,26.471],[-107.691,26.278],[-108.04,25.016],[-108.499,25.241],[-108.848,25.615],[-109.156,25.577],[-109.263,25.646],[-109.338,25.958],[-109.132,26.289],[-109.189,26.441],[-109.527,26.72],[-109.724,26.605],[-109.946,27.044],[-110.382,27.214],[-110.526,27.348],[-110.582,27.462],[-110.521,27.755],[-110.604,27.856],[-111.239,28.092],[-109.428,28.32]]]]}},{"type":"Feature","properties":{"NAME":"Tepehuane","ABBREVN":"Tepehuane","wikipedia":null,"SUBJECTO":"Tepehuane","BORDERPRECISION":1,"PARTOF":"Tepehuane"},"geometry":{"type":"MultiPolygon","coordinates":[[[[-105.231,27.199],[-104.691,26.445],[-105.045,25.997],[-104.807,25.043],[-104.905,24.828],[-104.84,23.756],[-104.598,23.486],[-105.08,23.612],[-105.213,23.567],[-105.436,23.746],[-106.202,25.043],[-107.313,26.113],[-107.697,26.257],[-107.836,26.48],[-105.231,27.199]]]]}},{"type":"Feature","properties":{"NAME":"Acaxea","ABBREVN":"Acaxea","wikipedia":null,"SUBJECTO":"Acaxea","BORDERPRECISION":1,"PARTOF":"Acaxea"},"geometry":{"type":"MultiPolygon","coordinates":[[[[-106.0,24.711],[-106.772,24.445],[-106.933,24.641],[-107.336,24.222],[-107.916,24.645],[-108.04,25.016],[-107.697,26.257],[-107.313,26.113],[-106.202,25.043],[-106.0,24.711]]]]}},{"type":"Feature","properties":{"NAME":null,"ABBREVN":null,"wikipedia":null,"SUBJECTO":null,"BORDERPRECISION":1,"PARTOF":null},"geometry":{"type":"MultiPolygon","coordinates":[[[[-101.861,26.501],[-101.849,26.512],[-101.845,26.499],[-101.861,26.501]]]]}},{"type":"Feature","properties":{"NAME":"Chisos","ABBREVN":"Chisos","wikipedia":null,"SUBJECTO":"Chisos","BORDERPRECISION":1,"PARTOF":"Chisos"},"geometry":{"type":"MultiPolygon","coordinates":[[[[-103.143,27.078],[-103.138,26.621],[-103.488,26.635],[-103.764,26.377],[-104.691,26.445],[-105.231,27.199],[-105.151,27.221],[-104.842,27.767],[-104.228,28.196],[-103.515,27.796],[-103.143,27.078]]]]}},{"type":"Feature","properties":{"NAME":"Otomies","ABBREVN":"Otomies","wikipedia":null,"SUBJECTO":"Otomies","BORDERPRECISION":1,"PARTOF":"Otomies"},"geometry":{"type":"MultiPolygon","coordinates":[[[[-99.594,21.856],[-99.514,21.801],[-99.757,21.152],[-100.33,21.088],[-100.476,21.598],[-100.182,21.942],[-99.594,21.856]]]]}},{"type":"Feature","properties":{"NAME":"Irritilas","ABBREVN":"Irritilas","wikipedia":null,"SUBJECTO":"Irritilas","BORDERPRECISION":1,"PARTOF":"Irritilas"},"geometry":{"type":"MultiPolygon","coordinates":[[[[-103.515,25.699],[-102.458,25.987],[-101.845,26.499],[-101.65,25.762],[-101.824,25.711],[-101.673,25.399],[-101.76,25.36],[-102.062,25.574],[-102.299,25.613],[-102.569,25.545],[-102.569,25.057],[-102.794,24.969],[-103.515,25.699]]]]}},{"type":"Feature","properties":{"NAME":"Toboso","ABBREVN":"Toboso","wikipedia":null,"SUBJECTO":"Toboso","BORDERPRECISION":1,"PARTOF":"Toboso"},"geometry":{"type":"MultiPolygon","coordinates":[[[[-101.849,26.512],[-103.138,26.657],[-103.143,27.078],[-103.43,27.695],[-102.045,28.078],[-102.091,27.251],[-101.849,26.512]]]]}},{"type":"Feature","properties":{"NAME":"Lagunero","ABBREVN":"Lagunero","wikipedia":null,"SUBJECTO":"Lagunero","BORDERPRECISION":1,"PARTOF":"Lagunero"},"geometry":{"type":"MultiPolygon","coordinates":[[[[-101.861,26.501],[-102.458,25.987],[-103.515,25.699],[-103.764,26.377],[-103.488,26.635],[-103.138,26.657],[-101.861,26.501]]]]}},{"type":"Feature","properties":{"NAME":"Caohuiltecs","ABBREVN":"Caohuiltecs","wikipedia":null,"SUBJECTO":"Caohuiltecs","BORDERPRECISION":1,"PARTOF":"Caohuiltecs"},"geometry":{"type":"MultiPolygon","coordinates":[[[[-99.14,24.92],[-99.47,24.945],[-99.751,24.711],[-100.227,25.35],[-101.296,25.866],[-101.65,25.762],[-102.091,27.251],[-102.045,28.078],[-101.228,28.303],[-100.819,29.302],[-100.335,28.723],[-98.174,28.245],[-97.546,27.923],[-97.267,27.674],[-97.632,27.228],[-97.637,26.843],[-98.531,26.5],[-99.14,24.92]]]]}},{"type":"Feature","properties":{"NAME":"Tancalba","ABBREVN":"Tancalba","wikipedia":null,"SUBJECTO":"Tancalba","BORDERPRECISION":1,"PARTOF":"Tancalba"},"geometry":{"type":"MultiPolygon","coordinates":[[[[-98.965,24.299],[-99.372,24.46],[-99.664,24.464],[-99.751,24.711],[-99.47,24.945],[-99.14,24.92],[-98.865,24.337],[-98.965,24.299]]]]}},{"type":"Feature","properties":{"NAME":null,"ABBREVN":null,"wikipedia":null,"SUBJECTO":null,"BORDERPRECISION":1,"PARTOF":null},"geometry":{"type":"MultiPolygon","coordinates":[[[[-99.507,23.197],[-98.91,23.223],[-99.085,22.388],[-99.29,22.398],[-99.514,21.801],[-100.182,21.942],[-99.44,22.809],[-99.807,23.048],[-99.854,23.306],[-99.507,23.197]]]]}},{"type":"Feature","properties":{"NAME":"Pisones","ABBREVN":"Pisones","wikipedia":null,"SUBJECTO":"Pisones","BORDERPRECISION":1,"PARTOF":"Pisones"},"geometry":{"type":"MultiPolygon","coordinates":[[[[-99.892,23.856],[-99.691,23.672],[-99.308,23.677],[-99.25,23.926],[-98.867,23.669],[-98.91,23.223],[-99.507,23.197],[-99.854,23.306],[-99.947,23.588],[-99.892,23.856]]]]}},{"type":"Feature","properties":{"NAME":"Janabres","ABBREVN":"Janabres","wikipedia":null,"SUBJECTO":"Janabres","BORDERPRECISION":1,"PARTOF":"Janabres"},"geometry":{"type":"MultiPolygon","coordinates":[[[[-98.867,23.669],[-99.146,23.8],[-99.345,24.042],[-99.766,24.057],[-99.885,23.889],[-99.947,23.588],[-100.519,23.662],[-100.627,24.194],[-99.664,24.464],[-99.372,24.46],[-99.049,24.362],[-98.822,24.13],[-98.867,23.669]]]]}},{"type":"Feature","properties":{"NAME":"Maratines","ABBREVN":"Maratines","wikipedia":null,"SUBJECTO":"Maratines","BORDERPRECISION":1,"PARTOF":"Maratines"},"geometry":{"type":"MultiPolygon","coordinates":[[[[-99.25,23.926],[-99.308,23.677],[-99.691,23.672],[-99.892,23.856],[-99.766,24.057],[-99.345,24.042],[-99.25,23.926]]]]}},{"type":"Feature","properties":{"NAME":null,"ABBREVN":null,"wikipedia":null,"SUBJECTO":null,"BORDERPRECISION":1,"PARTOF":null},"geometry":{"type":"MultiPolygon","coordinates":[[[[-81.888,30.984],[-81.765,31.49],[-81.056,32.426],[-81.067,32.096],[-80.884,32.055],[-81.182,31.64],[-81.419,30.98],[-81.888,30.984]]]]}},{"type":"Feature","properties":{"NAME":"Muskogee","ABBREVN":"Muskogee","wikipedia":null,"SUBJECTO":"Muskogee","BORDERPRECISION":1,"PARTOF":"Muskogee"},"geometry":{"type":"MultiPolygon","coordinates":[[[[-81.765,31.49],[-81.888,30.984],[-82.203,30.986],[-82.192,31.55],[-82.548,32.917],[-83.074,33.27],[-83.756,33.27],[-84.342,32.755],[-85.075,30.311],[-85.255,30.625],[-85.417,31.485],[-85.824,31.864],[-85.668,32.114],[-85.668,32.762],[-86.107,32.913],[-86.356,33.092],[-86.117,33.548],[-85.301,33.66],[-85.007,33.922],[-84.407,33.88],[-83.696,34.046],[-82.491,35.002],[-82.339,34.555],[-82.049,34.255],[-81.055,33.953],[-80.475,33.664],[-80.301,33.422],[-79.895,33.221],[-80.665,32.765],[-81.056,32.426],[-81.765,31.49]]]]}},{"type":"Feature","properties":{"NAME":null,"ABBREVN":null,"wikipedia":null,"SUBJECTO":null,"BORDERPRECISION":1,"PARTOF":null},"geometry":{"type":"MultiPolygon","coordinates":[[[[-120.077,38.991],[-120.271,39.142],[-120.476,39.575],[-120.162,39.742],[-120.19,40.099],[-119.933,40.005],[-119.572,39.4],[-119.36,38.864],[-119.48,38.316],[-120.108,38.87],[-120.077,38.991]]]]}},{"type":"Feature","properties":{"NAME":"Ainu","ABBREVN":"Ainu","wikipedia":null,"SUBJECTO":"Ainu","BORDERPRECISION":1,"PARTOF":"Ainu"},"geometry":{"type":"MultiPolygon","coordinates":[[[[146.169,43.468],[146.076,43.513],[146.222,43.53],[146.169,43.468]]],[[[146.875,43.861],[146.683,43.708],[146.596,43.737],[146.611,43.807],[146.875,43.861]]],[[[146.36,44.421],[146.568,44.438],[145.94,44.128],[145.774,43.925],[145.596,43.859],[145.555,43.651],[145.437,43.717],[145.41,43.835],[145.745,44.052],[146.101,44.489],[146.36,44.421]]],[[[148.522,45.287],[147.868,44.971],[147.621,44.966],[147.548,44.812],[147.209,44.55],[146.841,44.416],[147.144,44.661],[147.112,44.794],[147.894,45.224],[147.856,45.356],[147.933,45.421],[148.07,45.248],[148.322,45.27],[148.701,45.521],[148.856,45.474],[148.825,45.335],[148.522,45.287]]],[[[149.544,45.586],[149.437,45.584],[149.668,45.851],[150.343,46.212],[150.499,46.192],[150.159,45.9],[149.544,45.586]]],[[[150.867,46.435],[150.799,46.45],[150.867,46.435]]],[[[150.765,46.704],[150.765,46.704]]],[[[152.437,47.382],[152.542,47.328],[152.423,47.303],[152.437,47.382]]],[[[153.074,47.808],[153.08,47.714],[152.997,47.693],[153.074,47.808]]],[[[153.175,48.135],[153.291,48.054],[153.146,48.088],[153.175,48.135]]],[[[154.141,48.91],[154.231,48.896],[153.975,48.736],[154.141,48.91]]],[[[154.009,48.958],[153.898,48.957],[154.009,48.958]]],[[[154.593,49.106],[154.501,49.074],[154.442,49.162],[154.593,49.106]]],[[[154.745,49.579],[154.904,49.624],[154.79,49.443],[154.835,49.346],[154.716,49.264],[154.594,49.291],[154.745,49.579]]],[[[154.439,49.831],[154.432,49.738],[154.367,49.746],[154.439,49.831]]],[[[152.174,47.063],[151.832,46.783],[151.712,46.801],[152.217,47.172],[152.293,47.148],[152.174,47.063]]],[[[155.483,50.119],[155.224,50.053],[155.248,50.301],[155.661,50.385],[155.889,50.693],[156.112,50.755],[156.149,50.519],[155.795,50.189],[155.483,50.119]]],[[[156.169,50.741],[156.353,50.856],[156.496,50.836],[156.401,50.626],[156.189,50.674],[156.169,50.741]]],[[[155.448,50.898],[155.601,50.931],[155.67,50.857],[155.557,50.804],[155.448,50.898]]],[[[143.057,53.062],[143.143,52.511],[142.945,51.961],[142.944,51.617],[143.633,50.235],[144.54,48.753],[143.598,49.234],[143.153,49.259],[142.854,49.128],[142.646,48.658],[142.49,47.902],[142.615,47.46],[142.993,46.954],[143.236,46.863],[143.445,46.572],[143.303,46.011],[143.004,46.577],[142.615,46.713],[142.327,46.563],[141.898,45.915],[141.708,46.14],[141.623,46.558],[141.909,47.073],[141.732,47.471],[142.036,47.959],[141.978,48.285],[141.74,48.807],[141.921,48.943],[142.049,49.355],[142.153,50.89],[142.017,51.431],[141.643,51.813],[141.598,52.217],[141.811,52.628],[141.841,52.96],[141.69,53.166],[141.767,53.272],[142.214,53.3],[142.675,53.54],[143.057,53.062]]],[[[140.013,41.382],[139.978,41.503],[140.124,41.792],[140.1,41.946],[139.777,42.112],[139.712,42.478],[140.5,42.896],[140.517,43.057],[140.374,43.185],[140.498,43.32],[141.064,43.097],[141.304,43.187],[141.302,43.72],[141.709,43.914],[141.746,44.629],[141.523,45.183],[141.875,45.435],[143.021,44.464],[143.79,44.028],[144.614,43.843],[145.348,44.243],[145.059,43.786],[145.448,43.17],[144.754,42.866],[144.37,42.949],[144.003,42.878],[143.509,42.421],[143.214,41.927],[141.928,42.501],[141.397,42.519],[140.93,42.255],[140.694,42.55],[140.541,42.537],[140.223,42.363],[140.246,42.228],[141.155,41.749],[140.979,41.653],[140.589,41.678],[140.269,41.325],[140.112,41.273],[140.013,41.382]]]]}},{"type":"Feature","properties":{"NAME":"Japan (Warring States)","ABBREVN":"Japan (Warring States)","wikipedia":null,"SUBJECTO":"Japan (Warring States)","BORDERPRECISION":1,"PARTOF":"Japan (Warring States)"},"geometry":{"type":"MultiPolygon","coordinates":[[[[130.579,30.907],[130.732,31.478],[130.582,31.529],[130.474,31.44],[130.233,31.026],[130.06,31.217],[130.219,31.56],[130.059,31.972],[130.444,32.284],[130.497,32.557],[130.257,32.912],[130.108,32.931],[129.846,32.587],[129.734,32.638],[129.63,32.866],[129.343,33.151],[129.528,33.298],[129.858,33.26],[130.176,33.337],[130.427,33.674],[130.644,33.7],[130.859,33.675],[131.093,33.428],[131.286,33.39],[131.569,33.486],[131.67,33.309],[131.414,33.111],[131.795,32.807],[131.831,32.693],[131.454,32.248],[131.319,31.511],[131.211,31.352],[130.96,31.193],[130.744,30.888],[130.579,30.907]]],[[[132.568,32.637],[132.343,33.107],[132.121,33.348],[132.45,33.52],[132.784,33.908],[132.969,33.794],[133.245,33.801],[133.463,33.884],[133.806,34.176],[134.01,34.189],[134.54,34.013],[134.61,33.899],[134.519,33.651],[133.999,33.148],[133.727,33.376],[133.517,33.395],[133.241,33.299],[132.901,32.67],[132.699,32.549],[132.568,32.637]]],[[[136.811,37.311],[137.31,37.433],[137.335,37.274],[137.014,37.037],[137.045,36.668],[137.176,36.643],[137.464,36.854],[138.317,37.206],[138.699,37.448],[138.856,37.735],[139.354,38.067],[139.896,38.999],[140.03,39.483],[140.011,39.694],[139.805,39.891],[139.985,40.115],[139.915,40.575],[140.386,40.986],[140.473,40.986],[140.657,40.724],[141.153,40.865],[141.077,41.102],[140.937,41.115],[140.775,41.255],[141.087,41.442],[141.437,41.269],[141.467,40.514],[141.676,40.316],[141.998,39.672],[141.999,39.449],[141.888,39.13],[141.467,38.587],[141.496,38.422],[141.024,38.211],[140.872,37.917],[140.964,36.956],[140.656,36.618],[140.547,36.287],[140.555,35.969],[140.834,35.677],[140.395,35.409],[140.317,35.034],[139.83,34.836],[139.788,34.963],[140.003,35.497],[139.914,35.554],[139.683,35.446],[139.423,35.166],[139.209,35.165],[139.053,35.025],[139.023,34.688],[138.864,34.567],[138.779,34.58],[138.684,34.992],[138.45,34.903],[138.149,34.528],[137.248,34.482],[137.042,34.729],[136.734,34.874],[136.507,34.518],[136.899,34.259],[136.199,34.003],[135.756,33.342],[135.063,33.69],[134.969,34.134],[135.317,34.471],[135.287,34.598],[135.206,34.617],[134.936,34.54],[134.427,34.628],[133.825,34.386],[133.589,34.442],[132.481,34.129],[132.387,34.269],[132.183,34.287],[131.997,34.09],[131.995,33.804],[131.655,33.912],[130.899,33.904],[130.779,33.967],[130.892,34.246],[131.334,34.292],[131.672,34.502],[132.663,35.381],[132.981,35.445],[133.006,35.254],[135.157,35.646],[135.188,35.443],[135.358,35.323],[135.727,35.45],[135.928,35.604],[135.978,35.973],[136.668,36.667],[136.64,37.17],[136.811,37.311]]]]}},{"type":"Feature","properties":{"NAME":"Milan","ABBREVN":"Milan","wikipedia":null,"SUBJECTO":"Milan","BORDERPRECISION":1,"PARTOF":"Milan"},"geometry":{"type":"MultiPolygon","coordinates":[[[[9.423,46.138],[9.455,46.019],[9.569,46.038],[9.582,45.893],[9.695,45.78],[9.506,45.515],[9.846,45.704],[9.922,45.666],[9.998,45.401],[10.506,45.365],[10.278,44.401],[9.905,44.571],[9.705,44.46],[9.192,44.758],[8.223,44.674],[7.874,45.922],[8.154,46.146],[8.089,46.268],[8.436,46.457],[8.436,46.296],[8.849,46.071],[8.802,45.982],[8.941,45.872],[9.08,45.875],[8.981,45.969],[9.204,46.223],[9.446,46.205],[9.423,46.138]]]]}},{"type":"Feature","properties":{"NAME":"Holy Roman Empire","ABBREVN":"Holy Roman E","wikipedia":null,"SUBJECTO":"Holy Roman Empire","BORDERPRECISION":1,"PARTOF":"Holy Roman Empire"},"geometry":{"type":"MultiPolygon","coordinates":[[[[6.931,46.408],[6.592,46.518],[6.347,46.461],[6.178,46.303],[5.325,46.398],[5.416,46.524],[5.725,46.48],[5.74,46.598],[5.626,46.649],[5.646,46.85],[5.757,46.887],[5.794,46.997],[5.667,47.108],[5.793,47.512],[5.918,47.595],[5.82,47.735],[5.96,47.804],[5.96,47.985],[6.057,47.957],[6.099,48.027],[6.252,47.957],[6.238,48.291],[5.946,48.347],[6.015,48.653],[5.834,48.778],[6.001,48.904],[5.876,49.071],[5.723,48.959],[5.612,49.21],[5.909,49.201],[5.699,49.391],[6.161,49.932],[5.946,51.504],[5.541,52.248],[5.757,52.334],[5.817,52.521],[5.556,52.587],[5.547,52.679],[5.653,52.75],[5.326,52.79],[5.39,53.139],[5.966,53.335],[6.751,53.39],[7.043,53.164],[7.16,53.164],[7.19,53.23],[6.981,53.317],[7.037,53.51],[7.332,53.604],[7.969,53.638],[8.099,53.444],[8.029,53.373],[8.175,53.322],[8.261,53.439],[8.189,53.531],[8.502,53.449],[8.429,53.612],[8.54,53.801],[9.125,53.79],[8.857,53.867],[8.819,53.969],[8.946,54.015],[8.779,54.132],[9.056,54.349],[9.441,54.247],[9.449,54.189],[9.674,54.189],[9.739,54.276],[9.885,54.254],[10.213,54.372],[10.649,54.259],[11.039,54.313],[11.016,54.097],[10.717,53.964],[10.859,53.877],[11.151,53.938],[11.202,53.857],[11.408,53.859],[11.565,54.035],[12.943,54.347],[13.064,54.194],[13.431,54.03],[13.668,54.084],[13.85,53.729],[14.537,53.538],[14.557,53.76],[14.467,53.91],[15.898,54.128],[16.473,54.415],[17.658,54.685],[17.747,54.433],[17.111,54.13],[16.99,54.19],[16.688,54.039],[16.809,53.858],[16.809,53.464],[16.658,53.858],[16.204,53.706],[16.416,53.525],[16.204,53.343],[16.053,52.716],[15.844,52.71],[15.76,52.571],[15.765,52.265],[16.506,52.004],[16.506,52.178],[16.855,51.917],[16.855,51.655],[17.204,51.611],[17.291,51.786],[17.553,51.655],[17.64,51.437],[18.646,50.645],[18.796,49.713],[18.896,49.713],[18.927,49.622],[18.522,49.561],[18.25,49.181],[18.314,48.279],[18.186,48.056],[17.517,47.642],[16.535,46.365],[16.448,46.104],[16.209,46.147],[16.079,45.886],[16.209,45.734],[16.122,45.582],[15.47,45.734],[15.424,45.43],[14.88,45.484],[14.798,45.865],[14.527,45.783],[14.354,45.323],[14.076,45.276],[13.99,45.42],[14.219,45.477],[14.076,45.678],[13.565,45.727],[13.438,45.638],[13.368,45.694],[13.606,46.132],[13.621,46.421],[13.725,46.646],[13.709,46.839],[13.581,46.839],[13.516,47.0],[13.292,47.064],[12.698,46.951],[12.328,46.967],[12.218,46.884],[12.075,46.928],[11.74,46.752],[11.908,46.414],[11.571,46.245],[11.571,45.975],[11.233,46.009],[11.166,45.739],[10.93,45.84],[10.795,45.638],[10.66,45.807],[10.525,45.739],[10.457,46.212],[10.558,46.313],[10.532,46.745],[10.64,47.037],[9.507,47.042],[9.483,47.182],[9.681,47.435],[9.617,47.496],[9.752,47.511],[9.043,47.818],[9.218,47.666],[8.987,47.743],[8.897,47.653],[8.802,47.747],[8.531,47.806],[8.406,47.692],[8.509,47.599],[7.733,47.525],[7.725,47.604],[7.571,47.584],[6.715,47.088],[6.546,46.958],[6.729,46.878],[7.213,47.122],[7.008,46.637],[7.117,46.55],[6.993,46.361],[6.931,46.408]]],[[[6.867,46.396],[6.867,46.396]]],[[[6.858,46.388],[6.859,46.391],[6.862,46.388],[6.858,46.388]]],[[[6.776,46.362],[6.864,46.292],[6.816,46.167],[6.238,46.292],[6.515,46.405],[6.776,46.362]]],[[[9.178,47.664],[9.189,47.651],[9.14,47.665],[9.178,47.664]]],[[[8.983,47.67],[9.011,47.671],[8.976,47.666],[8.983,47.67]]],[[[6.937,46.315],[6.969,46.283],[6.964,46.277],[6.937,46.315]]]]}},{"type":"Feature","properties":{"NAME":"Savoy","ABBREVN":"Savoy","wikipedia":null,"SUBJECTO":"Savoy","BORDERPRECISION":1,"PARTOF":"Savoy"},"geometry":{"type":"MultiPolygon","coordinates":[[[[6.886,46.043],[7.102,45.863],[7.637,45.964],[7.874,45.922],[8.242,44.605],[7.643,44.413],[7.705,44.062],[7.673,43.981],[7.634,44.036],[7.467,43.92],[7.397,43.764],[7.355,43.902],[6.923,43.815],[6.886,43.902],[6.96,43.914],[6.923,43.976],[6.997,44.05],[6.787,44.198],[6.87,44.349],[6.783,44.548],[7.003,44.72],[6.943,44.869],[6.28,45.199],[6.219,45.347],[6.033,45.334],[6.058,45.223],[5.947,45.26],[5.607,45.847],[5.357,45.876],[5.357,46.053],[5.533,46.009],[5.533,46.097],[5.268,46.318],[5.325,46.398],[6.178,46.303],[6.148,46.207],[6.238,46.292],[6.8,46.171],[6.897,46.12],[6.886,46.043]]]]}},{"type":"Feature","properties":{"NAME":"Swiss Confederation","ABBREVN":"Swiss Confederation","wikipedia":null,"SUBJECTO":"Swiss Confederation","BORDERPRECISION":1,"PARTOF":"Swiss Confederation"},"geometry":{"type":"MultiPolygon","coordinates":[[[[7.213,47.122],[6.729,46.878],[6.546,46.958],[7.571,47.584],[7.725,47.604],[7.733,47.525],[8.509,47.599],[8.406,47.692],[8.531,47.806],[8.937,47.659],[8.86,47.657],[9.14,47.665],[9.482,47.482],[9.617,47.496],[9.681,47.435],[9.483,47.182],[9.507,47.042],[10.64,47.037],[10.532,46.745],[10.558,46.5],[10.195,46.146],[9.455,46.019],[9.446,46.205],[9.204,46.223],[8.981,45.969],[9.08,45.875],[8.941,45.872],[8.802,45.982],[8.849,46.071],[8.436,46.296],[8.436,46.457],[8.306,46.4],[8.176,46.471],[7.907,46.302],[7.75,46.321],[7.61,46.443],[7.221,46.327],[7.033,46.184],[6.867,46.395],[6.993,46.361],[7.117,46.55],[7.008,46.637],[7.213,47.122]]],[[[8.15,46.294],[8.286,46.38],[8.15,46.294]]],[[[8.089,46.268],[8.089,46.268],[8.091,46.264],[8.089,46.268]]],[[[7.637,45.964],[7.336,45.909],[7.577,45.991],[7.827,45.932],[7.637,45.964]]],[[[7.102,45.863],[7.052,45.922],[7.179,45.868],[7.102,45.863]]],[[[6.873,46.056],[6.85,46.132],[6.873,46.056]]],[[[6.864,46.395],[6.864,46.395]]]]}},{"type":"Feature","properties":{"NAME":"Montana","ABBREVN":"Montana","wikipedia":null,"SUBJECTO":"Montana","BORDERPRECISION":1,"PARTOF":"Montana"},"geometry":{"type":"MultiPolygon","coordinates":[[[[-72.262,41.125],[-72.621,40.913],[-71.856,41.069],[-72.666,40.794],[-73.653,40.62],[-73.577,40.597],[-73.914,40.563],[-73.768,40.642],[-74.033,40.626],[-73.923,40.79],[-73.589,40.921],[-72.751,40.964],[-72.262,41.125]]],[[[-74.22,40.512],[-74.177,40.642],[-74.063,40.639],[-74.22,40.512]]]]}},{"type":"Feature","properties":{"NAME":null,"ABBREVN":null,"wikipedia":null,"SUBJECTO":null,"BORDERPRECISION":1,"PARTOF":null},"geometry":{"type":"MultiPolygon","coordinates":[[[[-71.14,21.432],[-71.136,21.511],[-71.14,21.432]]],[[[-72.461,21.63],[-72.434,21.713],[-72.461,21.63]]],[[[-71.469,21.655],[-71.533,21.734],[-71.469,21.655]]],[[[-71.658,21.823],[-71.654,21.74],[-71.828,21.776],[-71.851,21.846],[-71.658,21.823]]],[[[-72.262,21.751],[-72.327,21.856],[-72.262,21.751]]],[[[-71.884,21.847],[-72.033,21.943],[-71.912,21.943],[-71.884,21.847]]]]}},{"type":"Feature","properties":{"NAME":null,"ABBREVN":null,"wikipedia":null,"SUBJECTO":null,"BORDERPRECISION":1,"PARTOF":null},"geometry":{"type":"MultiPolygon","coordinates":[[[[-73.037,21.139],[-73.152,20.972],[-73.686,20.936],[-73.656,21.082],[-73.532,21.186],[-73.261,21.134],[-73.024,21.332],[-73.037,21.139]]],[[[-72.925,21.484],[-73.038,21.435],[-73.068,21.508],[-72.925,21.484]]],[[[-72.829,22.382],[-72.741,22.337],[-72.781,22.284],[-72.886,22.36],[-73.165,22.371],[-73.082,22.444],[-72.829,22.382]]],[[[-73.61,22.58],[-73.61,22.58]]],[[[-73.463,22.602],[-73.551,22.612],[-73.463,22.602]]],[[[-74.378,22.539],[-74.284,22.666],[-74.378,22.539]]],[[[-73.847,22.724],[-73.868,22.469],[-74.281,22.173],[-73.868,22.512],[-74.038,22.622],[-73.847,22.724]]],[[[-74.074,22.663],[-74.273,22.714],[-74.344,22.835],[-74.018,22.716],[-74.074,22.663]]],[[[-73.729,23.071],[-73.814,23.097],[-73.665,23.089],[-73.729,23.071]]],[[[-75.551,23.431],[-75.651,23.456],[-75.551,23.431]]],[[[-75.021,23.106],[-74.85,23.004],[-74.831,22.861],[-74.972,23.071],[-75.169,23.143],[-75.068,23.112],[-75.308,23.668],[-75.021,23.106]]],[[[-75.772,23.5],[-76.029,23.672],[-75.772,23.5]]],[[[-74.782,23.684],[-74.949,23.685],[-74.782,23.684]]],[[[-76.364,24.072],[-76.322,23.973],[-76.398,24.113],[-76.364,24.072]]],[[[-74.49,23.954],[-74.527,24.101],[-74.461,24.143],[-74.49,23.954]]],[[[-77.947,24.15],[-77.972,24.194],[-77.8,24.253],[-77.947,24.15]]],[[[-77.937,24.226],[-78.019,24.251],[-77.931,24.279],[-77.937,24.226]]],[[[-76.469,24.21],[-76.545,24.29],[-76.469,24.21]]],[[[-77.736,24.029],[-77.607,24.214],[-77.517,23.928],[-77.567,23.739],[-77.773,23.743],[-77.573,23.843],[-77.73,23.787],[-77.877,24.073],[-77.676,24.296],[-77.637,24.23],[-77.755,24.139],[-77.736,24.029]]],[[[-77.687,24.337],[-77.807,24.32],[-77.687,24.337]]],[[[-75.315,24.214],[-75.29,24.144],[-75.515,24.14],[-75.463,24.288],[-75.739,24.695],[-75.633,24.652],[-75.315,24.214]]],[[[-77.436,25.008],[-77.561,25.027],[-77.259,25.049],[-77.436,25.008]]],[[[-78.192,25.204],[-77.983,25.146],[-77.717,24.507],[-78.021,24.273],[-78.441,24.614],[-78.315,24.711],[-78.328,24.583],[-78.193,24.598],[-78.306,24.721],[-78.177,24.917],[-78.192,25.204]]],[[[-76.533,25.398],[-76.35,25.343],[-76.119,25.131],[-76.168,24.69],[-76.338,24.825],[-76.211,24.866],[-76.163,25.128],[-76.356,25.318],[-76.716,25.442],[-76.735,25.559],[-76.533,25.398]]],[[[-77.822,25.702],[-77.888,25.785],[-77.822,25.702]]],[[[-77.563,26.269],[-77.575,26.336],[-77.563,26.269]]],[[[-77.917,26.745],[-77.938,26.642],[-78.366,26.611],[-78.709,26.49],[-78.979,26.695],[-78.704,26.584],[-78.519,26.734],[-77.917,26.745]]],[[[-77.735,26.914],[-77.547,26.897],[-77.278,26.623],[-77.042,26.509],[-77.05,26.306],[-77.168,26.229],[-77.205,25.881],[-77.398,26.026],[-77.219,26.147],[-77.232,26.416],[-77.149,26.549],[-77.345,26.605],[-77.54,26.865],[-77.95,26.898],[-77.735,26.914]]]]}},{"type":"Feature","properties":{"NAME":"Chatot","ABBREVN":"Chatot","wikipedia":null,"SUBJECTO":"Chatot","BORDERPRECISION":1,"PARTOF":"Chatot"},"geometry":{"type":"MultiPolygon","coordinates":[[[[-86.615,30.411],[-86.671,31.861],[-85.824,31.864],[-85.417,31.485],[-85.255,30.625],[-85.075,30.311],[-85.305,29.664],[-85.428,29.76],[-85.487,30.039],[-85.6,30.153],[-86.058,30.235],[-86.389,30.473],[-86.615,30.411]]]]}},{"type":"Feature","properties":{"NAME":null,"ABBREVN":null,"wikipedia":null,"SUBJECTO":null,"BORDERPRECISION":1,"PARTOF":null},"geometry":{"type":"MultiPolygon","coordinates":[[[[-121.209,45.587],[-120.998,45.631],[-121.114,45.306],[-122.301,45.007],[-122.818,45.079],[-122.995,45.63],[-122.823,45.778],[-122.288,45.53],[-121.876,45.686],[-121.343,45.665],[-121.209,45.587]]]]}},{"type":"Feature","properties":{"NAME":"Thompson","ABBREVN":"Thompson","wikipedia":null,"SUBJECTO":"Thompson","BORDERPRECISION":1,"PARTOF":"Thompson"},"geometry":{"type":"MultiPolygon","coordinates":[[[[-121.667,48.981],[-121.176,49.023],[-121.052,48.767],[-121.189,48.591],[-121.637,48.64],[-121.667,48.981]]]]}},{"type":"Feature","properties":{"NAME":null,"ABBREVN":null,"wikipedia":null,"SUBJECTO":null,"BORDERPRECISION":1,"PARTOF":null},"geometry":{"type":"MultiPolygon","coordinates":[[[[-122.262,48.931],[-122.225,48.626],[-122.502,48.609],[-122.683,48.896],[-122.262,48.931]]]]}},{"type":"Feature","properties":{"NAME":null,"ABBREVN":null,"wikipedia":null,"SUBJECTO":null,"BORDERPRECISION":1,"PARTOF":null},"geometry":{"type":"MultiPolygon","coordinates":[[[[-121.667,48.981],[-121.637,48.64],[-122.225,48.626],[-122.262,48.931],[-121.667,48.981]]]]}},{"type":"Feature","properties":{"NAME":"Republic of the Seven Zenden","ABBREVN":"Republic of the Seven Zenden","wikipedia":null,"SUBJECTO":"Republic of the Seven Zenden","BORDERPRECISION":1,"PARTOF":"Republic of the Seven Zenden"},"geometry":{"type":"MultiPolygon","coordinates":[[[[8.243,46.356],[8.089,46.268],[8.154,46.146],[7.873,45.921],[7.577,45.991],[7.196,45.861],[6.804,46.137],[6.864,46.292],[6.776,46.362],[6.878,46.394],[7.033,46.184],[7.221,46.327],[7.61,46.443],[7.75,46.321],[7.907,46.302],[8.176,46.471],[8.314,46.396],[8.243,46.356]]]]}},{"type":"Feature","properties":{"NAME":"Australian aboriginal hunter-gatherers","ABBREVN":"Australian aboriginal hunter-gatherers","wikipedia":null,"SUBJECTO":"Australian aboriginal hunter-gatherers","BORDERPRECISION":1,"PARTOF":"Australian aboriginal hunter-gatherers"},"geometry":{"type":"MultiPolygon","coordinates":[[[[142.338,-10.915],[142.644,-11.093],[142.749,-11.321],[142.823,-11.919],[142.938,-12.007],[143.127,-12.013],[143.173,-12.121],[142.971,-12.535],[143.292,-12.687],[143.371,-12.814],[143.474,-13.665],[143.743,-14.466],[143.875,-14.586],[144.065,-14.592],[144.385,-14.369],[144.529,-14.668],[145.184,-15.048],[145.222,-15.664],[145.346,-16.014],[145.326,-16.49],[145.869,-17.195],[145.994,-17.513],[146.019,-17.862],[145.925,-18.257],[146.322,-19.082],[147.078,-19.513],[147.413,-19.563],[147.594,-19.855],[147.973,-20.096],[148.704,-20.203],[148.756,-20.292],[148.567,-20.654],[148.706,-20.845],[149.101,-21.06],[149.557,-22.433],[149.67,-22.572],[150.017,-22.73],[149.945,-22.324],[150.694,-22.678],[150.802,-23.6],[151.2,-23.942],[151.73,-24.157],[152.073,-24.742],[152.318,-24.818],[152.486,-25.313],[152.831,-25.471],[153.069,-26.228],[153.087,-27.01],[152.946,-27.341],[153.396,-28.129],[153.493,-28.841],[152.94,-30.699],[152.972,-31.418],[152.445,-32.507],[152.176,-32.877],[151.765,-33.005],[151.364,-33.521],[151.217,-34.208],[150.85,-34.718],[150.856,-35.011],[150.762,-35.253],[150.222,-35.694],[150.011,-36.626],[149.985,-37.347],[149.712,-37.794],[149.504,-37.929],[148.037,-38.098],[146.917,-38.713],[146.821,-38.841],[146.299,-38.894],[146.526,-39.181],[145.536,-38.723],[145.504,-38.442],[144.97,-38.066],[144.78,-38.06],[144.411,-38.246],[144.748,-38.456],[144.311,-38.565],[143.365,-38.97],[141.904,-38.43],[141.675,-38.411],[141.547,-38.533],[141.225,-38.457],[140.652,-38.164],[140.012,-37.642],[139.823,-37.246],[139.826,-36.595],[139.743,-36.372],[139.444,-36.041],[139.368,-35.614],[139.127,-35.608],[138.774,-35.788],[138.352,-35.865],[138.197,-35.757],[138.43,-35.552],[138.568,-34.928],[138.101,-34.356],[137.883,-34.687],[137.683,-35.331],[136.947,-35.473],[137.108,-35.071],[137.393,-35.089],[137.502,-35.025],[137.559,-34.911],[137.512,-34.459],[137.864,-33.879],[137.913,-33.517],[138.091,-33.453],[138.189,-33.294],[137.868,-32.747],[137.82,-33.065],[137.457,-33.314],[137.067,-33.951],[136.731,-34.06],[136.106,-34.532],[135.712,-35.207],[135.528,-35.055],[135.239,-34.197],[134.844,-33.695],[134.71,-33.364],[134.631,-33.269],[134.208,-33.257],[134.108,-33.028],[134.258,-32.875],[134.237,-32.742],[133.837,-32.342],[133.125,-32.337],[132.698,-32.09],[132.182,-32.148],[131.28,-31.635],[130.857,-31.731],[129.185,-31.798],[127.265,-32.381],[126.059,-32.434],[124.248,-33.144],[123.623,-33.915],[123.359,-34.043],[122.768,-34.031],[122.171,-34.179],[121.74,-33.963],[119.771,-34.12],[119.592,-34.222],[119.33,-34.579],[119.175,-34.637],[118.673,-34.606],[118.207,-35.09],[117.793,-35.212],[116.848,-35.214],[116.251,-35.101],[115.616,-34.631],[115.047,-34.422],[114.986,-33.755],[115.409,-33.767],[115.558,-33.575],[115.767,-32.755],[115.747,-32.208],[115.561,-31.661],[115.058,-30.804],[114.9,-30.142],[114.912,-29.697],[114.63,-28.903],[113.965,-28.033],[114.022,-27.626],[113.925,-27.385],[113.595,-26.883],[113.158,-26.425],[113.035,-26.163],[113.092,-26.058],[113.433,-26.572],[113.739,-26.667],[113.583,-26.152],[113.285,-25.827],[113.321,-25.69],[113.658,-26.068],[113.881,-26.509],[114.095,-26.539],[114.05,-26.289],[114.181,-26.271],[114.183,-26.017],[113.592,-25.185],[113.379,-24.614],[113.362,-24.283],[113.762,-23.481],[113.625,-22.566],[113.901,-22.038],[114.027,-22.521],[114.075,-22.603],[114.232,-22.616],[114.309,-22.564],[114.456,-22.094],[115.349,-21.602],[116.419,-20.837],[117.597,-20.758],[117.968,-20.471],[118.734,-20.317],[118.936,-20.024],[119.813,-20.118],[120.872,-19.677],[121.386,-19.116],[121.576,-18.703],[122.196,-18.244],[122.085,-17.398],[122.564,-16.895],[122.738,-16.583],[123.023,-16.856],[123.419,-17.58],[123.508,-17.109],[123.827,-17.248],[123.912,-16.975],[123.553,-16.696],[123.576,-16.391],[123.979,-16.409],[124.277,-16.523],[124.846,-16.53],[124.338,-16.262],[124.425,-15.658],[124.689,-15.467],[125.109,-15.625],[125.059,-15.421],[125.174,-15.04],[125.156,-14.805],[125.497,-14.677],[125.863,-14.695],[126.101,-14.205],[126.268,-14.071],[126.426,-14.147],[126.546,-14.35],[126.853,-13.784],[127.166,-14.063],[127.529,-14.196],[127.963,-14.703],[127.985,-15.288],[128.066,-15.377],[128.459,-14.886],[129.196,-14.993],[129.632,-15.278],[129.849,-14.82],[129.459,-14.496],[129.427,-14.306],[129.763,-14.019],[129.766,-13.816],[129.852,-13.72],[130.206,-13.484],[130.274,-13.363],[130.233,-13.147],[130.463,-12.759],[130.951,-12.631],[130.859,-12.447],[131.028,-12.268],[131.183,-12.236],[131.54,-12.401],[132.398,-12.329],[132.751,-12.169],[132.626,-11.75],[132.515,-11.623],[132.303,-11.503],[132.134,-11.541],[132.025,-11.478],[132.041,-11.383],[132.206,-11.319],[132.384,-11.299],[132.776,-11.578],[132.929,-11.533],[133.559,-11.951],[134.409,-12.121],[134.762,-12.063],[134.94,-12.336],[135.129,-12.387],[135.445,-12.176],[135.649,-12.188],[135.942,-12.359],[136.091,-12.575],[136.299,-12.511],[136.353,-12.155],[136.435,-12.117],[136.64,-12.326],[136.791,-12.37],[136.86,-12.44],[136.664,-12.625],[136.469,-13.223],[136.238,-13.23],[135.831,-13.485],[135.829,-13.733],[135.965,-13.891],[135.881,-14.203],[135.458,-14.681],[135.417,-14.973],[136.094,-15.449],[136.687,-16.026],[137.074,-16.031],[137.76,-16.399],[138.26,-16.842],[138.963,-16.994],[139.248,-17.432],[139.818,-17.761],[140.06,-17.83],[140.708,-17.632],[141.132,-16.957],[141.314,-16.448],[141.402,-15.857],[141.711,-15.227],[141.468,-14.757],[141.668,-14.114],[141.512,-13.809],[141.599,-13.046],[141.919,-12.703],[141.679,-12.468],[141.953,-11.952],[142.126,-11.157],[142.338,-10.915]]]]}},{"type":"Feature","properties":{"NAME":"Tasmanian hunter-gatherers","ABBREVN":"Tasmanian hunter-gatherers","wikipedia":null,"SUBJECTO":"Tasmanian hunter-gatherers","BORDERPRECISION":1,"PARTOF":"Tasmanian hunter-gatherers"},"geometry":{"type":"MultiPolygon","coordinates":[[[[146.713,-43.722],[145.723,-43.24],[145.279,-42.668],[145.183,-42.481],[145.566,-42.583],[145.624,-42.519],[144.869,-41.594],[144.7,-41.164],[144.697,-40.862],[146.382,-41.308],[147.596,-41.165],[147.734,-41.029],[148.056,-40.92],[148.27,-41.093],[148.319,-41.806],[147.981,-42.482],[147.926,-42.823],[147.815,-42.965],[147.391,-43.082],[147.142,-43.257],[146.836,-43.689],[146.713,-43.722]]]]}},{"type":"Feature","properties":{"NAME":"Subarctic forest hunter-gatherers","ABBREVN":"Subarctic forest hunter-gatherers","wikipedia":null,"SUBJECTO":"Subarctic forest hunter-gatherers","BORDERPRECISION":1,"PARTOF":"Subarctic forest hunter-gatherers"},"geometry":{"type":"MultiPolygon","coordinates":[[[[-81.311,52.118],[-80.877,51.906],[-80.573,51.641],[-80.361,51.304],[-80.073,51.298],[-79.338,50.843],[-80.073,51.298],[-80.361,51.304],[-80.573,51.641],[-80.877,51.906],[-81.311,52.118],[-81.747,52.17],[-81.311,52.118]]],[[[-79.276,51.604],[-79.112,51.525],[-78.823,51.161],[-78.7,51.566],[-78.823,51.161],[-79.112,51.525],[-79.276,51.604],[-79.534,51.418],[-79.594,51.266],[-79.534,51.418],[-79.276,51.604]]],[[[-78.491,52.256],[-78.573,52.489],[-78.491,52.256],[-78.553,52.01],[-78.797,51.771],[-78.553,52.01],[-78.491,52.256]]],[[[-78.742,52.744],[-78.725,52.695],[-78.742,52.744]]],[[[-65.244,50.351],[-62.954,54.22],[-64.881,50.334],[-65.244,50.351]]],[[[-82.069,52.861],[-81.734,52.549],[-81.852,52.709],[-82.341,52.981],[-82.069,52.861]]],[[[-111.977,58.287],[-102.587,53.565],[-106.277,51.517],[-115.034,52.033],[-122.491,54.244],[-111.977,58.287]]],[[[-91.337,57.163],[-92.404,56.975],[-91.337,57.163],[-90.695,57.17],[-91.337,57.163]]],[[[-85.603,55.509],[-84.468,55.167],[-83.576,55.223],[-82.383,55.056],[-82.202,54.969],[-82.383,55.056],[-83.576,55.223],[-84.468,55.167],[-85.161,55.328],[-85.892,55.61],[-87.467,55.912],[-87.914,56.332],[-88.767,56.738],[-89.726,56.934],[-88.767,56.738],[-87.914,56.332],[-87.467,55.912],[-85.603,55.509]]],[[[-82.399,54.271],[-82.192,53.99],[-82.399,54.271]]]]}},{"type":"Feature","properties":{"NAME":"Athabaskan","ABBREVN":"Athabaskan","wikipedia":null,"SUBJECTO":"Athabaskan","BORDERPRECISION":1,"PARTOF":"Athabaskan"},"geometry":{"type":"MultiPolygon","coordinates":[[[[-128.427,55.668],[-130.075,57.566],[-128.705,60.74],[-133.464,61.538],[-134.311,61.434],[-134.799,60.553],[-138.607,61.535],[-145.511,62.576],[-147.068,60.91],[-147.94,61.206],[-148.493,61.064],[-148.466,60.868],[-148.755,60.683],[-151.784,59.962],[-151.415,60.254],[-151.16,60.66],[-150.828,60.8],[-150.437,60.906],[-149.425,60.859],[-149.317,60.929],[-150.311,61.314],[-150.781,61.292],[-151.342,60.954],[-152.19,60.658],[-152.561,60.384],[-152.878,60.279],[-152.819,60.132],[-152.899,59.896],[-153.17,59.74],[-161.001,63.628],[-160.89,63.857],[-160.927,63.952],[-157.178,64.013],[-138.3,69.143],[-135.496,68.719],[-135.699,68.989],[-136.015,69.147],[-136.044,69.336],[-135.439,69.526],[-135.104,69.497],[-134.776,69.573],[-133.648,69.507],[-133.002,69.758],[-131.446,69.966],[-131.059,70.158],[-130.242,70.206],[-129.849,70.151],[-130.208,69.915],[-132.303,69.487],[-132.618,69.252],[-133.413,69.137],[-133.72,68.918],[-132.69,68.462],[-132.789,68.709],[-132.713,68.867],[-132.175,68.981],[-131.673,69.276],[-130.896,69.3],[-129.763,69.658],[-133.481,62.934],[-132.302,62.538],[-124.936,64.835],[-118.198,62.713],[-111.371,58.606],[-112.449,58.525],[-111.977,58.287],[-122.491,54.244],[-127.866,52.413],[-128.06,52.5],[-128.077,52.939],[-128.432,52.939],[-128.889,53.418],[-128.814,53.764],[-129.06,53.739],[-129.434,53.518],[-129.97,53.913],[-128.427,55.668]]]]}},{"type":"Feature","properties":{"NAME":"Caribbean hunter-gatherers","ABBREVN":"Caribbean hunter-gatherers","wikipedia":null,"SUBJECTO":"Caribbean hunter-gatherers","BORDERPRECISION":1,"PARTOF":"Caribbean hunter-gatherers"},"geometry":{"type":"MultiPolygon","coordinates":[[[[-49.584,-1.651],[-50.225,-1.735],[-50.476,-1.679],[-50.647,-1.266],[-50.574,-1.177],[-50.617,-0.891],[-50.501,-0.262],[-50.207,-0.191],[-49.358,-0.285],[-49.143,-0.195],[-48.402,-0.391],[-48.553,-0.632],[-48.64,-1.058],[-48.886,-1.421],[-49.347,-1.645],[-49.584,-1.651]]],[[[-69.729,8.488],[-69.227,9.794],[-64.907,9.292],[-62.998,9.292],[-61.415,9.698],[-61.531,9.851],[-61.917,9.907],[-62.103,10.021],[-62.297,9.722],[-62.103,10.021],[-61.917,9.907],[-61.531,9.851],[-61.415,9.698],[-60.793,9.388],[-61.121,9.165],[-61.29,8.771],[-61.696,8.61],[-62.128,8.644],[-63.065,8.325],[-65.965,8.18],[-69.814,8.488],[-69.729,8.488]]],[[[-70.682,8.557],[-70.682,8.557],[-70.682,8.557],[-70.682,8.557]]],[[[-71.098,9.328],[-71.014,9.627],[-71.089,9.919],[-71.044,9.392],[-71.182,9.277],[-71.098,9.328]]],[[[-71.496,10.646],[-71.443,10.468],[-71.496,10.646]]],[[[-71.499,10.772],[-71.456,10.885],[-71.607,10.727],[-71.499,10.772]]],[[[-71.098,11.12],[-70.161,11.39],[-70.122,11.491],[-69.748,11.533],[-69.792,11.693],[-69.748,11.533],[-70.122,11.491],[-70.161,11.39],[-71.548,10.949],[-71.098,11.12]]],[[[-69.865,11.758],[-69.848,11.709],[-69.865,11.758]]]]}},{"type":"Feature","properties":{"NAME":"Amazon hunter-gatherers","ABBREVN":"Amazon hunter-gatherers","wikipedia":null,"SUBJECTO":"Amazon hunter-gatherers","BORDERPRECISION":1,"PARTOF":"Amazon hunter-gatherers"},"geometry":{"type":"MultiPolygon","coordinates":[[[[-69.045,-8.236],[-70.158,-5.735],[-66.408,3.042],[-62.659,4.153],[-58.558,3.978],[-55.862,1.696],[-55.804,0.876],[-57.972,-0.589],[-58.44,-2.288],[-56.331,-4.335],[-54.163,-4.627],[-49.066,-4.744],[-46.281,-3.553],[-53.123,-14.275],[-60.268,-13.81],[-64.194,-14.695],[-69.045,-8.236]]],[[[-37.888,-4.393],[-37.888,-4.393],[-38.068,-4.232],[-37.888,-4.393]]]]}},{"type":"Feature","properties":{"NAME":"Pampas cultures","ABBREVN":"Pampas cultures","wikipedia":null,"SUBJECTO":"Pampas cultures","BORDERPRECISION":1,"PARTOF":"Pampas cultures"},"geometry":{"type":"MultiPolygon","coordinates":[[[[-69.115,-51.352],[-71.165,-51.561],[-71.487,-51.104],[-72.044,-48.766],[-72.191,-45.99],[-71.634,-43.196],[-70.579,-40.579],[-72.068,-40.547],[-71.517,-39.706],[-69.437,-37.159],[-67.65,-33.577],[-67.482,-31.656],[-63.563,-30.037],[-57.353,-29.681],[-54.365,-30.593],[-53.544,-31.446],[-52.14,-31.741],[-52.351,-32.675],[-52.567,-33.019],[-53.432,-33.903],[-53.793,-34.4],[-54.423,-34.852],[-54.99,-34.967],[-55.383,-34.816],[-55.879,-34.887],[-56.167,-35.014],[-56.338,-34.995],[-56.719,-34.691],[-57.006,-34.578],[-57.348,-34.508],[-57.787,-34.598],[-57.934,-34.541],[-58.34,-34.216],[-58.53,-34.485],[-58.523,-34.587],[-58.107,-34.961],[-57.479,-35.214],[-57.226,-35.436],[-57.237,-35.583],[-57.4,-35.818],[-57.372,-36.149],[-57.084,-36.416],[-56.8,-36.543],[-56.698,-36.944],[-57.502,-37.927],[-57.643,-38.259],[-57.809,-38.386],[-58.651,-38.694],[-59.515,-38.875],[-61.361,-39.031],[-62.31,-38.88],[-62.351,-39.333],[-62.068,-39.556],[-62.435,-40.195],[-62.466,-40.368],[-62.26,-40.803],[-62.353,-40.899],[-62.964,-41.137],[-63.476,-41.19],[-65.049,-40.853],[-65.153,-40.975],[-65.135,-41.244],[-64.941,-41.552],[-64.925,-41.731],[-65.033,-42.02],[-64.992,-42.193],[-64.644,-42.437],[-64.286,-42.474],[-64.12,-42.384],[-64.294,-42.205],[-63.729,-42.101],[-63.6,-42.704],[-64.001,-42.853],[-64.217,-42.616],[-64.688,-42.649],[-65.085,-42.784],[-65.017,-42.881],[-64.309,-43.027],[-65.047,-43.331],[-65.307,-43.601],[-65.27,-44.258],[-65.637,-44.626],[-65.627,-44.723],[-65.436,-44.89],[-66.411,-45.021],[-66.695,-45.131],[-67.225,-45.553],[-67.472,-45.922],[-67.469,-46.266],[-67.112,-46.732],[-66.376,-47.127],[-65.776,-47.23],[-65.713,-47.354],[-65.781,-47.712],[-66.078,-48.142],[-67.257,-48.744],[-67.578,-49.059],[-67.7,-49.386],[-67.65,-49.621],[-67.833,-49.968],[-68.895,-50.384],[-69.041,-50.562],[-69.143,-50.918],[-69.115,-51.352]]]]}},{"type":"Feature","properties":{"NAME":"Savanna hunter-gatherers","ABBREVN":"Savanna hunter-gatherers","wikipedia":null,"SUBJECTO":"Savanna hunter-gatherers","BORDERPRECISION":1,"PARTOF":"Savanna hunter-gatherers"},"geometry":{"type":"MultiPolygon","coordinates":[[[[-64.662,-16.805],[-64.193,-14.69],[-60.268,-13.81],[-53.123,-14.275],[-48.469,-23.749],[-49.487,-24.553],[-49.839,-26.797],[-48.797,-28.476],[-48.937,-28.698],[-49.546,-29.157],[-49.936,-29.627],[-50.469,-30.74],[-50.806,-31.192],[-51.477,-31.823],[-51.333,-31.46],[-50.854,-30.938],[-50.582,-30.416],[-50.609,-30.302],[-50.948,-30.36],[-51.232,-30.265],[-51.445,-31.015],[-51.602,-31.232],[-52.042,-31.557],[-52.14,-31.741],[-53.544,-31.446],[-54.365,-30.593],[-57.353,-29.681],[-63.563,-30.037],[-67.499,-31.663],[-68.41,-30.484],[-68.26,-28.542],[-67.154,-25.222],[-65.494,-19.135],[-65.719,-18.084],[-64.662,-16.805]]],[[[-37.888,-4.393],[-37.888,-4.393],[-37.735,-4.53],[-37.888,-4.393]]]]}},{"type":"Feature","properties":{"NAME":"Andean hunter-gatherers","ABBREVN":"Andean hunter-gatherers","wikipedia":null,"SUBJECTO":"Andean hunter-gatherers","BORDERPRECISION":1,"PARTOF":"Andean hunter-gatherers"},"geometry":{"type":"MultiPolygon","coordinates":[[[[-67.482,-31.656],[-67.65,-33.577],[-69.437,-37.159],[-71.517,-39.706],[-72.728,-41.553],[-72.891,-41.529],[-73.178,-41.761],[-73.464,-41.787],[-73.594,-41.697],[-73.845,-41.153],[-73.905,-40.839],[-73.759,-40.243],[-73.194,-39.565],[-73.441,-38.628],[-73.435,-37.902],[-73.69,-37.367],[-73.584,-37.278],[-73.36,-37.322],[-73.144,-37.156],[-72.629,-35.646],[-72.33,-35.283],[-71.823,-33.935],[-71.616,-33.706],[-71.75,-33.191],[-71.416,-32.753],[-71.52,-32.181],[-71.416,-32.753],[-71.75,-33.191],[-71.616,-33.706],[-71.823,-33.935],[-72.33,-35.283],[-72.629,-35.646],[-73.144,-37.156],[-73.278,-37.283],[-71.027,-37.212],[-70.289,-36.474],[-69.367,-34.445],[-69.367,-32.6],[-68.445,-30.94],[-68.41,-30.484],[-67.482,-31.656]]]]}},{"type":"Feature","properties":{"NAME":"Patagonian shellfish and marine mammal hunters","ABBREVN":"Patagonian shellfish and marine mammal hunters","wikipedia":null,"SUBJECTO":"Patagonian shellfish and marine mammal hunters","BORDERPRECISION":1,"PARTOF":"Patagonian shellfish and marine mammal hunters"},"geometry":{"type":"MultiPolygon","coordinates":[[[[-69.214,-54.934],[-69.861,-54.774],[-70.721,-54.937],[-70.574,-54.642],[-70.621,-54.501],[-70.213,-54.434],[-69.568,-54.459],[-69.373,-54.605],[-69.055,-54.602],[-69.335,-54.292],[-69.89,-54.139],[-70.146,-53.806],[-69.421,-53.544],[-69.515,-53.345],[-70.333,-53.473],[-70.465,-53.373],[-70.281,-53.087],[-69.407,-52.566],[-69.221,-52.692],[-68.701,-52.72],[-68.332,-52.85],[-68.305,-52.943],[-68.705,-53.235],[-68.557,-53.349],[-68.13,-53.375],[-67.838,-53.701],[-66.983,-54.341],[-66.307,-54.64],[-65.259,-54.719],[-65.348,-54.913],[-66.458,-55.07],[-67.492,-54.87],[-68.376,-54.852],[-69.214,-54.934]]],[[[-73.948,-43.458],[-74.142,-43.445],[-74.296,-43.265],[-74.134,-42.764],[-74.169,-42.346],[-74.005,-42.019],[-73.637,-41.967],[-73.475,-42.114],[-73.455,-42.262],[-73.831,-42.564],[-73.609,-42.911],[-73.771,-43.509],[-73.948,-43.458]]],[[[-73.281,-52.953],[-73.243,-52.574],[-73.626,-52.608],[-73.658,-52.442],[-73.56,-52.283],[-72.869,-52.281],[-72.845,-52.646],[-73.08,-53.032],[-73.281,-52.953]]],[[[-70.579,-40.579],[-71.634,-43.196],[-72.191,-45.99],[-72.044,-48.766],[-71.487,-51.104],[-71.165,-51.561],[-69.115,-51.352],[-68.831,-51.902],[-68.411,-52.405],[-68.594,-52.465],[-68.995,-52.426],[-69.343,-52.288],[-69.895,-52.627],[-70.573,-52.708],[-70.734,-52.802],[-70.854,-53.081],[-70.878,-53.474],[-70.998,-53.821],[-71.442,-53.882],[-71.872,-53.696],[-71.152,-52.962],[-71.443,-52.829],[-72.051,-53.07],[-72.751,-53.138],[-72.842,-52.985],[-72.784,-52.898],[-71.678,-52.644],[-71.95,-52.571],[-72.559,-52.573],[-72.565,-52.387],[-72.449,-52.161],[-72.65,-52.128],[-72.81,-51.93],[-73.107,-52.103],[-73.408,-52.024],[-73.258,-51.706],[-73.591,-51.792],[-73.875,-51.562],[-73.638,-51.356],[-73.703,-51.198],[-73.861,-51.211],[-74.269,-50.994],[-73.776,-50.835],[-73.53,-50.433],[-74.075,-50.473],[-74.19,-50.171],[-73.932,-49.993],[-74.187,-49.823],[-74.24,-49.634],[-73.9,-49.43],[-73.963,-49.241],[-74.272,-49.431],[-74.312,-48.745],[-74.133,-48.477],[-74.21,-48.008],[-73.439,-48.156],[-73.36,-47.974],[-73.764,-47.773],[-74.154,-47.839],[-74.297,-47.761],[-74.538,-47.787],[-74.545,-47.683],[-74.393,-47.533],[-74.412,-47.384],[-74.328,-47.292],[-74.087,-47.298],[-73.979,-47.032],[-74.463,-46.799],[-75.011,-46.774],[-75.022,-46.553],[-75.496,-46.58],[-74.864,-46.229],[-74.564,-45.872],[-74.189,-45.845],[-74.068,-45.935],[-74.042,-46.091],[-74.479,-46.306],[-74.376,-46.558],[-74.087,-46.298],[-73.979,-46.344],[-73.97,-46.713],[-73.571,-46.265],[-73.474,-45.669],[-73.331,-45.474],[-73.047,-45.376],[-73.335,-45.28],[-73.314,-45.086],[-72.947,-44.943],[-72.677,-44.749],[-72.555,-44.543],[-72.583,-44.44],[-73.058,-44.19],[-73.082,-44.022],[-72.972,-43.707],[-72.999,-43.334],[-72.53,-43.063],[-72.724,-42.8],[-72.747,-42.446],[-72.438,-42.305],[-72.414,-42.163],[-72.466,-42.035],[-72.731,-41.907],[-72.587,-41.618],[-72.728,-41.553],[-72.068,-40.547],[-70.579,-40.579]]]]}},{"type":"Feature","properties":{"NAME":"Plateau fichers and hunter gatherers","ABBREVN":"Plateau fichers and hunter gatherers","wikipedia":null,"SUBJECTO":"Plateau fichers and hunter gatherers","BORDERPRECISION":1,"PARTOF":"Plateau fichers and hunter gatherers"},"geometry":{"type":"MultiPolygon","coordinates":[[[[-113.208,45.706],[-113.429,45.358],[-113.208,45.706],[-113.208,45.706]]],[[[-114.211,45.528],[-116.124,44.706],[-114.212,45.528],[-114.211,45.528]]],[[[-120.357,46.999],[-120.407,46.963],[-120.414,47.128],[-120.357,46.999],[-120.071,46.944],[-120.357,46.999]]],[[[-115.034,52.033],[-114.467,52.0],[-114.265,49.605],[-120.615,49.07],[-124.76,52.448],[-125.758,53.131],[-122.491,54.244],[-115.034,52.033]]],[[[-117.571,46.024],[-117.571,46.024],[-117.852,46.347],[-117.571,46.024]]],[[[-117.395,44.792],[-117.711,45.636],[-117.711,45.636],[-117.395,44.792]]]]}},{"type":"Feature","properties":{"NAME":"Ottoman Empire","ABBREVN":"Ottoman Emp","wikipedia":null,"SUBJECTO":"Ottoman Empire","BORDERPRECISION":1,"PARTOF":"Ottoman Empire"},"geometry":{"type":"MultiPolygon","coordinates":[[[[33.325,48.052],[33.236,46.957],[32.33,46.152],[32.114,46.216],[31.926,46.41],[32.189,46.592],[31.951,46.865],[31.781,46.702],[30.833,46.577],[30.069,45.861],[29.63,45.75],[29.5,45.523],[29.683,45.375],[29.711,45.258],[29.579,45.058],[29.458,44.915],[29.09,44.876],[28.686,44.488],[28.446,43.476],[28.035,43.392],[27.836,42.736],[27.654,42.684],[27.502,42.516],[27.495,42.401],[27.608,42.417],[27.913,42.078],[28.104,41.593],[29.081,41.201],[28.964,40.989],[28.828,40.915],[28.173,41.058],[27.932,40.958],[27.474,40.963],[27.264,40.667],[26.614,40.398],[26.141,40.045],[26.195,40.303],[26.556,40.498],[26.455,40.584],[26.124,40.603],[26.021,40.669],[25.993,40.852],[25.301,40.896],[25.019,41.017],[24.701,40.878],[24.519,40.873],[24.505,40.984],[24.354,40.971],[24.025,40.746],[23.635,40.773],[23.785,40.477],[24.295,40.176],[24.221,40.145],[24.048,40.308],[23.775,40.393],[23.627,40.345],[23.652,40.229],[23.869,40.161],[23.907,39.997],[23.796,39.987],[23.596,40.192],[23.292,40.287],[23.259,40.229],[23.367,40.108],[23.639,39.96],[23.261,39.971],[23.141,40.266],[22.748,40.482],[22.864,40.535],[22.852,40.651],[22.492,40.498],[22.602,40.397],[22.467,40.118],[22.754,39.818],[22.813,39.603],[23.236,39.203],[23.052,39.103],[23.1,39.187],[23.045,39.271],[22.851,39.366],[22.72,39.287],[22.871,39.024],[22.49,38.877],[22.899,38.767],[22.984,38.667],[23.169,38.667],[23.356,38.49],[23.494,38.483],[23.556,38.352],[23.804,38.347],[23.961,38.21],[23.88,38.115],[23.987,37.763],[23.836,37.685],[23.496,38.068],[22.898,37.9],[23.04,37.858],[23.049,37.643],[23.151,37.59],[23.322,37.637],[23.312,37.548],[23.418,37.469],[23.11,37.347],[22.971,37.385],[23.025,37.48],[22.642,37.585],[22.887,37.047],[22.983,36.615],[22.674,36.754],[22.524,36.722],[22.39,36.524],[22.191,36.855],[21.984,37.02],[21.781,36.823],[21.588,36.981],[21.531,37.115],[21.614,37.415],[21.296,37.727],[21.228,37.905],[21.44,38.18],[21.714,38.135],[21.906,38.27],[22.747,37.953],[23.116,38.157],[22.334,38.427],[21.826,38.464],[21.172,38.348],[20.772,38.851],[21.007,38.871],[21.16,39.005],[21.007,39.113],[20.678,39.08],[20.212,39.405],[20.029,39.814],[19.369,40.26],[19.38,40.324],[19.484,40.296],[19.494,40.403],[19.339,40.589],[19.527,40.866],[19.445,40.965],[19.53,41.218],[19.417,41.345],[19.499,41.524],[19.619,41.559],[19.607,41.762],[19.143,41.932],[18.91,42.218],[18.529,42.353],[17.304,43.076],[17.326,43.337],[17.054,43.473],[16.992,43.323],[16.64,43.39],[16.701,43.847],[16.185,43.908],[15.75,44.098],[15.494,43.888],[15.412,43.935],[15.149,44.24],[15.548,44.229],[14.989,44.54],[14.907,44.723],[14.946,44.927],[14.815,45.078],[14.354,45.323],[14.527,45.783],[14.798,45.865],[14.88,45.484],[15.424,45.43],[15.47,45.734],[16.122,45.582],[16.209,45.734],[16.079,45.886],[16.209,46.147],[16.448,46.104],[16.535,46.365],[17.517,47.642],[18.186,48.056],[18.314,48.279],[18.25,49.181],[18.522,49.561],[19.108,49.592],[19.138,49.713],[19.381,49.803],[19.562,49.713],[19.562,49.531],[19.895,49.471],[20.016,49.803],[20.349,49.743],[20.53,49.803],[20.681,49.652],[20.893,49.743],[20.803,49.834],[20.984,49.743],[21.135,49.834],[21.287,49.773],[21.317,49.864],[21.771,49.743],[21.771,49.592],[23.889,49.259],[24.161,48.987],[25.666,48.692],[26.163,48.941],[27.108,48.644],[27.108,48.833],[27.486,48.671],[27.486,48.752],[27.648,48.752],[29.316,48.286],[32.865,48.185],[33.325,48.052]]]]}},{"type":"Feature","properties":{"NAME":null,"ABBREVN":null,"wikipedia":null,"SUBJECTO":null,"BORDERPRECISION":1,"PARTOF":null},"geometry":{"type":"MultiPolygon","coordinates":[[[[-4.153,53.226],[-4.402,53.126],[-4.567,53.273],[-4.569,53.388],[-4.314,53.412],[-4.047,53.303],[-4.153,53.226]]]]}},{"type":"Feature","properties":{"NAME":null,"ABBREVN":null,"wikipedia":null,"SUBJECTO":null,"BORDERPRECISION":1,"PARTOF":null},"geometry":{"type":"MultiPolygon","coordinates":[[[[-5.104,55.439],[-5.34,55.475],[-5.381,55.669],[-5.16,55.679],[-5.104,55.439]]]]}},{"type":"Feature","properties":{"NAME":null,"ABBREVN":null,"wikipedia":null,"SUBJECTO":null,"BORDERPRECISION":1,"PARTOF":null},"geometry":{"type":"MultiPolygon","coordinates":[[[[-6.122,55.879],[-6.03,55.721],[-6.077,55.65],[-6.326,55.587],[-6.265,55.778],[-6.509,55.682],[-6.442,55.854],[-6.142,55.934],[-6.122,55.879]]]]}},{"type":"Feature","properties":{"NAME":null,"ABBREVN":null,"wikipedia":null,"SUBJECTO":null,"BORDERPRECISION":1,"PARTOF":null},"geometry":{"type":"MultiPolygon","coordinates":[[[[-5.947,55.83],[-6.071,55.808],[-6.079,55.906],[-5.694,56.147],[-5.947,55.83]]]]}},{"type":"Feature","properties":{"NAME":null,"ABBREVN":null,"wikipedia":null,"SUBJECTO":null,"BORDERPRECISION":1,"PARTOF":null},"geometry":{"type":"MultiPolygon","coordinates":[[[[-7.467,56.941],[-7.561,56.956],[-7.446,57.056],[-7.376,56.979],[-7.467,56.941]]]]}},{"type":"Feature","properties":{"NAME":null,"ABBREVN":null,"wikipedia":null,"SUBJECTO":null,"BORDERPRECISION":1,"PARTOF":null},"geometry":{"type":"MultiPolygon","coordinates":[[[[-7.223,57.337],[-7.288,57.322],[-7.215,57.11],[-7.381,57.109],[-7.425,57.382],[-7.223,57.337]]]]}},{"type":"Feature","properties":{"NAME":null,"ABBREVN":null,"wikipedia":null,"SUBJECTO":null,"BORDERPRECISION":1,"PARTOF":null},"geometry":{"type":"MultiPolygon","coordinates":[[[[-7.269,57.399],[-7.406,57.464],[-7.205,57.461],[-7.269,57.399]]]]}},{"type":"Feature","properties":{"NAME":null,"ABBREVN":null,"wikipedia":null,"SUBJECTO":null,"BORDERPRECISION":1,"PARTOF":null},"geometry":{"type":"MultiPolygon","coordinates":[[[[-7.189,57.687],[-7.066,57.633],[-7.154,57.509],[-7.543,57.591],[-7.189,57.687]]]]}},{"type":"Feature","properties":{"NAME":null,"ABBREVN":null,"wikipedia":null,"SUBJECTO":null,"BORDERPRECISION":1,"PARTOF":null},"geometry":{"type":"MultiPolygon","coordinates":[[[[-7.006,57.881],[-7.078,57.88],[-7.006,57.881]]]]}},{"type":"Feature","properties":{"NAME":null,"ABBREVN":null,"wikipedia":null,"SUBJECTO":null,"BORDERPRECISION":1,"PARTOF":null},"geometry":{"type":"MultiPolygon","coordinates":[[[[-6.802,58.203],[-6.89,58.252],[-6.802,58.203]]]]}},{"type":"Feature","properties":{"NAME":null,"ABBREVN":null,"wikipedia":null,"SUBJECTO":null,"BORDERPRECISION":1,"PARTOF":null},"geometry":{"type":"MultiPolygon","coordinates":[[[[-6.204,58.356],[-6.328,58.233],[-6.164,58.212],[-6.62,58.082],[-6.396,58.105],[-6.354,58.033],[-6.474,57.94],[-6.662,57.924],[-6.706,58.008],[-6.59,58.05],[-6.684,58.057],[-6.761,57.998],[-6.661,57.885],[-6.735,57.826],[-6.973,57.725],[-7.123,57.817],[-6.83,57.901],[-7.113,57.984],[-7.056,58.02],[-7.128,58.135],[-7.041,58.233],[-6.908,58.213],[-6.862,58.104],[-6.873,58.179],[-6.745,58.197],[-6.798,58.302],[-6.267,58.512],[-6.166,58.425],[-6.204,58.356]]]]}},{"type":"Feature","properties":{"NAME":null,"ABBREVN":null,"wikipedia":null,"SUBJECTO":null,"BORDERPRECISION":1,"PARTOF":null},"geometry":{"type":"MultiPolygon","coordinates":[[[[-2.918,58.732],[-3.037,58.818],[-2.886,58.832],[-2.918,58.732]]]]}},{"type":"Feature","properties":{"NAME":null,"ABBREVN":null,"wikipedia":null,"SUBJECTO":null,"BORDERPRECISION":1,"PARTOF":null},"geometry":{"type":"MultiPolygon","coordinates":[[[[-3.231,58.776],[-3.433,58.879],[-3.336,58.927],[-3.135,58.801],[-3.231,58.776]]]]}},{"type":"Feature","properties":{"NAME":null,"ABBREVN":null,"wikipedia":null,"SUBJECTO":null,"BORDERPRECISION":1,"PARTOF":null},"geometry":{"type":"MultiPolygon","coordinates":[[[[-2.793,58.951],[-2.824,58.879],[-3.195,58.911],[-3.346,58.966],[-3.35,59.11],[-3.077,59.122],[-2.793,58.951]]]]}},{"type":"Feature","properties":{"NAME":null,"ABBREVN":null,"wikipedia":null,"SUBJECTO":null,"BORDERPRECISION":1,"PARTOF":null},"geometry":{"type":"MultiPolygon","coordinates":[[[[-2.681,59.196],[-2.556,59.303],[-2.39,59.283],[-2.681,59.196]]]]}},{"type":"Feature","properties":{"NAME":null,"ABBREVN":null,"wikipedia":null,"SUBJECTO":null,"BORDERPRECISION":1,"PARTOF":null},"geometry":{"type":"MultiPolygon","coordinates":[[[[-2.89,59.295],[-2.877,59.229],[-3.076,59.331],[-2.89,59.295]]]]}},{"type":"Feature","properties":{"NAME":null,"ABBREVN":null,"wikipedia":null,"SUBJECTO":null,"BORDERPRECISION":1,"PARTOF":null},"geometry":{"type":"MultiPolygon","coordinates":[[[[-1.296,60.491],[-1.037,60.444],[-1.101,60.276],[-1.201,60.263],[-1.126,60.148],[-1.212,60.103],[-1.269,59.851],[-1.378,59.902],[-1.263,60.107],[-1.291,60.241],[-1.41,60.255],[-1.358,60.192],[-1.449,60.151],[-1.693,60.28],[-1.32,60.356],[-1.61,60.474],[-1.547,60.536],[-1.302,60.637],[-1.296,60.491]]]]}},{"type":"Feature","properties":{"NAME":null,"ABBREVN":null,"wikipedia":null,"SUBJECTO":null,"BORDERPRECISION":1,"PARTOF":null},"geometry":{"type":"MultiPolygon","coordinates":[[[[-1.029,60.496],[-1.17,60.527],[-1.099,60.73],[-0.991,60.72],[-1.029,60.496]]]]}},{"type":"Feature","properties":{"NAME":null,"ABBREVN":null,"wikipedia":null,"SUBJECTO":null,"BORDERPRECISION":1,"PARTOF":null},"geometry":{"type":"MultiPolygon","coordinates":[[[[-0.82,60.689],[-0.966,60.688],[-0.878,60.844],[-0.758,60.818],[-0.82,60.689]]]]}},{"type":"Feature","properties":{"NAME":null,"ABBREVN":null,"wikipedia":null,"SUBJECTO":null,"BORDERPRECISION":1,"PARTOF":null},"geometry":{"type":"MultiPolygon","coordinates":[[[[-6.655,61.389],[-6.846,61.468],[-6.96,61.623],[-6.724,61.573],[-6.655,61.389]]],[[[-6.604,61.822],[-6.652,61.743],[-6.908,61.905],[-6.604,61.822]]],[[[-7.05,62.068],[-7.202,62.019],[-7.435,62.14],[-7.223,62.159],[-7.05,62.068]]],[[[-6.707,61.937],[-7.232,62.172],[-7.211,62.285],[-7.066,62.282],[-6.725,62.035],[-6.707,61.937]]],[[[-6.62,62.23],[-6.721,62.331],[-6.62,62.23]]],[[[-6.657,62.092],[-6.922,62.167],[-7.06,62.314],[-6.95,62.338],[-6.601,62.197],[-6.657,62.092]]],[[[-6.419,62.184],[-6.572,62.212],[-6.574,62.35],[-6.389,62.255],[-6.419,62.184]]],[[[-6.586,62.256],[-6.661,62.372],[-6.586,62.256]]],[[[-6.406,62.284],[-6.545,62.387],[-6.406,62.284]]]]}},{"type":"Feature","properties":{"NAME":null,"ABBREVN":null,"wikipedia":null,"SUBJECTO":null,"BORDERPRECISION":1,"PARTOF":null},"geometry":{"type":"MultiPolygon","coordinates":[[[[-4.778,54.056],[-4.714,54.214],[-4.354,54.411],[-4.308,54.297],[-4.394,54.186],[-4.778,54.056]]]]}},{"type":"Feature","properties":{"NAME":null,"ABBREVN":null,"wikipedia":null,"SUBJECTO":null,"BORDERPRECISION":1,"PARTOF":null},"geometry":{"type":"MultiPolygon","coordinates":[[[[129.716,28.451],[129.376,28.115],[129.144,28.25],[129.575,28.462],[129.716,28.451]]]]}},{"type":"Feature","properties":{"NAME":null,"ABBREVN":null,"wikipedia":null,"SUBJECTO":null,"BORDERPRECISION":1,"PARTOF":null},"geometry":{"type":"MultiPolygon","coordinates":[[[[129.963,29.957],[129.929,30.0],[129.963,29.957]]]]}},{"type":"Feature","properties":{"NAME":null,"ABBREVN":null,"wikipedia":null,"SUBJECTO":null,"BORDERPRECISION":1,"PARTOF":null},"geometry":{"type":"MultiPolygon","coordinates":[[[[129.896,29.874],[129.922,29.82],[129.896,29.874]]]]}},{"type":"Feature","properties":{"NAME":null,"ABBREVN":null,"wikipedia":null,"SUBJECTO":null,"BORDERPRECISION":1,"PARTOF":null},"geometry":{"type":"MultiPolygon","coordinates":[[[[130.906,30.355],[130.869,30.47],[131.054,30.84],[131.074,30.689],[130.906,30.355]]]]}},{"type":"Feature","properties":{"NAME":null,"ABBREVN":null,"wikipedia":null,"SUBJECTO":null,"BORDERPRECISION":1,"PARTOF":null},"geometry":{"type":"MultiPolygon","coordinates":[[[[130.559,30.236],[130.44,30.253],[130.383,30.394],[130.49,30.461],[130.666,30.382],[130.559,30.236]]]]}},{"type":"Feature","properties":{"NAME":null,"ABBREVN":null,"wikipedia":null,"SUBJECTO":null,"BORDERPRECISION":1,"PARTOF":null},"geometry":{"type":"MultiPolygon","coordinates":[[[[121.735,25.139],[122.002,25.007],[121.817,24.848],[121.84,24.476],[121.605,24.081],[121.356,23.087],[120.97,22.568],[120.824,21.928],[120.716,21.928],[120.621,22.295],[120.307,22.54],[120.136,23.023],[120.051,23.05],[120.148,23.327],[120.111,23.62],[121.009,25.009],[121.441,25.129],[121.395,25.187],[121.512,25.282],[121.735,25.139]]]]}},{"type":"Feature","properties":{"NAME":null,"ABBREVN":null,"wikipedia":null,"SUBJECTO":null,"BORDERPRECISION":1,"PARTOF":null},"geometry":{"type":"MultiPolygon","coordinates":[[[[128.901,32.643],[128.601,32.619],[128.661,32.782],[128.813,32.792],[128.901,32.643]]]]}},{"type":"Feature","properties":{"NAME":null,"ABBREVN":null,"wikipedia":null,"SUBJECTO":null,"BORDERPRECISION":1,"PARTOF":null},"geometry":{"type":"MultiPolygon","coordinates":[[[[126.622,33.24],[126.266,33.191],[126.158,33.315],[126.378,33.475],[126.898,33.523],[126.937,33.424],[126.847,33.312],[126.622,33.24]]],[[[126.766,34.281],[126.658,34.376],[126.766,34.281]]],[[[127.214,34.419],[127.111,34.46],[127.223,34.484],[127.214,34.419]]],[[[127.791,34.476],[127.712,34.527],[127.791,34.476]]],[[[126.187,34.351],[126.1,34.419],[126.239,34.57],[126.377,34.499],[126.342,34.401],[126.187,34.351]]],[[[127.804,34.576],[127.734,34.613],[127.768,34.664],[127.804,34.576]]],[[[125.991,34.668],[125.915,34.692],[125.991,34.668]]],[[[125.993,34.792],[125.888,34.732],[125.993,34.792]]],[[[128.086,34.83],[127.974,34.858],[128.024,34.914],[128.086,34.83]]],[[[126.064,34.854],[125.984,34.865],[126.063,34.928],[126.064,34.854]]],[[[127.956,34.801],[128.073,34.805],[128.061,34.701],[127.857,34.724],[127.88,34.929],[127.956,34.801]]],[[[128.754,34.877],[128.742,34.782],[128.594,34.698],[128.601,34.831],[128.489,34.856],[128.711,34.977],[128.754,34.877]]],[[[126.106,35.047],[126.06,35.091],[126.162,35.143],[126.106,35.047]]],[[[126.428,36.4],[126.338,36.434],[126.347,36.591],[126.428,36.4]]],[[[126.169,36.826],[126.169,36.826]]],[[[130.887,37.453],[130.807,37.518],[130.919,37.545],[130.887,37.453]]],[[[126.501,37.594],[126.375,37.617],[126.401,37.819],[126.514,37.766],[126.501,37.594]]],[[[124.696,37.916],[124.615,37.969],[124.726,37.982],[124.696,37.916]]],[[[128.532,38.331],[129.063,37.669],[129.434,37.059],[129.473,36.71],[129.387,36.036],[129.457,35.993],[129.557,36.079],[129.588,36.019],[129.439,35.476],[129.137,35.112],[128.811,35.084],[128.573,35.17],[128.378,35.036],[128.501,35.008],[128.409,34.832],[128.329,34.949],[128.204,34.888],[128.021,34.986],[127.593,34.942],[127.639,34.814],[127.774,34.844],[127.641,34.617],[127.556,34.651],[127.494,34.852],[127.364,34.751],[127.514,34.591],[127.389,34.471],[127.125,34.537],[127.329,34.652],[127.329,34.743],[127.01,34.602],[126.889,34.412],[126.777,34.586],[126.6,34.3],[126.525,34.316],[126.267,34.683],[126.304,34.751],[126.452,34.578],[126.451,34.648],[126.618,34.619],[126.477,34.725],[126.66,34.813],[126.54,34.873],[126.511,34.776],[126.371,34.789],[126.434,34.964],[126.318,34.932],[126.249,35.117],[126.345,35.152],[126.431,35.023],[126.459,35.091],[126.361,35.18],[126.422,35.407],[126.523,35.525],[126.688,35.533],[126.475,35.636],[126.801,35.862],[126.615,35.891],[126.632,35.967],[126.873,36.055],[126.685,36.0],[126.544,36.136],[126.497,36.724],[126.347,36.74],[126.293,36.582],[126.273,36.717],[126.173,36.673],[126.129,36.752],[126.291,36.962],[126.289,36.786],[126.401,36.852],[126.356,36.996],[126.442,37.0],[126.483,36.842],[126.502,37.053],[126.781,36.964],[126.839,36.753],[127.0,36.93],[126.753,37.049],[126.869,37.176],[126.661,37.156],[126.662,37.254],[126.866,37.267],[126.656,37.411],[126.659,37.555],[126.533,37.762],[126.681,37.684],[126.728,37.952],[127.134,38.299],[128.08,38.312],[128.28,38.43],[128.364,38.625],[128.532,38.331]]]]}},{"type":"Feature","properties":{"NAME":null,"ABBREVN":null,"wikipedia":null,"SUBJECTO":null,"BORDERPRECISION":1,"PARTOF":null},"geometry":{"type":"MultiPolygon","coordinates":[[[[123.871,24.252],[123.679,24.316],[123.771,24.418],[123.922,24.371],[123.871,24.252]]]]}},{"type":"Feature","properties":{"NAME":null,"ABBREVN":null,"wikipedia":null,"SUBJECTO":null,"BORDERPRECISION":1,"PARTOF":null},"geometry":{"type":"MultiPolygon","coordinates":[[[[125.356,24.777],[125.451,24.74],[125.257,24.729],[125.263,24.884],[125.356,24.777]]]]}},{"type":"Feature","properties":{"NAME":null,"ABBREVN":null,"wikipedia":null,"SUBJECTO":null,"BORDERPRECISION":1,"PARTOF":null},"geometry":{"type":"MultiPolygon","coordinates":[[[[124.262,24.457],[124.179,24.328],[124.076,24.425],[124.215,24.443],[124.324,24.587],[124.262,24.457]]]]}},{"type":"Feature","properties":{"NAME":null,"ABBREVN":null,"wikipedia":null,"SUBJECTO":null,"BORDERPRECISION":1,"PARTOF":null},"geometry":{"type":"MultiPolygon","coordinates":[[[[128.253,26.639],[127.842,26.429],[127.813,26.156],[127.653,26.083],[127.717,26.435],[127.959,26.544],[127.884,26.667],[128.067,26.642],[128.287,26.855],[128.336,26.765],[128.253,26.639]]]]}},{"type":"Feature","properties":{"NAME":null,"ABBREVN":null,"wikipedia":null,"SUBJECTO":null,"BORDERPRECISION":1,"PARTOF":null},"geometry":{"type":"MultiPolygon","coordinates":[[[[126.762,26.387],[126.787,26.297],[126.692,26.361],[126.762,26.387]]]]}},{"type":"Feature","properties":{"NAME":null,"ABBREVN":null,"wikipedia":null,"SUBJECTO":null,"BORDERPRECISION":1,"PARTOF":null},"geometry":{"type":"MultiPolygon","coordinates":[[[[128.951,27.676],[128.88,27.825],[128.947,27.907],[129.03,27.774],[128.951,27.676]]]]}},{"type":"Feature","properties":{"NAME":null,"ABBREVN":null,"wikipedia":null,"SUBJECTO":null,"BORDERPRECISION":1,"PARTOF":null},"geometry":{"type":"MultiPolygon","coordinates":[[[[128.609,27.359],[128.524,27.414],[128.702,27.446],[128.609,27.359]]]]}},{"type":"Feature","properties":{"NAME":null,"ABBREVN":null,"wikipedia":null,"SUBJECTO":null,"BORDERPRECISION":1,"PARTOF":null},"geometry":{"type":"MultiPolygon","coordinates":[[[[129.992,28.282],[129.914,28.291],[130.027,28.366],[129.992,28.282]]]]}},{"type":"Feature","properties":{"NAME":null,"ABBREVN":null,"wikipedia":null,"SUBJECTO":null,"BORDERPRECISION":1,"PARTOF":null},"geometry":{"type":"MultiPolygon","coordinates":[[[[129.336,28.075],[129.219,28.098],[129.191,28.189],[129.336,28.075]]]]}},{"type":"Feature","properties":{"NAME":null,"ABBREVN":null,"wikipedia":null,"SUBJECTO":null,"BORDERPRECISION":1,"PARTOF":null},"geometry":{"type":"MultiPolygon","coordinates":[[[[129.733,29.61],[129.747,29.662],[129.733,29.61]]]]}},{"type":"Feature","properties":{"NAME":"Bagirmi","ABBREVN":"Bagirmi","wikipedia":null,"SUBJECTO":"Bagirmi","BORDERPRECISION":1,"PARTOF":"Bagirmi"},"geometry":{"type":"MultiPolygon","coordinates":[[[[14.603,12.991],[14.686,12.993],[14.728,13.102],[17.158,13.472],[19.845,13.223],[20.206,12.047],[16.634,11.103],[14.993,12.097],[14.603,12.991]]]]}},{"type":"Feature","properties":{"NAME":"Bornu-Kanem","ABBREVN":"Bornu","wikipedia":null,"SUBJECTO":"Bornu-Kanem","BORDERPRECISION":1,"PARTOF":"Bornu-Kanem"},"geometry":{"type":"MultiPolygon","coordinates":[[[[14.728,13.102],[14.653,13.208],[14.496,13.239],[14.342,13.162],[14.259,12.986],[14.347,12.877],[14.603,12.991],[14.805,12.527],[11.909,11.069],[10.727,11.291],[10.209,13.73],[11.392,15.504],[11.613,20.603],[12.057,20.973],[13.313,20.973],[17.009,15.504],[17.304,14.469],[16.895,13.579],[16.476,13.369],[14.728,13.102]]]]}},{"type":"Feature","properties":{"NAME":"Poland-Llituania","ABBREVN":"Poland-Llituania","wikipedia":null,"SUBJECTO":"Poland-Llituania","BORDERPRECISION":1,"PARTOF":"Poland-Llituania"},"geometry":{"type":"MultiPolygon","coordinates":[[[[18.795,53.314],[19.881,53.246],[20.333,52.975],[22.821,53.563],[22.392,54.038],[22.799,54.739],[21.962,55.033],[21.008,55.817],[20.945,56.07],[21.905,56.35],[22.857,56.324],[23.297,56.945],[23.768,56.866],[24.266,57.03],[24.346,57.16],[24.236,57.728],[24.416,57.948],[24.497,58.213],[24.331,58.308],[24.058,58.112],[23.908,58.224],[23.671,58.241],[23.69,58.665],[23.512,58.581],[23.361,58.767],[23.432,58.858],[23.338,58.972],[23.457,59.005],[23.416,59.119],[24.032,59.176],[24.03,59.235],[24.282,59.284],[24.342,59.369],[24.714,59.352],[24.751,59.448],[25.248,59.362],[25.449,59.494],[25.49,59.42],[26.343,59.447],[26.999,59.318],[27.702,59.298],[27.666,58.983],[27.107,58.954],[26.966,58.806],[27.497,58.184],[27.59,58.312],[27.511,57.611],[27.606,56.707],[28.772,56.7],[30.174,56.28],[31.505,56.49],[31.21,55.732],[31.253,55.602],[31.514,55.559],[31.731,54.952],[31.427,54.908],[31.557,54.301],[32.208,54.431],[32.468,53.086],[31.383,53.26],[31.297,52.956],[31.383,52.001],[31.344,50.923],[33.169,51.43],[33.879,51.125],[33.879,50.213],[35.704,50.416],[36.211,49.909],[36.399,49.036],[36.008,48.996],[34.163,47.811],[32.865,48.185],[29.316,48.286],[27.648,48.752],[27.486,48.752],[27.486,48.671],[27.108,48.833],[27.108,48.644],[26.163,48.941],[25.666,48.692],[24.161,48.987],[23.889,49.259],[21.771,49.592],[21.771,49.743],[21.317,49.864],[21.287,49.773],[21.135,49.834],[20.984,49.743],[20.803,49.834],[20.893,49.743],[20.681,49.652],[20.53,49.803],[20.349,49.743],[20.016,49.803],[19.895,49.471],[19.562,49.531],[19.562,49.713],[19.381,49.803],[19.138,49.713],[19.108,49.592],[18.927,49.622],[18.896,49.713],[18.796,49.713],[18.646,50.645],[17.64,51.437],[17.553,51.655],[17.291,51.786],[17.204,51.611],[16.855,51.655],[16.855,51.917],[16.506,52.178],[16.506,52.004],[15.765,52.265],[15.76,52.571],[15.844,52.71],[16.053,52.716],[16.204,53.343],[16.416,53.525],[16.204,53.706],[16.658,53.858],[16.809,53.464],[16.809,53.858],[16.688,54.039],[16.99,54.19],[17.111,54.13],[17.747,54.433],[17.658,54.685],[18.279,54.724],[18.76,54.536],[18.363,54.669],[18.513,54.316],[18.665,54.258],[18.342,53.97],[18.885,53.585],[18.795,53.314]]]]}},{"type":"Feature","properties":{"NAME":"Korea","ABBREVN":"Korea","wikipedia":null,"SUBJECTO":"Korea","BORDERPRECISION":1,"PARTOF":"Korea"},"geometry":{"type":"MultiPolygon","coordinates":[[[[126.541,37.678],[126.401,37.819],[126.372,37.63],[126.21,37.754],[125.909,37.511],[125.741,37.785],[125.562,37.836],[125.269,37.485],[125.077,37.771],[124.77,37.936],[124.694,38.14],[124.929,38.465],[125.269,38.568],[125.294,38.689],[125.028,38.816],[125.296,39.364],[124.922,39.619],[124.443,39.573],[124.134,39.843],[124.491,40.28],[124.725,40.428],[125.879,40.945],[126.166,41.189],[126.474,41.652],[126.849,41.718],[126.972,41.539],[127.423,41.356],[128.098,41.449],[127.849,41.845],[127.861,41.998],[127.984,42.108],[128.756,42.061],[129.035,42.177],[129.464,42.417],[129.568,42.737],[129.74,42.898],[129.966,42.957],[130.435,42.277],[129.641,41.656],[129.631,41.278],[129.478,40.682],[129.177,40.63],[128.236,39.97],[127.672,39.866],[127.441,39.624],[127.277,39.222],[128.27,38.42],[128.055,38.307],[127.128,38.297],[126.728,37.952],[126.681,37.684],[126.547,37.764],[126.541,37.678]]]]}},{"type":"Feature","properties":{"NAME":"Itelmen","ABBREVN":"Itelmen","wikipedia":null,"SUBJECTO":"Itelmen","BORDERPRECISION":1,"PARTOF":"Itelmen"},"geometry":{"type":"MultiPolygon","coordinates":[[[[156.694,57.114],[161.984,55.963],[161.609,55.557],[161.503,55.287],[161.647,54.985],[162.008,54.738],[161.876,54.564],[161.567,54.423],[160.683,54.448],[159.931,54.086],[159.633,53.706],[159.905,53.4],[159.897,53.241],[158.461,52.826],[158.39,52.203],[158.258,52.017],[157.898,51.666],[156.696,50.958],[156.362,51.914],[156.333,52.272],[156.038,52.781],[155.711,53.805],[155.453,55.276],[155.628,56.268],[156.694,57.114]]]]}},{"type":"Feature","properties":{"NAME":"Koryaks","ABBREVN":"Koryaks","wikipedia":null,"SUBJECTO":"Koryaks","BORDERPRECISION":1,"PARTOF":"Koryaks"},"geometry":{"type":"MultiPolygon","coordinates":[[[[165.254,62.309],[173.304,61.519],[172.918,61.278],[172.492,61.263],[172.0,60.858],[171.248,60.654],[171.072,60.452],[170.337,60.277],[170.273,60.013],[170.06,59.882],[169.877,59.875],[169.614,60.012],[169.456,60.296],[169.154,60.435],[168.671,60.455],[167.104,60.271],[166.027,59.709],[165.945,59.771],[166.203,60.353],[165.78,60.354],[165.415,60.115],[164.933,59.962],[164.882,59.734],[164.585,59.665],[164.442,59.74],[164.328,59.961],[164.111,60.078],[163.65,59.792],[163.767,59.884],[163.389,59.814],[163.043,59.462],[163.255,59.29],[162.753,58.966],[162.907,58.891],[162.22,58.486],[161.804,58.102],[161.8,57.863],[161.989,57.72],[162.826,57.701],[163.128,57.552],[162.593,57.17],[162.512,57.033],[162.744,56.6],[163.098,56.56],[163.166,56.106],[163.009,55.944],[162.771,55.917],[162.555,56.011],[162.722,56.342],[162.522,56.349],[161.984,55.963],[156.694,57.114],[156.878,57.363],[156.777,57.58],[157.962,57.883],[159.104,58.425],[159.393,58.61],[159.649,58.954],[161.535,59.942],[161.818,60.268],[163.329,60.695],[163.445,60.89],[163.793,61.128],[163.831,61.233],[163.576,61.33],[163.942,61.737],[163.926,61.955],[164.008,62.131],[164.277,62.223],[165.254,62.309]]]]}},{"type":"Feature","properties":{"NAME":"Enets","ABBREVN":"Enets","wikipedia":null,"SUBJECTO":"Enets","BORDERPRECISION":1,"PARTOF":"Samoyedic people"},"geometry":{"type":"MultiPolygon","coordinates":[[[[82.436,72.051],[90.667,72.414],[92.296,69.824],[82.904,68.539],[83.752,69.761],[83.388,70.344],[83.677,70.46],[83.657,70.598],[83.168,71.182],[83.561,71.624],[83.202,71.826],[82.436,72.051]]]]}},{"type":"Feature","properties":{"NAME":"Nenets","ABBREVN":"Nenets","wikipedia":null,"SUBJECTO":"Nenets","BORDERPRECISION":1,"PARTOF":"Samoyedic people"},"geometry":{"type":"MultiPolygon","coordinates":[[[[66.797,66.645],[67.646,68.448],[68.385,68.179],[69.109,68.83],[68.512,68.837],[68.258,68.941],[68.094,69.136],[68.106,69.429],[67.779,69.557],[66.884,69.623],[66.828,69.819],[66.965,69.956],[67.383,70.139],[67.398,70.599],[67.285,70.706],[66.775,70.736],[66.67,70.866],[66.98,71.214],[67.823,71.417],[68.316,71.635],[68.812,72.095],[69.057,72.645],[69.343,72.834],[70.214,72.733],[72.455,72.824],[72.714,72.77],[72.853,72.644],[72.655,72.118],[71.898,71.587],[71.798,71.432],[72.136,71.278],[72.68,70.824],[72.774,70.455],[72.437,70.187],[72.551,69.656],[72.526,69.069],[72.643,68.807],[72.846,68.635],[73.394,68.442],[72.838,67.646],[71.4,66.949],[71.544,66.714],[70.84,66.551],[69.792,66.755],[69.085,66.688],[69.173,66.548],[69.767,66.33],[70.983,66.2],[72.209,66.173],[72.557,66.496],[73.69,66.865],[73.985,67.263],[74.353,67.404],[74.742,67.686],[74.771,67.849],[74.669,68.102],[74.395,68.347],[74.505,68.593],[74.916,68.706],[76.328,68.776],[76.661,68.672],[77.04,68.464],[77.108,68.114],[76.955,67.653],[77.091,67.528],[78.089,67.411],[78.478,67.479],[78.536,67.612],[78.305,67.693],[77.483,67.803],[77.514,67.973],[77.978,68.145],[78.007,68.257],[77.636,68.816],[77.406,68.936],[75.598,69.21],[74.902,69.081],[73.915,69.154],[73.654,69.756],[73.791,70.052],[74.25,70.573],[73.698,71.141],[73.217,71.458],[73.591,71.707],[74.137,71.755],[74.921,72.029],[75.075,72.42],[75.016,72.719],[75.617,72.625],[75.666,72.414],[75.583,72.171],[75.297,71.897],[75.221,71.648],[75.284,71.446],[75.452,71.322],[75.671,71.199],[77.736,71.025],[78.105,70.841],[78.609,70.85],[78.372,71.251],[78.137,71.374],[76.866,71.449],[76.607,71.518],[76.333,71.72],[76.457,71.868],[77.075,71.892],[77.79,71.777],[78.126,71.848],[78.086,72.175],[79.223,72.271],[80.339,72.008],[80.828,71.767],[81.425,71.613],[82.491,71.568],[82.818,71.646],[82.88,71.491],[82.215,71.204],[82.046,70.419],[82.196,70.358],[82.502,70.711],[82.675,70.842],[82.804,70.819],[83.076,70.582],[83.036,70.245],[83.388,70.344],[83.752,69.761],[80.934,65.7],[68.602,65.482],[68.071,66.632],[66.797,66.645]]]]}},{"type":"Feature","properties":{"NAME":"Nganasan","ABBREVN":"Nganasan","wikipedia":null,"SUBJECTO":"Nganasan","BORDERPRECISION":1,"PARTOF":"Samoyedic people"},"geometry":{"type":"MultiPolygon","coordinates":[[[[105.365,72.75],[99.915,71.358],[92.428,73.383],[97.977,74.362],[106.867,76.433],[107.771,76.401],[108.244,76.646],[109.656,76.691],[111.427,76.568],[112.589,76.259],[112.822,76.059],[113.533,76.094],[113.723,75.869],[113.113,75.494],[113.625,75.273],[112.577,74.886],[111.587,74.731],[108.34,73.691],[106.208,73.259],[105.279,72.752],[105.365,72.75]]]]}},{"type":"Feature","properties":{"NAME":"Komi","ABBREVN":"Komi","wikipedia":null,"SUBJECTO":"Komi","BORDERPRECISION":1,"PARTOF":"Samoyedic People"},"geometry":{"type":"MultiPolygon","coordinates":[[[[73.54,65.569],[71.804,63.462],[70.97,64.245],[68.806,62.585],[66.237,60.062],[64.041,60.759],[66.973,65.495],[66.571,66.164],[66.797,66.645],[68.071,66.632],[68.602,65.482],[73.54,65.569]]]]}},{"type":"Feature","properties":{"NAME":"Khanty","ABBREVN":"Khanty","wikipedia":null,"SUBJECTO":"Khanty","BORDERPRECISION":1,"PARTOF":"Samoyedic people"},"geometry":{"type":"MultiPolygon","coordinates":[[[[71.804,63.462],[73.54,65.569],[80.832,65.698],[83.488,64.364],[80.757,60.149],[75.504,59.937],[75.239,62.134],[74.372,63.079],[72.362,62.939],[71.804,63.462]]]]}},{"type":"Feature","properties":{"NAME":"Khanate of Sibir","ABBREVN":"Khanate of Sibir","wikipedia":null,"SUBJECTO":"Khanate of Sibir","BORDERPRECISION":1,"PARTOF":"Khanate of Sibir"},"geometry":{"type":"MultiPolygon","coordinates":[[[[75.619,58.989],[75.664,58.615],[78.398,58.589],[82.536,57.08],[79.301,54.399],[68.591,54.282],[64.679,55.974],[64.227,57.662],[64.632,58.485],[68.806,62.585],[70.97,64.245],[72.362,62.939],[74.372,63.079],[75.239,62.134],[75.619,58.989]]]]}},{"type":"Feature","properties":{"NAME":"Khiva Khanate","ABBREVN":"Khiva Khanate","wikipedia":null,"SUBJECTO":"Khiva Khanate","BORDERPRECISION":1,"PARTOF":"Khiva Khanate"},"geometry":{"type":"MultiPolygon","coordinates":[[[[68.782,40.944],[69.899,37.785],[69.232,37.368],[66.336,36.307],[64.684,36.525],[64.347,37.873],[62.662,39.22],[60.978,39.22],[58.619,39.052],[56.43,38.21],[53.937,38.159],[54.033,38.993],[53.775,39.136],[53.66,39.318],[53.334,39.385],[53.248,39.299],[53.209,39.405],[53.315,39.567],[53.794,39.491],[53.813,39.548],[53.554,39.654],[53.516,39.778],[53.688,39.979],[53.047,39.998],[52.989,39.931],[52.845,40.18],[52.826,40.468],[53.056,41.052],[53.257,40.765],[53.612,40.745],[53.698,40.88],[53.765,40.87],[53.842,40.64],[54.225,40.726],[54.416,40.659],[54.368,40.899],[54.608,40.813],[54.818,40.88],[54.751,41.138],[54.167,41.483],[54.024,42.048],[53.736,42.134],[53.066,42.029],[52.941,41.77],[52.999,41.684],[52.932,41.378],[52.97,41.138],[52.692,41.531],[52.683,41.694],[52.559,41.758],[52.601,41.938],[52.52,42.073],[52.835,42.648],[52.763,42.756],[52.583,42.828],[52.376,42.801],[52.295,42.873],[52.07,42.828],[51.738,43.179],[51.423,43.17],[51.459,43.385],[51.171,43.718],[50.955,44.204],[50.389,44.294],[50.335,44.563],[50.542,44.644],[51.333,44.482],[51.576,44.554],[51.099,44.878],[51.216,45.04],[51.342,45.058],[51.513,45.373],[51.845,45.436],[53.284,45.328],[52.844,45.507],[52.835,45.642],[53.154,45.977],[60.611,45.434],[68.633,40.92],[68.782,40.944]]]]}},{"type":"Feature","properties":{"NAME":"Yukagir","ABBREVN":"Yukagir","wikipedia":null,"SUBJECTO":"Yukagir","BORDERPRECISION":1,"PARTOF":"Yukagir"},"geometry":{"type":"MultiPolygon","coordinates":[[[[161.925,68.146],[151.751,69.717],[152.318,70.669],[156.043,70.987],[158.078,70.867],[159.229,70.547],[159.628,70.22],[159.444,69.765],[159.673,69.652],[160.682,69.578],[160.674,69.27],[160.862,69.083],[161.961,69.528],[162.618,69.54],[161.925,68.146]]]]}},{"type":"Feature","properties":{"NAME":"Tsardom of Muscovy","ABBREVN":"Muscovy","wikipedia":null,"SUBJECTO":"Tsardom of Muscovy","BORDERPRECISION":1,"PARTOF":"Tsardom of Muscovy"},"geometry":{"type":"MultiPolygon","coordinates":[[[[29.413,62.524],[29.274,63.331],[29.714,65.625],[26.793,66.212],[27.098,66.834],[31.246,67.636],[32.644,67.046],[32.219,66.994],[32.754,66.649],[33.47,66.313],[34.544,66.001],[34.726,65.797],[34.726,65.615],[34.601,65.484],[34.293,65.396],[34.426,65.107],[34.773,64.682],[34.885,64.367],[36.015,64.197],[36.24,63.919],[37.411,63.749],[37.945,63.85],[38.054,63.986],[38.054,64.129],[37.88,64.308],[37.262,64.314],[36.997,64.407],[36.569,64.765],[36.884,65.068],[37.102,65.068],[37.604,64.853],[39.193,64.511],[39.622,64.476],[39.997,64.541],[40.322,64.463],[40.44,64.564],[40.462,64.75],[39.979,65.153],[39.823,65.436],[39.951,65.581],[41.354,65.955],[42.211,66.41],[43.241,66.251],[44.029,66.011],[44.122,66.267],[44.384,66.612],[44.362,66.906],[44.219,67.09],[43.838,67.163],[43.704,67.266],[44.261,67.83],[44.169,68.097],[43.822,68.327],[43.853,68.469],[45.863,68.383],[46.634,67.701],[45.463,67.639],[45.093,67.542],[44.871,67.312],[45.386,67.099],[45.715,66.85],[46.402,66.719],[47.571,66.816],[47.706,66.89],[48.081,67.562],[52.245,68.545],[52.337,68.336],[52.72,68.351],[52.939,68.471],[53.006,68.681],[53.502,68.816],[53.889,68.787],[53.782,68.338],[53.316,68.233],[53.317,68.136],[53.626,68.048],[54.38,68.161],[54.576,68.161],[54.752,68.05],[54.996,68.207],[55.126,68.401],[55.723,68.536],[56.54,68.553],[57.364,68.457],[58.409,68.833],[58.77,68.856],[59.346,68.7],[59.062,68.497],[59.12,68.393],[59.762,68.297],[59.892,68.402],[59.925,68.581],[60.512,68.59],[60.934,68.815],[60.986,69.003],[60.369,69.468],[61.03,69.741],[62.281,69.705],[65.355,69.183],[66.584,68.886],[67.646,68.448],[66.571,66.164],[66.973,65.495],[63.494,59.875],[62.022,58.805],[55.465,58.136],[45.965,57.735],[45.43,57.467],[44.761,55.326],[43.958,54.791],[40.746,54.389],[38.739,55.192],[38.338,54.389],[36.598,54.255],[35.126,54.389],[34.859,56.129],[32.718,57.199],[30.472,57.771],[29.995,58.205],[29.518,58.075],[28.091,56.748],[27.606,56.707],[27.511,57.611],[27.59,58.312],[27.821,58.485],[27.748,58.912],[27.666,58.983],[27.702,59.298],[28.016,59.454],[27.897,59.534],[27.942,59.648],[28.094,59.665],[28.266,59.562],[28.444,59.734],[28.663,59.644],[28.796,59.672],[29.076,59.908],[29.765,59.736],[30.127,59.806],[29.687,60.131],[29.291,60.936],[29.518,61.769],[29.777,61.889],[29.47,62.08],[29.607,62.145],[29.982,62.133],[29.599,62.27],[29.926,62.434],[29.776,62.577],[29.633,62.597],[29.626,62.419],[29.413,62.524]],[[30.456,60.86],[30.528,60.812],[30.534,60.63],[30.724,60.562],[31.109,60.146],[31.145,60.006],[31.043,59.951],[31.106,59.928],[31.51,59.92],[31.599,60.17],[31.699,60.236],[32.362,60.148],[32.584,60.209],[32.595,60.355],[32.677,60.392],[32.6,60.533],[32.816,60.482],[32.944,60.643],[32.527,61.118],[31.604,61.423],[31.365,61.627],[31.098,61.62],[30.852,61.775],[30.594,61.606],[30.606,61.541],[30.239,61.515],[30.193,61.327],[30.079,61.243],[29.891,61.295],[29.825,61.216],[30.456,60.86]],[[36.109,61.611],[35.674,62.079],[35.8,62.281],[35.803,62.461],[35.504,62.625],[34.489,62.904],[34.739,62.621],[34.943,62.643],[35.352,62.523],[35.54,62.354],[35.554,62.236],[35.387,62.158],[35.046,62.229],[35.168,62.097],[35.115,62.054],[34.557,62.54],[34.696,62.365],[34.609,62.339],[34.636,62.095],[34.343,62.199],[34.054,62.495],[33.944,62.5],[34.586,61.938],[34.531,61.812],[34.315,61.869],[34.388,61.796],[35.457,61.356],[35.629,61.15],[35.527,61.023],[35.062,61.126],[35.231,61.165],[35.157,61.194],[34.887,61.206],[34.797,61.123],[34.846,61.027],[35.4,61.04],[35.88,60.878],[35.88,60.948],[36.395,61.206],[36.406,61.411],[36.109,61.611]],[[38.779,58.135],[38.83,58.296],[39.005,58.358],[38.989,58.496],[38.753,58.547],[37.858,59.075],[38.239,59.063],[38.415,59.173],[38.143,59.21],[38.159,59.102],[37.987,59.177],[37.645,59.157],[37.673,59.025],[37.484,58.927],[37.501,58.845],[37.714,58.928],[37.996,58.862],[38.024,58.746],[37.945,58.72],[38.096,58.634],[38.074,58.542],[37.632,58.636],[37.661,58.557],[37.565,58.553],[37.423,58.727],[37.151,58.849],[37.155,58.695],[37.417,58.613],[37.897,58.292],[38.221,58.237],[38.31,58.041],[38.437,58.018],[38.383,58.122],[38.704,58.113],[38.638,58.22],[38.779,58.135]],[[34.984,63.564],[34.857,63.721],[34.428,63.848],[34.347,63.851],[34.214,63.676],[34.215,63.613],[34.358,63.697],[34.517,63.484],[34.804,63.326],[34.899,63.055],[34.863,62.919],[34.953,63.181],[34.829,63.434],[35.172,63.381],[35.413,63.448],[34.984,63.564]],[[33.355,63.424],[33.257,63.423],[33.274,63.316],[33.499,63.216],[34.066,63.229],[33.933,63.418],[33.697,63.409],[33.586,63.487],[33.355,63.424]]]]}},{"type":"Feature","properties":{"NAME":"S\u00e1mi","ABBREVN":"S\u00e1mi","wikipedia":null,"SUBJECTO":"S\u00e1mi","BORDERPRECISION":1,"PARTOF":"S\u00e1mi"},"geometry":{"type":"MultiPolygon","coordinates":[[[[22.528,67.716],[18.771,67.938],[18.959,68.294],[20.158,69.748],[20.286,69.786],[20.358,69.71],[20.197,69.318],[20.553,69.522],[20.734,69.779],[21.103,69.818],[21.412,70.015],[21.908,69.804],[22.306,70.216],[22.746,70.171],[23.204,69.943],[23.508,70.279],[23.827,70.479],[24.208,70.472],[24.571,70.741],[24.849,70.827],[25.832,70.898],[25.122,70.435],[25.074,70.144],[25.263,70.107],[26.263,70.791],[26.607,70.915],[26.617,70.392],[27.131,70.577],[27.516,70.97],[28.211,71.018],[28.308,70.949],[27.985,70.717],[28.019,70.609],[27.875,70.425],[28.29,70.372],[28.389,70.572],[28.795,70.865],[30.754,70.43],[30.799,70.308],[30.252,70.131],[28.73,70.136],[29.556,69.833],[29.729,69.698],[30.735,69.752],[31.054,69.64],[32.072,69.883],[32.191,69.642],[32.352,69.514],[33.281,69.342],[33.316,69.071],[33.628,69.215],[35.437,69.15],[37.246,68.793],[38.668,68.146],[39.918,67.94],[40.826,67.66],[40.973,67.534],[41.017,67.202],[41.209,67.069],[41.255,66.937],[40.836,66.561],[39.978,66.201],[39.19,66.039],[38.048,66.007],[35.772,66.259],[34.153,66.63],[33.437,66.702],[32.991,66.988],[32.644,67.046],[31.246,67.636],[27.098,66.834],[26.793,66.212],[25.85,66.401],[25.626,66.7],[22.222,66.943],[22.528,67.716]]]]}},{"type":"Feature","properties":{"NAME":"Tsardom of Muscovy","ABBREVN":"Muscovy","wikipedia":null,"SUBJECTO":"Tsardom of Muscovy","BORDERPRECISION":1,"PARTOF":"Tsardom of Muscovy"},"geometry":{"type":"MultiPolygon","coordinates":[[[[35.339,62.033],[35.274,61.87],[35.16,61.859],[35.252,62.08],[35.339,62.033]]]]}},{"type":"Feature","properties":{"NAME":"Sweden","ABBREVN":"","wikipedia":null,"SUBJECTO":"","BORDERPRECISION":1,"PARTOF":""},"geometry":{"type":"MultiPolygon","coordinates":[[[[12.423,60.039],[12.436,60.278],[12.548,60.434],[12.174,60.956],[12.597,61.029],[13.155,62.024],[15.05,63.526],[16.661,63.756],[17.731,64.559],[17.33,64.826],[17.473,65.017],[14.699,66.124],[17.254,68.093],[22.528,67.716],[22.222,66.943],[25.626,66.7],[25.85,66.401],[29.714,65.625],[29.274,63.331],[29.413,62.524],[29.335,62.6],[29.261,62.551],[29.33,62.166],[28.826,62.134],[28.786,62.177],[28.87,62.235],[28.666,62.387],[28.699,62.328],[28.597,62.264],[28.249,62.542],[28.424,62.575],[28.659,62.42],[28.898,62.39],[28.264,62.663],[28.149,62.804],[28.154,62.933],[28.352,63.04],[27.888,63.019],[27.767,63.1],[27.735,62.952],[27.345,63.264],[27.183,63.518],[26.899,63.584],[27.135,63.496],[27.239,63.332],[27.176,63.084],[27.494,62.863],[27.684,62.912],[27.608,62.601],[27.67,62.513],[27.178,62.553],[27.547,62.412],[27.8,62.429],[27.926,62.133],[28.403,62.069],[28.838,61.863],[28.262,61.744],[28.185,61.544],[28.054,61.511],[27.626,61.801],[27.758,61.656],[27.359,61.531],[27.329,61.693],[27.27,61.324],[27.519,61.23],[28.072,61.233],[28.197,61.163],[27.882,61.157],[27.947,61.068],[28.359,61.093],[28.867,61.247],[28.663,61.368],[28.345,61.349],[28.79,61.59],[28.629,61.642],[29.098,61.578],[29.518,61.769],[29.291,60.936],[29.687,60.131],[28.969,60.109],[28.569,60.198],[28.435,60.337],[28.551,60.533],[28.522,60.623],[27.474,60.426],[27.406,60.345],[27.178,60.442],[26.922,60.316],[26.526,60.396],[26.552,60.571],[26.443,60.333],[25.89,60.236],[25.846,60.115],[25.581,60.262],[25.45,60.138],[24.516,59.989],[24.421,59.87],[23.961,59.932],[23.665,59.836],[23.201,59.818],[22.882,60.056],[23.005,60.209],[22.392,60.121],[22.421,60.293],[22.221,60.259],[21.56,60.512],[21.443,60.694],[21.427,61.015],[21.561,61.485],[21.211,61.871],[21.346,62.167],[21.338,62.344],[21.034,62.477],[21.195,62.761],[21.546,62.974],[21.495,63.123],[21.666,63.187],[22.075,63.103],[22.292,63.203],[22.569,63.723],[22.704,63.581],[22.826,63.581],[24.47,64.636],[24.932,64.816],[25.325,64.802],[25.352,64.939],[25.133,65.076],[25.252,65.417],[25.104,65.54],[24.591,65.583],[24.215,65.786],[23.844,65.798],[23.204,65.681],[22.646,65.935],[22.202,65.715],[21.957,65.446],[21.522,65.372],[21.277,65.212],[21.489,65.017],[20.921,64.714],[21.386,64.385],[21.049,64.219],[20.701,63.818],[19.67,63.389],[19.465,63.481],[19.318,63.445],[19.076,63.202],[18.487,62.981],[18.303,62.789],[17.868,62.789],[17.936,62.548],[17.718,62.357],[17.29,62.441],[17.497,62.088],[17.387,61.658],[17.163,61.63],[17.065,61.538],[17.146,60.953],[17.318,60.753],[17.188,60.674],[17.605,60.638],[17.706,60.554],[17.931,60.59],[18.417,60.182],[18.804,60.108],[18.893,59.926],[19.037,59.863],[19.044,59.712],[18.868,59.712],[18.03,59.359],[17.773,59.414],[17.76,59.621],[17.687,59.542],[17.391,59.584],[17.372,59.496],[16.574,59.612],[16.469,59.519],[16.044,59.478],[16.849,59.44],[17.575,59.214],[17.584,59.268],[17.862,59.24],[17.978,59.328],[18.43,59.333],[18.441,59.401],[18.611,59.333],[18.273,59.287],[18.372,59.157],[18.016,59.038],[17.94,58.908],[17.766,58.872],[17.739,59.11],[17.623,59.1],[17.582,58.893],[17.357,58.743],[17.083,58.748],[17.081,58.65],[16.443,58.634],[16.513,58.428],[16.744,58.312],[16.774,58.038],[16.725,57.889],[16.46,57.895],[16.477,57.702],[16.607,57.666],[16.55,57.545],[16.659,57.443],[16.494,57.279],[16.376,56.822],[16.063,56.396],[15.427,56.766],[14.485,56.68],[14.175,56.813],[13.432,56.524],[13.226,57.102],[12.896,56.978],[12.731,57.432],[12.524,57.391],[12.318,57.68],[11.877,57.325],[11.881,57.509],[11.61,57.807],[11.802,58.178],[11.614,58.247],[11.431,58.202],[11.407,58.331],[11.221,58.308],[11.14,58.851],[11.039,58.91],[11.171,59.062],[11.363,59.107],[11.44,58.897],[11.683,58.885],[11.793,59.639],[12.428,59.926],[12.423,60.039]],[[12.329,58.38],[12.571,58.432],[12.551,58.379],[12.624,58.382],[13.041,58.604],[13.24,58.515],[13.358,58.617],[13.8,58.722],[14.072,59.028],[14.083,59.1],[13.931,59.09],[14.052,59.305],[13.68,59.39],[13.155,59.353],[13.103,59.255],[13.236,58.905],[12.818,59.082],[12.576,58.826],[12.472,58.934],[12.488,58.563],[12.329,58.38]],[[27.2,64.158],[27.258,64.12],[27.323,64.209],[27.562,64.274],[28.188,64.131],[27.738,64.282],[27.93,64.307],[27.925,64.381],[27.365,64.33],[27.217,64.414],[27.214,64.497],[26.827,64.505],[26.793,64.362],[27.2,64.158]],[[26.568,62.9],[26.822,62.697],[26.813,62.623],[26.359,62.854],[26.451,62.633],[26.178,62.55],[26.16,62.388],[26.084,62.421],[26.096,62.519],[25.938,62.462],[25.821,62.613],[26.029,62.632],[25.98,62.706],[26.067,62.819],[26.364,62.768],[25.903,63.111],[25.792,63.092],[25.623,63.216],[25.44,63.128],[25.368,63.007],[25.436,62.975],[25.617,63.071],[25.934,62.913],[25.818,62.794],[25.894,62.72],[25.632,62.627],[25.922,62.385],[25.668,62.136],[25.472,62.142],[25.671,62.059],[25.51,61.931],[25.317,61.902],[25.444,61.844],[25.389,61.794],[25.209,61.794],[25.418,61.626],[25.188,61.532],[25.194,61.475],[25.5,61.229],[25.356,61.076],[25.592,61.024],[25.531,61.115],[25.67,61.273],[26.026,61.17],[26.102,61.101],[26.025,60.961],[26.241,61.102],[26.148,61.256],[26.257,61.247],[26.275,61.374],[26.082,61.196],[25.547,61.335],[25.543,61.423],[25.641,61.467],[25.573,61.494],[25.586,61.591],[25.706,61.601],[25.723,61.778],[25.588,61.793],[25.701,61.885],[25.641,61.95],[25.878,62.021],[25.826,62.148],[25.876,62.206],[25.951,62.145],[25.956,62.356],[26.128,62.28],[26.173,62.358],[26.312,62.368],[26.273,62.551],[26.558,62.49],[26.407,62.418],[26.42,62.318],[26.69,62.596],[26.736,62.494],[26.909,62.456],[26.819,62.564],[26.999,62.613],[26.88,62.796],[27.092,62.842],[26.889,62.895],[27.033,63.019],[26.765,62.98],[26.73,62.836],[26.568,62.9]],[[14.622,58.299],[14.946,58.511],[14.891,58.592],[14.968,58.849],[14.507,58.561],[14.213,58.15],[14.121,57.925],[14.159,57.796],[14.245,57.809],[14.622,58.299]],[[26.591,62.022],[26.81,61.887],[26.531,61.939],[26.376,61.87],[26.412,61.976],[26.276,61.866],[26.796,61.558],[26.89,61.569],[26.879,61.626],[26.743,61.694],[27.045,61.671],[26.9,61.753],[26.819,61.948],[26.591,62.022]],[[26.219,61.841],[26.126,61.767],[25.944,61.796],[25.9,61.647],[26.148,61.546],[26.183,61.629],[26.072,61.679],[26.183,61.73],[26.567,61.616],[26.466,61.735],[26.295,61.716],[26.219,61.841]],[[24.321,61.633],[24.358,61.587],[24.043,61.423],[23.952,61.224],[23.773,61.283],[23.781,61.214],[24.439,61.031],[24.355,61.162],[24.014,61.231],[24.279,61.293],[24.128,61.344],[24.194,61.457],[24.469,61.528],[24.456,61.59],[24.702,61.702],[24.321,61.633]],[[23.786,61.729],[23.758,61.786],[24.105,61.951],[24.094,62.02],[24.706,61.921],[24.63,62.043],[24.722,62.198],[24.611,62.251],[24.595,62.09],[24.343,62.146],[24.565,62.045],[24.498,62.027],[24.324,62.03],[24.301,62.12],[24.126,62.057],[24.181,62.157],[23.954,62.16],[23.999,62.232],[23.855,62.14],[23.645,62.215],[23.681,62.116],[24.003,62.076],[24.032,61.974],[23.708,61.865],[23.57,61.641],[23.709,61.511],[23.349,61.39],[23.717,61.262],[23.511,61.419],[23.776,61.521],[23.834,61.636],[23.739,61.651],[23.786,61.729]]]]}},{"type":"Feature","properties":{"NAME":null,"ABBREVN":null,"wikipedia":null,"SUBJECTO":null,"BORDERPRECISION":1,"PARTOF":null},"geometry":{"type":"MultiPolygon","coordinates":[[[[13.672,54.569],[13.576,54.462],[13.714,54.378],[13.727,54.274],[13.689,54.348],[13.508,54.343],[13.357,54.273],[13.393,54.221],[13.118,54.334],[13.268,54.383],[13.165,54.434],[13.232,54.486],[13.147,54.546],[13.367,54.58],[13.447,54.489],[13.517,54.513],[13.375,54.61],[13.246,54.558],[13.263,54.667],[13.43,54.682],[13.407,54.589],[13.672,54.569]]]]}},{"type":"Feature","properties":{"NAME":null,"ABBREVN":null,"wikipedia":null,"SUBJECTO":null,"BORDERPRECISION":1,"PARTOF":null},"geometry":{"type":"MultiPolygon","coordinates":[[[[23.206,58.445],[22.757,58.24],[22.279,58.184],[22.202,57.986],[22.038,57.908],[21.986,57.976],[22.201,58.145],[21.849,58.279],[22.008,58.353],[21.832,58.505],[22.905,58.617],[23.333,58.442],[23.206,58.445]]]]}},{"type":"Feature","properties":{"NAME":null,"ABBREVN":null,"wikipedia":null,"SUBJECTO":null,"BORDERPRECISION":1,"PARTOF":null},"geometry":{"type":"MultiPolygon","coordinates":[[[[22.948,58.844],[22.547,58.687],[22.382,58.887],[22.042,58.94],[22.434,58.966],[22.576,59.069],[22.93,58.982],[23.048,58.844],[22.948,58.844]]]]}},{"type":"Feature","properties":{"NAME":null,"ABBREVN":null,"wikipedia":null,"SUBJECTO":null,"BORDERPRECISION":1,"PARTOF":null},"geometry":{"type":"MultiPolygon","coordinates":[[[[20.123,60.081],[20.212,60.06],[20.211,59.98],[19.999,60.055],[20.123,60.081]]]]}},{"type":"Feature","properties":{"NAME":null,"ABBREVN":null,"wikipedia":null,"SUBJECTO":null,"BORDERPRECISION":1,"PARTOF":null},"geometry":{"type":"MultiPolygon","coordinates":[[[[20.295,60.121],[20.263,60.054],[20.2,60.086],[20.295,60.121]]]]}},{"type":"Feature","properties":{"NAME":null,"ABBREVN":null,"wikipedia":null,"SUBJECTO":null,"BORDERPRECISION":1,"PARTOF":null},"geometry":{"type":"MultiPolygon","coordinates":[[[[19.565,60.249],[19.673,60.15],[19.543,60.128],[19.565,60.249]]]]}},{"type":"Feature","properties":{"NAME":null,"ABBREVN":null,"wikipedia":null,"SUBJECTO":null,"BORDERPRECISION":1,"PARTOF":null},"geometry":{"type":"MultiPolygon","coordinates":[[[[20.067,60.296],[19.914,60.217],[20.053,60.096],[19.944,60.043],[19.751,60.095],[19.648,60.257],[19.783,60.293],[19.817,60.188],[19.937,60.289],[19.78,60.349],[19.857,60.404],[20.277,60.274],[20.162,60.162],[20.082,60.179],[20.067,60.296]]]]}},{"type":"Feature","properties":{"NAME":null,"ABBREVN":null,"wikipedia":null,"SUBJECTO":null,"BORDERPRECISION":1,"PARTOF":null},"geometry":{"type":"MultiPolygon","coordinates":[[[[20.442,60.248],[20.387,60.193],[20.341,60.241],[20.442,60.248]]]]}},{"type":"Feature","properties":{"NAME":null,"ABBREVN":null,"wikipedia":null,"SUBJECTO":null,"BORDERPRECISION":1,"PARTOF":null},"geometry":{"type":"MultiPolygon","coordinates":[[[[10.885,57.246],[11.197,57.314],[10.885,57.246]]]]}},{"type":"Feature","properties":{"NAME":null,"ABBREVN":null,"wikipedia":null,"SUBJECTO":null,"BORDERPRECISION":1,"PARTOF":null},"geometry":{"type":"MultiPolygon","coordinates":[[[[11.53,58.049],[11.742,58.025],[11.575,57.932],[11.53,58.049]]]]}},{"type":"Feature","properties":{"NAME":null,"ABBREVN":null,"wikipedia":null,"SUBJECTO":null,"BORDERPRECISION":1,"PARTOF":null},"geometry":{"type":"MultiPolygon","coordinates":[[[[11.465,58.066],[11.411,58.147],[11.669,58.284],[11.81,58.224],[11.8,58.117],[11.465,58.066]]]]}},{"type":"Feature","properties":{"NAME":"Chukchi","ABBREVN":"Chukchi","wikipedia":"https://en.wikipedia.org/wiki/Chukchi_people","SUBJECTO":"Chukchi","BORDERPRECISION":1,"PARTOF":"Chukchi"},"geometry":{"type":"MultiPolygon","coordinates":[[[[173.304,61.519],[165.254,62.309],[165.067,62.436],[164.138,62.533],[162.99,62.326],[163.009,62.178],[162.711,61.763],[162.749,61.609],[162.235,61.51],[160.645,60.718],[160.119,60.564],[160.007,60.591],[160.236,60.947],[159.816,60.981],[159.744,61.1],[160.149,61.66],[160.118,61.751],[159.231,61.546],[159.106,61.707],[158.757,61.776],[162.618,69.54],[164.054,69.66],[164.318,69.465],[164.636,69.413],[166.309,69.378],[166.7,69.432],[167.32,69.659],[168.1,69.232],[168.986,68.963],[169.113,68.784],[169.389,68.717],[170.833,68.922],[170.905,69.034],[170.431,69.559],[170.056,69.611],[170.452,70.019],[172.359,69.909],[172.908,69.835],[173.008,69.692],[174.574,69.785],[176.192,69.713],[178.965,69.229],[180.0,68.92],[180.0,64.953],[179.016,64.773],[178.726,64.606],[178.004,64.548],[177.427,64.607],[177.251,64.856],[177.026,64.844],[177.135,64.927],[176.712,64.782],[176.332,64.773],[175.965,64.904],[176.156,64.678],[175.9,64.547],[176.468,64.409],[176.753,64.571],[176.931,64.553],[177.082,64.517],[177.082,64.303],[177.193,64.21],[177.535,64.09],[178.011,64.192],[177.813,64.047],[178.147,64.157],[178.403,63.664],[178.078,63.429],[178.344,63.458],[178.714,63.154],[178.939,63.083],[179.004,62.97],[178.932,62.765],[179.288,62.815],[179.242,62.526],[178.738,62.299],[177.291,62.487],[177.135,62.55],[177.19,62.67],[176.832,62.676],[176.549,62.38],[175.173,61.969],[174.542,61.891],[173.927,61.616],[173.481,61.601],[173.304,61.519]]],[[[-180.0,66.963],[-180.0,68.917],[-175.514,67.669],[-175.189,67.313],[-175.006,66.957],[-175.101,66.765],[-174.635,66.405],[-174.193,66.288],[-174.202,66.369],[-174.068,66.435],[-174.091,66.524],[-174.378,66.7],[-174.337,67.077],[-173.875,67.159],[-173.174,66.99],[-171.958,66.956],[-169.832,66.025],[-170.613,66.038],[-170.976,65.678],[-171.669,65.889],[-171.2,65.561],[-172.184,65.589],[-173.043,65.806],[-172.853,65.631],[-172.562,65.515],[-172.411,65.173],[-172.437,65.02],[-173.165,64.968],[-173.25,64.896],[-173.025,64.506],[-173.077,64.384],[-173.724,64.383],[-174.261,64.461],[-174.379,64.619],[-175.187,64.849],[-175.301,64.726],[-175.827,64.934],[-176.071,65.188],[-175.993,65.268],[-176.137,65.457],[-176.529,65.61],[-177.126,65.623],[-178.116,65.482],[-178.654,65.54],[-178.697,65.832],[-178.975,66.051],[-179.379,65.996],[-180.0,65.259],[-180.0,66.963]]]]}},{"type":"Feature","properties":{"NAME":"Denmark-Norway","ABBREVN":"DenmarkNorwa","wikipedia":null,"SUBJECTO":"Denmark-Norway","BORDERPRECISION":1,"PARTOF":"Denmark-Norway"},"geometry":{"type":"MultiPolygon","coordinates":[[[[11.285,55.189],[11.102,55.634],[11.296,55.675],[11.568,55.885],[11.728,55.662],[11.962,55.581],[12.088,55.967],[12.444,55.968],[12.409,55.548],[12.158,55.379],[12.43,55.245],[12.077,54.995],[11.97,54.954],[11.767,55.176],[11.285,55.189]]],[[[19.218,79.74],[18.331,79.882],[18.696,80.087],[19.068,80.165],[19.915,80.633],[20.524,80.322],[21.881,80.277],[22.198,80.123],[23.216,80.611],[23.077,80.241],[23.115,80.096],[23.498,80.097],[23.944,80.32],[24.421,80.437],[24.783,80.38],[25.034,80.167],[26.254,80.199],[26.949,80.114],[27.197,79.944],[26.067,79.574],[25.337,79.403],[24.416,79.312],[23.821,79.147],[20.998,79.191],[20.983,79.361],[21.655,79.478],[21.971,79.783],[19.218,79.74]]],[[[14.258,79.534],[14.317,79.722],[14.81,79.804],[15.774,79.242],[16.133,79.136],[16.389,79.235],[16.082,79.528],[15.917,79.842],[16.326,80.025],[16.777,79.979],[17.834,79.809],[17.722,79.487],[17.769,79.415],[18.016,79.362],[18.549,79.56],[19.152,79.231],[19.932,79.108],[20.908,78.809],[19.429,78.587],[19.116,78.455],[18.787,77.94],[18.389,77.542],[17.829,77.489],[17.485,77.248],[17.28,76.983],[17.267,76.813],[16.663,76.727],[15.099,77.115],[14.485,77.371],[14.778,77.535],[16.287,77.615],[16.712,77.789],[16.418,77.901],[14.131,77.766],[13.905,78.0],[15.921,78.265],[16.617,78.467],[15.084,78.781],[14.819,78.718],[14.353,78.428],[13.872,78.296],[13.062,78.347],[12.075,78.696],[11.76,78.88],[12.525,79.059],[12.157,79.315],[11.545,79.172],[11.335,79.207],[10.919,79.545],[11.284,79.707],[13.252,79.801],[13.283,79.487],[13.397,79.434],[14.159,79.364],[14.258,79.534]]],[[[18.148,57.235],[18.11,57.513],[18.179,57.588],[18.682,57.914],[19.005,57.909],[19.033,57.827],[18.809,57.704],[18.712,57.242],[18.397,57.134],[18.302,56.937],[18.169,56.91],[18.254,57.079],[18.148,57.235]]],[[[10.769,59.118],[10.549,59.379],[10.634,59.45],[10.57,59.581],[10.407,59.497],[10.43,59.26],[10.172,58.987],[9.938,58.94],[9.698,58.999],[8.03,58.066],[6.959,57.972],[6.726,58.137],[6.644,58.042],[6.479,58.09],[6.652,58.172],[5.615,58.455],[5.4,58.715],[5.531,58.881],[5.475,58.976],[5.627,58.964],[5.666,58.822],[5.794,58.916],[6.094,58.798],[5.984,58.887],[6.041,58.952],[6.266,58.993],[5.94,58.934],[5.772,59.076],[6.238,59.284],[5.877,59.313],[6.076,59.42],[6.113,59.527],[5.816,59.313],[5.8,59.432],[5.68,59.509],[5.717,59.337],[5.529,59.266],[5.344,59.266],[5.35,59.39],[5.283,59.272],[5.177,59.307],[5.087,59.509],[5.383,59.711],[5.419,59.515],[5.449,59.658],[5.646,59.586],[5.741,59.628],[5.667,59.676],[6.185,59.824],[5.694,59.753],[5.543,59.824],[5.806,59.949],[5.894,60.161],[5.279,60.125],[5.096,60.264],[5.551,60.509],[5.456,60.592],[5.075,60.592],[4.98,60.689],[5.109,60.906],[5.387,61.026],[5.12,61.137],[5.018,61.305],[5.141,61.39],[5.101,61.699],[5.797,61.77],[5.834,61.819],[5.426,62.009],[5.47,62.094],[5.824,62.179],[6.053,62.335],[6.533,62.336],[6.613,62.583],[7.289,62.486],[7.547,62.599],[7.102,62.705],[6.982,62.846],[7.088,62.91],[7.989,62.94],[8.231,62.841],[8.258,63.054],[8.606,63.325],[8.957,63.404],[9.216,63.284],[9.441,63.498],[9.832,63.684],[9.87,63.876],[10.066,64.056],[10.891,64.473],[11.364,64.416],[11.508,64.517],[11.407,64.617],[12.112,65.13],[12.526,65.109],[12.496,65.384],[12.284,65.435],[12.709,65.909],[13.087,65.88],[13.152,66.136],[13.581,66.188],[13.169,66.458],[13.383,66.679],[13.992,66.687],[13.747,66.922],[14.639,67.123],[14.778,67.217],[14.616,67.245],[14.569,67.329],[14.976,67.523],[15.385,67.464],[15.746,67.597],[15.762,67.676],[15.572,67.821],[15.854,67.925],[15.92,68.049],[16.412,67.874],[16.649,68.046],[16.522,68.341],[17.033,68.338],[17.126,68.416],[16.855,68.558],[17.407,68.772],[17.566,68.974],[18.052,69.028],[18.319,69.359],[18.553,69.247],[18.985,69.315],[19.58,69.181],[19.821,69.37],[18.959,68.294],[18.747,67.892],[18.771,67.938],[17.254,68.093],[14.699,66.124],[17.473,65.017],[17.33,64.826],[17.731,64.559],[16.661,63.756],[15.05,63.526],[13.155,62.024],[12.597,61.029],[12.174,60.956],[12.548,60.434],[12.436,60.278],[12.428,59.926],[11.793,59.639],[11.683,58.885],[11.44,58.897],[11.363,59.107],[11.171,59.062],[11.112,59.165],[10.769,59.118]]],[[[8.117,56.092],[8.183,56.431],[8.309,56.479],[8.675,56.358],[8.869,56.616],[9.003,56.657],[9.136,56.46],[9.312,56.481],[9.37,56.882],[10.216,56.85],[10.314,56.469],[10.826,56.443],[10.889,56.369],[10.751,56.097],[10.496,56.034],[10.442,56.151],[10.293,56.137],[10.175,56.076],[10.23,55.951],[10.147,55.765],[10.007,55.73],[9.976,55.62],[9.69,55.605],[9.905,55.506],[10.31,55.617],[10.485,55.532],[10.416,55.453],[10.469,55.437],[10.606,55.486],[10.627,55.617],[10.835,55.294],[10.812,55.186],[10.74,55.067],[10.529,55.029],[10.153,55.084],[9.811,55.437],[9.63,55.459],[9.421,54.976],[9.987,54.592],[9.865,54.411],[10.065,54.434],[10.142,54.337],[9.449,54.189],[9.441,54.247],[9.056,54.349],[8.884,54.229],[8.581,54.194],[8.554,54.275],[8.951,54.419],[8.596,54.761],[8.645,55.069],[8.56,55.356],[8.319,55.481],[8.214,55.399],[8.035,55.476],[8.32,55.768],[8.117,56.092]]],[[[10.479,57.759],[10.558,57.745],[10.401,57.506],[10.463,57.242],[10.333,57.171],[10.257,57.006],[8.847,56.986],[8.778,56.798],[8.471,56.597],[8.183,56.798],[8.534,57.141],[9.302,57.166],[9.849,57.582],[10.39,57.661],[10.479,57.759]]],[[[15.427,56.766],[16.063,56.396],[15.771,56.033],[15.497,56.167],[15.221,56.08],[14.653,56.121],[14.605,55.981],[14.492,56.018],[14.259,55.899],[14.126,55.667],[14.286,55.515],[14.117,55.347],[13.823,55.422],[13.302,55.301],[12.802,55.353],[12.986,55.667],[12.414,56.243],[12.652,56.296],[12.615,56.436],[12.805,56.401],[12.872,56.512],[12.289,56.88],[12.005,57.325],[11.877,57.325],[12.318,57.68],[12.524,57.391],[12.731,57.432],[12.896,56.978],[13.226,57.102],[13.432,56.524],[14.175,56.813],[14.485,56.68],[15.427,56.766]]],[[[14.887,55.229],[15.141,55.139],[15.103,55.021],[14.678,55.102],[14.746,55.296],[14.887,55.229]]],[[[16.486,56.231],[16.411,56.225],[16.42,56.586],[16.973,57.305],[17.106,57.348],[16.486,56.231]]],[[[12.072,54.786],[11.929,54.573],[11.709,54.937],[12.168,54.842],[12.072,54.786]]],[[[11.834,54.661],[11.456,54.619],[10.99,54.791],[11.014,54.896],[11.136,54.954],[11.564,54.822],[11.649,54.907],[11.849,54.766],[11.834,54.661]]],[[[21.905,56.35],[20.916,56.097],[20.965,56.609],[21.324,56.854],[21.34,57.177],[21.677,57.464],[22.564,57.616],[22.585,57.509],[23.071,57.261],[23.297,56.945],[22.857,56.324],[21.905,56.35]]],[[[-24.219,65.534],[-23.973,65.687],[-23.267,65.725],[-23.608,65.98],[-23.466,66.133],[-22.911,65.944],[-22.609,65.923],[-22.474,65.996],[-22.841,66.281],[-22.676,66.391],[-21.779,66.254],[-21.443,66.13],[-21.242,65.882],[-21.296,65.699],[-21.495,65.568],[-21.08,65.205],[-20.831,65.366],[-20.168,65.556],[-20.217,66.001],[-19.973,66.111],[-19.336,65.674],[-19.156,65.725],[-19.275,65.929],[-19.165,66.003],[-18.676,66.091],[-18.128,65.786],[-17.884,65.757],[-17.861,65.837],[-18.022,66.078],[-16.922,65.978],[-16.568,66.029],[-16.376,66.132],[-16.385,66.454],[-15.86,66.419],[-15.574,66.207],[-15.071,66.061],[-14.763,66.055],[-14.641,65.945],[-14.754,65.697],[-14.4,65.567],[-13.647,65.495],[-13.526,65.183],[-13.694,64.779],[-14.348,64.67],[-14.366,64.476],[-14.598,64.267],[-14.821,64.195],[-15.267,64.28],[-15.634,64.057],[-16.534,63.784],[-17.591,63.689],[-17.944,63.425],[-18.642,63.324],[-19.553,63.415],[-20.404,63.698],[-22.373,63.773],[-22.507,63.866],[-21.804,64.11],[-21.488,64.376],[-22.086,64.44],[-22.392,64.662],[-23.508,64.559],[-23.675,64.659],[-23.437,64.804],[-21.978,64.95],[-21.809,65.037],[-21.729,65.182],[-21.794,65.298],[-22.362,65.45],[-22.814,65.471],[-23.678,65.317],[-24.147,65.439],[-24.219,65.534]]]]}},{"type":"Feature","properties":{"NAME":"Mi'kma'ki","ABBREVN":"Mi'kma'ki","wikipedia":null,"SUBJECTO":"Mi'kma'ki","BORDERPRECISION":1,"PARTOF":"Mi'kma'ki"},"geometry":{"type":"MultiPolygon","coordinates":[[[[-61.248,45.793],[-61.409,46.046],[-61.381,46.331],[-60.627,47.133],[-60.26,46.938],[-60.584,46.385],[-60.963,46.189],[-61.072,45.988],[-60.761,45.891],[-60.169,46.314],[-60.03,46.289],[-59.807,46.081],[-59.887,45.925],[-60.507,45.664],[-61.025,45.67],[-61.248,45.793]]],[[[-66.03,49.166],[-64.952,49.207],[-64.55,49.077],[-64.259,48.862],[-64.194,48.653],[-64.251,48.554],[-65.213,48.121],[-65.474,48.101],[-65.855,48.205],[-66.472,48.099],[-65.837,47.961],[-65.612,47.663],[-65.028,47.882],[-65.04,47.785],[-64.825,47.851],[-64.658,47.779],[-64.924,47.56],[-64.874,47.439],[-64.98,47.33],[-65.39,47.13],[-64.842,47.124],[-64.851,46.719],[-64.69,46.695],[-64.697,46.544],[-64.535,46.272],[-63.749,46.169],[-64.059,46.115],[-64.08,46.054],[-63.843,45.988],[-63.748,45.879],[-63.492,45.915],[-63.276,45.783],[-63.087,45.801],[-63.121,45.849],[-62.633,45.771],[-62.726,45.68],[-62.39,45.722],[-61.94,45.922],[-61.893,45.759],[-61.723,45.686],[-61.481,45.741],[-61.262,45.554],[-61.444,45.439],[-61.403,45.391],[-61.032,45.379],[-60.958,45.301],[-61.193,45.246],[-61.265,45.301],[-61.4,45.24],[-61.347,45.198],[-61.683,45.216],[-61.634,45.144],[-63.053,44.711],[-63.107,44.831],[-63.303,44.663],[-63.388,44.747],[-63.559,44.513],[-63.902,44.573],[-63.888,44.729],[-64.088,44.513],[-64.147,44.627],[-64.306,44.615],[-64.286,44.507],[-64.391,44.489],[-64.251,44.453],[-64.282,44.303],[-64.361,44.333],[-64.706,44.129],[-64.649,44.057],[-64.842,43.979],[-64.835,43.884],[-64.908,43.937],[-64.871,43.86],[-65.031,43.872],[-64.988,43.758],[-65.319,43.752],[-65.467,43.518],[-65.558,43.62],[-65.713,43.56],[-65.939,43.86],[-66.001,43.752],[-66.189,44.141],[-65.841,44.615],[-66.159,44.441],[-66.193,44.489],[-65.777,44.717],[-65.721,44.651],[-65.633,44.693],[-65.749,44.741],[-64.458,45.391],[-64.307,45.349],[-64.337,45.156],[-64.256,45.18],[-64.141,45.054],[-64.168,45.222],[-63.378,45.385],[-64.559,45.457],[-64.92,45.367],[-64.905,45.463],[-64.26,45.843],[-64.283,45.922],[-64.519,45.795],[-64.475,45.855],[-64.701,46.084],[-64.562,45.885],[-64.724,45.668],[-65.888,45.258],[-66.153,45.379],[-66.049,45.288],[-66.435,45.133],[-67.354,48.846],[-66.03,49.166]]]]}},{"type":"Feature","properties":{"NAME":"Nogai Horde","ABBREVN":"Nogai Horde","wikipedia":null,"SUBJECTO":"Nogai Horde","BORDERPRECISION":1,"PARTOF":"Nogai Horde"},"geometry":{"type":"MultiPolygon","coordinates":[[[[52.394,58.006],[61.0,45.406],[53.154,45.977],[53.257,46.317],[53.122,46.497],[53.284,46.676],[53.185,46.865],[52.556,46.982],[52.142,46.838],[51.791,47.009],[51.369,47.09],[50.632,46.91],[49.948,46.56],[49.535,46.542],[49.058,46.137],[48.833,46.083],[48.77,45.885],[48.635,45.975],[48.303,45.768],[47.871,45.678],[47.628,45.732],[47.655,45.543],[47.17,44.86],[46.873,44.68],[44.755,44.439],[43.88,44.814],[43.381,46.188],[42.257,46.813],[40.633,46.688],[40.508,47.437],[39.259,48.437],[37.885,49.186],[36.399,49.036],[36.211,49.909],[35.704,50.416],[33.879,50.213],[33.879,51.125],[33.169,51.43],[31.344,50.923],[31.383,52.001],[31.297,52.956],[31.383,53.26],[32.468,53.086],[32.208,54.431],[31.557,54.301],[31.427,54.908],[31.731,54.952],[31.514,55.559],[31.253,55.602],[31.21,55.732],[31.505,56.49],[30.174,56.28],[28.772,56.7],[28.091,56.748],[29.518,58.075],[29.995,58.205],[30.472,57.771],[32.718,57.199],[34.859,56.129],[35.126,54.389],[36.598,54.255],[38.338,54.389],[38.739,55.192],[40.746,54.389],[43.958,54.791],[44.761,55.326],[45.43,57.467],[45.965,57.735],[52.394,58.006]]]]}},{"type":"Feature","properties":{"NAME":"Kazan Khanate","ABBREVN":"Kazan Khanate","wikipedia":null,"SUBJECTO":"Kazan Khanate","BORDERPRECISION":1,"PARTOF":"Kazan Khanate"},"geometry":{"type":"MultiPolygon","coordinates":[[[[67.771,54.637],[57.92,49.915],[52.394,58.006],[55.465,58.136],[62.022,58.805],[63.494,59.875],[64.041,60.759],[66.237,60.062],[64.632,58.485],[64.227,57.662],[64.679,55.974],[67.771,54.637]]]]}},{"type":"Feature","properties":{"NAME":"Quazaq Khanate","ABBREVN":"Quazaq Khanate","wikipedia":null,"SUBJECTO":"Quazaq Khanate","BORDERPRECISION":1,"PARTOF":"Quazaq Khanate"},"geometry":{"type":"MultiPolygon","coordinates":[[[[76.883,54.373],[87.093,49.561],[80.316,42.777],[68.633,40.92],[60.611,45.434],[61.0,45.406],[57.92,49.915],[67.771,54.637],[68.591,54.282],[76.883,54.373]]]]}},{"type":"Feature","properties":{"NAME":"Bukara Khanate","ABBREVN":"Bukara Khanate","wikipedia":null,"SUBJECTO":"Bukara Khanate","BORDERPRECISION":1,"PARTOF":"Bukara Khanate"},"geometry":{"type":"MultiPolygon","coordinates":[[[[78.707,42.521],[84.474,36.882],[80.132,36.882],[79.329,35.628],[75.246,38.032],[73.809,38.032],[71.566,36.91],[71.253,38.041],[70.579,38.21],[69.899,37.785],[68.782,40.944],[78.707,42.521]]]]}},{"type":"Feature","properties":{"NAME":null,"ABBREVN":null,"wikipedia":null,"SUBJECTO":null,"BORDERPRECISION":1,"PARTOF":null},"geometry":{"type":"MultiPolygon","coordinates":[[[[84.474,36.882],[78.707,42.521],[80.316,42.777],[87.093,49.561],[76.883,54.373],[79.301,54.399],[82.536,57.08],[78.398,58.589],[75.664,58.615],[75.504,59.937],[80.757,60.149],[83.488,64.364],[80.832,65.698],[80.934,65.7],[82.904,68.539],[92.296,69.824],[90.667,72.414],[82.436,72.051],[82.321,72.222],[80.982,72.447],[80.844,72.58],[80.829,73.014],[80.464,73.314],[80.62,73.496],[84.616,73.743],[85.001,73.576],[85.856,73.825],[86.492,73.874],[86.757,73.787],[86.326,73.634],[86.124,73.451],[86.905,73.556],[87.57,73.772],[87.691,73.9],[87.541,74.1],[86.978,74.299],[86.814,74.435],[86.958,74.782],[89.285,75.466],[90.0,75.602],[91.635,75.653],[93.592,75.881],[94.694,76.184],[95.967,76.169],[96.139,76.086],[95.982,75.902],[96.658,75.853],[98.289,76.057],[99.467,75.967],[99.779,76.059],[99.833,76.21],[99.774,76.285],[99.983,76.437],[100.83,76.455],[101.389,76.625],[101.112,76.853],[101.166,77.006],[101.69,77.203],[103.393,77.558],[105.063,77.569],[105.45,77.449],[105.47,77.329],[104.782,77.149],[104.485,76.995],[104.705,76.928],[105.528,76.98],[107.24,76.898],[106.537,76.567],[106.404,76.432],[106.867,76.433],[97.977,74.362],[92.428,73.383],[99.915,71.358],[105.365,72.75],[106.087,72.855],[106.502,73.061],[107.804,73.143],[109.991,73.44],[110.442,73.568],[110.4,73.743],[110.163,73.83],[110.551,74.038],[110.944,73.943],[111.215,73.768],[111.762,73.658],[113.222,73.748],[113.308,73.613],[113.312,73.383],[113.547,73.201],[114.187,73.551],[116.671,73.619],[118.46,73.519],[118.338,73.186],[118.498,73.036],[120.579,72.835],[122.243,72.909],[122.882,72.753],[123.515,73.172],[123.41,73.481],[124.457,73.705],[125.717,73.398],[127.72,73.402],[128.499,73.126],[128.525,72.952],[127.314,72.714],[126.216,72.382],[126.111,72.28],[127.418,72.142],[128.432,71.755],[129.355,71.176],[130.172,70.815],[130.779,70.678],[131.055,70.687],[131.413,70.864],[132.284,71.661],[132.554,71.809],[132.684,71.801],[132.791,71.592],[133.138,71.453],[134.241,71.262],[135.861,71.543],[136.765,71.406],[137.63,71.075],[138.076,71.246],[138.175,71.362],[138.119,71.47],[138.446,71.61],[138.675,71.618],[139.159,71.418],[139.744,71.404],[139.826,71.628],[139.739,71.838],[139.848,72.236],[139.339,72.164],[138.969,72.211],[139.312,72.383],[140.589,72.495],[141.408,72.787],[144.562,72.456],[145.6,72.426],[144.82,72.143],[145.665,72.161],[145.815,72.098],[145.678,71.927],[144.881,71.723],[144.801,71.591],[145.746,71.694],[146.915,72.202],[148.698,72.166],[149.53,72.027],[149.722,71.895],[148.711,71.629],[151.119,71.255],[151.48,71.086],[151.899,70.733],[152.318,70.669],[151.751,69.717],[161.925,68.146],[158.757,61.776],[157.098,61.633],[156.423,61.401],[156.418,61.121],[155.667,60.778],[155.734,60.555],[154.693,60.199],[154.316,59.983],[153.943,59.569],[153.944,59.397],[154.182,59.301],[154.753,59.281],[154.906,59.103],[153.924,58.922],[152.968,58.996],[152.504,58.769],[152.191,58.926],[151.354,58.691],[151.007,58.793],[151.056,58.924],[151.857,59.056],[151.524,59.344],[151.14,59.44],[150.279,59.362],[149.73,59.595],[149.38,59.608],[148.728,59.476],[148.747,59.297],[148.416,59.097],[147.919,59.261],[147.0,59.191],[146.307,59.286],[146.054,59.251],[145.957,58.983],[145.653,58.975],[145.513,59.037],[145.404,59.326],[142.927,59.28],[142.358,59.141],[141.924,58.941],[141.35,58.501],[140.587,58.239],[140.029,57.644],[138.867,57.124],[137.229,55.983],[135.27,55.029],[134.894,54.72],[134.902,54.559],[135.095,54.433],[136.492,54.455],[136.351,53.701],[136.77,53.695],[137.041,53.862],[137.383,53.81],[137.071,53.489],[137.239,53.457],[136.161,53.021],[134.681,52.947],[134.237,53.464],[133.424,52.651],[133.128,52.651],[132.388,52.355],[132.018,52.429],[131.13,53.908],[130.538,53.908],[130.908,55.24],[130.39,56.054],[129.207,56.868],[128.837,56.646],[128.171,56.72],[127.581,56.615],[120.387,46.423],[107.713,43.255],[103.556,39.9],[102.119,39.756],[100.538,40.331],[99.388,39.756],[99.245,38.75],[89.616,36.882],[84.474,36.882]]]]}},{"type":"Feature","properties":{"NAME":"France","ABBREVN":"France","wikipedia":null,"SUBJECTO":"France","BORDERPRECISION":1,"PARTOF":"France"},"geometry":{"type":"MultiPolygon","coordinates":[[[[3.039,42.869],[1.728,42.501],[1.792,42.579],[1.577,42.648],[1.32,42.605],[0.744,42.772],[0.584,42.772],[0.592,42.628],[0.196,42.608],[0.18,42.663],[-0.166,42.649],[-0.41,42.786],[-0.612,42.731],[-0.84,42.909],[-1.515,42.998],[-1.491,43.21],[-1.702,43.196],[-1.915,43.305],[-1.561,43.524],[-1.314,44.559],[-1.136,44.6],[-1.23,44.73],[-1.332,44.614],[-1.175,45.501],[-0.9,45.294],[-0.728,45.019],[-0.855,45.321],[-1.247,45.688],[-1.075,46.015],[-1.256,46.307],[-1.711,46.449],[-2.13,46.851],[-2.005,47.043],[-2.576,47.324],[-2.01,47.746],[-1.752,48.178],[-1.999,48.677],[-1.871,48.712],[-1.858,48.608],[-1.457,48.684],[-1.576,48.768],[-1.58,49.229],[-1.892,49.526],[-1.941,49.709],[-1.524,49.653],[-1.251,49.7],[-1.289,49.521],[-1.177,49.333],[-1.023,49.398],[-0.239,49.285],[0.033,49.334],[0.331,49.455],[0.09,49.511],[0.189,49.681],[1.275,50.004],[1.552,50.229],[1.589,50.822],[1.796,50.921],[1.826,50.243],[1.987,50.22],[1.987,50.082],[2.148,50.059],[2.401,50.197],[2.677,50.151],[2.907,49.943],[3.483,49.92],[3.82,50.039],[4.255,49.887],[5.361,49.697],[5.909,49.201],[5.612,49.21],[5.723,48.959],[5.876,49.071],[6.001,48.904],[5.834,48.778],[6.015,48.653],[5.946,48.347],[6.238,48.291],[6.252,47.957],[6.099,48.027],[6.057,47.957],[5.96,47.985],[5.96,47.804],[5.82,47.735],[5.918,47.595],[5.793,47.512],[5.667,47.108],[5.794,46.997],[5.757,46.887],[5.646,46.85],[5.626,46.649],[5.74,46.598],[5.725,46.48],[5.416,46.524],[5.268,46.318],[5.533,46.097],[5.533,46.009],[5.357,46.053],[5.357,45.876],[5.607,45.847],[5.947,45.26],[6.058,45.223],[6.033,45.334],[6.219,45.347],[6.28,45.199],[6.943,44.869],[7.003,44.72],[6.783,44.548],[6.87,44.349],[6.787,44.198],[6.997,44.05],[6.923,43.976],[6.96,43.914],[6.886,43.902],[6.923,43.815],[7.355,43.902],[7.397,43.764],[6.523,43.151],[5.829,43.021],[5.434,43.104],[4.91,43.366],[4.647,43.321],[4.078,43.487],[3.807,43.467],[3.318,43.196],[3.039,42.869]]]]}},{"type":"Feature","properties":{"NAME":"Spain","ABBREVN":"Spain","wikipedia":null,"SUBJECTO":"Spain","BORDERPRECISION":1,"PARTOF":"Spain"},"geometry":{"type":"MultiPolygon","coordinates":[[[[-8.86,42.015],[-8.644,42.42],[-8.942,42.824],[-9.247,42.901],[-9.271,43.049],[-9.014,43.281],[-8.31,43.353],[-8.22,43.617],[-7.98,43.74],[-6.808,43.523],[-5.82,43.706],[-5.225,43.507],[-3.417,43.376],[-3.007,43.55],[-2.768,43.538],[-2.367,43.326],[-1.491,43.21],[-1.515,42.998],[-0.84,42.909],[-0.612,42.731],[-0.41,42.786],[-0.166,42.649],[0.18,42.663],[0.196,42.608],[0.592,42.628],[0.584,42.772],[0.744,42.772],[1.32,42.605],[1.577,42.648],[1.792,42.579],[1.728,42.501],[2.272,42.69],[2.701,42.73],[2.949,42.883],[3.039,42.869],[3.086,42.121],[3.157,42.076],[3.129,41.857],[2.201,41.446],[2.081,41.298],[0.879,41.022],[0.71,40.785],[0.827,40.727],[0.788,40.657],[0.505,40.593],[-0.161,39.886],[-0.395,39.434],[-0.166,38.954],[0.173,38.738],[-0.435,38.43],[-0.665,38.177],[-0.872,37.76],[-0.803,37.615],[-1.365,37.548],[-1.626,37.439],[-1.817,37.292],[-1.94,36.952],[-2.239,36.728],[-2.355,36.824],[-2.624,36.811],[-2.761,36.69],[-4.447,36.722],[-4.757,36.486],[-5.217,36.41],[-5.424,36.072],[-5.488,36.174],[-5.485,36.065],[-5.661,36.008],[-6.204,36.282],[-6.289,36.572],[-6.444,36.623],[-6.5,36.719],[-6.422,36.792],[-6.632,37.022],[-7.228,37.226],[-7.492,37.208],[-7.243,37.811],[-6.845,38.1],[-7.028,38.24],[-7.394,38.295],[-7.317,38.5],[-6.933,38.961],[-7.431,39.521],[-6.878,39.702],[-6.834,41.061],[-6.241,41.32],[-6.112,41.417],[-6.139,41.526],[-6.518,41.749],[-6.709,41.96],[-6.86,41.985],[-7.098,41.868],[-7.919,41.889],[-8.157,42.087],[-8.806,41.889],[-8.86,42.015]]]]}},{"type":"Feature","properties":{"NAME":"Bidar","ABBREVN":"Bidar","wikipedia":null,"SUBJECTO":"Bidar","BORDERPRECISION":1,"PARTOF":"Deccan Sultanates"},"geometry":{"type":"MultiPolygon","coordinates":[[[[77.997,16.465],[77.174,16.658],[77.071,17.361],[77.387,18.771],[78.173,19.013],[78.322,17.415],[77.997,16.465]]]]}},{"type":"Feature","properties":{"NAME":"Bijapur","ABBREVN":"Bijapur","wikipedia":null,"SUBJECTO":"Bijapur","BORDERPRECISION":1,"PARTOF":"Deccan Sultanates"},"geometry":{"type":"MultiPolygon","coordinates":[[[[77.071,17.361],[77.174,16.658],[77.997,16.465],[77.922,16.246],[76.91,16.312],[76.103,15.966],[75.067,15.966],[74.376,16.312],[73.494,16.288],[73.396,16.616],[75.412,18.5],[77.387,18.771],[77.071,17.361]]]]}},{"type":"Feature","properties":{"NAME":"Ahmadnagar","ABBREVN":"Ahmadnagar","wikipedia":null,"SUBJECTO":"Ahmadnagar","BORDERPRECISION":1,"PARTOF":"Deccan Sultanates"},"geometry":{"type":"MultiPolygon","coordinates":[[[[76.928,23.897],[76.093,21.047],[78.573,20.438],[78.533,19.124],[77.255,18.73],[75.412,18.5],[73.396,16.616],[73.064,18.032],[72.789,19.883],[73.485,19.907],[74.271,21.906],[73.713,22.945],[76.928,23.897]]]]}},{"type":"Feature","properties":{"NAME":"Golkonda","ABBREVN":"Golkonda","wikipedia":null,"SUBJECTO":"Golkonda","BORDERPRECISION":1,"PARTOF":"Deccan Sultanates"},"geometry":{"type":"MultiPolygon","coordinates":[[[[82.323,17.004],[82.235,16.647],[82.081,16.463],[81.789,16.329],[81.369,16.347],[80.963,15.723],[80.736,15.837],[80.46,15.773],[79.432,16.017],[77.922,16.246],[78.322,17.415],[78.173,19.013],[78.752,19.191],[79.213,18.845],[78.867,18.27],[79.328,17.233],[79.956,17.604],[82.323,17.004]]]]}},{"type":"Feature","properties":{"NAME":"Islamic and Hindu states","ABBREVN":"Islamic and Hindu states","wikipedia":null,"SUBJECTO":"Islamic and Hindu states","BORDERPRECISION":1,"PARTOF":"Islamic and Hindu states"},"geometry":{"type":"MultiPolygon","coordinates":[[[[73.396,16.616],[73.185,17.517],[73.409,16.559],[73.396,16.616]]]]}},{"type":"Feature","properties":{"NAME":"Ayutthaya","ABBREVN":"Ayutthaya","wikipedia":null,"SUBJECTO":"Ayutthaya","BORDERPRECISION":1,"PARTOF":"Ayutthaya"},"geometry":{"type":"MultiPolygon","coordinates":[[[[102.298,19.465],[103.462,19.049],[104.005,19.701],[103.88,19.535],[103.899,19.313],[104.812,18.722],[105.413,18.084],[106.426,16.718],[107.108,16.17],[107.169,15.992],[107.067,15.795],[107.1,15.668],[107.434,15.257],[107.463,14.997],[107.297,14.176],[107.31,13.878],[107.515,13.422],[107.48,13.257],[105.016,13.406],[103.657,12.846],[102.671,12.038],[102.324,12.186],[101.919,12.585],[101.724,12.655],[101.329,12.559],[100.872,12.679],[100.957,13.365],[100.909,13.447],[100.24,13.49],[99.93,13.261],[100.023,12.994],[99.834,12.524],[99.895,12.079],[99.186,10.489],[99.071,9.898],[99.119,9.371],[99.298,9.162],[99.837,9.226],[99.898,9.068],[99.866,8.712],[100.009,8.49],[100.132,8.532],[100.345,7.44],[100.54,7.049],[100.975,6.853],[101.428,6.828],[101.56,6.74],[101.68,6.464],[101.978,6.219],[102.325,6.099],[103.114,5.148],[103.342,4.805],[103.379,4.545],[103.334,3.394],[101.837,3.46],[101.264,3.225],[101.067,3.536],[100.664,3.904],[100.577,4.202],[100.608,4.552],[100.38,5.021],[100.139,6.177],[100.222,6.521],[100.154,6.603],[99.969,6.507],[99.834,6.539],[99.663,6.71],[99.572,7.263],[99.468,7.339],[99.294,7.319],[99.025,7.871],[98.545,8.264],[98.292,8.156],[98.195,8.327],[98.251,8.937],[98.633,10.101],[98.432,10.202],[98.398,10.564],[98.605,10.863],[98.738,11.435],[98.867,11.645],[98.59,11.695],[98.677,12.051],[98.597,12.737],[98.403,13.266],[98.487,14.372],[98.137,15.19],[97.737,17.969],[97.373,18.449],[97.711,18.509],[97.789,19.398],[98.016,19.749],[97.895,20.96],[98.562,21.115],[99.965,20.42],[100.245,20.384],[100.431,20.226],[100.435,20.036],[102.298,19.465]]]]}},{"type":"Feature","properties":{"NAME":"Tu\u02bbi Tonga Empire","ABBREVN":"Tu\u02bbi Tonga Empire","wikipedia":null,"SUBJECTO":"Tu\u02bbi Tonga Empire","BORDERPRECISION":1,"PARTOF":"Tu\u02bbi Tonga Empire"},"geometry":{"type":"MultiPolygon","coordinates":[[[[-170.55,-14.298],[-170.55,-14.298]]],[[[-170.66,-14.255],[-170.56,-14.266],[-170.744,-14.376],[-170.826,-14.325],[-170.66,-14.255]]],[[[-169.509,-14.277],[-169.534,-14.23],[-169.439,-14.232],[-169.509,-14.277]]],[[[-169.623,-14.184],[-169.623,-14.184]]],[[[-169.683,-14.167],[-169.683,-14.167]]],[[[-178.721,-20.648],[-178.721,-20.648]]],[[[-178.211,-19.853],[-178.211,-19.853]]],[[[-178.391,-19.176],[-178.391,-19.176]]],[[[179.773,-19.123],[179.747,-19.196],[179.773,-19.123]]],[[[-178.593,-19.121],[-178.539,-19.182],[-178.593,-19.121]]],[[[178.372,-18.932],[178.498,-19.009],[178.374,-19.053],[178.303,-18.999],[178.094,-19.163],[177.953,-19.136],[178.372,-18.932]]],[[[-178.943,-18.925],[-178.947,-18.994],[-178.943,-18.925]]],[[[-179.853,-18.973],[-179.784,-18.946],[-179.853,-18.973]]],[[[178.528,-18.867],[178.497,-18.934],[178.528,-18.867]]],[[[-178.477,-18.647],[-178.477,-18.647]]],[[[179.836,-18.582],[179.97,-18.549],[179.908,-18.645],[179.836,-18.582]]],[[[177.636,-18.491],[177.66,-18.594],[177.636,-18.491]]],[[[178.127,-18.354],[178.133,-18.418],[178.127,-18.354]]],[[[-178.748,-18.201],[-178.844,-18.217],[-178.748,-18.201]]],[[[179.246,-18.036],[179.292,-17.937],[179.359,-18.114],[179.246,-18.036]]],[[[-178.991,-17.951],[-179.079,-17.95],[-178.991,-17.951]]],[[[-178.324,-17.883],[-178.244,-17.952],[-178.34,-17.956],[-178.324,-17.883]]],[[[179.422,-17.848],[179.393,-17.786],[179.422,-17.848]]],[[[-179.288,-17.781],[-179.319,-17.728],[-179.288,-17.781]]],[[[178.833,-17.627],[178.85,-17.715],[178.772,-17.754],[178.751,-17.651],[178.833,-17.627]]],[[[-179.148,-17.478],[-179.179,-17.433],[-179.148,-17.478]]],[[[178.176,-18.242],[177.864,-18.264],[177.333,-18.119],[177.257,-17.874],[177.43,-17.762],[177.388,-17.633],[177.825,-17.363],[177.954,-17.411],[178.193,-17.301],[178.269,-17.344],[178.598,-17.643],[178.697,-18.047],[178.588,-18.135],[178.349,-18.116],[178.176,-18.242]]],[[[177.1,-17.315],[177.146,-17.25],[177.1,-17.315]]],[[[-179.116,-17.268],[-179.116,-17.268]]],[[[179.442,-17.248],[179.383,-17.4],[179.357,-17.259],[179.442,-17.248]]],[[[-178.909,-17.218],[-178.986,-17.318],[-179.02,-17.153],[-178.909,-17.218]]],[[[177.208,-17.089],[177.288,-17.059],[177.199,-17.17],[177.208,-17.089]]],[[[178.34,-16.831],[178.274,-16.793],[178.34,-16.831]]],[[[179.893,-16.946],[180.0,-16.787],[180.0,-16.966],[179.929,-17.006],[179.893,-16.946]]],[[[-179.821,-16.781],[-180.0,-16.966],[-179.939,-16.716],[-179.862,-16.68],[-179.821,-16.781]]],[[[177.571,-16.698],[177.431,-16.844],[177.571,-16.698]]],[[[179.943,-16.652],[179.884,-16.658],[179.943,-16.652]]],[[[180.0,-16.494],[180.0,-16.494]]],[[[-179.971,-16.459],[-179.894,-16.435],[-180.0,-16.538],[-179.971,-16.459]]],[[[179.569,-16.758],[179.942,-16.464],[179.871,-16.665],[179.937,-16.754],[179.409,-16.811],[179.266,-16.691],[179.049,-16.804],[179.024,-16.925],[178.87,-16.861],[178.754,-17.011],[178.476,-16.764],[178.982,-16.47],[179.401,-16.413],[179.503,-16.274],[180.0,-16.155],[179.592,-16.54],[179.479,-16.701],[179.569,-16.758]]],[[[-169.894,-19.146],[-169.932,-19.017],[-169.818,-18.968],[-169.781,-19.068],[-169.894,-19.146]]],[[[-174.975,-21.366],[-174.911,-21.306],[-174.917,-21.454],[-174.975,-21.366]]],[[[-175.052,-21.162],[-175.145,-21.268],[-175.361,-21.103],[-175.052,-21.162]]],[[[-174.768,-20.278],[-174.768,-20.278]]],[[[-174.419,-19.928],[-174.391,-19.882],[-174.419,-19.928]]],[[[-174.319,-19.822],[-174.323,-19.764],[-174.319,-19.822]]],[[[-175.078,-19.708],[-175.057,-19.801],[-175.078,-19.708]]],[[[-174.263,-19.745],[-174.256,-19.688],[-174.263,-19.745]]],[[[-175.015,-19.652],[-175.015,-19.652]]],[[[-174.28,-19.593],[-174.244,-19.656],[-174.28,-19.593]]],[[[-174.65,-18.783],[-174.65,-18.783]]],[[[-174.074,-18.681],[-174.074,-18.681]]],[[[-174.041,-18.68],[-174.041,-18.68]]],[[[-174.124,-18.678],[-174.124,-18.678]]],[[[-174.07,-18.639],[-173.968,-18.568],[-173.906,-18.627],[-173.987,-18.684],[-174.07,-18.639]]],[[[-175.679,-15.615],[-175.609,-15.571],[-175.679,-15.615]]],[[[-178.141,-14.316],[-178.186,-14.232],[-178.042,-14.317],[-178.141,-14.316]]],[[[-176.168,-13.353],[-176.15,-13.214],[-176.168,-13.353]]],[[[-171.465,-14.053],[-171.911,-14.013],[-172.065,-13.874],[-171.822,-13.808],[-171.446,-13.982],[-171.465,-14.053]]],[[[-172.223,-13.563],[-172.168,-13.684],[-172.214,-13.808],[-172.509,-13.807],[-172.781,-13.533],[-172.348,-13.461],[-172.223,-13.563]]]]}},{"type":"Feature","properties":{"NAME":"Polynesians","ABBREVN":"Polynesians","wikipedia":null,"SUBJECTO":"Polynesians","BORDERPRECISION":1,"PARTOF":"Polynesians"},"geometry":{"type":"MultiPolygon","coordinates":[[[[-109.241,-27.133],[-109.449,-27.193],[-109.396,-27.068],[-109.241,-27.133]]]]}},{"type":"Feature","properties":{"NAME":"Crimean Khanate","ABBREVN":"Crimean Khanate","wikipedia":null,"SUBJECTO":"Ottoman Empire","BORDERPRECISION":1,"PARTOF":"Ottoman Empire"},"geometry":{"type":"MultiPolygon","coordinates":[[[[32.33,46.152],[33.236,46.957],[33.325,48.052],[34.163,47.811],[36.008,48.996],[37.885,49.186],[39.259,48.437],[40.508,47.437],[40.633,46.688],[40.383,45.439],[39.633,45.689],[37.474,44.692],[36.96,45.227],[37.661,45.345],[37.706,45.578],[37.99,46.007],[38.459,46.079],[38.265,46.319],[37.757,46.603],[38.401,46.721],[39.282,47.074],[39.16,47.269],[37.422,47.077],[37.193,46.894],[35.851,46.664],[35.624,46.521],[35.416,46.495],[35.212,46.637],[35.046,46.358],[34.907,46.273],[34.064,46.265],[33.839,46.193],[35.008,45.612],[35.063,45.34],[35.317,45.321],[35.85,45.445],[36.521,45.388],[36.265,45.097],[35.865,45.031],[35.387,45.082],[35.067,44.862],[34.372,44.757],[34.014,44.492],[33.395,44.6],[33.559,44.936],[33.398,45.253],[33.013,45.381],[32.575,45.361],[32.503,45.445],[32.902,45.673],[33.639,45.927],[33.528,46.134],[32.33,46.152]]]]}},{"type":"Feature","properties":{"NAME":"Ottoman Empire","ABBREVN":"Ottoman Emp","wikipedia":null,"SUBJECTO":"Ottoman Empire","BORDERPRECISION":1,"PARTOF":"Ottoman Empire"},"geometry":{"type":"MultiPolygon","coordinates":[[[[8.021,33.02],[6.269,31.873],[0.873,31.986],[-1.081,32.454],[-1.341,32.694],[-1.681,33.258],[-1.664,34.205],[-1.738,34.605],[-2.077,34.826],[-2.193,35.054],[-1.738,35.119],[-1.495,35.234],[-1.147,35.629],[-0.429,35.86],[-0.092,35.74],[0.474,36.225],[1.058,36.462],[2.524,36.573],[2.81,36.714],[3.07,36.619],[3.324,36.651],[3.741,36.837],[4.395,36.838],[5.383,36.675],[6.047,36.842],[6.323,37.091],[6.923,36.818],[7.307,37.061],[7.545,37.042],[7.913,36.775],[8.637,36.885],[9.416,37.275],[9.732,37.282],[10.133,37.105],[10.272,36.755],[10.393,36.717],[11.024,37.068],[11.039,36.909],[10.92,36.654],[10.633,36.424],[10.511,36.086],[10.603,35.889],[10.989,35.622],[11.125,35.241],[10.839,34.801],[10.574,34.648],[10.019,34.081],[10.413,33.631],[10.778,33.473],[10.957,33.575],[11.099,33.537],[11.209,33.252],[12.565,32.74],[13.187,32.792],[14.157,32.679],[14.433,32.464],[15.01,32.363],[15.241,32.173],[15.358,31.805],[15.533,31.551],[15.843,31.285],[17.422,30.996],[18.915,30.205],[19.319,30.255],[19.982,30.722],[20.117,30.957],[19.942,31.611],[20.068,32.037],[20.516,32.388],[21.673,32.816],[22.216,32.791],[22.923,32.558],[23.007,32.482],[23.027,32.253],[23.153,32.139],[23.714,32.076],[24.034,31.937],[24.816,31.907],[24.952,31.818],[24.982,31.647],[25.107,31.514],[25.258,31.438],[26.143,31.491],[27.763,31.183],[27.919,30.999],[28.517,30.962],[28.966,30.785],[29.249,30.754],[30.099,31.232],[30.996,31.469],[31.717,31.388],[31.808,31.178],[32.077,31.014],[32.309,31.084],[32.769,30.952],[33.021,31.132],[33.558,30.968],[34.195,31.238],[34.501,31.621],[34.843,32.671],[34.957,32.705],[34.972,32.938],[35.089,33.069],[35.349,33.744],[35.492,33.831],[35.532,34.119],[35.873,34.422],[35.751,34.747],[35.841,35.043],[35.796,35.271],[35.607,35.418],[35.733,35.585],[35.691,35.685],[35.856,35.835],[35.665,36.134],[36.095,36.482],[36.082,36.622],[35.891,36.771],[35.506,36.559],[35.495,36.443],[35.221,36.388],[34.662,36.648],[34.485,36.627],[33.952,36.252],[33.954,36.16],[33.834,36.071],[33.753,36.147],[33.171,35.971],[32.64,36.008],[32.335,36.128],[31.902,36.497],[31.371,36.712],[30.905,36.794],[30.594,36.762],[30.473,36.188],[30.395,36.118],[30.166,36.188],[29.472,36.091],[29.298,36.173],[29.002,36.695],[28.814,36.535],[28.47,36.738],[28.267,36.712],[28.014,36.527],[27.912,36.699],[28.051,36.833],[27.999,36.909],[27.308,36.921],[27.269,37.042],[27.526,37.131],[27.365,37.329],[27.16,37.36],[27.14,37.889],[26.679,38.105],[26.393,38.104],[26.469,38.445],[26.742,38.278],[26.997,38.4],[26.696,38.641],[27.035,38.821],[26.937,38.925],[26.785,38.94],[26.871,39.056],[26.704,39.25],[26.602,39.256],[26.958,39.548],[26.064,39.456],[26.186,39.997],[26.32,39.992],[26.403,40.176],[26.765,40.377],[27.056,40.43],[27.272,40.451],[27.329,40.356],[27.526,40.297],[27.764,40.287],[27.83,40.345],[27.679,40.461],[27.808,40.504],[28.006,40.451],[27.908,40.351],[28.478,40.395],[29.052,40.335],[29.084,40.456],[28.778,40.525],[28.902,40.62],[29.883,40.746],[29.32,40.741],[29.015,40.979],[29.161,41.216],[30.138,41.132],[30.256,41.185],[30.745,41.04],[31.218,41.054],[31.404,41.164],[31.386,41.285],[32.419,41.749],[33.556,41.983],[34.663,41.876],[35.002,42.043],[35.099,41.806],[35.286,41.671],[35.678,41.621],[35.958,41.686],[36.161,41.353],[36.383,41.238],[36.817,41.29],[37.253,41.028],[38.314,40.921],[39.37,41.064],[40.361,40.963],[41.293,41.286],[41.484,41.437],[42.25,41.369],[42.694,41.564],[42.878,41.546],[43.957,42.591],[44.297,42.612],[44.51,42.761],[44.872,42.666],[45.031,42.772],[45.478,42.549],[45.808,42.538],[45.861,42.474],[45.754,42.251],[45.914,42.123],[46.499,41.964],[46.669,41.815],[46.85,41.836],[47.35,41.442],[47.35,41.304],[47.988,41.219],[48.224,41.471],[47.249,42.785],[47.195,43.376],[47.493,43.583],[47.52,43.511],[47.664,43.853],[47.736,43.862],[47.574,43.502],[47.655,43.277],[47.565,43.008],[47.79,42.855],[47.844,42.621],[47.97,42.594],[48.5,41.929],[48.662,41.902],[48.892,41.687],[49.244,41.293],[49.286,41.059],[49.605,40.687],[49.807,40.581],[50.19,40.57],[50.467,40.325],[50.467,40.262],[50.031,40.347],[49.573,40.176],[49.403,39.485],[49.488,39.294],[49.339,39.283],[49.275,39.017],[49.116,39.187],[49.041,39.145],[49.052,38.932],[48.946,38.836],[48.988,38.719],[48.825,38.31],[48.745,37.727],[48.837,37.511],[49.06,37.398],[50.039,37.225],[50.252,36.895],[50.469,36.748],[49.557,34.256],[49.478,30.053],[49.235,30.223],[49.222,30.477],[49.02,30.433],[48.714,30.0],[47.957,29.948],[47.911,29.89],[47.996,29.49],[47.845,29.503],[47.614,29.272],[47.804,29.185],[48.129,29.268],[48.855,27.523],[49.244,27.479],[49.152,27.372],[49.322,27.162],[49.533,27.01],[49.931,26.934],[50.122,26.738],[49.934,26.483],[50.076,26.312],[49.937,25.956],[50.147,25.536],[50.214,25.588],[50.382,25.461],[50.429,25.184],[50.619,24.871],[50.607,24.68],[50.778,24.471],[50.968,24.436],[50.569,23.854],[49.704,24.41],[49.395,26.078],[48.469,26.695],[47.439,28.829],[46.509,28.97],[46.905,29.438],[45.87,29.856],[44.839,29.993],[44.083,30.337],[40.029,34.391],[39.342,34.597],[38.036,34.597],[37.212,33.566],[36.525,31.162],[36.593,29.787],[38.814,24.841],[40.648,24.153],[41.07,22.263],[41.812,21.713],[41.923,20.767],[43.066,18.654],[43.488,16.622],[44.509,14.097],[45.261,13.828],[46.335,14.097],[46.711,13.936],[46.878,13.474],[46.601,13.401],[45.826,13.405],[45.193,12.934],[44.964,12.825],[44.681,12.825],[44.441,12.64],[43.841,12.664],[43.484,12.93],[43.303,13.241],[43.384,13.565],[43.348,13.851],[43.207,14.079],[42.796,15.47],[42.764,15.667],[42.884,15.985],[42.764,16.645],[42.207,17.515],[41.629,18.047],[40.694,19.869],[39.764,20.407],[39.167,21.219],[39.056,22.572],[38.49,23.613],[37.988,24.114],[37.557,24.271],[37.201,24.658],[37.269,24.97],[37.218,25.167],[36.669,26.017],[36.312,26.423],[35.436,27.73],[35.112,28.072],[34.764,28.097],[35.026,28.949],[35.073,29.419],[34.985,29.467],[34.764,29.247],[34.549,28.732],[34.322,27.829],[34.241,27.759],[34.058,27.79],[33.331,28.551],[33.178,28.996],[32.944,29.198],[32.648,29.852],[32.438,29.776],[32.318,29.54],[32.649,28.766],[33.354,27.91],[33.929,26.564],[35.19,24.4],[35.725,23.912],[35.468,23.721],[35.576,23.232],[35.746,22.914],[36.29,22.572],[36.8,21.915],[35.251,21.369],[32.662,21.0],[31.617,21.295],[32.161,20.643],[33.877,19.663],[34.612,18.07],[33.632,15.742],[33.999,13.659],[33.142,11.576],[31.671,11.576],[31.426,13.291],[31.671,15.864],[30.691,16.845],[29.466,19.173],[29.466,20.766],[30.346,22.111],[29.426,22.664],[26.171,30.316],[22.429,31.265],[22.122,31.077],[21.197,31.077],[20.281,30.331],[19.97,29.723],[18.859,29.562],[17.581,30.343],[15.634,30.518],[15.145,25.097],[9.67,24.218],[9.457,25.184],[13.675,26.143],[13.877,31.059],[13.078,31.826],[8.771,33.189],[8.021,33.02]]],[[[25.766,36.338],[25.713,36.35],[25.789,36.405],[25.873,36.356],[25.766,36.338]]],[[[25.493,36.331],[25.318,36.399],[25.371,36.497],[25.493,36.423],[25.493,36.331]]],[[[26.025,36.96],[26.086,36.899],[25.751,36.783],[26.025,36.96]]],[[[24.679,36.759],[24.466,36.649],[24.299,36.753],[24.588,36.869],[24.679,36.759]]],[[[24.976,36.637],[24.945,36.57],[24.824,36.661],[24.976,36.637]]],[[[25.105,36.637],[25.044,36.661],[25.166,36.741],[25.196,36.674],[25.105,36.637]]],[[[25.432,36.698],[25.386,36.637],[25.242,36.753],[25.295,36.808],[25.432,36.698]]],[[[24.428,37.208],[24.535,37.117],[24.444,37.099],[24.428,37.208]]],[[[24.261,37.541],[24.299,37.661],[24.398,37.667],[24.383,37.571],[24.261,37.541]]],[[[24.36,37.396],[24.398,37.468],[24.489,37.396],[24.36,37.305],[24.36,37.396]]],[[[24.846,37.366],[24.862,37.529],[25.044,37.378],[24.846,37.366]]],[[[25.47,37.438],[25.318,37.402],[24.656,37.901],[24.763,38.003],[25.47,37.438]]],[[[24.679,36.905],[24.649,37.014],[24.717,37.051],[24.786,36.948],[24.679,36.905]]],[[[25.113,36.941],[24.938,36.96],[25.151,37.172],[25.31,37.196],[25.31,37.002],[25.113,36.941]]],[[[25.599,37.026],[25.455,36.923],[25.341,37.087],[25.538,37.22],[25.599,37.026]]],[[[27.73,35.913],[27.72,36.166],[27.803,36.268],[28.226,36.453],[28.064,36.112],[27.843,35.914],[27.73,35.913]]],[[[26.919,36.947],[26.891,37.076],[27.05,36.991],[26.919,36.947]]],[[[26.946,36.679],[26.922,36.761],[27.152,36.881],[27.353,36.872],[26.946,36.679]]],[[[26.849,37.098],[26.778,37.188],[26.858,37.181],[26.849,37.098]]],[[[37.398,18.915],[38.527,18.161],[37.431,17.702],[36.45,18.07],[35.96,19.418],[36.695,20.398],[37.165,20.764],[37.398,18.915]]],[[[32.817,34.539],[32.784,34.625],[32.271,34.72],[32.144,35.043],[32.301,35.016],[32.483,35.153],[32.745,35.114],[32.795,35.361],[33.539,35.332],[34.458,35.645],[33.78,35.208],[33.925,34.953],[33.539,34.944],[33.484,34.796],[32.959,34.659],[32.915,34.541],[32.817,34.539]]],[[[23.665,35.667],[23.743,35.562],[23.957,35.528],[24.082,35.612],[24.153,35.564],[24.073,35.496],[24.23,35.391],[24.997,35.421],[25.014,35.362],[25.512,35.295],[25.673,35.349],[25.668,35.187],[25.742,35.137],[26.274,35.313],[26.16,35.024],[24.693,34.94],[24.69,35.092],[24.324,35.208],[23.513,35.276],[23.529,35.57],[23.671,35.572],[23.665,35.667]]],[[[23.242,39.044],[23.79,38.719],[24.132,38.653],[24.292,38.195],[24.588,38.153],[24.527,37.967],[24.314,37.985],[24.025,38.386],[23.661,38.404],[23.638,38.523],[23.121,38.867],[22.87,38.837],[23.242,39.044]]]]}}]}