{"type":"FeatureCollection","name":"world_bc5000","crs":{"type":"name","properties":{"name":"urn:ogc:def:crs:OGC:1.3:CRS84"}},"features":[{"type":"Feature","properties":{"NAME":"Dapenkeng culture","ABBREVN":"Dapenkeng","type":"culture","weblnks":"https://en.wikipedia.org/wiki/Dapenkeng_culture","SUBJECTO":"Dakapeng culture","BORDERPRECISION":1,"PARTOF":"Dakapeng culture"},"geometry":{"type":"MultiPolygon","coordinates":[[[[120.686,22.054],[120.61,22.313],[120.307,22.54],[120.136,23.023],[120.051,23.05],[120.148,23.327],[120.111,23.62],[120.907,24.845],[121.429,25.134],[121.781,24.9],[121.593,24.646],[121.573,24.226],[121.399,23.934],[121.325,23.4],[120.782,22.345],[120.696,21.971],[120.686,22.054]]]]}},{"type":"Feature","properties":{"NAME":"Austronesians","ABBREVN":"Austronesians","type":null,"weblnks":null,"SUBJECTO":"Austronesians","BORDERPRECISION":1,"PARTOF":"Austronesians"},"geometry":{"type":"MultiPolygon","coordinates":[[[[118.652,-8.539],[118.761,-8.379],[118.978,-8.762],[118.903,-8.69],[118.755,-8.713],[118.43,-8.864],[118.406,-8.585],[118.241,-8.803],[118.216,-8.739],[117.884,-8.935],[117.71,-8.917],[117.411,-9.049],[117.243,-9.017],[117.046,-9.111],[116.744,-8.984],[116.791,-8.63],[116.958,-8.529],[117.514,-8.613],[117.554,-8.739],[117.817,-8.814],[117.899,-8.702],[117.966,-8.749],[118.073,-8.658],[118.281,-8.642],[118.232,-8.551],[117.832,-8.373],[117.713,-8.25],[117.806,-8.178],[117.948,-8.162],[118.13,-8.343],[118.42,-8.325],[118.462,-8.596],[118.69,-8.386],[118.652,-8.539]]],[[[118.758,-8.771],[118.947,-8.839],[118.758,-8.771]]],[[[113.391,-8.451],[113.391,-8.451]]],[[[115.162,-8.678],[114.892,-8.45],[114.548,-8.331],[115.084,-8.235],[115.5,-8.469],[115.162,-8.678]]],[[[106.953,-6.087],[107.34,-6.154],[107.525,-6.351],[107.677,-6.33],[107.769,-6.452],[108.173,-6.356],[108.475,-6.686],[108.556,-6.921],[109.161,-7.023],[110.243,-7.031],[110.491,-6.936],[110.673,-6.539],[110.815,-6.534],[111.045,-6.852],[112.275,-7.027],[112.537,-7.265],[112.501,-7.465],[112.678,-7.719],[113.263,-7.908],[113.948,-7.824],[114.231,-7.932],[114.069,-8.434],[114.225,-8.642],[113.721,-8.531],[113.202,-8.277],[112.641,-8.432],[111.795,-8.26],[111.651,-8.362],[111.018,-8.257],[109.29,-7.699],[108.992,-7.717],[108.88,-7.641],[108.53,-7.697],[108.416,-7.806],[108.163,-7.783],[107.472,-7.505],[106.423,-7.371],[106.392,-7.32],[106.547,-7.16],[106.485,-7.119],[106.546,-7.065],[106.509,-6.979],[106.328,-7.003],[106.018,-6.831],[105.486,-6.87],[105.217,-6.776],[105.47,-6.822],[105.633,-6.755],[105.672,-6.461],[105.711,-6.521],[105.811,-6.482],[105.933,-6.026],[106.308,-6.131],[106.521,-6.11],[106.628,-6.309],[106.864,-6.27],[106.953,-6.087]]],[[[106.53,-3.108],[106.444,-2.981],[105.978,-2.823],[105.9,-2.641],[105.935,-2.476],[105.821,-2.391],[105.785,-2.158],[105.206,-2.095],[105.427,-1.71],[105.656,-1.957],[105.863,-1.626],[106.037,-2.204],[106.329,-2.572],[106.643,-2.711],[106.471,-2.921],[106.53,-3.108]]],[[[103.464,-0.367],[103.582,-0.229],[103.464,-0.367]]],[[[109.449,-1.041],[109.492,-0.98],[109.712,-0.988],[109.779,-1.139],[109.679,-1.202],[109.449,-1.041]]],[[[97.171,5.16],[97.384,5.18],[97.943,4.521],[98.174,4.381],[98.146,4.07],[98.625,3.658],[99.796,2.981],[99.863,2.568],[100.134,2.526],[100.732,1.871],[100.854,1.877],[100.821,2.03],[100.942,1.821],[100.832,2.176],[101.06,2.081],[101.276,1.719],[101.474,1.548],[101.868,1.435],[102.278,0.743],[102.472,0.623],[103.081,0.516],[103.071,0.436],[102.576,0.177],[102.429,0.242],[102.587,0.152],[103.205,0.472],[103.722,0.015],[103.27,-0.259],[103.499,-0.229],[103.342,-0.364],[103.47,-0.378],[103.238,-0.659],[103.384,-0.894],[103.747,-1.116],[104.23,-1.191],[104.352,-1.89],[104.568,-2.137],[104.813,-2.156],[104.532,-2.773],[104.611,-2.66],[104.995,-2.467],[105.445,-2.599],[105.629,-2.91],[105.943,-3.215],[105.711,-4.105],[105.796,-5.35],[105.699,-5.879],[105.269,-5.444],[105.07,-5.757],[104.681,-5.508],[104.545,-5.506],[104.552,-5.605],[104.465,-5.639],[104.62,-5.933],[104.561,-5.93],[103.722,-4.962],[103.443,-4.861],[102.308,-3.99],[102.225,-3.652],[101.627,-3.246],[101.314,-2.72],[101.095,-2.582],[100.916,-2.336],[100.833,-2.165],[100.866,-1.926],[100.65,-1.622],[100.565,-1.331],[100.437,-1.241],[100.322,-0.847],[99.804,-0.289],[99.747,-0.038],[99.351,0.231],[99.136,0.261],[99.103,0.585],[98.704,1.556],[98.822,1.622],[98.774,1.745],[97.949,2.267],[97.749,2.272],[97.652,2.416],[97.597,2.867],[97.428,2.924],[96.88,3.677],[96.489,3.764],[96.184,4.127],[95.531,4.683],[95.284,5.118],[95.226,5.507],[95.464,5.57],[95.628,5.526],[96.187,5.146],[96.753,5.064],[97.171,5.16]],[[98.918,2.665],[98.707,2.854],[98.53,2.859],[98.641,2.65],[98.76,2.729],[98.919,2.558],[98.885,2.476],[98.689,2.555],[98.846,2.353],[99.143,2.397],[98.918,2.665]]],[[[102.873,0.304],[102.927,0.322],[102.873,0.304]]],[[[117.52,3.931],[117.684,3.629],[117.032,3.604],[117.208,3.613],[117.21,3.527],[117.074,3.507],[117.215,3.272],[117.139,3.171],[117.342,3.025],[117.829,2.314],[117.696,1.901],[117.73,1.799],[118.517,1.166],[118.765,0.823],[118.129,0.889],[117.899,1.122],[118.035,0.813],[117.708,0.821],[117.534,0.611],[117.318,-0.14],[117.43,-0.622],[117.393,-0.859],[117.29,-0.806],[117.168,-0.975],[117.046,-0.935],[116.776,-1.185],[116.743,-1.024],[116.764,-1.196],[116.384,-1.66],[116.046,-1.934],[116.246,-2.106],[116.349,-2.417],[116.041,-2.443],[116.248,-2.798],[116.197,-2.906],[116.137,-2.815],[116.13,-2.988],[115.589,-3.781],[114.641,-4.186],[114.602,-3.656],[114.481,-3.499],[114.099,-3.35],[113.671,-3.476],[113.61,-3.441],[113.609,-3.173],[113.364,-3.261],[113.065,-2.994],[112.968,-3.062],[112.795,-2.971],[112.578,-3.423],[112.246,-3.314],[111.889,-3.574],[111.804,-3.538],[111.833,-3.067],[111.75,-2.742],[111.643,-2.978],[111.587,-2.796],[111.468,-2.936],[111.324,-2.923],[110.951,-3.098],[110.752,-3.022],[110.96,-2.888],[110.708,-3.059],[110.57,-2.871],[110.237,-2.979],[110.095,-2.239],[110.126,-2.047],[109.946,-1.859],[110.058,-1.334],[109.73,-0.954],[109.47,-0.852],[109.395,-0.918],[109.28,-0.868],[109.41,-0.722],[109.514,-0.727],[109.109,-0.446],[109.124,-0.206],[109.194,-0.199],[109.166,0.106],[109.064,0.274],[108.917,0.318],[108.932,0.609],[108.846,0.823],[108.979,0.943],[108.959,1.177],[109.096,1.212],[109.265,1.393],[108.982,1.212],[109.337,1.878],[109.554,1.801],[109.723,1.617],[110.289,1.516],[110.818,1.244],[111.12,1.27],[110.901,1.535],[111.156,1.364],[111.377,1.344],[111.062,1.459],[111,1.576],[111.206,2.066],[111.373,2.151],[111.179,2.141],[111.29,2.404],[111.45,2.369],[111.427,2.624],[112.759,3.009],[113.029,3.176],[113.777,4.045],[113.985,4.401],[114.45,4.563],[114.836,4.948],[114.878,4.856],[115.02,4.891],[115.047,4.798],[115.361,4.876],[115.558,5.069],[115.574,5.179],[115.361,5.307],[115.379,5.399],[115.83,5.542],[115.919,5.747],[116.051,5.841],[116.107,6.107],[116.498,6.489],[116.652,6.818],[116.8,6.577],[117.042,6.818],[117.168,6.614],[117.507,6.393],[117.541,6.24],[117.37,5.789],[117.867,5.904],[117.916,5.807],[117.762,5.58],[118.377,5.639],[118.998,5.278],[119.043,5.17],[118.963,5.042],[118.702,4.943],[118.351,5.036],[118.108,4.939],[117.948,4.799],[117.992,4.685],[118.375,4.343],[117.988,4.224],[117.629,4.354],[117.592,4.17],[117.393,4.14],[117.567,4.0],[117.52,3.931]]],[[[111.377,2.536],[111.365,2.359],[111.306,2.441],[111.38,2.603],[111.377,2.536]]],[[[117.432,3.554],[117.432,3.554]]],[[[117.217,3.546],[117.409,3.552],[117.217,3.546]]],[[[117.596,4.064],[117.658,4.142],[117.74,4.082],[117.596,4.064]]],[[[117.914,4.141],[117.78,4.09],[117.639,4.229],[117.76,4.255],[117.914,4.141]]],[[[115.262,5.304],[115.203,5.276],[115.249,5.367],[115.262,5.304]]],[[[125.775,7.149],[125.797,7.084],[125.775,7.149]]],[[[126.216,6.947],[126.068,6.65],[126.077,6.844],[125.978,6.92],[125.827,7.362],[125.615,7.236],[125.443,6.963],[125.28,6.594],[125.533,5.94],[125.344,5.561],[125.177,5.836],[125.286,5.976],[125.264,6.092],[125.155,6.101],[125.135,6.031],[124.966,6.085],[124.854,5.88],[124.181,6.217],[124.042,6.432],[124.036,6.741],[123.949,6.823],[124.04,7.109],[124.269,7.374],[124.164,7.408],[124.012,7.649],[123.774,7.699],[123.677,7.812],[123.54,7.848],[123.334,7.771],[123.248,7.593],[123.11,7.523],[123.196,7.587],[123.116,7.729],[123.003,7.477],[122.792,7.458],[122.811,7.745],[122.635,7.783],[122.455,7.693],[122.022,6.922],[121.897,7.077],[122.126,7.563],[122.135,7.82],[122.384,7.985],[122.638,8.005],[122.923,8.151],[122.993,8.204],[122.984,8.384],[123.486,8.496],[123.617,8.337],[123.671,7.954],[123.825,8.086],[124.223,8.21],[124.372,8.561],[124.671,8.429],[124.77,8.592],[124.779,8.92],[124.872,8.925],[124.991,8.715],[125.274,8.983],[125.515,9.007],[125.532,9.193],[125.391,9.65],[125.428,9.784],[126.037,8.959],[126.075,8.813],[125.923,8.482],[126.03,8.381],[126.272,8.426],[126.28,7.733],[126.372,7.34],[126.216,6.947]]],[[[123.773,8.067],[123.773,8.067]]],[[[122.942,9.072],[122.869,9.321],[122.577,9.446],[122.414,9.658],[122.407,9.799],[122.856,10.093],[122.833,10.527],[122.952,10.687],[122.947,10.863],[123.239,10.922],[123.312,10.738],[123.104,10.23],[122.962,9.594],[123.133,9.251],[123.037,9.067],[122.942,9.072]]],[[[117.221,8.515],[117.662,9.077],[117.902,9.263],[118.027,9.259],[118.535,9.789],[118.505,9.483],[117.967,9.113],[117.857,8.833],[117.444,8.635],[117.271,8.451],[117.221,8.515]]],[[[118.753,10.126],[118.761,10.031],[118.7,10.036],[118.753,10.126]]],[[[118.801,10.035],[118.8,10.191],[118.935,10.209],[119.013,10.439],[119.136,10.382],[119.312,10.582],[119.341,10.733],[119.212,10.945],[119.264,10.95],[119.453,10.722],[119.435,10.823],[119.564,10.502],[118.801,10.035]]],[[[119.386,10.871],[119.309,10.942],[119.326,11.101],[119.386,10.871]]],[[[124.947,11.425],[124.978,11.367],[124.947,11.425]]],[[[122.264,10.652],[121.915,10.486],[121.975,10.646],[121.933,10.782],[122.051,11.032],[122.1,11.671],[122.47,11.454],[122.895,11.518],[122.897,11.15],[122.264,10.652]]],[[[121.993,11.75],[121.994,11.758],[122.007,11.747],[121.993,11.75]]],[[[121.037,12.254],[121.086,12.286],[121.094,12.201],[121.037,12.254]]],[[[121.099,12.279],[120.8,12.724],[120.688,13.136],[120.341,13.387],[121.039,13.408],[121.181,13.332],[121.304,13.129],[121.317,12.742],[121.274,12.525],[121.099,12.279]]],[[[122.176,14.037],[122.176,14.037]]],[[[122.14,13.915],[122.304,13.961],[122.198,14.086],[122.265,14.16],[122.347,14.115],[122.364,14.242],[122.486,14.32],[122.776,14.174],[122.856,13.888],[123.1,13.667],[123.321,13.792],[123.359,13.953],[123.702,13.82],[123.737,13.763],[123.58,13.718],[123.398,13.527],[123.819,12.976],[123.677,12.893],[123.421,13.042],[123.322,13.009],[123.202,13.419],[122.894,13.573],[122.84,13.733],[122.561,13.937],[122.509,13.863],[122.369,13.881],[122.325,13.779],[122.483,13.418],[122.327,13.586],[122.208,13.602],[122.109,13.764],[121.75,13.965],[121.056,13.662],[120.889,13.899],[120.618,13.909],[120.585,14.182],[120.816,14.374],[121.105,14.253],[121.285,14.342],[120.993,14.511],[120.838,14.761],[120.471,14.804],[120.368,14.543],[120.25,14.692],[120.296,14.806],[120.245,14.848],[120.159,14.74],[120.083,14.794],[120.012,15.264],[119.899,15.426],[119.956,15.522],[119.913,15.843],[119.755,16.07],[119.784,16.314],[120.157,16.036],[120.422,16.156],[120.317,16.631],[120.454,16.982],[120.461,17.407],[120.344,17.591],[120.44,17.732],[120.585,18.446],[120.8,18.553],[121.036,18.528],[121.581,18.294],[121.95,18.269],[122.139,18.384],[122.007,17.793],[122.07,17.438],[122.396,17.114],[122.064,16.332],[121.402,15.874],[121.368,15.499],[121.242,15.308],[121.729,14.108],[122.14,13.915]]],[[[125.17,11.249],[124.854,11.491],[125.042,11.747],[124.472,12.106],[124.296,12.424],[124.952,12.527],[125.119,12.477],[125.246,12.293],[125.449,11.207],[125.323,11.124],[125.17,11.249]]]]}},{"type":"Feature","properties":{"NAME":"Kelteminar","ABBREVN":"Kelteminar","type":"culture","weblnks":null,"SUBJECTO":"Kelteminar","BORDERPRECISION":1,"PARTOF":"Kelteminar"},"geometry":{"type":"MultiPolygon","coordinates":[[[[166.741,-45.732],[166.64,-45.697],[166.741,-45.732]]],[[[173.076,-41.291],[173.264,-41.544],[173.701,-41.254],[174.058,-41.291],[174.05,-41.466],[174.144,-41.544],[174.069,-41.696],[174.197,-41.879],[173.559,-42.488],[173.328,-42.907],[172.818,-43.161],[172.737,-43.322],[172.441,-43.509],[172.628,-43.692],[172.922,-43.783],[172.926,-43.878],[172.472,-43.724],[171.319,-44.317],[170.994,-44.267],[171.224,-44.521],[171.171,-44.939],[170.634,-44.863],[171.024,-45.075],[170.554,-45.888],[170.625,-45.912],[170.315,-45.991],[170.227,-46.165],[169.561,-46.599],[169.054,-46.679],[168.866,-46.637],[168.836,-46.561],[168.493,-46.613],[168.442,-46.575],[168.567,-46.587],[168.391,-46.54],[168.355,-46.604],[168.268,-46.529],[168.387,-46.498],[168.369,-46.416],[168.175,-46.34],[167.814,-46.386],[167.702,-46.209],[167.557,-46.156],[167.338,-46.168],[167.219,-46.261],[166.705,-46.201],[166.67,-46.154],[166.947,-45.945],[166.616,-46.091],[166.662,-45.992],[166.551,-45.967],[166.844,-45.915],[166.732,-45.796],[167.009,-45.817],[166.835,-45.6],[167.034,-45.522],[167.281,-45.563],[167.318,-45.504],[167.159,-45.304],[167.308,-45.319],[167.137,-45.2],[167.265,-45.063],[167.507,-45.001],[167.921,-44.616],[167.967,-44.48],[168.416,-44.221],[168.914,-44.097],[169.649,-43.741],[170.203,-43.224],[170.371,-43.217],[171.024,-42.887],[171.077,-42.713],[171.398,-42.513],[171.349,-42.287],[171.458,-41.993],[171.596,-42.014],[172.087,-41.707],[172.207,-41.045],[172.437,-40.753],[172.769,-40.848],[172.784,-40.965],[173.019,-41.075],[173.076,-41.291]],[[169.982,-44.017],[169.86,-43.987],[169.865,-44.224],[169.945,-44.295],[169.982,-44.017]],[[170.21,-43.714],[170.131,-43.809],[170.23,-44.173],[170.21,-43.714]],[[170.559,-43.707],[170.519,-43.534],[170.51,-44.003],[170.656,-43.658],[170.559,-43.707]]],[[[172.991,-43.85],[172.991,-43.85]]],[[[166.99,-45.519],[166.801,-45.557],[166.855,-45.492],[166.99,-45.519]]],[[[174.474,-35.646],[174.59,-35.791],[174.357,-35.724],[174.355,-35.845],[174.51,-35.839],[174.49,-35.942],[174.348,-35.915],[174.802,-36.341],[174.706,-36.462],[174.801,-36.789],[174.647,-36.767],[174.645,-36.831],[174.928,-36.967],[174.887,-37.062],[175.301,-37.136],[175.247,-37.294],[175.64,-37.41],[175.558,-36.944],[175.838,-37.026],[176.056,-37.544],[175.941,-37.528],[176.129,-37.798],[177.362,-38.237],[178.241,-37.832],[178.454,-37.861],[178.347,-38.011],[178.301,-38.536],[178.068,-38.718],[177.929,-38.722],[177.867,-39.207],[177.817,-39.099],[177.426,-39.064],[177.055,-39.204],[176.898,-39.438],[176.947,-39.664],[177.091,-39.718],[176.834,-40.182],[176.349,-40.694],[175.985,-41.231],[175.313,-41.616],[175.202,-41.577],[175.186,-41.425],[174.974,-41.405],[174.895,-41.296],[175.367,-40.454],[175.354,-40.3],[174.961,-39.913],[174.549,-39.822],[174.309,-39.61],[173.97,-39.545],[173.805,-39.42],[174.655,-38.983],[174.749,-38.753],[174.753,-38.299],[174.94,-38.101],[174.874,-37.806],[174.976,-37.806],[174.975,-37.741],[174.862,-37.785],[174.739,-37.476],[174.841,-37.291],[174.76,-37.326],[174.717,-37.154],[174.887,-37.059],[174.796,-37.023],[174.819,-36.941],[174.596,-37.023],[174.223,-36.552],[174.246,-36.442],[174.453,-36.651],[174.422,-36.366],[174.269,-36.342],[174.519,-36.246],[174.305,-36.288],[174.442,-36.17],[174.337,-36.233],[174.239,-36.111],[174.186,-36.172],[174.312,-36.237],[174.259,-36.273],[174.066,-36.168],[173.914,-35.87],[174.008,-36.154],[173.855,-36.069],[173.396,-35.568],[173.447,-35.44],[173.656,-35.313],[173.564,-35.278],[173.567,-35.37],[173.416,-35.384],[173.374,-35.524],[173.087,-35.211],[173.192,-35.128],[173.164,-34.966],[173.33,-35.084],[173.349,-35.021],[173.47,-35.032],[174.015,-35.232],[174.068,-35.41],[174.3,-35.347],[174.474,-35.646]],[[175.809,-38.677],[175.755,-38.943],[176.066,-38.812],[176.057,-38.721],[175.809,-38.677]]],[[[176.067,-37.596],[176.067,-37.596]]],[[[174.644,-37.061],[174.644,-37.061]]],[[[174.176,-36.277],[174.199,-36.344],[174.176,-36.277]]],[[[174.069,-36.4],[174.048,-36.351],[174.069,-36.4]]],[[[172.947,-34.717],[172.821,-34.578],[172.93,-34.563],[173.046,-34.657],[172.99,-34.727],[173.061,-34.845],[172.947,-34.717]]],[[[173.017,-34.529],[173.017,-34.529]]]]}},{"type":"Feature","properties":{"NAME":null,"ABBREVN":null,"type":null,"weblnks":null,"SUBJECTO":null,"BORDERPRECISION":1,"PARTOF":null},"geometry":{"type":"MultiPolygon","coordinates":[[[[-14.727,65.849],[-14.866,65.756],[-14.454,65.587],[-14.564,65.495],[-14.436,65.58],[-13.647,65.495],[-13.739,65.314],[-13.57,65.259],[-14.035,65.193],[-13.622,65.192],[-13.554,65.03],[-13.679,64.982],[-13.988,65.064],[-13.7,64.922],[-14.051,64.934],[-13.765,64.861],[-14.041,64.786],[-13.989,64.739],[-14.042,64.718],[-14.286,64.7],[-14.513,64.796],[-14.366,64.674],[-14.584,64.587],[-14.46,64.547],[-14.539,64.406],[-14.71,64.408],[-14.925,64.264],[-15.383,64.372],[-15.384,64.277],[-16.016,64.133],[-16.489,63.896],[-16.805,63.826],[-16.967,63.917],[-17.023,63.794],[-17.87,63.732],[-17.973,63.669],[-17.861,63.602],[-17.933,63.528],[-18.729,63.39],[-19.989,63.54],[-20.541,63.71],[-20.477,63.768],[-20.311,63.73],[-20.362,63.762],[-20.585,63.719],[-20.731,63.76],[-20.602,63.765],[-20.674,63.847],[-20.846,63.791],[-21.186,63.885],[-21.054,63.945],[-21.619,63.824],[-22.468,63.839],[-21.804,64.11],[-21.505,64.363],[-21.363,64.385],[-22.025,64.424],[-21.702,64.608],[-21.497,64.566],[-21.68,64.618],[-21.508,64.646],[-22.112,64.464],[-22.389,64.66],[-22.3,64.704],[-22.407,64.812],[-23.282,64.826],[-21.978,64.95],[-21.727,65.161],[-21.794,65.298],[-22.015,65.38],[-21.699,65.449],[-22.334,65.478],[-22.109,65.595],[-22.495,65.504],[-23.15,65.548],[-23.879,65.402],[-24.219,65.534],[-24.157,65.608],[-23.806,65.531],[-24.08,65.642],[-23.803,65.608],[-23.973,65.687],[-23.527,65.628],[-23.226,65.742],[-23.477,65.869],[-23.213,65.84],[-23.608,65.98],[-23.557,66.035],[-23.371,65.987],[-23.535,66.058],[-23.466,66.133],[-22.911,65.944],[-22.585,65.936],[-22.653,65.827],[-22.5,65.966],[-22.42,65.921],[-22.445,65.834],[-22.409,65.986],[-22.808,66.261],[-22.434,66.268],[-22.792,66.314],[-22.676,66.391],[-21.96,66.269],[-21.73,66.16],[-21.651,66.019],[-21.399,66.027],[-21.603,65.953],[-21.285,65.922],[-21.338,65.733],[-21.589,65.688],[-21.778,65.766],[-21.648,65.651],[-21.401,65.63],[-21.495,65.568],[-21.084,65.159],[-20.831,65.366],[-20.168,65.556],[-20.217,66.001],[-20.047,66.078],[-19.636,65.747],[-19.239,65.667],[-19.156,65.725],[-19.275,65.929],[-18.676,66.091],[-18.207,65.821],[-18.069,65.643],[-18.058,65.777],[-17.884,65.757],[-17.861,65.837],[-18.022,66.078],[-17.609,65.987],[-16.568,66.029],[-16.376,66.132],[-16.385,66.454],[-15.86,66.419],[-15.691,66.224],[-14.763,66.055],[-14.641,65.945],[-14.727,65.849]]],[[[-21.591,64.381],[-21.591,64.381]]]]}},{"type":"Feature","properties":{"NAME":"Aboriginal Tasmanians","ABBREVN":"From Indus Valley","type":"culture","weblnks":"http://www.nationalgeographic.com.au/australia/four-thousand-years-ago-indians-landed-in-australia.aspx","SUBJECTO":"Aboriginal Tasmanians","BORDERPRECISION":1,"PARTOF":"Aboriginal Tasmanians"},"geometry":{"type":"MultiPolygon","coordinates":[[[[147.327,-43.105],[147.298,-43.147],[147.327,-43.105]]],[[[148.266,-41.158],[148.276,-41.892],[148.08,-42.111],[147.871,-42.893],[147.834,-42.941],[147.557,-42.831],[147.498,-42.87],[147.553,-42.986],[147.437,-43.045],[147.408,-42.89],[147.317,-42.847],[147.251,-43.18],[147.137,-43.263],[146.971,-43.135],[147.101,-43.298],[146.834,-43.648],[145.967,-43.407],[145.992,-43.346],[146.233,-43.394],[146.236,-43.327],[145.841,-43.301],[145.416,-42.827],[145.234,-42.473],[145.566,-42.583],[145.624,-42.519],[145.552,-42.344],[145.055,-41.847],[144.859,-41.544],[144.7,-41.164],[144.697,-40.884],[144.776,-40.843],[146.382,-41.308],[147.596,-41.165],[147.734,-41.029],[148.056,-40.92],[148.266,-41.158]]],[[[147.881,-42.865],[147.881,-42.865]]],[[[147.619,-43.016],[147.727,-42.947],[147.619,-43.016]]]]}},{"type":"Feature","properties":{"NAME":null,"ABBREVN":null,"type":null,"weblnks":null,"SUBJECTO":null,"BORDERPRECISION":1,"PARTOF":null},"geometry":{"type":"MultiPolygon","coordinates":[[[[-44.38,59.909],[-44.341,59.94],[-44.373,59.895],[-44.38,59.909]]],[[[-43.3,60.002],[-43.204,59.968],[-43.371,59.914],[-43.3,60.002]]],[[[-47.759,60.809],[-47.835,60.82],[-47.759,60.809]]],[[[-47.771,60.736],[-47.651,60.755],[-47.771,60.736]]],[[[-47.358,60.792],[-47.272,60.798],[-47.358,60.792]]],[[[-48.781,61.356],[-48.514,61.342],[-48.781,61.356]]],[[[-49.684,62.239],[-49.628,62.199],[-49.74,62.23],[-49.684,62.239]]],[[[-50.581,63.206],[-50.469,63.153],[-50.559,63.124],[-50.581,63.206]]],[[[-51.421,64.413],[-51.092,64.567],[-51.421,64.413]]],[[[-43.34,60.006],[-43.508,59.917],[-43.453,60.038],[-43.34,60.006]]],[[[-43.478,60.043],[-43.544,59.926],[-44.133,60.141],[-43.131,60.055],[-43.198,59.988],[-43.575,60.078],[-43.478,60.043]]],[[[-44.426,59.951],[-44.497,60.009],[-44.434,60.141],[-44.219,60.066],[-44.426,59.951]]],[[[-47.081,60.87],[-47.142,60.857],[-47.081,60.87]]],[[[-47.189,60.841],[-47.186,60.843],[-47.19,60.841],[-47.189,60.841]]],[[[-46.456,60.891],[-46.183,60.936],[-46.456,60.891]]],[[[-47.178,60.872],[-47.258,60.851],[-47.178,60.872]]],[[[-47.112,60.924],[-47.171,60.879],[-47.112,60.924]]],[[[-46.966,60.93],[-47.05,60.895],[-46.966,60.93]]],[[[-46.436,60.957],[-46.509,60.926],[-46.527,60.989],[-46.436,60.957]]],[[[-42.453,61.441],[-42.402,61.493],[-42.453,61.441]]],[[[-42.064,62.725],[-42.448,62.751],[-42.263,62.802],[-41.862,62.735],[-42.204,62.727],[-42.064,62.725]]],[[[-41.482,63.054],[-41.526,63.081],[-41.367,63.109],[-41.482,63.054]]],[[[-41.378,63.129],[-41.446,63.207],[-41.285,63.194],[-41.378,63.129]]],[[[-41.868,63.453],[-41.674,63.49],[-41.242,63.337],[-41.227,63.253],[-41.431,63.231],[-41.868,63.453]]],[[[-41.348,64.302],[-41.217,64.307],[-41.348,64.302]]],[[[-40.865,64.898],[-40.484,64.685],[-40.354,64.458],[-40.496,64.496],[-40.574,64.687],[-40.865,64.898]]],[[[-40.616,65.054],[-40.482,65.05],[-40.616,65.054]]],[[[-39.774,65.318],[-39.774,65.318]]],[[[-37.213,65.684],[-37.112,65.719],[-37.213,65.684]]],[[[-37.312,65.688],[-37.549,65.601],[-37.47,65.745],[-37.312,65.688]]],[[[-37.394,65.814],[-37.269,65.756],[-37.448,65.785],[-37.394,65.814]]],[[[-51.607,68.253],[-51.453,68.248],[-51.607,68.253]]],[[[-52.741,68.521],[-52.833,68.515],[-52.741,68.521]]],[[[-52.692,68.548],[-52.439,68.561],[-52.692,68.548]]],[[[-36.766,65.854],[-36.785,65.764],[-36.938,65.786],[-36.766,65.854]]],[[[-36.385,65.838],[-36.273,65.916],[-36.183,65.878],[-36.385,65.838]]],[[[-36.74,65.806],[-36.748,65.91],[-36.502,65.952],[-36.593,65.81],[-36.74,65.806]]],[[[-33.972,66.819],[-33.867,66.86],[-33.972,66.819]]],[[[-23.287,69.641],[-23.593,69.713],[-23.289,69.738],[-23.222,69.669],[-23.287,69.641]]],[[[-28.719,83.432],[-26.421,83.342],[-26.006,83.213],[-27.609,83.134],[-30.048,83.171],[-31.929,83.052],[-33.388,83.151],[-33.483,83.142],[-32.471,83.047],[-35.618,82.901],[-35.296,82.886],[-35.551,82.764],[-35.435,82.741],[-35.308,82.845],[-34.887,82.906],[-33.947,82.906],[-33.811,82.859],[-33.938,82.793],[-33.882,82.789],[-33.537,82.945],[-31.934,82.994],[-31.644,82.929],[-30.059,83.126],[-28.177,83.042],[-25.751,83.133],[-24.971,82.938],[-25.897,82.775],[-24.005,82.911],[-23.861,82.889],[-24.026,82.866],[-24.022,82.757],[-23.535,82.844],[-22.432,82.743],[-22.232,82.56],[-22.59,82.419],[-25.457,82.221],[-28.391,82.31],[-29.016,82.235],[-31.619,82.207],[-31.244,82.186],[-32.598,81.974],[-32.674,81.868],[-33.098,81.774],[-33.018,81.656],[-32.415,81.652],[-30.651,81.811],[-26.393,81.862],[-25.561,81.73],[-27.631,81.486],[-27.184,81.408],[-27.573,81.391],[-27.329,81.381],[-25.183,81.637],[-24.877,81.595],[-22.948,81.9],[-22.014,81.926],[-21.96,81.768],[-22.174,81.506],[-23.533,81.1],[-24.11,80.769],[-24.089,80.716],[-24.432,80.678],[-24.075,80.682],[-24.512,80.541],[-24.042,80.625],[-23.912,80.563],[-23.339,80.623],[-21.817,81.114],[-20.297,81.462],[-19.229,81.555],[-18.249,81.439],[-16.465,81.904],[-14.253,81.835],[-12.705,81.621],[-12.563,81.509],[-13.22,81.322],[-14.411,81.127],[-14.975,81.128],[-15.141,81.083],[-14.781,80.978],[-14.983,80.873],[-15.83,80.83],[-16.005,80.729],[-17.64,80.742],[-17.959,80.805],[-18.018,80.714],[-18.578,80.625],[-20.052,80.688],[-20.58,80.585],[-21.247,80.576],[-20.811,80.552],[-20.812,80.498],[-20.069,80.647],[-18.513,80.546],[-17.439,80.63],[-16.201,80.535],[-16.92,80.411],[-19.045,80.426],[-19.716,80.337],[-20.199,80.15],[-20.555,80.106],[-20.364,80.083],[-20.599,80.029],[-20.465,79.99],[-20.755,79.865],[-20.412,79.845],[-20.354,79.761],[-19.877,79.842],[-20.207,79.817],[-20.217,79.901],[-19.316,79.991],[-18.605,80.012],[-17.769,79.922],[-18.223,79.755],[-19.199,79.791],[-19.622,79.666],[-19.595,79.564],[-19.802,79.457],[-19.682,79.432],[-19.656,79.35],[-19.875,79.182],[-19.515,79.33],[-19.6,79.12],[-20.091,79.064],[-19.906,78.941],[-20.018,78.877],[-20.664,78.892],[-21.182,78.81],[-20.984,78.705],[-21.429,78.648],[-21.035,78.649],[-21.512,78.13],[-21.759,78.134],[-21.531,78.11],[-21.837,77.922],[-21.66,77.968],[-21.719,77.881],[-22.039,77.688],[-21.52,77.619],[-21.725,77.531],[-21.382,77.587],[-21.111,77.803],[-20.615,77.976],[-20.312,77.871],[-19.24,77.763],[-19.06,77.692],[-19.08,77.618],[-20.257,77.729],[-20.914,77.669],[-20.246,77.555],[-20.653,77.547],[-20.357,77.527],[-20.404,77.507],[-21.054,77.544],[-20.189,77.466],[-20.141,77.418],[-20.775,77.413],[-19.403,77.308],[-19.421,77.24],[-18.258,77.3],[-18.121,76.948],[-18.271,76.827],[-20.963,76.983],[-21.036,76.944],[-20.58,76.924],[-21.729,76.884],[-20.939,76.842],[-21.372,76.728],[-22.267,76.859],[-22.419,76.834],[-22.36,76.776],[-22.408,76.744],[-22.739,76.704],[-22.338,76.513],[-22.293,76.599],[-21.893,76.428],[-22.352,76.498],[-22.501,76.445],[-21.879,76.422],[-21.629,76.344],[-21.682,76.239],[-21.25,76.273],[-20.561,76.134],[-20.421,76.138],[-20.917,76.237],[-19.668,76.131],[-19.731,76.054],[-20.36,75.981],[-21.677,75.97],[-21.926,76.043],[-21.982,75.992],[-19.825,75.909],[-19.556,75.772],[-19.612,75.674],[-19.396,75.56],[-19.336,75.405],[-19.389,75.261],[-19.562,75.228],[-20.512,75.358],[-20.685,75.292],[-21.502,75.55],[-22.251,75.664],[-21.406,75.456],[-22.511,75.531],[-21.415,75.424],[-20.676,75.22],[-20.671,75.116],[-21.23,75.112],[-21.736,74.976],[-22.436,75.164],[-21.766,74.955],[-21.13,75.087],[-20.669,75.067],[-20.761,74.836],[-20.606,74.737],[-21.12,74.662],[-20.192,74.675],[-19.798,74.581],[-19.43,74.684],[-19.272,74.646],[-19.279,74.522],[-18.978,74.482],[-19.309,74.29],[-19.685,74.237],[-20.132,74.272],[-20.374,74.445],[-21.661,74.447],[-22.083,74.598],[-21.765,74.419],[-21.999,74.321],[-22.479,74.312],[-22.053,74.284],[-22.199,74.185],[-22.163,74.113],[-22.492,74.073],[-21.981,73.998],[-21.814,73.844],[-21.822,73.651],[-21.703,73.701],[-21.781,73.892],[-21.916,73.976],[-21.846,74.039],[-20.354,73.811],[-20.533,73.721],[-20.459,73.637],[-20.523,73.557],[-20.37,73.527],[-20.501,73.453],[-21.524,73.482],[-21.677,73.384],[-22.269,73.265],[-23.494,73.509],[-23.897,73.718],[-22.694,73.544],[-22.178,73.625],[-22.747,73.563],[-24.044,73.815],[-24.341,73.774],[-24.734,73.57],[-25.691,73.952],[-25.739,73.924],[-25.551,73.806],[-24.802,73.546],[-25.763,73.354],[-26.997,73.382],[-27.338,73.492],[-27.459,73.443],[-27.148,73.36],[-27.729,73.13],[-27.518,73.133],[-27.426,72.961],[-27.526,72.932],[-27.411,72.939],[-27.372,72.823],[-26.32,72.702],[-26.463,72.572],[-26.212,72.684],[-25.778,72.609],[-25.073,72.634],[-24.726,72.493],[-25.907,72.417],[-25.289,72.384],[-25.527,72.121],[-25.391,72.148],[-25.361,72.274],[-25.194,72.358],[-24.588,72.421],[-22.818,71.87],[-22.74,71.812],[-23.133,71.63],[-22.648,71.745],[-22.639,71.579],[-22.561,71.583],[-22.45,71.248],[-22.366,71.258],[-22.331,71.365],[-21.904,71.497],[-21.715,71.388],[-21.817,71.315],[-21.661,71.311],[-21.962,71.264],[-21.725,71.247],[-21.684,71.153],[-22.332,71.049],[-21.681,71.068],[-21.593,70.963],[-21.702,70.823],[-21.93,70.804],[-21.637,70.795],[-21.547,70.706],[-21.763,70.704],[-21.654,70.662],[-21.777,70.58],[-21.475,70.54],[-21.846,70.411],[-22.035,70.498],[-22.412,70.484],[-22.474,70.662],[-22.428,70.838],[-22.489,70.851],[-22.646,70.716],[-22.592,70.484],[-23.084,70.468],[-23.754,70.59],[-24.04,70.774],[-24.386,71.183],[-25.291,71.569],[-26.12,71.669],[-26.817,71.552],[-27.694,71.93],[-28.64,72.124],[-28.704,72.083],[-28.355,72.012],[-28.461,71.937],[-27.846,71.899],[-27.802,71.873],[-27.872,71.846],[-27.325,71.71],[-27.408,71.636],[-28.467,71.552],[-27.539,71.612],[-27.125,71.566],[-27.326,71.513],[-27.235,71.484],[-26.338,71.5],[-25.85,71.436],[-25.695,71.273],[-26.329,71.132],[-27.084,71.085],[-27.661,71.056],[-27.777,71.148],[-27.918,71.136],[-27.797,71.025],[-28.409,70.976],[-28.051,70.917],[-28.303,70.561],[-29.237,70.447],[-29.133,70.386],[-28.338,70.506],[-28.384,70.458],[-28.268,70.379],[-27.376,70.204],[-27.853,70.088],[-28.149,70.144],[-28.592,70.094],[-28.543,70.045],[-27.548,70.052],[-27.526,69.972],[-27.416,69.955],[-27.287,69.981],[-27.106,70.196],[-26.252,70.178],[-24.731,70.301],[-23.587,70.084],[-22.186,70.058],[-22.576,69.937],[-22.917,69.949],[-22.781,69.882],[-23.046,69.942],[-23.094,69.916],[-23.04,69.871],[-23.276,69.859],[-22.91,69.812],[-22.996,69.757],[-23.365,69.856],[-23.241,69.752],[-23.931,69.755],[-23.579,69.624],[-23.819,69.507],[-24.343,69.604],[-24.073,69.478],[-24.433,69.358],[-24.897,69.392],[-25.278,69.24],[-25.134,69.224],[-25.324,69.09],[-25.609,69.104],[-25.496,69.009],[-26.363,68.667],[-27.34,68.596],[-27.23,68.536],[-27.563,68.581],[-27.706,68.512],[-27.603,68.486],[-28.016,68.563],[-28.006,68.466],[-28.496,68.447],[-28.863,68.326],[-29.187,68.391],[-29.12,68.281],[-29.304,68.315],[-29.4,68.228],[-29.87,68.413],[-30.197,68.242],[-30.121,68.224],[-30.217,68.096],[-30.364,68.1],[-30.402,68.22],[-30.818,68.246],[-30.485,68.179],[-30.434,68.06],[-31.022,68.039],[-31.438,68.122],[-31.339,68.145],[-31.489,68.146],[-31.594,68.224],[-31.536,68.239],[-32.485,68.62],[-32.423,68.504],[-32.569,68.502],[-32.283,68.347],[-32.193,68.215],[-32.4,68.199],[-32.159,68.165],[-32.058,68.015],[-32.125,67.873],[-32.524,67.869],[-32.78,67.722],[-33.199,67.688],[-33.055,67.634],[-33.238,67.537],[-33.335,67.36],[-33.601,67.371],[-33.401,67.301],[-33.74,66.986],[-33.973,66.991],[-34.048,66.739],[-34.274,66.573],[-34.27,66.632],[-34.393,66.614],[-34.43,66.741],[-34.484,66.632],[-34.409,66.537],[-34.72,66.338],[-34.984,66.284],[-35.124,66.333],[-35.122,66.418],[-35.235,66.312],[-35.044,66.246],[-35.204,66.238],[-35.852,66.434],[-35.716,66.323],[-35.774,66.103],[-35.896,66.015],[-36.354,65.907],[-36.343,66.08],[-36.567,66.077],[-36.476,66.046],[-36.521,65.985],[-36.98,65.837],[-37.092,65.937],[-37.033,66.042],[-37.083,66.061],[-37.17,66.004],[-37.088,65.853],[-37.193,65.769],[-37.42,65.836],[-37.155,66.32],[-38.042,66.399],[-38.149,66.342],[-37.995,66.324],[-37.925,66.209],[-38.016,66.1],[-37.975,65.963],[-38.268,65.901],[-38.478,66.016],[-38.453,65.912],[-38.127,65.813],[-38.453,65.652],[-38.747,65.692],[-38.626,65.623],[-39.069,65.571],[-39.324,65.716],[-39.201,65.584],[-39.486,65.567],[-39.664,65.68],[-39.829,65.588],[-39.773,65.548],[-40.096,65.567],[-40.209,65.483],[-39.883,65.439],[-39.838,65.401],[-39.942,65.365],[-39.756,65.243],[-40.256,65.016],[-40.596,65.135],[-40.701,65.059],[-40.99,65.08],[-41.056,64.968],[-41.156,64.964],[-40.595,64.677],[-40.563,64.508],[-40.634,64.46],[-40.386,64.406],[-40.472,64.348],[-41.507,64.326],[-41.569,64.266],[-40.893,64.032],[-40.537,63.765],[-40.638,63.681],[-40.843,63.682],[-41.418,63.833],[-41.618,63.792],[-40.756,63.582],[-40.894,63.524],[-41.414,63.549],[-41.302,63.419],[-41.581,63.488],[-41.253,63.352],[-41.687,63.525],[-41.908,63.465],[-41.473,63.22],[-41.429,63.126],[-41.559,63.091],[-42.023,63.247],[-41.598,63.081],[-41.916,63.124],[-41.904,63.056],[-42.174,63.202],[-42.116,63.092],[-41.887,63.023],[-41.794,62.83],[-42.324,62.809],[-42.364,62.891],[-42.304,62.942],[-42.433,62.908],[-42.409,62.816],[-42.528,62.723],[-43.13,62.763],[-43.123,62.692],[-42.987,62.685],[-43.226,62.681],[-42.971,62.467],[-42.271,62.194],[-42.546,61.948],[-42.284,62.021],[-42.292,61.919],[-42.421,61.915],[-42.294,61.887],[-42.303,61.771],[-42.871,61.77],[-42.419,61.691],[-42.357,61.605],[-42.634,61.547],[-43.079,61.594],[-42.532,61.53],[-42.443,61.394],[-42.662,61.284],[-43.246,61.339],[-42.775,61.274],[-43.037,61.292],[-42.963,61.202],[-43.088,61.208],[-42.88,61.102],[-43.613,61.128],[-42.856,61.072],[-42.821,60.916],[-43.482,60.91],[-42.821,60.797],[-43.527,60.837],[-42.77,60.721],[-43.093,60.657],[-42.758,60.674],[-42.941,60.59],[-42.842,60.566],[-43.039,60.508],[-43.535,60.532],[-43.694,60.716],[-43.629,60.549],[-44.202,60.593],[-43.456,60.483],[-43.366,60.413],[-43.597,60.305],[-43.327,60.393],[-43.112,60.245],[-43.327,60.215],[-43.13,60.206],[-43.138,60.079],[-44.114,60.184],[-43.994,60.307],[-44.105,60.384],[-44.081,60.286],[-44.452,60.151],[-44.571,59.995],[-44.724,60.003],[-44.713,60.304],[-44.471,60.557],[-44.771,60.335],[-44.915,60.388],[-44.769,60.659],[-44.629,60.736],[-45.013,60.476],[-45.203,60.435],[-45.266,60.495],[-45.099,60.646],[-45.437,60.502],[-45.269,60.648],[-45.313,60.7],[-45.521,60.547],[-45.622,60.601],[-45.473,60.851],[-45.253,60.902],[-45.384,61.007],[-45.467,60.9],[-45.55,60.972],[-45.2,61.19],[-45.374,61.09],[-45.501,61.233],[-45.481,61.106],[-45.607,61.021],[-45.759,61.098],[-45.654,61.142],[-45.869,61.217],[-45.713,61.322],[-45.77,61.334],[-46.01,61.223],[-45.838,61.132],[-46.229,60.975],[-46.406,61.084],[-46.582,60.906],[-46.835,60.93],[-46.705,60.881],[-46.958,60.865],[-46.914,60.933],[-47.033,60.976],[-47.809,60.879],[-47.319,60.868],[-47.448,60.82],[-47.838,60.831],[-47.869,60.937],[-47.69,61.009],[-47.937,61.005],[-47.834,61.042],[-47.889,61.123],[-48.077,61.086],[-48.22,61.189],[-47.924,61.328],[-48.122,61.316],[-48.244,61.242],[-48.239,61.153],[-48.607,61.266],[-48.377,61.303],[-48.379,61.364],[-48.915,61.421],[-48.231,61.537],[-48.355,61.606],[-48.945,61.466],[-49.027,61.589],[-48.599,61.636],[-49.045,61.617],[-49.117,61.817],[-48.747,61.956],[-48.939,61.976],[-49.139,61.873],[-49.128,61.979],[-48.841,62.074],[-49.096,62.079],[-49.01,62.208],[-49.138,62.121],[-49.401,62.216],[-49.607,62.195],[-49.402,62.256],[-49.81,62.249],[-50.105,62.371],[-50.159,62.462],[-50.096,62.668],[-49.889,62.846],[-49.857,62.967],[-49.928,62.984],[-49.701,63.057],[-49.965,62.993],[-50.466,63.051],[-50.542,63.111],[-50.441,63.171],[-50.06,63.229],[-50.518,63.189],[-50.598,63.223],[-50.61,63.361],[-50.276,63.401],[-51.101,63.47],[-50.744,63.55],[-51.054,63.517],[-51.15,63.593],[-50.554,63.608],[-50.505,63.667],[-51.077,63.667],[-51.189,63.617],[-51.138,63.505],[-51.366,63.726],[-51.356,63.804],[-50.924,63.929],[-51.353,63.814],[-50.988,64.092],[-50.08,64.164],[-50.147,64.238],[-50.555,64.181],[-50.04,64.455],[-49.584,64.338],[-50.033,64.513],[-50.074,64.667],[-49.994,64.702],[-50.214,64.726],[-49.999,64.869],[-50.306,64.742],[-50.561,64.768],[-50.693,64.994],[-50.979,65.22],[-50.878,64.972],[-50.724,64.991],[-50.637,64.753],[-51.143,64.614],[-51.219,64.628],[-51.038,64.78],[-51.286,64.736],[-51.805,64.233],[-51.957,64.377],[-51.957,64.775],[-51.539,64.856],[-51.247,65.017],[-51.704,64.886],[-51.562,64.989],[-51.703,65.018],[-51.962,64.805],[-52.148,65.465],[-51.718,65.585],[-51.888,65.637],[-51.489,65.735],[-50.546,65.707],[-51.255,65.796],[-51.948,65.659],[-51.918,65.557],[-52.076,65.499],[-52.536,65.495],[-52.602,65.53],[-52.469,65.641],[-52.622,65.541],[-52.756,65.613],[-52.607,65.659],[-52.77,65.636],[-52.684,65.803],[-52.827,65.671],[-52.962,65.758],[-52.856,65.797],[-53.063,65.841],[-52.687,65.937],[-52.32,65.869],[-51.975,66.004],[-51.814,65.965],[-51.832,66.056],[-52.194,65.993],[-52.318,65.899],[-52.618,65.98],[-53.094,65.866],[-53.106,65.961],[-52.878,66.02],[-53.106,65.978],[-53.108,66.034],[-52.723,66.276],[-52.611,66.268],[-52.706,66.301],[-52.603,66.352],[-52.068,66.482],[-51.901,66.63],[-51.271,66.844],[-50.354,66.827],[-51.008,66.905],[-50.683,67.005],[-49.998,66.981],[-50.632,67.015],[-50.298,67.072],[-50.917,66.986],[-51.986,66.655],[-52.13,66.513],[-52.762,66.32],[-53.348,66.324],[-53.394,66.452],[-53.289,66.5],[-52.445,66.52],[-52.745,66.56],[-52.448,66.607],[-52.35,66.812],[-52.229,66.84],[-52.338,66.838],[-52.303,66.909],[-53.267,66.922],[-53.369,66.98],[-53.221,66.996],[-53.406,67.011],[-53.45,67.084],[-53.211,67.25],[-52.151,67.37],[-51.525,67.323],[-51.189,67.124],[-50.348,67.184],[-51.173,67.139],[-51.526,67.351],[-51.138,67.423],[-53.141,67.278],[-52.978,67.31],[-53.147,67.395],[-53.395,67.362],[-53.484,67.506],[-52.911,67.682],[-53.104,67.654],[-53.033,67.694],[-52.536,67.733],[-52.827,67.738],[-52.602,67.761],[-50.584,67.479],[-50.072,67.51],[-50.48,67.511],[-50.473,67.679],[-49.937,67.694],[-50.46,67.703],[-50.357,67.891],[-50.418,67.928],[-50.15,67.944],[-50.463,67.955],[-51.433,68.202],[-50.957,68.183],[-51.221,68.274],[-51.124,68.345],[-51.184,68.399],[-50.774,68.491],[-51.602,68.425],[-51.223,68.295],[-51.71,68.259],[-52.635,68.444],[-52.586,68.499],[-52.643,68.515],[-51.994,68.579],[-51.679,68.5],[-51.005,68.509],[-50.94,68.634],[-50.809,68.671],[-50.927,68.672],[-50.922,68.751],[-50.655,68.821],[-50.916,68.795],[-50.874,68.945],[-50.361,68.9],[-50.209,68.961],[-50.176,69.024],[-50.302,69.133],[-50.132,69.221],[-50.47,69.231],[-50.381,69.339],[-50.56,69.263],[-50.767,69.336],[-50.713,69.483],[-50.205,69.522],[-50.709,69.495],[-50.587,69.625],[-50.407,69.592],[-50.546,69.661],[-50.489,69.773],[-50.192,69.757],[-50.577,69.971],[-50.214,70.022],[-51.261,69.961],[-50.861,70.023],[-51.066,70.073],[-51.455,69.96],[-51.908,70.006],[-52.909,70.289],[-53.693,70.369],[-54.374,70.725],[-54.158,70.81],[-53.236,70.761],[-52.367,70.667],[-50.824,70.247],[-50.806,70.351],[-50.533,70.355],[-50.679,70.397],[-50.501,70.521],[-50.822,70.416],[-50.887,70.506],[-50.741,70.546],[-50.99,70.614],[-50.619,70.629],[-51.065,70.657],[-51.273,70.799],[-50.633,70.74],[-50.899,70.802],[-50.858,70.876],[-51.356,70.899],[-51.392,70.994],[-51.173,70.954],[-50.918,71.022],[-51.44,71.05],[-51.222,71.138],[-51.526,71.114],[-51.675,71.224],[-51.891,71.247],[-51.533,71.267],[-51.646,71.361],[-51.972,71.275],[-52.198,71.355],[-51.344,71.482],[-52.088,71.44],[-51.791,71.543],[-51.641,71.711],[-51.895,71.65],[-53.005,71.799],[-52.684,72.002],[-52.736,72.019],[-53.021,71.894],[-52.984,71.842],[-53.353,71.87],[-53.393,72.034],[-53.702,72.123],[-53.858,72.322],[-53.56,72.358],[-53.955,72.322],[-53.398,71.844],[-53.636,71.737],[-53.918,71.736],[-53.725,71.686],[-53.801,71.628],[-54.091,71.714],[-54.102,71.636],[-53.852,71.553],[-53.972,71.432],[-54.8,71.352],[-55.477,71.489],[-55.614,71.598],[-55.573,71.768],[-55.32,71.882],[-54.823,71.919],[-54.537,72.041],[-54.384,72.222],[-54.862,71.943],[-55.395,71.948],[-55.321,72.111],[-54.932,72.238],[-54.944,72.362],[-54.683,72.366],[-54.971,72.404],[-54.896,72.426],[-55.247,72.361],[-55.339,72.502],[-54.296,72.48],[-55.016,72.52],[-54.906,72.605],[-54.632,72.616],[-54.883,72.668],[-54.626,72.721],[-54.558,72.872],[-54.73,73.038],[-55.339,73.342],[-55.1,73.374],[-55.491,73.462],[-55.779,73.704],[-55.608,73.72],[-55.747,73.722],[-55.926,73.856],[-55.637,73.867],[-56.01,73.943],[-56.082,74.017],[-55.963,74.026],[-56.104,74.04],[-56.215,74.159],[-56.12,74.27],[-56.277,74.232],[-56.383,74.355],[-56.131,74.384],[-56.469,74.455],[-56.192,74.552],[-56.582,74.587],[-56.939,74.919],[-58.075,75.205],[-58.205,75.295],[-58.156,75.511],[-58.229,75.611],[-58.636,75.793],[-59.871,75.936],[-61.507,76.258],[-63.651,76.38],[-64.22,76.275],[-64.166,76.315],[-64.412,76.347],[-64.373,76.261],[-64.653,76.267],[-64.694,76.2],[-65.212,76.127],[-65.213,76.182],[-65.351,76.172],[-65.348,76.112],[-65.475,76.099],[-65.757,76.137],[-65.69,76.194],[-65.771,76.205],[-65.553,76.234],[-65.769,76.276],[-66.276,76.224],[-66.684,76.307],[-66.61,76.134],[-66.96,76.264],[-67.306,76.167],[-66.563,75.929],[-67.638,76.023],[-69.045,76.294],[-68.353,76.549],[-68.014,76.583],[-67.982,76.679],[-68.376,76.778],[-70.093,76.814],[-69.583,77.007],[-70.5,76.833],[-71.305,77.088],[-70.149,77.241],[-66.449,77.134],[-66.171,77.193],[-66.873,77.145],[-67.6,77.199],[-66.598,77.297],[-66.208,77.252],[-66.506,77.315],[-66.056,77.491],[-66.805,77.777],[-67.852,77.593],[-68.424,77.584],[-68.699,77.664],[-68.816,77.651],[-68.711,77.61],[-69.994,77.58],[-70.098,77.604],[-69.501,77.685],[-69.479,77.752],[-70.344,77.658],[-70.506,77.735],[-69.969,77.834],[-70.62,77.798],[-71.045,77.916],[-71.888,77.949],[-72.525,78.166],[-72.54,78.284],[-72.457,78.286],[-72.542,78.298],[-72.383,78.526],[-71.27,78.642],[-70.872,78.611],[-70.765,78.688],[-69.266,78.796],[-69.081,78.873],[-68.791,78.829],[-69.023,78.898],[-68.592,79.033],[-67.722,79.039],[-67.525,79.128],[-66.015,79.096],[-65.881,79.166],[-65.485,79.158],[-64.891,79.382],[-64.623,79.949],[-64.928,80.027],[-63.784,80.148],[-64.161,80.16],[-64.205,80.251],[-64.509,80.094],[-66.119,80.032],[-66.407,80.107],[-66.921,80.06],[-67.41,80.211],[-67.292,80.367],[-66.789,80.457],[-66.754,80.547],[-65.986,80.67],[-65.506,80.663],[-65.713,80.706],[-65.11,80.781],[-64.987,80.837],[-65.033,80.885],[-64.608,80.974],[-63.46,81.106],[-63.307,80.951],[-62.781,80.751],[-62.737,80.778],[-63.199,80.956],[-63.356,81.114],[-61.934,81.138],[-61.515,81.068],[-60.966,81.143],[-60.892,81.166],[-61.062,81.209],[-60.957,81.264],[-60.981,81.426],[-60.767,81.493],[-61.049,81.572],[-61.122,81.798],[-60.887,81.861],[-60.039,81.883],[-57.444,81.424],[-57.254,81.487],[-56.52,81.331],[-56.449,81.342],[-57.086,81.443],[-57.188,81.499],[-57.074,81.548],[-57.82,81.784],[-58.133,82.013],[-55.654,82.245],[-55.258,82.242],[-55.338,82.219],[-55.113,82.157],[-55.268,82.275],[-54.575,82.328],[-53.932,82.263],[-53.762,82.198],[-53.704,81.769],[-53.824,81.694],[-53.809,81.57],[-53.664,81.463],[-53.253,81.535],[-53.01,81.68],[-52.857,82.035],[-51.323,81.886],[-49.904,81.609],[-49.615,81.64],[-49.896,81.671],[-49.846,81.811],[-50.012,81.889],[-49.432,81.928],[-50.391,82.114],[-50.89,82.383],[-50.772,82.497],[-49.648,82.478],[-44.683,81.729],[-44.183,81.834],[-44.302,81.862],[-44.056,82.308],[-42.299,82.217],[-43.83,82.336],[-43.886,82.371],[-43.73,82.407],[-43.984,82.439],[-43.955,82.491],[-44.102,82.576],[-44.78,82.771],[-42.09,82.758],[-42.168,82.707],[-41.847,82.655],[-41.851,82.54],[-41.683,82.478],[-41.557,82.528],[-41.609,82.642],[-41.898,82.733],[-41.55,82.737],[-40.203,82.56],[-39.931,82.369],[-39.753,82.399],[-40.012,82.56],[-39.872,82.611],[-39.905,82.672],[-40.106,82.711],[-42.079,82.848],[-45.065,82.906],[-44.864,82.868],[-44.956,82.85],[-45.213,82.967],[-43.366,82.918],[-45.055,83.022],[-44.894,83.078],[-42.873,83.093],[-43.199,83.148],[-42.077,83.229],[-41.706,83.172],[-41.932,83.087],[-41.536,83.128],[-40.601,82.971],[-39.009,82.858],[-38.574,82.744],[-38.536,82.822],[-38.763,82.84],[-38.587,82.828],[-38.514,83.012],[-37.27,83.005],[-38.505,83.035],[-38.482,83.094],[-36.877,83.147],[-38.469,83.197],[-38.587,83.382],[-37.796,83.359],[-37.74,83.369],[-38.043,83.425],[-37.397,83.475],[-36.438,83.361],[-36.904,83.491],[-34.427,83.403],[-32.513,83.577],[-31.594,83.579],[-30.757,83.479],[-28.719,83.432]]],[[[-31.423,68.097],[-31.423,68.097]]],[[[-42.709,61.268],[-42.705,61.267],[-42.715,61.268],[-42.709,61.268]]],[[[-46.104,60.964],[-45.837,61.069],[-46.104,60.964]]],[[[-50.661,64.683],[-50.4,64.692],[-50.661,64.683]]],[[[-53.214,66.518],[-53.214,66.518]]],[[[-53.193,67.657],[-53.473,67.544],[-53.436,67.618],[-53.193,67.657]]],[[[-50.266,69.056],[-50.27,69.003],[-50.266,69.056]]],[[[-21.961,72.389],[-22.765,72.434],[-22.134,72.272],[-22.152,72.137],[-22.409,72.12],[-23.585,72.44],[-23.798,72.66],[-23.131,72.678],[-21.961,72.389]]],[[[-52.102,68.605],[-52.008,68.582],[-52.421,68.571],[-52.102,68.605]]],[[[-52.289,68.643],[-52.735,68.618],[-52.289,68.643]]],[[[-51.975,69.657],[-51.833,69.626],[-52.067,69.502],[-53.551,69.278],[-54.041,69.443],[-53.399,69.437],[-53.577,69.474],[-53.347,69.58],[-53.792,69.451],[-53.859,69.466],[-53.731,69.516],[-53.992,69.492],[-53.866,69.567],[-53.951,69.606],[-54.071,69.546],[-54.486,69.564],[-54.691,69.751],[-54.39,69.679],[-54.694,69.78],[-54.711,69.967],[-54.228,69.917],[-54.716,70.016],[-54.723,70.087],[-54.594,70.24],[-53.617,70.158],[-52.084,69.772],[-51.975,69.657]]],[[[-50.561,69.866],[-50.41,69.861],[-50.52,69.808],[-50.561,69.866]]],[[[-55.414,71.897],[-55.414,71.897]]],[[[-55.216,72.245],[-55.3,72.185],[-55.317,72.321],[-55.015,72.377],[-55.03,72.294],[-55.216,72.245]]],[[[-55.251,72.574],[-55.027,72.585],[-55.065,72.525],[-55.343,72.537],[-55.251,72.574]]],[[[-55.034,72.69],[-54.947,72.672],[-55.262,72.598],[-55.21,72.674],[-55.034,72.69]]],[[[-55.094,72.732],[-55.355,72.637],[-55.366,72.728],[-55.094,72.732]]],[[[-55.04,72.734],[-54.889,72.692],[-55.04,72.734]]],[[[-66.852,80.626],[-66.532,80.617],[-66.852,80.626]]],[[[-56.531,74.531],[-56.463,74.504],[-56.531,74.531]]],[[[-55.358,73.419],[-55.425,73.407],[-55.358,73.419]]],[[[-51.469,81.968],[-52.841,82.073],[-52.816,82.13],[-52.364,82.12],[-51.469,81.968]]],[[[-21.968,74.211],[-21.841,74.351],[-21.174,74.454],[-20.538,74.403],[-20.428,74.273],[-20.241,74.223],[-21.762,74.305],[-21.968,74.211]]],[[[-19.011,74.543],[-19.22,74.581],[-19.121,74.62],[-19.011,74.543]]],[[[-20.084,74.703],[-20.688,74.812],[-20.541,74.926],[-19.903,74.77],[-20.084,74.703]]],[[[-20.416,77.625],[-20.142,77.688],[-20.026,77.626],[-20.416,77.625]]],[[[-19.229,77.83],[-19.776,77.831],[-20.491,77.955],[-19.229,77.83]]],[[[-40.467,82.682],[-40.158,82.669],[-40.467,82.682]]],[[[-41.483,83.165],[-41.13,83.172],[-40.285,82.987],[-41.483,83.165]]],[[[-38.16,83.138],[-38.466,83.134],[-38.009,83.152],[-38.16,83.138]]],[[[-41.594,83.215],[-41.4,83.209],[-41.594,83.215]]],[[[-41.961,83.255],[-42.226,83.243],[-41.961,83.255]]]]}},{"type":"Feature","properties":{"NAME":null,"ABBREVN":null,"type":null,"weblnks":null,"SUBJECTO":null,"BORDERPRECISION":1,"PARTOF":null},"geometry":{"type":"MultiPolygon","coordinates":[[[[120.494,-10.264],[120.16,-10.229],[119.96,-9.976],[119.632,-9.773],[119.183,-9.745],[118.951,-9.586],[119.789,-9.458],[120.462,-9.926],[120.581,-10.098],[120.494,-10.264]]],[[[124.123,-10.179],[123.708,-10.345],[123.505,-10.325],[123.584,-10.169],[123.762,-10.079],[123.607,-10.058],[123.671,-9.744],[124.918,-9.046],[125.085,-8.771],[127.097,-8.508],[127.13,-8.573],[127.015,-8.683],[126.586,-8.808],[126.477,-8.95],[126.153,-8.99],[125.944,-9.127],[125.355,-9.294],[124.123,-10.179]]],[[[122.259,-8.751],[121.766,-8.892],[121.39,-8.798],[121.324,-8.923],[121.016,-8.95],[120.577,-8.794],[119.903,-8.85],[119.84,-8.682],[119.853,-8.574],[120.025,-8.485],[120.565,-8.388],[121.279,-8.717],[121.431,-8.723],[121.578,-8.589],[121.98,-8.55],[122.288,-8.644],[122.943,-8.241],[122.948,-8.365],[122.696,-8.493],[122.711,-8.598],[122.259,-8.751]]],[[[122.892,-8.183],[122.751,-8.234],[122.799,-8.114],[122.892,-8.183]]],[[[143.332,-8.361],[143.4,-8.359],[143.332,-8.361]]],[[[143.605,-8.12],[143.717,-8.127],[143.605,-8.12]]],[[[143.697,-8.037],[143.733,-8.101],[143.565,-8.02],[143.697,-8.037]]],[[[138.31,-8.426],[137.705,-8.409],[138.193,-7.676],[138.568,-7.523],[138.895,-7.783],[138.699,-8.152],[138.31,-8.426]]],[[[138.994,-7.558],[139.037,-7.614],[138.994,-7.558]]],[[[127.108,-3.663],[126.682,-3.835],[126.382,-3.71],[126.046,-3.425],[126.111,-3.298],[126.727,-3.233],[127.094,-3.518],[127.108,-3.663]]],[[[130.662,-3.402],[130.788,-3.857],[130.1,-3.526],[129.88,-3.333],[129.509,-3.298],[129.516,-3.471],[128.986,-3.352],[128.97,-3.239],[128.878,-3.208],[128.478,-3.463],[128.218,-3.211],[128.184,-3.072],[128.086,-3.14],[128.042,-3.059],[128.289,-2.957],[128.909,-3.0],[129.168,-3.139],[129.743,-2.979],[130.369,-3.13],[130.662,-3.402]]],[[[124.323,0.394],[123.646,0.281],[123.263,0.313],[123.069,0.511],[121.796,0.422],[121.707,0.52],[121.534,0.538],[121.101,0.407],[120.632,0.537],[120.376,0.476],[120.242,0.345],[119.957,-0.14],[119.873,-0.465],[119.904,-0.681],[120.022,-0.903],[120.407,-1.175],[120.587,-1.518],[121.055,-1.549],[121.461,-0.989],[121.995,-1.114],[122.739,-0.878],[122.981,-0.718],[123.191,-0.807],[123.236,-1.024],[123.153,-0.897],[122.82,-0.913],[122.346,-1.511],[121.837,-1.691],[121.662,-1.926],[121.539,-1.934],[121.319,-1.776],[121.327,-1.952],[121.253,-1.961],[121.265,-2.101],[121.664,-2.418],[122.258,-3.211],[122.144,-3.663],[122.19,-3.847],[122.641,-4.284],[122.662,-4.428],[122.105,-4.526],[121.907,-4.855],[121.553,-4.747],[121.476,-4.626],[121.615,-4.065],[121.362,-3.978],[120.881,-3.537],[120.887,-3.395],[121.071,-3.202],[121.076,-2.759],[121.026,-2.672],[120.772,-2.612],[120.204,-2.962],[120.144,-3.076],[120.28,-3.654],[120.143,-4.398],[120.307,-4.804],[120.133,-5.23],[120.226,-5.541],[119.923,-5.563],[119.769,-5.709],[119.465,-5.564],[119.352,-5.336],[119.52,-4.919],[119.492,-4.737],[119.623,-4.328],[119.598,-3.975],[119.448,-3.704],[119.516,-3.566],[119.491,-3.489],[119.296,-3.427],[118.922,-3.57],[118.837,-3.343],[118.889,-2.89],[118.767,-2.862],[118.759,-2.774],[119.142,-2.46],[119.133,-2.244],[119.239,-1.983],[119.353,-1.939],[119.309,-1.265],[119.512,-0.889],[119.597,-0.878],[119.719,-0.654],[119.863,-0.844],[119.754,-0.482],[119.801,-0.121],[119.672,-0.099],[119.7,0.012],[119.842,-0.071],[119.883,0.071],[119.779,0.207],[119.909,0.468],[120.034,0.521],[120.022,0.642],[120.239,0.788],[120.432,0.636],[120.816,1.144],[120.991,1.165],[121.263,1.102],[121.591,0.861],[122.181,0.869],[122.733,0.673],[122.992,0.775],[123.826,0.739],[124.15,0.797],[124.432,0.956],[124.527,1.083],[124.463,1.194],[124.614,1.225],[124.545,1.331],[124.834,1.464],[124.821,1.577],[124.982,1.65],[124.931,1.16],[124.323,0.394]]],[[[121.429,-1.972],[121.438,-1.982],[121.403,-1.972],[121.429,-1.972]]],[[[123.181,-1.146],[123.213,-1.233],[123.082,-1.158],[123.181,-1.146]]],[[[127.626,0.965],[127.802,0.716],[128.042,0.964],[128.083,1.125],[128.167,1.131],[128.15,1.237],[128.545,1.448],[128.609,1.384],[128.628,1.042],[128.294,0.889],[128.19,0.627],[128.642,0.431],[128.667,0.296],[127.957,0.476],[127.877,0.311],[127.946,-0.326],[128.342,-0.889],[128.038,-0.711],[127.864,-0.384],[127.664,-0.221],[127.688,0.196],[127.522,0.598],[127.62,0.848],[127.499,0.89],[127.491,1.049],[127.43,1.041],[127.569,1.528],[127.8,1.897],[127.987,1.574],[127.771,1.099],[127.626,0.965]]],[[[143.935,-7.798],[143.881,-7.707],[144.009,-7.814],[143.935,-7.798]]],[[[138.715,-6.765],[138.764,-6.799],[138.715,-6.765]]],[[[147.568,-6.752],[146.961,-6.747],[146.865,-6.965],[146.886,-7.117],[147.151,-7.562],[148.035,-8.246],[148.133,-8.627],[148.459,-9.097],[148.589,-9.16],[149.198,-9.121],[149.237,-9.21],[149.078,-9.458],[149.176,-9.553],[149.83,-9.711],[149.87,-9.781],[149.567,-9.927],[150.418,-10.294],[150.347,-10.388],[150.459,-10.429],[150.518,-10.619],[150.424,-10.691],[150.21,-10.701],[149.872,-10.557],[150.079,-10.463],[149.748,-10.343],[148.961,-10.268],[148.68,-10.149],[148.361,-10.188],[148.158,-10.074],[147.952,-10.146],[147.863,-10.043],[147.62,-9.991],[147.297,-9.534],[147.08,-9.434],[147.089,-9.492],[146.894,-9.277],[146.972,-9.029],[146.917,-9.106],[146.587,-8.999],[146.567,-8.808],[146.09,-8.091],[144.88,-7.782],[144.862,-7.611],[144.819,-7.69],[144.588,-7.657],[144.521,-7.502],[144.508,-7.621],[144.407,-7.519],[144.468,-7.743],[144.359,-7.745],[144.311,-7.617],[144.213,-7.795],[143.912,-7.697],[143.665,-7.468],[143.846,-7.736],[143.665,-7.671],[143.788,-8.043],[143.358,-7.902],[143.58,-8.112],[143.356,-8.129],[143.444,-8.247],[142.967,-8.344],[142.777,-8.271],[142.407,-8.3],[142.328,-8.164],[142.141,-8.222],[142.355,-8.199],[142.379,-8.302],[142.249,-8.31],[143.051,-8.67],[143.331,-9.0],[142.639,-9.335],[142.21,-9.165],[141.609,-9.236],[141.375,-9.143],[141.117,-9.23],[139.985,-8.194],[140.146,-7.885],[139.916,-8.115],[139.366,-8.206],[139.218,-8.089],[138.921,-8.301],[139.156,-7.725],[139.055,-7.631],[139.088,-7.551],[138.687,-7.193],[139.051,-7.252],[139.222,-7.162],[139.042,-7.214],[138.674,-7.043],[138.861,-7.09],[139.028,-7.02],[138.837,-6.852],[139.189,-6.969],[138.682,-6.721],[138.705,-6.647],[138.408,-6.297],[138.297,-5.856],[138.168,-5.793],[138.358,-5.68],[138.077,-5.739],[138.068,-5.409],[137.949,-5.427],[137.269,-4.987],[136.82,-4.93],[135.928,-4.499],[135.177,-4.447],[134.79,-4.248],[134.766,-4.036],[134.663,-4.026],[134.705,-3.936],[134.966,-3.94],[134.676,-3.914],[134.522,-4.026],[134.366,-3.897],[134.303,-4.011],[134.216,-3.963],[134.161,-3.774],[134.026,-3.805],[133.798,-3.608],[133.823,-3.288],[133.705,-3.215],[133.863,-3.082],[133.829,-2.962],[133.659,-3.137],[133.526,-3.616],[133.399,-3.732],[133.439,-3.883],[133.247,-4.072],[132.91,-4.097],[132.777,-3.78],[132.896,-3.696],[132.862,-3.604],[132.928,-3.558],[132.823,-3.453],[132.818,-3.303],[132.666,-3.327],[132.547,-3.107],[132.316,-2.951],[132.078,-2.966],[132.016,-2.821],[132.719,-2.934],[133.121,-2.597],[133.321,-2.742],[133.781,-2.722],[133.958,-2.235],[133.789,-2.252],[133.944,-2.173],[133.939,-2.107],[133.644,-2.239],[133.298,-2.201],[132.69,-2.309],[132.576,-2.189],[132.297,-2.268],[132.039,-2.084],[131.882,-1.642],[131.279,-1.379],[131.336,-1.45],[131.288,-1.498],[131.135,-1.461],[131.21,-1.165],[131.266,-1.021],[131.834,-0.826],[132.254,-0.527],[132.592,-0.57],[133.265,-0.861],[133.907,-1.006],[134.141,-1.501],[133.983,-2.01],[134.283,-2.855],[134.455,-3.0],[134.557,-2.708],[134.773,-3.305],[134.954,-3.463],[135.246,-3.539],[135.508,-3.449],[135.734,-3.252],[136.324,-2.416],[137.084,-2.251],[137.107,-2.116],[137.234,-2.072],[137.17,-1.938],[137.854,-1.614],[139.592,-2.379],[143.446,-3.61],[144.103,-3.984],[144.543,-3.995],[144.783,-4.338],[145.377,-4.674],[145.728,-4.997],[145.608,-5.525],[146.893,-6.03],[147.376,-6.125],[147.735,-6.731],[147.568,-6.752]]],[[[142.62,-8.315],[142.789,-8.349],[142.62,-8.315]]],[[[152.161,-5.007],[151.985,-4.974],[151.965,-5.099],[151.835,-5.206],[152.048,-5.486],[151.826,-5.601],[151.459,-5.536],[151.424,-5.671],[151.28,-5.671],[151.072,-5.995],[150.406,-6.293],[149.635,-6.308],[149.336,-6.059],[149.057,-6.164],[149.056,-6.044],[148.341,-5.717],[148.377,-5.659],[148.836,-5.645],[149.648,-5.713],[149.938,-5.495],[150.181,-5.706],[150.722,-5.622],[151.003,-5.421],[151.157,-5.1],[151.452,-5.086],[151.649,-4.949],[151.587,-4.425],[151.944,-4.52],[152.09,-4.36],[152.268,-4.779],[152.161,-5.007]]],[[[134.14,-3.923],[134.199,-3.991],[134.073,-3.934],[134.14,-3.923]]]]}},{"type":"Feature","properties":{"NAME":null,"ABBREVN":null,"type":null,"weblnks":null,"SUBJECTO":null,"BORDERPRECISION":1,"PARTOF":null},"geometry":{"type":"MultiPolygon","coordinates":[[[[20.372,78.992],[20.046,79.037],[20.372,78.992]]],[[[20.783,80.287],[20.853,80.211],[21.861,80.268],[21.892,80.205],[21.599,80.118],[22.054,80.109],[22.258,79.978],[22.364,80.001],[22.321,80.032],[22.433,80.211],[22.749,80.324],[22.887,80.49],[23.159,80.459],[23.0,80.156],[23.115,80.096],[23.498,80.097],[23.862,80.279],[24.03,80.273],[23.921,80.308],[24.398,80.313],[24.189,80.363],[24.602,80.311],[24.461,80.268],[24.532,80.254],[24.818,80.35],[24.875,80.302],[24.78,80.247],[24.933,80.253],[25.034,80.167],[26.361,80.186],[26.949,80.114],[27.177,79.936],[26.469,79.714],[25.816,79.618],[25.939,79.544],[25.337,79.403],[24.282,79.305],[23.789,79.174],[22.927,79.219],[22.641,79.313],[22.837,79.407],[21.026,79.368],[21.655,79.478],[21.936,79.749],[22.312,79.797],[19.218,79.74],[18.331,79.882],[18.806,79.97],[18.602,80.035],[19.028,80.157],[19.29,80.082],[19.58,80.145],[19.163,80.223],[19.329,80.326],[19.852,80.219],[19.813,80.276],[19.911,80.378],[19.467,80.404],[19.656,80.501],[20.783,80.287]]],[[[23.094,80.162],[23.094,80.162]]],[[[24.381,80.395],[24.202,80.383],[24.381,80.395]]],[[[17.738,79.561],[17.77,79.415],[17.636,79.372],[18.016,79.362],[18.549,79.56],[18.87,79.37],[18.921,79.164],[19.799,79.124],[19.907,79.014],[20.646,78.925],[20.908,78.809],[18.966,78.456],[19.063,78.372],[18.844,78.03],[18.411,78.022],[18.334,77.898],[18.454,77.776],[18.308,77.534],[17.738,77.471],[17.327,77.044],[17.094,77.051],[17.285,76.99],[16.919,76.8],[17.073,76.761],[16.663,76.727],[15.775,76.933],[16.52,76.999],[16.016,77.081],[15.521,77.002],[14.485,77.371],[14.843,77.536],[15.791,77.531],[16.223,77.435],[16.306,77.471],[15.777,77.576],[16.287,77.615],[17.006,77.931],[16.665,77.857],[15.395,77.866],[14.235,77.769],[14.125,77.772],[13.905,78.0],[14.356,77.963],[14.33,78.026],[16.203,78.347],[16.771,78.33],[17.302,78.42],[16.607,78.405],[16.519,78.439],[16.617,78.467],[16.416,78.499],[16.831,78.672],[16.504,78.712],[16.182,78.537],[15.48,78.649],[15.482,78.811],[15.38,78.845],[15.202,78.742],[14.532,78.683],[14.541,78.578],[14.353,78.428],[13.872,78.296],[13.062,78.347],[12.708,78.496],[13.199,78.541],[12.59,78.538],[12.075,78.696],[11.76,78.88],[12.506,78.908],[12.429,78.996],[12.182,78.979],[12.525,79.059],[12.157,79.315],[11.804,79.233],[11.639,79.319],[11.555,79.278],[11.699,79.208],[11.335,79.207],[10.919,79.545],[11.381,79.652],[11.284,79.707],[11.944,79.765],[12.342,79.663],[12.187,79.764],[13.252,79.801],[13.263,79.693],[12.448,79.566],[13.272,79.597],[13.257,79.471],[13.876,79.39],[13.908,79.279],[14.059,79.26],[14.306,79.687],[14.676,79.793],[15.237,79.589],[15.49,79.334],[15.778,79.235],[15.714,79.111],[15.889,79.158],[16.421,78.903],[16.493,78.935],[16.177,79.153],[16.389,79.235],[16.082,79.528],[15.917,79.842],[16.131,79.864],[16.044,79.899],[16.326,80.025],[16.59,79.998],[16.842,79.869],[16.889,79.937],[17.567,79.89],[17.834,79.809],[17.738,79.561]]],[[[19.987,80.537],[20.13,80.513],[19.845,80.503],[19.987,80.537]]]]}},{"type":"Feature","properties":{"NAME":null,"ABBREVN":null,"type":null,"weblnks":null,"SUBJECTO":null,"BORDERPRECISION":1,"PARTOF":null},"geometry":{"type":"MultiPolygon","coordinates":[[[[-61.08,45.952],[-61.126,45.924],[-60.898,45.907],[-61.097,45.86],[-60.916,45.853],[-61.137,45.731],[-61.409,46.046],[-61.395,46.189],[-60.64,47],[-60.461,46.999],[-60.498,46.897],[-60.322,46.866],[-60.479,46.535],[-60.584,46.385],[-60.963,46.189],[-61.08,45.952]]],[[[-61.042,45.704],[-60.801,45.712],[-60.467,45.938],[-60.396,45.996],[-60.746,45.906],[-60.241,46.277],[-59.822,46.095],[-59.89,45.923],[-60.507,45.664],[-61.042,45.704]]],[[[-53.856,48.098],[-53.929,48.209],[-53.856,48.098]]],[[[-53.345,48.36],[-53.941,48.231],[-53.918,48.088],[-53.759,48.027],[-53.924,48.027],[-53.752,48.004],[-53.709,47.865],[-53.853,47.785],[-53.838,47.699],[-53.631,47.543],[-53.545,47.534],[-53.341,47.944],[-53.118,47.878],[-53.162,47.677],[-53.267,47.606],[-53.176,47.431],[-52.735,47.546],[-53.07,46.731],[-53.618,46.883],[-53.632,47.003],[-53.539,47.114],[-53.639,47.112],[-53.644,47.179],[-53.914,46.996],[-54.082,46.99],[-53.994,47.265],[-53.876,47.354],[-53.886,47.577],[-54.003,47.779],[-54.195,47.857],[-54.386,47.627],[-54.936,47.339],[-55.408,46.948],[-55.804,46.967],[-55.892,47.052],[-55.493,47.134],[-55.13,47.477],[-54.846,47.557],[-54.846,47.634],[-54.977,47.6],[-54.783,47.711],[-55.368,47.795],[-55.513,47.586],[-55.698,47.579],[-55.741,47.632],[-55.628,47.675],[-55.756,47.651],[-55.774,47.957],[-55.826,47.871],[-56.079,47.865],[-56.146,47.735],[-56.33,47.636],[-56.804,47.616],[-58.091,47.763],[-59.157,47.67],[-59.309,47.942],[-58.652,48.376],[-58.139,48.599],[-58.674,48.701],[-58.338,49.061],[-57.882,48.969],[-58.135,49.083],[-57.974,49.083],[-57.814,49.202],[-58.121,49.49],[-57.998,49.559],[-57.696,49.464],[-57.873,49.538],[-57.948,49.674],[-57.356,50.595],[-57.161,50.606],[-57.295,50.649],[-56.376,51.384],[-55.887,51.509],[-55.64,51.482],[-55.72,51.534],[-55.561,51.557],[-55.446,51.473],[-55.565,51.325],[-56.086,51.368],[-55.993,51.177],[-55.897,51.214],[-55.77,51.054],[-56.088,50.726],[-56.104,50.898],[-56.155,50.886],[-56.138,50.67],[-56.743,50.023],[-56.783,49.819],[-56.905,49.748],[-56.784,49.731],[-56.849,49.544],[-56.072,50.101],[-55.755,49.924],[-55.565,49.966],[-56.115,49.64],[-55.894,49.714],[-55.968,49.657],[-55.879,49.588],[-56.129,49.426],[-55.828,49.524],[-55.673,49.383],[-55.582,49.467],[-55.567,49.363],[-55.513,49.44],[-55.196,49.314],[-55.366,49.165],[-55.307,49.105],[-55.383,49.041],[-55.272,49.1],[-55.275,49.204],[-54.824,49.269],[-54.592,49.482],[-54.432,49.471],[-54.487,49.26],[-54.358,49.427],[-54.179,49.371],[-54.1,49.463],[-53.786,49.386],[-53.513,49.278],[-54.13,48.836],[-53.862,48.598],[-53.952,48.539],[-53.604,48.532],[-53.588,48.428],[-53.458,48.589],[-53.124,48.596],[-53.115,48.524],[-53.345,48.36]],[[-53.997,48.426],[-54.138,48.359],[-53.756,48.503],[-53.997,48.426]],[[-56.604,48.3],[-56.712,48.182],[-56.466,48.329],[-56.604,48.3]],[[-57.262,49.147],[-57.371,49.011],[-58.013,48.663],[-57.76,48.672],[-56.944,49.304],[-57.262,49.147]]],[[[-55.735,49.528],[-55.686,49.509],[-55.735,49.528]]]]}},{"type":"Feature","properties":{"NAME":null,"ABBREVN":null,"type":null,"weblnks":null,"SUBJECTO":null,"BORDERPRECISION":1,"PARTOF":null},"geometry":{"type":"MultiPolygon","coordinates":[[[[-70.511,-54.909],[-70.418,-54.904],[-70.566,-54.927],[-70.511,-54.909]]],[[[-70.675,-54.905],[-70.69,-54.851],[-70.589,-54.834],[-70.394,-54.872],[-70.675,-54.905]]],[[[-70.447,-54.475],[-70.251,-54.572],[-70.132,-54.544],[-70.361,-54.458],[-69.857,-54.448],[-69.77,-54.558],[-69.759,-54.452],[-69.568,-54.459],[-69.391,-54.591],[-69.376,-54.687],[-69.333,-54.604],[-69.055,-54.602],[-69.171,-54.474],[-68.996,-54.428],[-69.474,-54.218],[-69.89,-54.139],[-70.146,-53.806],[-69.354,-53.506],[-69.364,-53.342],[-69.892,-53.352],[-70.26,-53.461],[-70.454,-53.354],[-70.281,-53.087],[-69.407,-52.566],[-69.221,-52.692],[-68.701,-52.72],[-68.332,-52.893],[-68.305,-52.943],[-68.705,-53.235],[-68.557,-53.349],[-68.13,-53.375],[-67.97,-53.609],[-66.983,-54.341],[-66.307,-54.64],[-65.259,-54.719],[-65.262,-54.819],[-65.348,-54.913],[-65.889,-54.892],[-66.446,-55.052],[-66.993,-54.911],[-68.515,-54.856],[-68.636,-54.788],[-68.562,-54.87],[-68.887,-54.799],[-68.754,-54.889],[-69.19,-54.932],[-69.651,-54.783],[-69.631,-54.694],[-69.717,-54.774],[-70.229,-54.858],[-70.324,-54.794],[-70.235,-54.689],[-70.364,-54.814],[-70.68,-54.822],[-70.454,-54.633],[-70.575,-54.638],[-70.621,-54.501],[-70.447,-54.475]]],[[[-70.586,-54.687],[-70.586,-54.687]]],[[[-73.491,-42.102],[-73.455,-42.262],[-73.672,-42.362],[-73.831,-42.564],[-73.624,-42.886],[-73.649,-43.129],[-73.783,-43.13],[-73.715,-43.37],[-74.266,-43.317],[-74.134,-42.764],[-74.169,-42.346],[-74.005,-42.019],[-73.637,-41.967],[-73.491,-42.102]]],[[[-73.654,-42.388],[-73.654,-42.388]]],[[[-72.899,-52.626],[-72.845,-52.646],[-73.08,-53.032],[-73.281,-52.953],[-73.256,-52.719],[-73.091,-52.5],[-72.89,-52.505],[-73.15,-52.49],[-73.252,-52.658],[-73.243,-52.574],[-73.626,-52.608],[-73.548,-52.539],[-73.657,-52.44],[-73.56,-52.283],[-73.19,-52.328],[-72.961,-52.235],[-72.869,-52.281],[-72.86,-52.42],[-72.935,-52.445],[-72.858,-52.449],[-72.899,-52.626]]]]}},{"type":"Feature","properties":{"NAME":null,"ABBREVN":null,"type":null,"weblnks":null,"SUBJECTO":null,"BORDERPRECISION":1,"PARTOF":null},"geometry":{"type":"MultiPolygon","coordinates":[[[[8.522,3.462],[8.631,3.656],[8.827,3.612],[8.871,3.525],[8.651,3.205],[8.446,3.274],[8.522,3.462]]]]}},{"type":"Feature","properties":{"NAME":"J\u014dmon","ABBREVN":"J\u014dmon","type":"culture","weblnks":null,"SUBJECTO":"J\u014dmon","BORDERPRECISION":1,"PARTOF":"J\u014dmon"},"geometry":{"type":"MultiPolygon","coordinates":[[[[131.589,33.345],[131.504,33.343],[131.587,33.245],[131.414,33.111],[131.795,32.807],[131.831,32.693],[131.454,32.248],[131.241,31.397],[131.208,31.46],[131.06,31.442],[131.0,31.356],[131.117,31.305],[130.666,30.997],[130.799,31.313],[130.598,31.581],[130.679,31.619],[130.751,31.553],[130.809,31.684],[130.645,31.714],[130.408,31.239],[130.234,31.246],[130.203,31.339],[130.338,31.624],[130.177,31.766],[130.162,32.007],[130.57,32.442],[130.587,32.632],[130.449,32.627],[130.606,32.791],[130.452,32.914],[130.416,33.087],[130.211,33.171],[130.138,33.106],[130.218,32.949],[130.108,32.931],[129.886,32.635],[129.79,32.612],[129.859,32.716],[129.686,32.838],[129.678,33.076],[129.815,32.988],[129.849,32.823],[129.97,32.863],[129.944,32.992],[129.564,33.207],[129.572,33.293],[129.858,33.26],[130.176,33.337],[130.438,33.676],[130.644,33.7],[130.859,33.675],[131.093,33.428],[131.286,33.39],[131.569,33.486],[131.589,33.345]]],[[[130.301,32.867],[130.372,32.741],[130.301,32.867]]],[[[129.364,33.168],[129.539,33.297],[129.364,33.168]]],[[[134.396,33.634],[134.125,33.276],[133.93,33.471],[133.744,33.517],[133.287,33.367],[133.014,32.993],[132.97,32.765],[132.803,32.736],[132.637,32.754],[132.712,32.908],[132.481,32.897],[132.535,33.245],[132.378,33.308],[132.344,33.464],[132.644,33.677],[132.784,33.908],[132.969,33.794],[133.245,33.801],[133.463,33.884],[133.806,34.176],[134.01,34.189],[134.54,34.013],[134.61,33.899],[134.535,33.717],[134.396,33.634]]],[[[132.154,33.359],[132.154,33.359]]],[[[132.551,34.171],[132.502,34.137],[132.551,34.171]]],[[[132.401,34.259],[132.499,34.259],[132.484,34.13],[132.401,34.259]]],[[[134.983,34.586],[134.918,34.542],[134.983,34.586]]],[[[139.449,35.304],[139.159,35.222],[139.053,35.025],[139.026,34.719],[138.847,34.592],[138.75,34.673],[138.767,34.953],[138.909,35.029],[138.745,35.123],[138.569,35.092],[138.193,34.598],[137.591,34.669],[137.163,34.583],[137.114,34.642],[137.345,34.709],[137.321,34.771],[137.03,34.758],[136.98,34.919],[136.917,34.788],[136.834,34.827],[136.896,35.08],[136.697,35.003],[136.531,34.735],[136.507,34.518],[136.894,34.262],[136.669,34.298],[136.344,34.19],[135.772,33.455],[135.458,33.54],[135.337,33.654],[135.398,33.706],[135.063,33.878],[135.197,34.139],[135.106,34.264],[135.454,34.551],[135.421,34.689],[135.334,34.718],[135.064,34.617],[134.664,34.779],[134.25,34.715],[134.122,34.582],[133.93,34.582],[134.045,34.582],[133.933,34.449],[133.703,34.522],[133.309,34.375],[133.247,34.422],[133.217,34.352],[132.823,34.309],[132.651,34.197],[132.551,34.191],[132.504,34.322],[132.368,34.359],[132.183,34.287],[131.997,34.09],[131.996,33.921],[131.746,34.054],[131.215,33.925],[131.033,34.04],[130.884,33.934],[130.896,34.246],[131.334,34.292],[131.672,34.502],[132.678,35.381],[132.981,35.445],[133.006,35.254],[135.157,35.646],[135.188,35.443],[135.358,35.323],[135.727,35.45],[135.971,35.717],[136.081,35.657],[135.978,35.973],[136.668,36.667],[136.769,36.883],[136.71,37.253],[137.31,37.433],[137.069,37.199],[136.876,37.131],[136.873,37.066],[137.034,37.058],[136.983,36.834],[137.045,36.668],[137.176,36.643],[137.887,37.025],[139.538,35.29],[139.449,35.304]],[[135.889,35.0],[136.268,35.347],[136.182,35.453],[136.083,35.443],[135.889,35.0]]],[[[136.954,37.089],[136.911,37.143],[137.056,37.148],[136.954,37.089]]]]}},{"type":"Feature","properties":{"NAME":"Norte Chico","ABBREVN":"Norte Chico","type":"state society","weblnks":null,"SUBJECTO":"Norte Chico","BORDERPRECISION":1,"PARTOF":"Norte Chico"},"geometry":{"type":"MultiPolygon","coordinates":[[[[-73.31,-16.353],[-73.909,-16.102],[-74.624,-15.663],[-75.231,-15.222],[-76.059,-14.399],[-76.242,-14.106],[-76.197,-13.418],[-76.492,-13.046],[-76.801,-12.388],[-76.999,-12.184],[-77.203,-11.658],[-77.37,-11.454],[-77.653,-11.292],[-77.611,-11.18],[-77.759,-10.659],[-78.262,-9.742],[-76.388,-9.706],[-74.617,-9.978],[-73.364,-10.931],[-72.166,-12.947],[-72.003,-14.309],[-72.22,-15.426],[-73.117,-16.457],[-73.31,-16.353]]]]}},{"type":"Feature","properties":{"NAME":"Khoiasan","ABBREVN":"Khoiasan","type":null,"weblnks":"https://en.wikipedia.org/wiki/Khoisan","SUBJECTO":"Khoiasan","BORDERPRECISION":1,"PARTOF":"Khoiasan"},"geometry":{"type":"MultiPolygon","coordinates":[[[[39.811,-16.363],[39.914,-16.279],[39.811,-16.363]]],[[[34.684,-12.119],[34.715,-12.003],[34.756,-12.059],[34.684,-12.119]]],[[[34.622,-12.067],[34.554,-11.982],[34.624,-11.985],[34.622,-12.067]]],[[[39.446,-8],[39.349,-8.275],[39.295,-8.268],[39.31,-8.403],[39.658,-9.796],[39.942,-10.074],[39.987,-10.224],[39.996,-10.125],[40.387,-10.372],[40.586,-10.69],[40.503,-10.791],[40.601,-10.823],[40.504,-10.941],[40.536,-11.027],[40.311,-11.345],[40.527,-12.584],[40.482,-12.844],[40.366,-12.991],[40.569,-13.422],[40.6,-14.143],[40.531,-14.172],[40.618,-14.484],[40.839,-14.576],[40.817,-14.813],[40.529,-15.133],[40.61,-15.355],[40.574,-15.482],[40.126,-15.94],[39.944,-16.243],[39.783,-16.299],[39.813,-16.402],[39.605,-16.596],[38.88,-17.044],[37.872,-17.376],[36.936,-17.967],[36.841,-17.877],[36.91,-17.987],[36.314,-18.649],[35.672,-19.12],[35.553,-19.298],[34.829,-19.812],[34.619,-19.618],[34.777,-19.826],[34.673,-20.515],[35.009,-20.803],[35.107,-20.984],[34.994,-21.271],[35.234,-22.204],[35.372,-22.466],[35.394,-22.264],[35.512,-22.185],[35.425,-23.456],[35.297,-23.825],[35.34,-23.969],[35.419,-23.898],[35.511,-23.939],[35.495,-24.097],[35.198,-24.48],[34.912,-24.7],[33.241,-25.323],[32.886,-25.535],[32.651,-25.839],[32.5,-26.068],[32.896,-26.372],[32.916,-26.518],[32.82,-27.167],[32.592,-27.916],[32.345,-28.026],[32.303,-28.134],[32.393,-28.375],[32.348,-28.579],[31.987,-28.884],[31.774,-28.946],[31.326,-29.391],[30.541,-30.615],[29.833,-31.43],[29.412,-31.704],[28.538,-32.574],[27.031,-33.556],[26.455,-33.774],[25.83,-33.731],[25.675,-33.794],[25.571,-34.048],[25.023,-33.968],[24.794,-34.194],[23.653,-33.984],[23.397,-34.023],[23.368,-34.098],[22.545,-34.005],[22.154,-34.093],[21.802,-34.383],[21.536,-34.352],[21.295,-34.434],[20.942,-34.36],[20.799,-34.459],[20.504,-34.465],[20,-34.822],[19.652,-34.776],[19.319,-34.597],[19.364,-34.515],[19.282,-34.41],[19.083,-34.346],[18.818,-34.378],[18.855,-34.156],[18.793,-34.087],[18.488,-34.098],[18.436,-34.169],[18.49,-34.348],[18.42,-34.323],[18.346,-34.148],[18.467,-33.817],[18.437,-33.697],[18.161,-33.341],[18.034,-33.033],[17.874,-32.988],[17.945,-32.918],[18.232,-32.898],[18.309,-32.708],[18.349,-32.276],[18.215,-31.727],[17.567,-30.828],[16.815,-29.085],[16.606,-28.872],[16.49,-28.578],[16.354,-28.563],[15.525,-27.711],[15.137,-26.829],[15.086,-26.643],[15.142,-26.678],[15.172,-26.607],[15.153,-26.333],[14.935,-25.962],[14.848,-25.639],[14.909,-25.018],[14.668,-24.421],[14.44,-23.395],[14.498,-23.318],[14.417,-23.053],[14.577,-22.731],[14.533,-22.496],[13.864,-21.541],[12.461,-18.928],[12.08,-18.491],[11.795,-17.844],[11.782,-15.868],[12.06,-15.594],[12.177,-15.276],[12.345,-14.265],[12.585,-13.464],[12.848,-13.164],[13.051,-12.751],[13.339,-12.649],[13.464,-12.502],[13.792,-11.798],[13.844,-10.935],[13.639,-10.303],[13.217,-9.658],[13.091,-9.26],[13.146,-9.065],[13.431,-8.823],[13.478,-8.486],[30.567,-8.116],[30.464,-8.498],[30.568,-8.514],[30.534,-8.579],[30.672,-8.503],[30.799,-8.566],[31.045,-8.791],[31.179,-8.742],[31.198,-8.652],[30.939,-8.108],[39.439,-7.924],[39.446,-8]],[[27.688,-17.066],[27.431,-17.3],[27.371,-17.504],[27.021,-17.958],[27.576,-17.451],[27.705,-17.207],[27.959,-17.04],[28.076,-17.046],[28.117,-16.861],[28.341,-16.788],[28.461,-16.866],[28.509,-16.759],[28.655,-16.7],[28.762,-16.808],[28.988,-16.611],[28.623,-16.495],[28.393,-16.586],[28.29,-16.543],[28.042,-16.818],[27.794,-16.819],[27.831,-16.901],[27.705,-16.94],[27.688,-17.066]],[[29.917,-11.301],[30.019,-11.014],[29.927,-10.878],[29.741,-10.931],[29.496,-11.195],[29.588,-11.394],[29.669,-11.415],[29.917,-11.301]],[[28.324,-9.364],[28.377,-9.503],[28.696,-9.396],[29.021,-8.922],[29.128,-8.662],[29.078,-8.6],[28.867,-8.513],[28.367,-9.101],[28.324,-9.364]],[[35.198,-14.58],[35.27,-14.733],[35.298,-14.563],[35.24,-14.51],[35.198,-14.58]],[[34.711,-12.364],[34.7,-12.2],[34.934,-11.871],[34.937,-11.463],[34.608,-11.08],[34.662,-10.71],[34.524,-10.03],[34.321,-9.732],[33.996,-9.495],[33.907,-9.802],[34.26,-10.448],[34.19,-10.59],[34.323,-11.653],[34.059,-12.049],[34.033,-12.209],[34.18,-12.425],[34.33,-12.945],[34.321,-13.379],[34.605,-13.669],[34.538,-13.985],[34.6,-14.159],[34.77,-14.254],[34.906,-14.021],[35.258,-14.403],[35.056,-13.743],[34.868,-13.701],[34.711,-12.364]]]]}},{"type":"Feature","properties":{"NAME":"Hurrian Kingdoms","ABBREVN":"Hurrian Kingdoms","type":"kingdoms","weblnks":null,"SUBJECTO":"Hurrian Kingdoms","BORDERPRECISION":1,"PARTOF":"Hurrian Kingdoms"},"geometry":{"type":"MultiPolygon","coordinates":[[[[41.976,37.684],[42.24,38.452],[42.819,38.42],[42.913,38.301],[43.24,38.288],[44.272,37.848],[45.599,36.665],[46.197,36.389],[46.536,35.848],[45.615,35.163],[45.241,35.467],[43.295,35.669],[42.942,36.489],[41.976,37.684]]]]}},{"type":"Feature","properties":{"NAME":"Valdivia","ABBREVN":"Valdivia","type":"complex farming society / chiefdom","weblnks":null,"SUBJECTO":"Valdivia","BORDERPRECISION":1,"PARTOF":"Valdivia"},"geometry":{"type":"MultiPolygon","coordinates":[[[[-78.99,1.292],[-78.903,1.368],[-78.907,1.24],[-78.99,1.292]]],[[[-79.74,-2.618],[-79.854,-2.187],[-79.764,-2.009],[-79.886,-2.092],[-79.873,-2.248],[-80.028,-2.448],[-79.952,-2.31],[-80.333,-2.708],[-80.678,-2.4],[-80.899,-2.31],[-80.786,-2.227],[-80.73,-1.932],[-80.814,-1.687],[-80.756,-1.329],[-80.914,-1.042],[-80.8,-0.924],[-80.616,-0.927],[-80.361,-0.636],[-80.265,-0.627],[-80.379,-0.609],[-80.482,-0.384],[-80.068,0.063],[-79.992,0.366],[-80.11,0.682],[-80.065,0.821],[-79.777,0.863],[-78.889,1.238],[-78.81,1.438],[-78.861,1.555],[-79.043,1.648],[-78.922,1.794],[-78.575,1.774],[-78.492,1.921],[-78.614,2.119],[-75.898,0.846],[-77.121,-0.484],[-77.174,-1.281],[-79.76,-2.786],[-79.74,-2.618]]]]}},{"type":"Feature","properties":{"NAME":null,"ABBREVN":null,"type":null,"weblnks":null,"SUBJECTO":null,"BORDERPRECISION":1,"PARTOF":null},"geometry":{"type":"MultiPolygon","coordinates":[[[[-6.356,54.012],[-6.443,53.899],[-6.172,53.439],[-6.225,53.354],[-6.132,53.269],[-6.045,52.9],[-6.347,52.407],[-6.499,52.356],[-6.386,52.278],[-6.406,52.214],[-6.908,52.186],[-6.995,52.283],[-7.005,52.136],[-7.579,52.1],[-8.235,51.798],[-8.211,51.884],[-8.429,51.881],[-8.335,51.867],[-8.297,51.763],[-8.604,51.613],[-9.808,51.446],[-9.592,51.61],[-9.8,51.573],[-9.45,51.691],[-9.536,51.75],[-9.805,51.654],[-9.831,51.783],[-9.578,51.872],[-10.139,51.768],[-10.289,51.963],[-9.758,52.149],[-10.47,52.107],[-10.411,52.205],[-9.741,52.245],[-9.797,52.269],[-9.711,52.487],[-8.818,52.666],[-9.028,52.731],[-9.164,52.617],[-9.134,52.681],[-9.616,52.637],[-9.304,53.115],[-8.938,53.141],[-8.941,53.264],[-9.441,53.266],[-9.563,53.383],[-9.866,53.308],[-9.797,53.413],[-10.134,53.4],[-10.021,53.512],[-10.135,53.567],[-9.699,53.596],[-9.856,53.625],[-9.872,53.766],[-9.588,53.784],[-9.561,53.86],[-9.787,53.914],[-10.006,54.219],[-10.067,54.089],[-10.122,54.16],[-9.949,54.283],[-9.884,54.258],[-9.979,54.218],[-9.893,54.208],[-9.848,54.317],[-9.208,54.267],[-9.132,54.16],[-9.08,54.258],[-8.59,54.203],[-8.623,54.257],[-8.472,54.274],[-8.668,54.349],[-8.284,54.473],[-8.188,54.634],[-8.794,54.668],[-8.316,54.87],[-8.456,54.913],[-8.326,55.102],[-7.794,55.243],[-7.704,55.094],[-7.569,55.08],[-7.681,54.948],[-7.212,55.108],[-7.255,55.047],[-7.074,55.038],[-6.967,55.156],[-6.626,55.204],[-6.117,55.16],[-5.785,54.737],[-5.925,54.63],[-5.767,54.668],[-5.8,54.523],[-5.662,54.322],[-6.044,54.031],[-6.271,54.098],[-6.138,53.975],[-6.356,54.012]],[[-6.562,54.515],[-6.354,54.502],[-6.272,54.66],[-6.488,54.723],[-6.562,54.515]]],[[[-9.865,53.951],[-9.808,53.929],[-9.865,53.951]]],[[[-7.721,55.195],[-7.792,55.212],[-7.721,55.195]]],[[[-10.12,54],[-9.929,53.966],[-10.174,53.961],[-10.12,54]]],[[[-5.555,55.414],[-5.698,55.331],[-5.736,55.428],[-5.684,55.629],[-5.518,55.668],[-5.555,55.414]]]]}},{"type":"Feature","properties":{"NAME":null,"ABBREVN":null,"type":null,"weblnks":null,"SUBJECTO":null,"BORDERPRECISION":1,"PARTOF":null},"geometry":{"type":"MultiPolygon","coordinates":[[[[81.409,6.253],[80.641,5.937],[80.406,5.958],[80.222,6.058],[80.017,6.496],[79.858,7.049],[79.813,8.246],[79.942,8.631],[79.917,8.938],[80.05,9.026],[80.195,9.47],[80.143,9.568],[80.662,9.299],[81.093,8.627],[81.06,8.411],[81.326,8.259],[81.805,7.313],[81.866,7.085],[81.779,6.754],[81.409,6.253]]],[[[80.168,9.632],[80.191,9.581],[80.11,9.687],[80.168,9.632]]]]}},{"type":"Feature","properties":{"NAME":null,"ABBREVN":null,"type":null,"weblnks":null,"SUBJECTO":null,"BORDERPRECISION":1,"PARTOF":null},"geometry":{"type":"MultiPolygon","coordinates":[[[[110.281,18.667],[109.669,18.415],[109.531,18.232],[109.223,18.303],[108.686,18.505],[108.626,19.236],[109.202,19.684],[109.42,19.659],[109.55,19.914],[109.916,19.8],[110.061,19.94],[110.617,20.017],[110.885,19.707],[110.427,19.229],[110.299,18.899],[110.361,18.766],[110.281,18.667]]]]}},{"type":"Feature","properties":{"NAME":null,"ABBREVN":null,"type":null,"weblnks":null,"SUBJECTO":null,"BORDERPRECISION":1,"PARTOF":null},"geometry":{"type":"MultiPolygon","coordinates":[[[[33.903,34.964],[33.539,34.944],[33.484,34.796],[32.915,34.633],[32.407,34.749],[32.284,35.016],[32.531,35.154],[32.883,35.162],[32.932,35.34],[33.653,35.354],[34.458,35.645],[33.78,35.208],[33.903,34.964]]]]}},{"type":"Feature","properties":{"NAME":null,"ABBREVN":null,"type":null,"weblnks":null,"SUBJECTO":null,"BORDERPRECISION":1,"PARTOF":null},"geometry":{"type":"MultiPolygon","coordinates":[[[[24.103,35.488],[24.32,35.352],[24.789,35.409],[25.445,35.292],[25.689,35.341],[25.668,35.187],[25.808,35.108],[26.248,35.256],[26.243,35.145],[26.16,35.024],[24.754,34.946],[24.723,35.091],[24.386,35.191],[23.521,35.288],[23.583,35.571],[23.727,35.514],[23.715,35.662],[23.848,35.522],[24.106,35.596],[24.103,35.488]]]]}},{"type":"Feature","properties":{"NAME":"Ainu","ABBREVN":"Ainu","type":"culture","weblnks":null,"SUBJECTO":"Ainu","BORDERPRECISION":1,"PARTOF":"Ainu"},"geometry":{"type":"MultiPolygon","coordinates":[[[[141.979,39.653],[141.999,39.449],[141.886,39.128],[141.63,38.988],[141.646,38.883],[141.581,38.874],[141.467,38.587],[141.496,38.422],[141.079,38.358],[140.872,37.917],[140.964,36.966],[140.799,36.87],[140.547,36.287],[140.555,35.969],[140.815,35.694],[140.537,35.589],[140.395,35.409],[140.337,35.133],[140.122,35.086],[139.913,34.897],[139.841,35.083],[139.983,35.441],[140.113,35.55],[140.064,35.627],[139.777,35.633],[139.78,35.504],[139.646,35.459],[139.538,35.29],[137.887,37.025],[138.699,37.448],[138.856,37.735],[139.198,37.92],[139.428,38.157],[139.504,38.418],[139.746,38.68],[140.052,39.465],[140.038,39.803],[139.805,39.891],[140.021,40.231],[139.915,40.575],[140.26,40.797],[140.386,40.986],[140.473,40.986],[140.657,40.724],[141.159,40.869],[141.246,41.214],[141.158,41.262],[140.887,41.158],[140.787,41.245],[141.087,41.442],[141.436,41.27],[141.4,40.926],[141.467,40.514],[141.676,40.316],[141.979,39.653]]],[[[144.883,43.974],[145.348,44.243],[145.059,43.786],[145.304,43.369],[145.256,43.315],[145.445,43.176],[145.154,43.135],[144.982,42.977],[144.799,43.045],[144.662,42.937],[144.325,42.998],[143.99,42.907],[143.464,42.479],[143.218,41.936],[141.791,42.606],[141.427,42.566],[140.993,42.295],[140.757,42.549],[140.499,42.577],[140.223,42.363],[140.246,42.228],[141.139,41.764],[140.977,41.706],[140.662,41.825],[140.45,41.68],[140.417,41.515],[140.197,41.395],[140.029,41.454],[139.992,41.531],[140.139,41.981],[139.782,42.246],[139.836,42.56],[140.5,42.896],[140.517,43.057],[140.374,43.185],[140.498,43.32],[141.064,43.097],[141.415,43.302],[141.337,43.712],[141.709,43.914],[141.797,44.625],[141.766,44.85],[141.574,45.215],[141.875,45.435],[143.021,44.464],[143.508,44.156],[144.028,43.951],[144.614,43.843],[144.883,43.974]]]]}},{"type":"Feature","properties":{"NAME":null,"ABBREVN":null,"type":null,"weblnks":null,"SUBJECTO":null,"BORDERPRECISION":1,"PARTOF":null},"geometry":{"type":"MultiPolygon","coordinates":[[[[139.907,34.895],[139.79,34.967],[139.907,34.895]]]]}},{"type":"Feature","properties":{"NAME":null,"ABBREVN":null,"type":null,"weblnks":null,"SUBJECTO":null,"BORDERPRECISION":1,"PARTOF":null},"geometry":{"type":"MultiPolygon","coordinates":[[[[143.112,46.891],[143.167,46.709],[143.366,46.683],[143.445,46.572],[143.38,46.313],[143.368,46.556],[142.962,46.592],[142.71,46.744],[142.327,46.563],[141.961,46.004],[141.926,46.04],[141.813,46.586],[142.059,47.087],[141.97,47.288],[141.965,47.609],[142.189,47.975],[142.136,48.316],[141.852,48.75],[141.996,48.949],[142.141,49.552],[142.174,50.094],[142.1,50.429],[142.15,50.911],[142.268,51.108],[142.09,51.457],[141.648,51.887],[141.647,52.298],[141.838,52.578],[141.925,53.02],[141.81,53.276],[142.214,53.3],[142.678,53.537],[143.139,52.856],[143.143,52.511],[142.945,51.961],[142.944,51.617],[143.074,51.268],[144.365,49.016],[144.061,49.244],[143.662,49.312],[143.153,49.259],[142.854,49.128],[142.646,48.658],[142.49,47.902],[142.615,47.46],[143.112,46.891]],[[143.466,49.36],[143.246,49.379],[143.32,49.314],[143.662,49.312],[143.466,49.36]]]]}},{"type":"Feature","properties":{"NAME":null,"ABBREVN":null,"type":null,"weblnks":null,"SUBJECTO":null,"BORDERPRECISION":1,"PARTOF":null},"geometry":{"type":"MultiPolygon","coordinates":[[[[25.757,36.394],[25.857,36.355],[25.757,36.394]]],[[[25.447,36.329],[25.372,36.472],[25.486,36.408],[25.447,36.329]]],[[[24.851,36.641],[24.961,36.604],[24.851,36.641]]],[[[25.157,36.676],[25.064,36.636],[25.157,36.676]]],[[[24.341,36.733],[24.527,36.767],[24.551,36.701],[24.446,36.662],[24.341,36.733]]],[[[25.279,36.783],[25.407,36.718],[25.389,36.653],[25.259,36.729],[25.279,36.783]]],[[[24.612,36.782],[24.669,36.753],[24.612,36.782]]],[[[24.521,36.824],[24.599,36.824],[24.521,36.824]]],[[[25.817,36.829],[25.977,36.874],[25.751,36.783],[25.817,36.829]]],[[[24.66,36.98],[24.703,37.03],[24.766,36.947],[24.698,36.913],[24.66,36.98]]],[[[25.054,37.031],[25.073,36.946],[25.054,37.031]]],[[[25.12,36.997],[25.163,37.122],[25.284,37.128],[25.25,37.008],[25.12,36.997]]],[[[25.58,37.016],[25.455,36.923],[25.343,37.079],[25.545,37.198],[25.58,37.016]]],[[[24.509,37.113],[24.442,37.184],[24.509,37.113]]],[[[24.367,37.313],[24.404,37.463],[24.483,37.398],[24.367,37.313]]],[[[24.887,37.51],[24.973,37.403],[24.885,37.368],[24.887,37.51]]],[[[25.332,37.496],[25.459,37.445],[25.35,37.409],[25.332,37.496]]],[[[25.232,37.536],[24.976,37.676],[25.182,37.642],[25.232,37.536]]],[[[24.371,37.586],[24.274,37.544],[24.306,37.661],[24.398,37.667],[24.371,37.586]]],[[[24.772,37.996],[24.983,37.814],[24.96,37.686],[24.713,37.873],[24.772,37.996]]]]}},{"type":"Feature","properties":{"NAME":null,"ABBREVN":null,"type":null,"weblnks":null,"SUBJECTO":null,"BORDERPRECISION":1,"PARTOF":null},"geometry":{"type":"MultiPolygon","coordinates":[[[[-75.699,19.944],[-76.398,20.02],[-77.155,19.895],[-77.663,19.903],[-77.113,20.37],[-77.099,20.533],[-77.291,20.704],[-78.221,20.85],[-78.458,21.012],[-78.514,21.306],[-78.75,21.639],[-79.56,21.643],[-80.324,21.933],[-80.492,22.177],[-80.629,22.054],[-81.792,22.208],[-82.143,22.371],[-81.649,22.491],[-81.645,22.576],[-81.885,22.681],[-82.764,22.701],[-83.39,22.223],[-83.945,22.159],[-84.066,21.929],[-84.523,21.79],[-84.474,21.912],[-84.562,21.934],[-84.338,22.012],[-84.401,22.333],[-84.165,22.584],[-83.0,23.013],[-82.057,23.135],[-81.541,23.128],[-81.501,23.056],[-81.362,23.121],[-81.135,23.023],[-80.721,23.024],[-79.985,22.879],[-79.262,22.373],[-78.038,22.056],[-77.756,21.804],[-77.508,21.759],[-77.34,21.512],[-76.883,21.402],[-76.896,21.306],[-76.806,21.378],[-76.618,21.321],[-76.541,21.183],[-76.458,21.217],[-76.491,21.282],[-76.022,21.084],[-75.751,21.121],[-75.604,21.013],[-75.767,20.826],[-75.737,20.697],[-75.062,20.697],[-74.173,20.19],[-75.123,19.973],[-75.093,20.056],[-75.237,19.933],[-75.699,19.944]]]]}},{"type":"Feature","properties":{"NAME":null,"ABBREVN":null,"type":null,"weblnks":null,"SUBJECTO":null,"BORDERPRECISION":1,"PARTOF":null},"geometry":{"type":"MultiPolygon","coordinates":[[[[-73.783,18.637],[-73.706,18.607],[-73.783,18.637]]],[[[-70.125,19.621],[-69.991,19.68],[-69.818,19.347],[-69.521,19.216],[-69.626,19.215],[-69.623,19.089],[-68.971,19.028],[-68.657,18.873],[-68.373,18.575],[-68.537,18.35],[-68.606,18.368],[-68.661,18.204],[-68.986,18.51],[-69.808,18.547],[-70.299,18.259],[-70.477,18.285],[-70.696,18.519],[-71.062,18.347],[-71.401,17.704],[-71.531,17.755],[-71.677,18.003],[-71.978,18.262],[-72.915,18.228],[-73.474,18.316],[-73.687,18.271],[-73.857,18.112],[-74.365,18.378],[-74.442,18.524],[-74.387,18.636],[-74.237,18.667],[-73.787,18.532],[-73.578,18.58],[-73.708,18.546],[-73.652,18.497],[-72.74,18.424],[-72.569,18.562],[-72.35,18.53],[-72.298,18.662],[-72.702,18.948],[-72.759,19.074],[-72.676,19.392],[-72.767,19.525],[-73.46,19.73],[-73.408,19.831],[-73.155,19.922],[-72.857,19.931],[-72.318,19.763],[-71.72,19.697],[-71.776,19.771],[-71.551,19.897],[-71.261,19.823],[-70.946,19.922],[-70.739,19.79],[-70.125,19.621]],[[-71.607,18.421],[-71.509,18.47],[-71.777,18.531],[-71.607,18.421]]]]}},{"type":"Feature","properties":{"NAME":null,"ABBREVN":null,"type":null,"weblnks":null,"SUBJECTO":null,"BORDERPRECISION":1,"PARTOF":null},"geometry":{"type":"MultiPolygon","coordinates":[[[[-67.175,18.106],[-67.21,18.437],[-67.102,18.518],[-65.911,18.455],[-65.724,18.333],[-65.967,18.027],[-66.451,18.045],[-66.906,17.936],[-67.152,17.987],[-67.175,18.106]]]]}},{"type":"Feature","properties":{"NAME":null,"ABBREVN":null,"type":null,"weblnks":null,"SUBJECTO":null,"BORDERPRECISION":1,"PARTOF":null},"geometry":{"type":"MultiPolygon","coordinates":[[[[-78.024,18.452],[-77.772,18.51],[-77.156,18.397],[-76.426,18.119],[-76.301,17.992],[-76.319,17.903],[-76.468,17.871],[-76.806,18.004],[-77.05,17.978],[-77.291,17.806],[-77.471,17.846],[-77.737,17.932],[-78.052,18.218],[-78.261,18.255],[-78.325,18.35],[-78.024,18.452]]]]}},{"type":"Feature","properties":{"NAME":null,"ABBREVN":null,"type":null,"weblnks":null,"SUBJECTO":null,"BORDERPRECISION":1,"PARTOF":null},"geometry":{"type":"MultiPolygon","coordinates":[[[[-65.947,61.796],[-65.947,61.796]]],[[[-64.846,62.555],[-64.768,62.477],[-64.897,62.517],[-64.846,62.555]]],[[[-65.023,62.595],[-64.84,62.577],[-64.954,62.534],[-65.023,62.595]]],[[[-74.437,64.45],[-74.437,64.45]]],[[[-74.106,68.691],[-73.882,68.55],[-73.99,68.493],[-74.405,68.66],[-74.515,68.87],[-74.701,69.005],[-74.652,69.04],[-74.821,69.082],[-75.052,69.009],[-75.14,68.885],[-75.479,69.02],[-75.579,68.984],[-75.495,68.93],[-75.604,68.88],[-76.546,68.731],[-76.522,68.87],[-76.595,68.883],[-76.626,69.018],[-75.997,69.003],[-75.606,69.085],[-75.552,69.222],[-76.55,69.62],[-76.182,69.664],[-76.642,69.68],[-76.518,69.663],[-76.557,69.623],[-76.791,69.724],[-76.835,69.816],[-77.311,69.836],[-76.981,69.938],[-77.471,69.843],[-77.622,69.892],[-77.678,70.188],[-78.619,70.448],[-79.009,70.68],[-79.376,70.586],[-80.49,70.815],[-80.66,70.753],[-80.422,70.614],[-78.941,70.271],[-78.746,70.15],[-78.713,70.011],[-78.94,69.912],[-79.801,69.916],[-81.013,70.183],[-81.155,70.092],[-81.763,70.123],[-81.189,69.991],[-80.911,69.848],[-80.869,69.724],[-82.993,70.304],[-83.048,70.307],[-81.855,69.968],[-82.269,69.86],[-82.926,70.011],[-83.415,69.97],[-84.874,70.115],[-85.984,70.113],[-86.372,70.196],[-86.373,70.446],[-86.288,70.484],[-86.375,70.525],[-86.381,70.468],[-86.944,70.556],[-87.184,70.393],[-87.402,70.363],[-88.432,70.461],[-89.019,70.675],[-89.205,70.845],[-89.15,70.968],[-87.705,70.925],[-87.003,70.994],[-87.949,71.351],[-89.997,71.541],[-89.966,71.655],[-89.808,71.748],[-89.909,71.798],[-89.814,71.979],[-89.371,72.066],[-89.334,72.168],[-89.821,72.348],[-89.841,72.427],[-89.732,72.618],[-89.471,72.666],[-89.575,72.699],[-89.575,72.785],[-89.331,72.756],[-89.361,72.992],[-89.1,73.196],[-88.169,73.601],[-86.717,73.841],[-85.254,73.777],[-86.662,73.097],[-86.855,72.859],[-86.779,72.693],[-86.246,72.428],[-86.436,72.27],[-86.421,72.013],[-86.111,71.783],[-85.243,71.465],[-86.249,71.059],[-86.82,70.989],[-85.459,71.107],[-84.96,71.072],[-84.941,70.918],[-84.799,70.922],[-84.748,70.988],[-84.825,71.065],[-84.488,71.349],[-84.535,71.536],[-84.628,71.668],[-85.205,71.769],[-85.602,72.01],[-85.574,72.054],[-85.171,72.256],[-84.512,72.114],[-84.209,71.934],[-84.165,72.021],[-84.803,72.241],[-84.289,72.256],[-84.53,72.35],[-84.442,72.383],[-85.504,72.608],[-85.506,72.94],[-85.258,72.961],[-83.958,72.747],[-85.296,73.016],[-85.107,73.084],[-83.634,72.982],[-84.126,73.061],[-83.885,73.07],[-84.862,73.355],[-84.756,73.381],[-84.355,73.223],[-84.656,73.391],[-84.171,73.475],[-83.752,73.427],[-83.601,73.297],[-83.652,73.445],[-84.007,73.51],[-82.841,73.733],[-81.532,73.688],[-81.202,73.487],[-81.205,73.267],[-80.717,73.181],[-80.553,73.078],[-80.652,72.975],[-80.555,72.864],[-80.725,72.665],[-81.192,72.294],[-81.379,72.242],[-81.042,72.349],[-81.028,72.065],[-81.087,72.047],[-80.8,72.008],[-80.972,71.882],[-80.042,72.201],[-79.674,72.127],[-80.022,72.232],[-79.953,72.343],[-79.685,72.383],[-79.596,72.335],[-79.75,72.216],[-79.405,72.371],[-79.125,72.289],[-79.083,72.04],[-79.203,71.962],[-78.511,71.865],[-78.621,72.125],[-78.476,72.087],[-78.227,71.833],[-77.924,71.765],[-78.321,71.937],[-78.142,71.964],[-77.786,71.787],[-78.627,72.15],[-78.666,72.314],[-78.516,72.331],[-78.529,72.236],[-78.408,72.166],[-78.439,72.327],[-76.996,72.129],[-78.523,72.416],[-78.363,72.582],[-77.775,72.708],[-77.119,72.711],[-76.152,72.571],[-76.108,72.473],[-75.932,72.584],[-75.268,72.505],[-74.942,72.256],[-75.238,72.118],[-76.015,72.087],[-76.348,71.892],[-75.797,72.104],[-75.219,72.074],[-75.587,71.999],[-75.802,71.751],[-76.096,71.694],[-75.88,71.702],[-75.655,71.826],[-75.558,71.977],[-75.198,72.023],[-75.036,72.126],[-74.408,72.085],[-74.313,72.039],[-74.313,71.953],[-75.006,71.712],[-75.379,71.687],[-75.046,71.7],[-75.408,71.515],[-75.178,71.554],[-75.098,71.508],[-75.152,71.466],[-74.699,71.391],[-75.081,71.179],[-74.654,71.37],[-74.721,71.463],[-74.406,71.609],[-74.121,71.685],[-74.255,71.604],[-74.156,71.532],[-74.086,71.685],[-73.886,71.665],[-73.834,71.639],[-74.011,71.491],[-74.316,71.414],[-74.029,71.438],[-74.092,71.286],[-74.241,71.201],[-73.732,71.587],[-73.623,71.494],[-73.635,71.359],[-73.497,71.339],[-73.679,71.238],[-73.736,71.093],[-73.898,71.057],[-73.674,71.088],[-73.624,71.226],[-73.451,71.302],[-73.235,71.173],[-73.451,71.035],[-73.377,70.981],[-73.18,71.212],[-73.012,71.234],[-72.966,71.365],[-72.759,71.427],[-72.535,71.629],[-71.664,71.513],[-71.253,71.351],[-71.677,71.081],[-72.069,71.075],[-72.326,70.882],[-72.654,70.828],[-72.164,70.836],[-72.382,70.677],[-72.623,70.628],[-72.569,70.61],[-72.156,70.774],[-71.354,70.883],[-71.14,71.034],[-70.667,71.08],[-70.656,70.85],[-70.747,70.746],[-71.175,70.584],[-71.593,70.607],[-71.584,70.546],[-71.803,70.428],[-71.727,70.417],[-71.746,70.348],[-71.85,70.291],[-71.734,70.314],[-71.507,70.576],[-71.163,70.525],[-71.323,70.313],[-71.285,70.251],[-71.536,70.02],[-71.211,70.262],[-70.997,70.626],[-70.576,70.733],[-70.342,70.638],[-70.473,70.617],[-70.398,70.524],[-70.478,70.476],[-70.31,70.498],[-70.344,70.613],[-70.023,70.611],[-69.64,70.745],[-69.21,70.774],[-68.591,70.618],[-68.469,70.56],[-68.75,70.39],[-69.824,70.156],[-70.186,70.028],[-69.901,70.048],[-69.816,69.985],[-70.164,69.962],[-70.469,69.843],[-69.751,69.972],[-69.793,70.081],[-69.634,70.148],[-69.698,70.074],[-69.463,69.96],[-68.713,70.088],[-69.44,69.816],[-69.806,69.82],[-69.991,69.615],[-69.742,69.804],[-69.396,69.778],[-69.077,69.924],[-68.221,70.103],[-68.336,70.144],[-68.183,70.253],[-67.795,70.259],[-67.242,69.958],[-67.145,69.798],[-68.043,69.773],[-68.324,69.629],[-69.22,69.536],[-70.031,69.536],[-69.323,69.505],[-68.668,69.591],[-66.903,69.374],[-66.668,69.186],[-69.04,69.35],[-69.258,69.27],[-68.921,69.332],[-68.483,69.28],[-68.533,69.25],[-68.477,69.224],[-68.968,69.221],[-68.503,69.199],[-68.998,69.104],[-68.927,69.08],[-69.018,68.966],[-68.872,69.085],[-68.413,69.177],[-67.98,68.988],[-68.549,68.982],[-68.035,68.936],[-68.775,68.844],[-68.736,68.798],[-69.398,68.862],[-68.703,68.76],[-68.471,68.642],[-68.9,68.603],[-68.216,68.586],[-67.632,68.466],[-67.613,68.379],[-67.55,68.444],[-67.353,68.392],[-67.781,68.337],[-67.87,68.26],[-67.598,68.323],[-67.572,68.273],[-67.695,68.241],[-67.58,68.251],[-67.395,68.354],[-67.037,68.309],[-67.235,68.292],[-67.388,68.146],[-67.599,68.165],[-67.374,68.127],[-67.275,68.244],[-67.014,68.295],[-66.895,68.09],[-66.97,68.034],[-66.879,68.072],[-66.745,67.927],[-66.199,68.006],[-66.401,67.889],[-66.732,67.867],[-66.401,67.811],[-66.269,67.958],[-66.008,67.97],[-66.013,67.627],[-65.956,67.818],[-65.764,67.919],[-65.495,67.878],[-65.614,67.781],[-65.346,67.593],[-65.369,67.703],[-65.554,67.783],[-65.43,67.892],[-64.829,67.953],[-65.204,67.648],[-64.92,67.791],[-64.811,67.777],[-64.821,67.688],[-64.75,67.823],[-64.562,67.819],[-64.386,67.725],[-64.639,67.661],[-64.353,67.707],[-64.049,67.519],[-64.441,67.475],[-63.951,67.41],[-64.798,67.357],[-64.586,67.317],[-64.606,67.248],[-64.816,67.207],[-64.607,67.22],[-64.692,67.001],[-64.555,67.115],[-63.451,67.184],[-63.796,67.007],[-63.772,66.959],[-63.421,67.192],[-63.023,67.179],[-63.276,67.113],[-63.241,66.962],[-63.771,66.811],[-63.489,66.828],[-63.442,66.908],[-63.42,66.699],[-63.225,66.899],[-62.825,66.86],[-62.9,66.637],[-62.734,66.791],[-62.773,66.85],[-62.469,66.867],[-62.299,66.733],[-62.436,66.88],[-62.096,67.017],[-62.046,66.991],[-62.102,66.913],[-61.969,66.953],[-61.263,66.629],[-61.448,66.538],[-61.951,66.677],[-62.124,66.626],[-61.83,66.621],[-61.577,66.487],[-61.987,66.41],[-61.483,66.38],[-61.629,66.332],[-62.627,66.426],[-62.716,66.407],[-62.52,66.375],[-62.655,66.338],[-62.477,66.255],[-62.667,66.214],[-62.895,66.33],[-62.715,66.202],[-62.281,66.163],[-62.082,66.001],[-62.308,65.974],[-62.779,66.033],[-62.931,66.147],[-63.062,66.121],[-62.418,65.971],[-62.354,65.884],[-62.616,65.802],[-62.864,65.911],[-62.641,65.786],[-62.824,65.761],[-62.742,65.711],[-62.838,65.621],[-62.904,65.746],[-62.962,65.748],[-62.899,65.631],[-63.381,65.927],[-63.409,65.819],[-63.474,65.833],[-63.446,65.681],[-63.729,65.676],[-63.459,65.63],[-63.486,65.527],[-63.609,65.59],[-63.505,65.455],[-63.656,65.471],[-63.504,65.413],[-63.383,65.103],[-63.541,64.995],[-64.194,65.199],[-64.276,65.27],[-64.234,65.427],[-64.425,65.502],[-64.824,65.413],[-65.007,65.512],[-64.71,65.652],[-65.046,65.545],[-65.15,65.631],[-64.795,65.728],[-65.177,65.656],[-65.034,65.953],[-65.082,65.974],[-64.735,65.969],[-64.822,66.045],[-64.722,66.217],[-64.356,66.35],[-64.714,66.275],[-64.859,66.106],[-65.22,66.015],[-65.717,66.054],[-65.851,66.109],[-65.634,66.172],[-65.476,66.388],[-65.702,66.177],[-65.89,66.124],[-67.049,66.645],[-66.968,66.598],[-67.727,66.577],[-67.398,66.544],[-67.752,66.446],[-67.993,66.507],[-67.725,66.261],[-67.198,66.01],[-67.305,65.934],[-67.614,65.912],[-68.376,66.284],[-68.325,66.195],[-68.851,66.19],[-68.415,66.159],[-68.259,66.076],[-68.167,65.968],[-68.304,66.028],[-68.326,65.916],[-68.143,65.929],[-68.147,65.798],[-68.0,65.779],[-67.897,65.663],[-68.059,65.568],[-67.952,65.568],[-68.026,65.481],[-67.761,65.624],[-67.329,65.584],[-67.459,65.498],[-67.22,65.456],[-67.136,65.36],[-67.416,65.339],[-67.12,65.31],[-66.95,65.12],[-67.109,65.06],[-66.93,65.094],[-66.698,64.762],[-66.215,64.893],[-66.151,64.862],[-66.212,64.686],[-66.084,64.816],[-66.013,64.699],[-65.673,64.593],[-65.708,64.487],[-65.409,64.515],[-65.08,64.42],[-65.382,64.305],[-65.662,64.307],[-65.423,64.296],[-65.072,64.061],[-65.222,64.029],[-64.794,63.932],[-64.975,63.852],[-64.954,63.776],[-64.508,63.651],[-64.501,63.321],[-65.001,63.765],[-65.251,63.872],[-65.304,63.807],[-64.901,63.237],[-65.147,63.281],[-65.055,63.172],[-64.755,63.09],[-64.739,62.931],[-65.255,62.985],[-64.949,62.649],[-65.076,62.583],[-65.352,62.738],[-65.34,62.837],[-65.455,62.818],[-65.698,63.008],[-66.051,62.996],[-66.276,63.134],[-66.117,62.999],[-66.496,63.077],[-66.643,63.372],[-66.74,63.284],[-66.567,63.11],[-66.994,63.306],[-66.978,63.4],[-67.036,63.326],[-67.144,63.375],[-67.766,63.802],[-67.73,63.652],[-67.926,63.759],[-67.717,63.466],[-68.486,63.737],[-68.997,63.754],[-68.146,63.15],[-67.764,63.031],[-67.764,62.956],[-67.619,62.98],[-67.666,62.919],[-67.573,62.964],[-67.264,62.856],[-66.681,62.566],[-66.133,62.1],[-65.996,61.88],[-66.066,61.869],[-66.34,61.864],[-68.014,62.259],[-68.914,62.364],[-69.167,62.428],[-69.57,62.711],[-69.482,62.764],[-70.075,62.772],[-71.139,63.026],[-70.864,63.112],[-70.909,63.171],[-71.03,63.072],[-71.319,63.061],[-71.622,63.21],[-71.691,63.331],[-71.535,63.36],[-71.23,63.605],[-72.233,63.841],[-72.239,63.952],[-72.388,63.858],[-72.608,63.959],[-72.665,64.081],[-72.659,63.988],[-72.73,64.015],[-73.148,64.344],[-73.165,64.606],[-73.303,64.659],[-73.302,64.582],[-73.666,64.602],[-74.09,64.751],[-74.559,64.78],[-74.495,64.608],[-74.704,64.736],[-74.476,64.839],[-74.64,64.904],[-74.741,64.847],[-74.726,64.771],[-74.986,64.79],[-74.479,64.563],[-74.678,64.398],[-75.824,64.612],[-75.819,64.531],[-75.655,64.473],[-75.923,64.481],[-75.781,64.368],[-75.951,64.399],[-76.254,64.358],[-76.206,64.295],[-76.73,64.256],[-77.737,64.393],[-78.107,64.529],[-78.039,64.831],[-77.867,64.99],[-77.387,65.064],[-77.301,65.144],[-77.354,65.36],[-77.3,65.385],[-75.789,65.197],[-75.434,64.966],[-75.667,64.941],[-75.373,64.715],[-75.289,64.74],[-75.357,64.898],[-75.568,64.884],[-75.426,64.961],[-75.356,64.916],[-75.189,65.08],[-75.259,65.102],[-75.344,65.006],[-75.369,65.261],[-74.079,65.448],[-73.494,65.405],[-73.42,65.529],[-74.28,66.06],[-74.333,66.163],[-73.036,66.642],[-72.874,66.886],[-72.338,67.126],[-72.258,67.248],[-72.354,67.53],[-72.994,68.212],[-73.891,68.432],[-73.73,68.52],[-73.705,68.657],[-74.106,68.691]],[[-73.328,68.328],[-73.212,68.377],[-73.318,68.393],[-73.328,68.328]],[[-70.467,64.621],[-70.378,64.707],[-70.695,65.024],[-71.737,65.408],[-71.546,65.082],[-71.638,64.985],[-71.512,64.906],[-71.748,64.819],[-71.873,64.844],[-71.819,64.91],[-72.053,64.91],[-71.899,64.728],[-71.563,64.613],[-71.225,64.643],[-70.917,64.792],[-70.637,64.711],[-70.721,64.622],[-70.385,64.59],[-70.467,64.621]],[[-71.179,66.083],[-71.311,65.969],[-71.104,65.991],[-70.619,66.282],[-70.376,66.195],[-69.975,66.258],[-69.585,66.203],[-69.221,66.406],[-69.646,66.442],[-69.49,66.581],[-70.463,66.753],[-70.826,66.994],[-71.174,67.028],[-71.209,66.862],[-71.438,66.596],[-71.127,66.331],[-71.179,66.083]],[[-78.699,71.1],[-78.88,71.173],[-79.367,71.149],[-78.699,71.1]]],[[[-75,68.938],[-74.829,69.008],[-75,68.938]]],[[[-73.084,71.286],[-73.153,71.247],[-73.084,71.286]]],[[[-68.344,68.629],[-68.459,68.641],[-68.243,68.628],[-68.344,68.629]]],[[[-64.422,63.472],[-64.496,63.61],[-64.442,63.653],[-64.371,63.415],[-64.422,63.472]]],[[[-64.916,63.806],[-64.731,63.902],[-64.448,63.672],[-64.916,63.806]]],[[[-65.454,64.524],[-65.69,64.53],[-65.646,64.583],[-65.454,64.524]]],[[[-62.856,65.619],[-62.856,65.619]]],[[[-62.167,65.933],[-62.297,65.939],[-62.167,65.933]]],[[[-67.181,65.987],[-67.181,65.987]]],[[[-62.405,66.219],[-62.405,66.219]]],[[[-63.136,66.975],[-63.102,67.03],[-63.136,66.975]]],[[[-63.093,67.036],[-63.136,67.07],[-63.062,67.076],[-63.093,67.036]]],[[[-67.92,69.522],[-68.025,69.53],[-67.92,69.522]]],[[[-68.049,69.534],[-68.249,69.597],[-68.049,69.534]]],[[[-72.082,70.81],[-72.226,70.931],[-72.058,70.933],[-72.009,71.05],[-71.726,71.045],[-71.882,70.931],[-71.364,70.955],[-72.082,70.81]]],[[[-72.979,71.33],[-73.07,71.301],[-72.979,71.33]]],[[[-72.82,71.45],[-72.82,71.45]]],[[[-67.745,69.517],[-67.482,69.5],[-67.745,69.517]]],[[[-79.534,72.346],[-79.625,72.38],[-79.44,72.372],[-79.534,72.346]]]]}},{"type":"Feature","properties":{"NAME":null,"ABBREVN":null,"type":null,"weblnks":null,"SUBJECTO":null,"BORDERPRECISION":1,"PARTOF":null},"geometry":{"type":"MultiPolygon","coordinates":[[[[-69.56,82.994],[-69.117,83.022],[-67.696,82.873],[-66.337,82.905],[-68.643,82.629],[-67.471,82.652],[-65.768,82.843],[-65.164,82.763],[-65.353,82.797],[-65.103,82.848],[-65.307,82.866],[-65.177,82.885],[-64.479,82.764],[-64.01,82.782],[-63.226,82.64],[-63.347,82.605],[-62.926,82.576],[-63.089,82.466],[-63.37,82.439],[-62.507,82.527],[-61.816,82.473],[-61.989,82.312],[-63.921,82.011],[-66.375,82.101],[-67.585,81.961],[-67.854,81.752],[-67.542,81.6],[-68.275,81.563],[-69.299,81.717],[-68.352,81.542],[-68.857,81.548],[-68.579,81.514],[-67.108,81.565],[-66.609,81.513],[-70.21,81.174],[-69.638,81.177],[-70.025,81.103],[-69.956,81.099],[-65.224,81.51],[-66.482,81.303],[-69.497,80.547],[-70.825,80.559],[-70.423,80.422],[-70.469,80.355],[-70.253,80.186],[-71.694,80.111],[-72.421,80.211],[-71.896,80.114],[-72.392,80.086],[-72.341,80.059],[-70.763,80.133],[-70.488,80.057],[-71.401,79.936],[-71.459,79.895],[-71.105,79.915],[-71.454,79.846],[-74.245,80.043],[-74.542,79.894],[-74.432,79.864],[-74.846,79.844],[-74.19,79.8],[-73.376,79.581],[-73.674,79.518],[-75.174,79.515],[-76.335,79.611],[-77.239,79.583],[-77.266,79.451],[-77.398,79.447],[-77.291,79.325],[-78.051,79.355],[-77.322,79.267],[-77.488,79.245],[-75.584,79.24],[-74.963,79.122],[-74.946,79.028],[-75.885,79.097],[-75.858,79.152],[-76.133,79.2],[-78.254,79.17],[-76.082,79.1],[-76.171,79.076],[-77.495,79.018],[-78.891,79.063],[-77.703,79.007],[-78.297,78.789],[-78.248,78.77],[-77.712,78.966],[-76.754,79.028],[-75.72,78.966],[-76.44,78.839],[-75.316,78.892],[-74.909,78.821],[-75.057,78.732],[-75.521,78.678],[-75.646,78.507],[-76.684,78.522],[-75.695,78.441],[-75.753,78.361],[-76.438,78.377],[-76.618,78.298],[-76.561,78.249],[-76.912,78.201],[-76.143,78.072],[-76.289,78.011],[-78.367,78.033],[-78.329,77.96],[-78.426,77.906],[-78.278,77.863],[-78.182,77.677],[-78.219,77.573],[-78.855,77.374],[-81.1,77.577],[-81.592,77.525],[-81.93,77.685],[-81.911,77.609],[-81.667,77.502],[-82.166,77.292],[-81.834,77.162],[-81.376,77.235],[-80.202,77.168],[-80.373,77.071],[-80.097,77.16],[-79.099,77.065],[-79.393,76.934],[-78.886,76.927],[-78.915,76.84],[-78.722,76.821],[-78.384,77.0],[-78.087,77.018],[-77.82,76.85],[-77.804,76.726],[-78.212,76.547],[-78.592,76.509],[-78.791,76.572],[-78.902,76.478],[-80.814,76.238],[-80.923,76.304],[-80.772,76.419],[-81.225,76.525],[-81.382,76.651],[-81.918,76.633],[-81.777,76.677],[-81.981,76.647],[-82.725,76.819],[-82.572,76.731],[-82.424,76.471],[-83.093,76.479],[-83.11,76.58],[-83.339,76.664],[-83.38,76.759],[-83.521,76.695],[-83.203,76.488],[-83.763,76.536],[-84.622,76.892],[-84.796,76.866],[-84.559,76.543],[-84.73,76.457],[-85.016,76.579],[-85.051,76.514],[-84.957,76.42],[-85.037,76.407],[-86.42,76.465],[-86.208,76.524],[-86.594,76.635],[-86.342,76.512],[-87.273,76.504],[-88.183,76.74],[-88.36,76.524],[-88.515,76.636],[-88.495,76.817],[-88.702,76.707],[-88.496,76.552],[-88.574,76.471],[-88.71,76.595],[-88.793,76.503],[-89.418,76.61],[-89.32,76.901],[-88.318,77.128],[-87.456,77.102],[-87.338,77.11],[-87.461,77.126],[-87.337,77.179],[-86.74,77.174],[-87.211,77.205],[-86.911,77.26],[-87.195,77.317],[-86.83,77.353],[-87.278,77.348],[-87.582,77.461],[-88.051,77.754],[-88.028,77.823],[-86.436,77.817],[-85.942,77.679],[-85.716,77.467],[-85.794,77.42],[-85.531,77.462],[-84.529,77.296],[-83.692,77.313],[-83.319,77.374],[-83.28,77.495],[-83.092,77.631],[-82.542,77.921],[-82.592,78.017],[-82.319,78.071],[-82.79,78.011],[-82.736,77.924],[-83.356,77.631],[-84.55,77.655],[-84.43,77.718],[-84.495,77.751],[-84.612,77.665],[-84.868,77.708],[-84.902,77.89],[-84.314,77.892],[-84.905,77.907],[-84.929,78.039],[-84.288,78.076],[-84.934,78.066],[-84.843,78.16],[-84.937,78.168],[-84.127,78.18],[-84.969,78.202],[-84.815,78.322],[-84.576,78.346],[-84.867,78.369],[-84.639,78.594],[-85.256,78.196],[-85.916,78.251],[-85.833,78.38],[-86.066,78.263],[-86.917,78.245],[-86.825,78.586],[-86.354,78.811],[-85.274,78.907],[-83.851,78.845],[-82.338,78.567],[-82.236,78.596],[-82.567,78.686],[-81.597,78.755],[-82.049,78.861],[-81.699,78.843],[-81.657,78.888],[-81.756,78.918],[-81.699,78.974],[-81.477,79.047],[-82.23,78.904],[-83.911,79.257],[-85.51,79.828],[-85.693,79.719],[-86.071,79.956],[-85.255,79.921],[-86.134,79.996],[-86.322,80.114],[-86.311,80.23],[-86.17,80.279],[-83.618,80.207],[-81.616,79.623],[-81.785,79.615],[-81.707,79.587],[-81.425,79.637],[-80.631,79.564],[-79.905,79.647],[-79.751,79.701],[-80.942,79.654],[-81.149,79.7],[-80.732,79.659],[-81.469,79.926],[-81.42,79.944],[-82.263,80.051],[-81.616,80.409],[-80.116,80.528],[-78.038,80.567],[-79.879,80.604],[-77.521,80.75],[-77.784,80.821],[-77.733,80.826],[-76.512,80.854],[-78.067,80.897],[-78.826,81.02],[-78.393,81.143],[-78.464,81.161],[-76.745,81.439],[-78.174,81.301],[-78.895,81.099],[-79.502,81.194],[-79.064,81.086],[-80.088,81.022],[-81.876,80.749],[-82.047,80.743],[-81.759,80.813],[-82.868,80.719],[-83.48,80.895],[-83.821,80.775],[-84.793,80.782],[-85.504,80.618],[-85.33,81.001],[-82.364,81.179],[-85.123,81.063],[-84.923,81.122],[-84.92,81.213],[-85.001,81.247],[-84.736,81.286],[-86.437,81.393],[-88.322,81.166],[-88.668,81.051],[-89.637,81.009],[-89.193,81.096],[-89.241,81.226],[-88.936,81.248],[-89.257,81.245],[-89.493,81.38],[-88.545,81.525],[-87.245,81.49],[-88.306,81.581],[-89.887,81.433],[-90.592,81.451],[-90.73,81.476],[-89.585,81.626],[-90.297,81.699],[-90.991,81.616],[-91.072,81.537],[-91.183,81.76],[-91.034,81.764],[-91.152,81.798],[-91.052,81.829],[-89.783,81.917],[-89.356,81.811],[-89.199,81.885],[-89.417,81.926],[-89.033,81.912],[-89.021,81.998],[-88.076,82.105],[-87.353,82.067],[-87.174,82.015],[-87.309,81.967],[-86.768,81.89],[-87.13,81.968],[-86.955,82.045],[-86.682,81.994],[-86.356,82.054],[-85.423,81.857],[-85.372,81.86],[-85.73,81.988],[-85.188,81.993],[-84.817,81.885],[-85.066,81.987],[-84.889,81.99],[-84.605,81.89],[-84.932,82.019],[-86.423,82.112],[-86.239,82.225],[-85.62,82.244],[-85.347,82.286],[-85.518,82.347],[-84.947,82.379],[-83.36,82.267],[-82.953,82.12],[-83.112,82.065],[-81.878,82.036],[-82.652,82.1],[-83.028,82.249],[-82.57,82.225],[-80.076,81.972],[-79.564,81.825],[-79.229,81.816],[-81.287,82.387],[-81.654,82.58],[-81.582,82.64],[-80.582,82.543],[-81.242,82.72],[-80.683,82.807],[-79.862,82.644],[-79.801,82.647],[-79.983,82.689],[-78.503,82.681],[-79.623,82.728],[-79.997,82.803],[-79.674,82.825],[-80.367,82.87],[-78.671,82.946],[-78.503,82.913],[-78.534,82.848],[-78.144,82.823],[-78.239,82.865],[-77.813,82.924],[-77.108,82.859],[-76.092,82.542],[-76.231,82.445],[-75.396,82.615],[-75.82,82.656],[-76.53,83.013],[-74.173,82.991],[-73.818,82.853],[-72.634,82.694],[-72.499,82.718],[-73.238,82.821],[-73.304,83.0],[-72.651,83.096],[-71.926,83.084],[-71.178,82.81],[-70.9,82.811],[-70.911,82.882],[-70.835,82.883],[-71.033,83.092],[-69.945,83.109],[-69.451,83.036],[-69.56,82.994]],[[-68.968,81.94],[-72.841,81.68],[-68.968,81.94]]],[[[-65.631,81.702],[-66.042,81.691],[-65.507,81.662],[-66.471,81.628],[-65.631,81.702]]],[[[-89.381,80.933],[-88.886,80.979],[-89.236,80.864],[-89.443,80.924],[-89.381,80.933]]],[[[-78.417,82.936],[-78.117,82.942],[-78.366,82.884],[-78.417,82.936]]]]}},{"type":"Feature","properties":{"NAME":null,"ABBREVN":null,"type":null,"weblnks":null,"SUBJECTO":null,"BORDERPRECISION":1,"PARTOF":null},"geometry":{"type":"MultiPolygon","coordinates":[[[[-114.326,72.572],[-113.506,72.699],[-113.731,72.609],[-113.658,72.611],[-113.41,72.729],[-113.608,72.768],[-113.241,72.944],[-112.839,72.953],[-111.641,72.725],[-111.711,72.398],[-111.906,72.35],[-111.664,72.276],[-111.419,72.344],[-111.6,72.348],[-111.494,72.363],[-111.113,72.335],[-111.091,72.401],[-110.571,72.538],[-110.602,72.493],[-110.351,72.428],[-110.531,72.502],[-110.268,72.531],[-109.797,72.427],[-110.191,72.539],[-109.783,72.503],[-110.228,72.707],[-109.833,72.663],[-109.77,72.722],[-110.351,72.827],[-110.525,72.997],[-109.834,72.95],[-109.051,72.68],[-109.043,72.567],[-108.85,72.568],[-108.782,72.391],[-108.272,71.872],[-108.238,71.714],[-107.753,71.61],[-107.815,71.723],[-107.253,71.896],[-107.542,71.989],[-107.853,72.373],[-107.886,72.587],[-108.012,72.62],[-108.267,73.172],[-107.864,73.189],[-108.154,73.302],[-108.053,73.354],[-107.07,73.174],[-107.011,73.191],[-107.118,73.247],[-106.526,73.195],[-105.394,72.736],[-105.51,72.777],[-105.311,72.643],[-105.302,72.455],[-105.01,72.045],[-104.467,71.655],[-104.445,71.569],[-104.675,71.187],[-104.595,71.048],[-103.556,70.601],[-102.699,70.483],[-101.893,70.254],[-101.814,70.291],[-101.625,70.238],[-101.552,70.109],[-101.387,70.159],[-101.055,70.031],[-100.92,69.701],[-101.33,69.67],[-101.473,69.833],[-101.445,69.909],[-101.603,69.71],[-102.23,69.917],[-102.787,69.708],[-103.487,69.685],[-103.504,69.613],[-103.342,69.577],[-103.268,69.329],[-103.004,69.346],[-103.044,69.252],[-103.211,69.194],[-103.195,69.114],[-102.88,69.354],[-102.198,69.482],[-101.981,69.35],[-102.217,69.225],[-101.805,69.206],[-101.808,69.136],[-102.54,68.908],[-104.188,68.898],[-105.93,69.234],[-106.375,69.482],[-106.602,69.499],[-106.854,69.451],[-107.035,69.284],[-107.536,69.057],[-108.646,69.002],[-109.209,68.813],[-110.448,68.653],[-113.152,68.596],[-113.608,68.77],[-113.629,68.931],[-113.54,68.978],[-113.539,69.114],[-113.689,69.19],[-113.521,69.179],[-116.296,69.426],[-116.745,69.575],[-117.436,69.993],[-117.082,70.109],[-115.147,70.273],[-112.565,70.198],[-111.445,70.284],[-111.487,70.337],[-112.89,70.646],[-113.764,70.737],[-117.761,70.722],[-118.419,70.992],[-117.571,71.177],[-115.742,71.299],[-115.517,71.423],[-115.596,71.493],[-115.378,71.45],[-115.058,71.523],[-115.46,71.489],[-115.693,71.579],[-117.314,71.475],[-117.854,71.641],[-117.701,71.671],[-118.338,71.824],[-118.649,71.8],[-118.968,71.909],[-118.977,71.973],[-118.589,72.176],[-118.113,72.232],[-118.177,72.338],[-118.537,72.371],[-118.399,72.476],[-116.643,73.001],[-114.814,73.341],[-114.185,73.244],[-114.463,72.989],[-114.444,72.626],[-114.605,72.602],[-114.326,72.572]],[[-104.511,69.718],[-104.358,69.815],[-104.862,69.856],[-104.511,69.718]]],[[[-109.211,72.808],[-109.419,72.821],[-109.211,72.808]]]]}},{"type":"Feature","properties":{"NAME":null,"ABBREVN":null,"type":null,"weblnks":null,"SUBJECTO":null,"BORDERPRECISION":1,"PARTOF":null},"geometry":{"type":"MultiPolygon","coordinates":[[[[-178.758,68.574],[-177.951,68.29],[-177.709,68.292],[-177.761,68.256],[-175.991,67.847],[-175.514,67.669],[-175.293,67.413],[-175.38,67.345],[-175.189,67.313],[-175.006,66.957],[-175.101,66.765],[-174.462,66.301],[-174.193,66.288],[-174.081,66.485],[-173.992,66.471],[-174.086,66.286],[-174.046,66.216],[-173.784,66.369],[-173.766,66.455],[-174.231,66.61],[-174.009,66.675],[-173.998,66.768],[-174.125,66.989],[-174.343,67.054],[-173.72,67.116],[-173.312,67.014],[-173.353,66.839],[-173.154,66.852],[-173.214,66.889],[-173.179,66.991],[-172.819,66.909],[-172.431,66.934],[-172.646,66.983],[-172.568,66.992],[-171.958,66.956],[-170.508,66.309],[-170.644,66.237],[-170.329,66.258],[-170.176,66.21],[-170.329,66.177],[-170.003,66.147],[-169.832,66.025],[-170.613,66.038],[-170.976,65.678],[-171.669,65.889],[-171.2,65.561],[-172.184,65.589],[-173.043,65.806],[-172.853,65.631],[-172.562,65.515],[-172.47,65.376],[-172.439,65.27],[-172.7,65.24],[-172.411,65.173],[-172.437,65.02],[-173.165,64.968],[-173.25,64.896],[-173.025,64.506],[-173.077,64.384],[-173.357,64.405],[-173.282,64.517],[-173.413,64.62],[-173.365,64.462],[-173.724,64.383],[-174.062,64.432],[-174.132,64.56],[-174.846,64.778],[-175.187,64.849],[-175.251,64.779],[-175.449,64.784],[-175.472,64.856],[-175.923,65.014],[-175.781,65.161],[-175.931,65.402],[-176.529,65.61],[-177.126,65.623],[-178.116,65.482],[-178.57,65.531],[-178.461,65.736],[-178.667,65.768],[-178.906,65.997],[-178.725,66.009],[-178.543,66.163],[-178.517,66.403],[-178.9,66.172],[-179.062,66.195],[-179.176,66.415],[-179.181,66.285],[-179.424,66.343],[-179.242,66.197],[-179.288,66.164],[-179.634,66.117],[-179.687,66.139],[-179.577,66.147],[-179.696,66.183],[-179.823,65.936],[-179.632,65.744],[-180,65.259],[-180,68.917],[-178.758,68.574]]],[[[-172.485,67.0],[-172.485,67.0]]]]}},{"type":"Feature","properties":{"NAME":null,"ABBREVN":null,"type":null,"weblnks":null,"SUBJECTO":null,"BORDERPRECISION":1,"PARTOF":null},"geometry":{"type":"MultiPolygon","coordinates":[[[[-91.526,80.975],[-91.122,80.755],[-90.593,80.642],[-90.766,80.566],[-89.751,80.464],[-89.748,80.533],[-89.372,80.536],[-89.194,80.314],[-89.262,80.287],[-89.042,80.167],[-88.146,80.094],[-88.367,80.209],[-88.348,80.411],[-87.827,80.373],[-87.577,80.26],[-87.563,80.179],[-88.066,80.121],[-87.891,80.056],[-87.344,80.072],[-87.355,79.859],[-87.489,79.841],[-87.354,79.839],[-87.277,79.607],[-87.463,79.535],[-87.181,79.552],[-86.997,79.445],[-86.03,79.484],[-86.167,79.458],[-85.94,79.47],[-85.253,79.259],[-85.759,79.378],[-87.165,79.126],[-87.539,78.956],[-87.787,78.725],[-88.003,78.807],[-87.982,78.961],[-87.746,79.086],[-88.202,78.976],[-88.22,78.78],[-88.661,78.901],[-88.956,78.75],[-88.748,78.539],[-88.759,78.451],[-88.945,78.362],[-89.121,78.344],[-90.034,78.624],[-90.16,78.329],[-90.749,78.32],[-90.403,78.274],[-90.641,78.263],[-91.424,78.305],[-92.702,78.434],[-92.869,78.504],[-91.632,78.539],[-92.806,78.634],[-93.08,78.593],[-93.517,78.777],[-93.038,78.766],[-93.656,78.836],[-94.09,79.018],[-93.295,79.167],[-90.701,79.126],[-90.979,79.204],[-90.363,79.247],[-91.125,79.244],[-91.449,79.335],[-91.129,79.391],[-91.573,79.37],[-93.178,79.534],[-95.039,79.396],[-95.472,79.563],[-94.699,79.612],[-94.329,79.688],[-94.283,79.757],[-95.631,79.64],[-96.333,79.9],[-96.148,79.912],[-96.442,79.942],[-96.531,80.036],[-96.392,80.046],[-96.587,80.093],[-94.384,79.982],[-94.749,80.08],[-94.084,80.176],[-94.865,80.154],[-95.579,80.387],[-95.409,80.524],[-95.081,80.583],[-93.786,80.526],[-94.299,80.606],[-94.295,80.693],[-94.077,80.709],[-94.389,80.735],[-95.06,81.031],[-94.663,81.049],[-94.409,80.966],[-93.906,81.041],[-94.362,81.101],[-94.313,81.116],[-93.123,81.115],[-93.096,81.165],[-93.363,81.374],[-92.052,81.219],[-91.782,81.09],[-91.909,81.071],[-91.526,80.975]]],[[[-91.861,79.215],[-92.531,79.235],[-91.861,79.215]]]]}},{"type":"Feature","properties":{"NAME":null,"ABBREVN":null,"type":null,"weblnks":null,"SUBJECTO":null,"BORDERPRECISION":1,"PARTOF":null},"geometry":{"type":"MultiPolygon","coordinates":[[[[-119.726,74.042],[-119.575,74.167],[-119.077,74.129],[-119.168,73.987],[-118.973,74.0],[-118.79,74.108],[-118.855,74.146],[-118.233,74.206],[-117.336,74.167],[-115.654,73.633],[-118.585,72.974],[-119.768,72.394],[-120.454,72.299],[-120.424,71.883],[-120.546,71.656],[-120.843,71.53],[-121.936,71.505],[-122.17,71.287],[-122.67,71.148],[-123.371,71.189],[-123.68,71.505],[-124.072,71.735],[-124.577,71.898],[-125.732,72.037],[-125.714,72.157],[-125.028,72.566],[-124.941,72.702],[-125.026,72.821],[-124.473,72.933],[-124.833,73.05],[-124.835,73.107],[-124.07,73.546],[-124.068,73.655],[-123.775,73.764],[-124.055,73.839],[-124.771,74.34],[-121.519,74.549],[-119.648,74.185],[-119.834,74.083],[-119.726,74.042]]],[[[-124.127,73.581],[-124.127,73.581]]]]}},{"type":"Feature","properties":{"NAME":null,"ABBREVN":null,"type":null,"weblnks":null,"SUBJECTO":null,"BORDERPRECISION":1,"PARTOF":null},"geometry":{"type":"MultiPolygon","coordinates":[[[[-92.684,76.592],[-91.135,76.633],[-90.468,76.473],[-91.567,76.499],[-89.897,76.346],[-90.99,76.184],[-91.614,76.262],[-91.019,76.148],[-91.156,75.974],[-90.939,75.951],[-91.129,75.909],[-91.13,75.839],[-90.836,75.959],[-90.45,75.958],[-90.505,75.895],[-90.248,75.965],[-89.802,75.918],[-89.695,75.888],[-89.775,75.787],[-89.592,75.859],[-89.329,75.628],[-89.765,75.576],[-89.26,75.588],[-88.921,75.427],[-88.667,75.453],[-88.647,75.595],[-88.519,75.62],[-88.199,75.529],[-88.306,75.492],[-88.229,75.471],[-87.698,75.574],[-87.496,75.486],[-87.606,75.45],[-87.549,75.444],[-87.418,75.48],[-87.463,75.563],[-87.251,75.621],[-86.369,75.418],[-86.597,75.362],[-85.681,75.408],[-86.063,75.478],[-85.039,75.658],[-84.497,75.632],[-84.664,75.686],[-83.878,75.819],[-83.124,75.734],[-82.279,75.837],[-81.357,75.789],[-81.217,75.734],[-81.271,75.651],[-80.01,75.521],[-80.339,75.456],[-79.739,75.47],[-79.526,75.324],[-79.612,75.298],[-79.495,75.28],[-80.5,75.03],[-80.56,74.916],[-80.349,74.616],[-82.027,74.532],[-82.936,74.684],[-83.074,74.984],[-83.449,75.082],[-83.614,75.024],[-83.581,74.699],[-84.568,74.616],[-84.973,74.623],[-84.991,74.698],[-85.118,74.623],[-86.212,74.816],[-86.306,74.621],[-88.144,74.569],[-88.326,74.682],[-88.39,74.99],[-88.947,74.932],[-89.269,74.705],[-89.698,74.615],[-90.52,74.718],[-91.054,74.977],[-91.358,74.757],[-91.867,74.789],[-92.152,75.084],[-92.01,75.101],[-92.194,75.143],[-92.366,75.421],[-92.005,75.595],[-92.109,75.859],[-93.064,76.375],[-93.085,76.527],[-92.684,76.592]]]]}},{"type":"Feature","properties":{"NAME":null,"ABBREVN":null,"type":null,"weblnks":null,"SUBJECTO":null,"BORDERPRECISION":1,"PARTOF":null},"geometry":{"type":"MultiPolygon","coordinates":[[[[-108.587,76.642],[-108.727,76.634],[-108.611,76.57],[-108.558,76.409],[-108.392,76.402],[-108.304,76.187],[-108.409,76.148],[-108.396,76.046],[-107.702,75.951],[-107.93,75.886],[-108.02,75.781],[-107.363,75.912],[-106.897,75.72],[-106.616,75.797],[-106.73,75.814],[-106.842,75.97],[-106.639,76.053],[-105.9,76.006],[-105.498,75.847],[-105.629,75.662],[-105.62,75.537],[-105.751,75.49],[-105.612,75.438],[-105.938,75.214],[-105.88,75.179],[-106.371,75.055],[-107.48,75.012],[-107.718,75.027],[-107.739,75.096],[-107.774,75.03],[-109.07,75.133],[-112.203,74.5],[-113.443,74.546],[-114.093,74.674],[-114.16,74.766],[-113.283,74.849],[-112.867,74.976],[-111.551,75.011],[-110.913,75.234],[-111.227,75.264],[-111.15,75.353],[-112.811,75.416],[-113.875,75.253],[-113.783,75.338],[-113.341,75.413],[-113.902,75.374],[-114.065,75.466],[-114.041,75.362],[-114.171,75.227],[-114.543,75.313],[-114.611,75.265],[-114.35,75.211],[-115.186,75.154],[-115.942,75.31],[-116.572,75.201],[-117.012,75.258],[-117.397,75.407],[-117.219,75.476],[-116.022,75.485],[-115.0,75.691],[-116.348,75.559],[-117.153,75.573],[-116.998,75.649],[-115.15,75.757],[-115.582,75.834],[-114.799,75.892],[-116.15,75.935],[-116.273,76.19],[-114.67,76.158],[-115.925,76.287],[-114.372,76.47],[-114.102,76.365],[-114.129,76.312],[-113.983,76.19],[-113.549,76.133],[-112.851,76.227],[-112.574,76.161],[-111.982,75.883],[-112.226,75.811],[-111.862,75.827],[-111.39,75.662],[-111.271,75.522],[-110.496,75.569],[-108.899,75.476],[-108.827,75.687],[-109.133,75.75],[-109.103,75.848],[-109.309,76.106],[-110.36,76.429],[-109.718,76.515],[-109.847,76.532],[-109.223,76.808],[-108.833,76.827],[-108.587,76.642]]],[[[-111.923,75.853],[-111.923,75.853]]]]}},{"type":"Feature","properties":{"NAME":null,"ABBREVN":null,"type":null,"weblnks":null,"SUBJECTO":null,"BORDERPRECISION":1,"PARTOF":null},"geometry":{"type":"MultiPolygon","coordinates":[[[[-85.068,65.596],[-85.312,65.538],[-85.142,65.469],[-85.198,65.376],[-84.925,65.21],[-84.605,65.181],[-84.424,65.392],[-84.221,65.358],[-84.148,65.334],[-84.23,65.265],[-84.141,65.22],[-83.67,65.161],[-83.085,64.865],[-82.11,64.644],[-81.831,64.407],[-81.863,64.082],[-81.987,63.994],[-80.953,63.978],[-80.231,63.744],[-80.454,63.728],[-80.936,63.511],[-81.91,63.632],[-82.198,63.69],[-82.369,63.91],[-83.02,64.189],[-83.426,64.174],[-83.682,64.007],[-83.604,63.928],[-83.637,63.766],[-84.286,63.616],[-84.655,63.314],[-85.157,63.185],[-85.463,63.206],[-85.432,63.598],[-85.601,63.748],[-86.311,63.641],[-86.596,63.669],[-87.099,63.552],[-87.053,63.752],[-86.061,64.141],[-86.243,64.542],[-86.195,64.73],[-85.558,65.864],[-85.068,65.596]]]]}},{"type":"Feature","properties":{"NAME":null,"ABBREVN":null,"type":null,"weblnks":null,"SUBJECTO":null,"BORDERPRECISION":1,"PARTOF":null},"geometry":{"type":"MultiPolygon","coordinates":[[[[-97.96,73.847],[-97.582,73.894],[-96.983,73.749],[-97.668,73.483],[-97.489,73.459],[-98.363,73.218],[-98.394,73.131],[-98.313,73.052],[-98.45,73.02],[-98.446,72.866],[-98.178,72.998],[-97.255,72.934],[-97.265,72.849],[-97.023,72.732],[-97.197,72.604],[-96.612,72.747],[-96.351,72.501],[-96.672,72.31],[-96.872,72.321],[-96.685,72.282],[-96.781,72.053],[-96.867,72.041],[-96.791,72.026],[-96.85,71.88],[-97.067,71.712],[-97.58,71.644],[-97.842,71.69],[-98.222,71.895],[-98.484,71.892],[-98.494,71.714],[-98.042,71.531],[-98.372,71.37],[-98.939,71.392],[-100.319,72.14],[-101.221,72.332],[-101.406,72.295],[-102.667,72.852],[-102.393,73.061],[-102.137,73.087],[-101.505,72.867],[-101.298,72.71],[-100.434,72.737],[-100.314,72.796],[-100.458,72.941],[-100.358,73.009],[-100.329,72.891],[-100.096,72.886],[-100.031,72.935],[-100.207,73.112],[-99.77,73.204],[-99.959,73.219],[-100.988,73.805],[-100.658,73.846],[-100.063,73.765],[-99.87,73.87],[-100.156,73.828],[-99.812,73.919],[-98.968,73.728],[-97.96,73.847]]],[[[-98.197,71.644],[-98.359,71.736],[-98.197,71.644]]],[[[-100.317,73.034],[-100.317,73.034]]],[[[-96.77,72.72],[-97.011,72.776],[-96.916,72.839],[-96.641,72.794],[-96.77,72.72]]],[[[-98.124,73.879],[-98.571,73.83],[-97.99,73.919],[-98.124,73.879]]]]}},{"type":"Feature","properties":{"NAME":null,"ABBREVN":null,"type":null,"weblnks":null,"SUBJECTO":null,"BORDERPRECISION":1,"PARTOF":null},"geometry":{"type":"MultiPolygon","coordinates":[[[[-125.934,49.211],[-125.818,49.221],[-125.798,49.146],[-125.934,49.211]]],[[[-124.689,49.48],[-124.833,49.551],[-124.689,49.48]]],[[[-125.929,50.382],[-125.661,50.37],[-125.545,50.291],[-124.789,49.464],[-123.861,49.158],[-123.593,48.635],[-123.719,48.477],[-124.493,48.6],[-125.098,48.795],[-125.143,48.831],[-124.836,49.024],[-124.808,49.241],[-124.95,48.983],[-125.15,48.982],[-124.999,49.169],[-125.763,49.085],[-125.607,49.216],[-125.753,49.147],[-125.797,49.31],[-125.944,49.235],[-125.9,49.434],[-126.569,49.579],[-126.103,49.679],[-126.585,49.701],[-126.522,49.822],[-126.961,50.057],[-127.385,50.05],[-127.952,50.404],[-127.924,50.463],[-127.584,50.487],[-127.447,50.373],[-127.57,50.512],[-127.419,50.597],[-127.873,50.624],[-127.59,50.546],[-128.023,50.452],[-128.417,50.769],[-127.883,50.866],[-127.227,50.636],[-125.929,50.382]]],[[[-126.613,49.648],[-126.628,49.724],[-126.613,49.648]]],[[[-125.755,50.406],[-125.679,50.382],[-125.755,50.406]]],[[[-125.791,50.415],[-125.951,50.434],[-125.791,50.415]]],[[[-127.102,50.627],[-127.102,50.627]]]]}},{"type":"Feature","properties":{"NAME":null,"ABBREVN":null,"type":null,"weblnks":null,"SUBJECTO":null,"BORDERPRECISION":1,"PARTOF":null},"geometry":{"type":"MultiPolygon","coordinates":[[[[-117.973,76.596],[-117.734,76.778],[-117.842,76.824],[-118.15,76.762],[-118.253,76.879],[-118.736,76.938],[-119.387,76.375],[-119.655,76.307],[-119.783,76.138],[-120.1,75.978],[-120.406,75.956],[-120.736,76.057],[-120.727,76.159],[-121.311,76.296],[-121.711,76.177],[-122.282,76.151],[-122.645,76.3],[-122.309,76.409],[-121.533,76.437],[-121.213,76.65],[-120.402,76.797],[-120.091,77.003],[-119.389,77.184],[-119.153,77.326],[-117.867,77.389],[-117.023,77.291],[-117.182,77.346],[-116.796,77.317],[-116.648,77.383],[-117.131,77.443],[-116.488,77.55],[-115.682,77.381],[-116.406,77.234],[-116.505,77.113],[-116.24,76.78],[-117.0,76.728],[-117.413,76.43],[-117.863,76.438],[-117.973,76.596]]],[[[-120.886,76.729],[-121.185,76.731],[-120.886,76.729]]]]}},{"type":"Feature","properties":{"NAME":null,"ABBREVN":null,"type":null,"weblnks":null,"SUBJECTO":null,"BORDERPRECISION":1,"PARTOF":null},"geometry":{"type":"MultiPolygon","coordinates":[[[[-102.676,78.977],[-102.721,78.938],[-102.551,78.869],[-102.384,78.998],[-101.048,78.896],[-101.173,78.801],[-100.423,78.824],[-100.104,78.748],[-99.93,78.674],[-100.062,78.636],[-99.852,78.633],[-99.643,78.498],[-99.868,78.437],[-99.748,78.384],[-99.794,78.297],[-99.529,78.282],[-99.117,78.111],[-99.063,77.975],[-99.54,77.813],[-100.2,77.817],[-101.168,78.269],[-102.817,78.296],[-102.666,78.359],[-102.806,78.378],[-104.162,78.298],[-104.966,78.534],[-104.667,78.58],[-103.524,78.496],[-103.378,78.586],[-103.396,78.718],[-103.319,78.74],[-104.11,79.058],[-105.481,79.224],[-105.44,79.329],[-103.723,79.357],[-103.161,79.29],[-102.623,79.041],[-102.676,78.977]]],[[[-103.986,78.617],[-104.042,78.63],[-103.913,78.618],[-103.986,78.617]]]]}},{"type":"Feature","properties":{"NAME":null,"ABBREVN":null,"type":null,"weblnks":null,"SUBJECTO":null,"BORDERPRECISION":1,"PARTOF":null},"geometry":{"type":"MultiPolygon","coordinates":[[[[-92.114,73.977],[-91.14,74.01],[-90.452,73.904],[-92.001,72.841],[-94.266,72.853],[-94.094,72.764],[-94.319,72.717],[-93.977,72.704],[-93.639,72.53],[-93.724,72.388],[-94.109,72.222],[-94.542,72.19],[-95.058,72.283],[-95.124,72.519],[-95.548,72.882],[-95.627,73.105],[-95.493,73.614],[-95.323,73.759],[-94.618,73.651],[-95.022,73.751],[-94.758,73.744],[-95.044,74.026],[-94.217,74.132],[-93.758,74.097],[-93.738,74.151],[-92.277,73.996],[-92.33,73.942],[-92.114,73.977]]]]}},{"type":"Feature","properties":{"NAME":null,"ABBREVN":null,"type":null,"weblnks":null,"SUBJECTO":null,"BORDERPRECISION":1,"PARTOF":null},"geometry":{"type":"MultiPolygon","coordinates":[[[[-102.021,75.926],[-102.394,75.881],[-102.532,75.783],[-102.516,75.919],[-102.021,75.926]]],[[[-98.358,76.566],[-97.817,76.476],[-97.651,76.138],[-97.667,75.861],[-98.152,75.602],[-98.165,75.329],[-98.03,75.212],[-98.099,75.223],[-98.147,75.164],[-98.08,75.13],[-98.164,75.096],[-99.944,75.084],[-100.417,75.227],[-99.995,75.24],[-100.474,75.315],[-99.668,75.611],[-99.863,75.614],[-99.818,75.655],[-98.908,75.705],[-99.968,75.669],[-100.097,75.765],[-100.619,75.789],[-102.15,75.644],[-102.408,75.728],[-102.019,75.699],[-102.094,75.791],[-102.373,75.802],[-101.864,75.902],[-101.439,75.756],[-101.182,75.78],[-101.348,75.775],[-101.364,75.848],[-101.579,75.909],[-101.316,76.019],[-101.684,75.98],[-101.873,76.044],[-101.675,76.064],[-101.761,76.174],[-101.385,76.249],[-101.794,76.215],[-101.885,76.333],[-101.799,76.454],[-101.316,76.414],[-101.058,76.327],[-101.094,76.283],[-101.004,76.238],[-99.888,75.886],[-99.439,75.971],[-99.859,75.935],[-100.044,76.022],[-99.867,76.059],[-99.902,76.143],[-99.414,76.158],[-99.956,76.19],[-100.107,76.267],[-99.845,76.28],[-100.511,76.445],[-100.658,76.575],[-99.783,76.623],[-99.08,76.397],[-99.135,76.455],[-98.846,76.436],[-98.831,76.614],[-98.488,76.651],[-98.737,76.644],[-98.615,76.678],[-98.181,76.587],[-98.402,76.592],[-98.358,76.566]]],[[[-98.025,75.162],[-98.025,75.162]]]]}},{"type":"Feature","properties":{"NAME":null,"ABBREVN":null,"type":null,"weblnks":null,"SUBJECTO":null,"BORDERPRECISION":1,"PARTOF":null},"geometry":{"type":"MultiPolygon","coordinates":[[[[-97.104,69.614],[-96.202,69.303],[-96.226,69.05],[-96.115,69.031],[-96.15,69.174],[-95.82,68.87],[-95.515,68.809],[-96.213,68.537],[-96.473,68.514],[-97.606,68.64],[-98.383,68.86],[-99.365,68.974],[-99.171,69.125],[-98.393,69.308],[-98.285,69.507],[-98.004,69.436],[-98.272,69.581],[-98.253,69.694],[-98.115,69.801],[-97.742,69.832],[-97.341,69.706],[-97.489,69.674],[-97.391,69.593],[-97.304,69.698],[-97.104,69.614]]]]}},{"type":"Feature","properties":{"NAME":null,"ABBREVN":null,"type":null,"weblnks":null,"SUBJECTO":null,"BORDERPRECISION":1,"PARTOF":null},"geometry":{"type":"MultiPolygon","coordinates":[[[[-96.009,78.492],[-95.602,78.52],[-95.097,78.438],[-95.117,78.286],[-95.399,78.231],[-95.176,78.205],[-95.233,78.132],[-97.087,78.015],[-97.361,78.078],[-96.856,78.108],[-97.692,78.21],[-98.243,78.532],[-98.028,78.563],[-98.372,78.72],[-98.206,78.805],[-97.489,78.797],[-96.186,78.629],[-96.178,78.519],[-96.009,78.492]]]]}},{"type":"Feature","properties":{"NAME":null,"ABBREVN":null,"type":null,"weblnks":null,"SUBJECTO":null,"BORDERPRECISION":1,"PARTOF":null},"geometry":{"type":"MultiPolygon","coordinates":[[[[-75.163,67.944],[-75.146,67.577],[-75.77,67.302],[-76.863,67.262],[-77.065,67.329],[-77.248,67.655],[-76.794,68.147],[-76.496,68.267],[-75.888,68.34],[-75.475,68.254],[-75.12,68.113],[-75.163,67.944]]]]}},{"type":"Feature","properties":{"NAME":null,"ABBREVN":null,"type":null,"weblnks":null,"SUBJECTO":null,"BORDERPRECISION":1,"PARTOF":null},"geometry":{"type":"MultiPolygon","coordinates":[[[[-152.862,57.731],[-152.86,57.787],[-152.679,57.765],[-152.378,57.518],[-152.927,57.517],[-153.177,57.407],[-153.5,57.064],[-153.757,57.046],[-153.57,57.015],[-153.67,56.969],[-153.838,56.947],[-153.846,57.021],[-153.97,56.96],[-153.74,57.127],[-153.784,57.153],[-154.114,56.975],[-154.009,57.114],[-154.485,57.104],[-154.64,57.271],[-154.189,57.631],[-153.628,57.269],[-153.818,57.453],[-153.731,57.427],[-153.522,57.544],[-153.317,57.72],[-153.396,57.804],[-152.919,57.794],[-152.862,57.731]]],[[[-154.353,57.055],[-154.101,57.116],[-154.15,56.98],[-154.353,57.055]]],[[[-153.249,57.815],[-153.249,57.815]]]]}},{"type":"Feature","properties":{"NAME":null,"ABBREVN":null,"type":null,"weblnks":null,"SUBJECTO":null,"BORDERPRECISION":1,"PARTOF":null},"geometry":{"type":"MultiPolygon","coordinates":[[[[-170.737,63.633],[-170.482,63.688],[-169.119,63.241],[-169.666,63.24],[-169.823,63.131],[-169.973,63.156],[-169.913,63.124],[-170.845,63.46],[-171.851,63.509],[-171.721,63.747],[-171.536,63.613],[-170.914,63.571],[-170.737,63.633]]]]}},{"type":"Feature","properties":{"NAME":null,"ABBREVN":null,"type":null,"weblnks":null,"SUBJECTO":null,"BORDERPRECISION":1,"PARTOF":null},"geometry":{"type":"MultiPolygon","coordinates":[[[[-94.258,76.896],[-93.795,76.738],[-93.875,76.627],[-93.82,76.483],[-93.938,76.398],[-95.724,76.471],[-95.881,76.517],[-95.588,76.604],[-95.938,76.548],[-96.321,76.807],[-96.809,76.92],[-96.659,76.949],[-96.757,76.982],[-96.354,76.993],[-96.39,77.028],[-95.629,77.042],[-94.258,76.896]]]]}},{"type":"Feature","properties":{"NAME":null,"ABBREVN":null,"type":null,"weblnks":null,"SUBJECTO":null,"BORDERPRECISION":1,"PARTOF":null},"geometry":{"type":"MultiPolygon","coordinates":[[[[-133.06,56.047],[-132.633,55.9],[-132.594,55.812],[-132.688,55.649],[-132.555,55.453],[-132.177,55.285],[-132.25,55.212],[-132.176,55.192],[-132.174,54.846],[-132.51,55.056],[-132.641,55.25],[-132.646,55.14],[-133.125,55.479],[-132.908,55.628],[-133.271,55.621],[-133.268,55.742],[-133.136,55.886],[-133.241,55.904],[-133.258,56.152],[-133.518,56.211],[-133.281,56.232],[-133.06,56.047]]],[[[-133.291,55.9],[-133.211,55.852],[-133.249,55.774],[-133.291,55.9]]],[[[-133.401,56.154],[-133.278,56.14],[-133.363,56.01],[-133.473,56.143],[-133.401,56.154]]]]}},{"type":"Feature","properties":{"NAME":null,"ABBREVN":null,"type":null,"weblnks":null,"SUBJECTO":null,"BORDERPRECISION":1,"PARTOF":null},"geometry":{"type":"MultiPolygon","coordinates":[[[[-110.896,77.856],[-110.659,77.76],[-110.096,77.771],[-110.62,77.537],[-111.91,77.483],[-113.024,77.602],[-113.16,77.792],[-113.033,77.903],[-112.379,78.002],[-110.71,78.023],[-109.736,77.955],[-110.896,77.856]]]]}},{"type":"Feature","properties":{"NAME":null,"ABBREVN":null,"type":null,"weblnks":null,"SUBJECTO":null,"BORDERPRECISION":1,"PARTOF":null},"geometry":{"type":"MultiPolygon","coordinates":[[[[-160.421,55.63],[-160.528,55.542],[-161.616,55.609],[-161.766,55.344],[-162.218,55.132],[-162.481,55.143],[-162.588,55.3],[-162.495,55.416],[-161.609,55.845],[-161.318,55.879],[-160.681,55.694],[-160.76,55.78],[-160.676,55.765],[-160.356,55.657],[-160.421,55.63]]],[[[-161.403,55.555],[-161.276,55.529],[-161.47,55.497],[-161.403,55.555]]]]}},{"type":"Feature","properties":{"NAME":null,"ABBREVN":null,"type":null,"weblnks":null,"SUBJECTO":null,"BORDERPRECISION":1,"PARTOF":null},"geometry":{"type":"MultiPolygon","coordinates":[[[[-155.791,19.029],[-155.901,19.088],[-155.879,19.367],[-156.05,19.736],[-155.81,20.01],[-155.873,20.258],[-155.212,19.896],[-155.218,19.772],[-154.92,19.555],[-155.137,19.328],[-155.482,19.24],[-155.791,19.029]]]]}},{"type":"Feature","properties":{"NAME":null,"ABBREVN":null,"type":null,"weblnks":null,"SUBJECTO":null,"BORDERPRECISION":1,"PARTOF":null},"geometry":{"type":"MultiPolygon","coordinates":[[[[-163.326,54.809],[-163.386,54.857],[-163.326,54.88],[-163.326,54.809]]],[[[-163.329,54.701],[-163.573,54.632],[-164.072,54.657],[-164.388,54.442],[-164.664,54.392],[-164.853,54.425],[-164.95,54.571],[-164.704,54.668],[-164.561,54.831],[-163.758,55.056],[-163.462,54.97],[-163.37,54.785],[-163.206,54.737],[-163.329,54.701]]]]}},{"type":"Feature","properties":{"NAME":null,"ABBREVN":null,"type":null,"weblnks":null,"SUBJECTO":null,"BORDERPRECISION":1,"PARTOF":null},"geometry":{"type":"MultiPolygon","coordinates":[[[[-135.489,58.068],[-135.325,58.093],[-135.165,57.775],[-135.888,57.989],[-135.297,57.732],[-135.144,57.733],[-135.147,57.599],[-135.814,57.762],[-135.812,57.471],[-136.054,57.609],[-135.952,57.616],[-136.414,57.821],[-136.326,57.991],[-136.031,57.843],[-136.427,58.101],[-136.3,58.18],[-136.167,58.098],[-136.161,58.198],[-136.003,58.205],[-135.692,58.054],[-135.783,58.041],[-135.647,57.962],[-135.489,58.068]]],[[[-135.604,58.044],[-135.661,58.045],[-135.604,58.044]]],[[[-136.547,57.961],[-136.444,58.082],[-136.331,58.01],[-136.437,57.846],[-136.547,57.961]]]]}},{"type":"Feature","properties":{"NAME":null,"ABBREVN":null,"type":null,"weblnks":null,"SUBJECTO":null,"BORDERPRECISION":1,"PARTOF":null},"geometry":{"type":"MultiPolygon","coordinates":[[[[-132.572,53.977],[-132.143,53.979],[-132.111,53.878],[-132.225,53.78],[-132.665,53.673],[-132.418,53.606],[-132.156,53.716],[-132.077,54.019],[-131.894,53.894],[-131.999,53.794],[-132.09,53.399],[-132.41,53.342],[-132.772,53.456],[-133.086,53.805],[-133.053,54.066],[-132.73,54.067],[-132.566,54.03],[-132.68,53.948],[-132.572,53.977]]],[[[-132.552,53.308],[-132.676,53.372],[-132.469,53.319],[-132.552,53.308]]]]}},{"type":"Feature","properties":{"NAME":null,"ABBREVN":null,"type":null,"weblnks":null,"SUBJECTO":null,"BORDERPRECISION":1,"PARTOF":null},"geometry":{"type":"MultiPolygon","coordinates":[[[[-135.03,56.577],[-134.846,56.682],[-135.051,56.607],[-135.15,56.752],[-135.12,56.827],[-135.192,56.812],[-135.409,57.154],[-135.333,57.244],[-135.469,57.246],[-135.441,57.428],[-135.002,57.326],[-134.764,56.794],[-134.946,56.454],[-135.03,56.577]]]]}},{"type":"Feature","properties":{"NAME":null,"ABBREVN":null,"type":null,"weblnks":null,"SUBJECTO":null,"BORDERPRECISION":1,"PARTOF":null},"geometry":{"type":"MultiPolygon","coordinates":[[[[-166.919,53.712],[-166.766,53.686],[-167.021,53.753],[-167.096,53.915],[-166.771,54.001],[-166.591,53.964],[-166.607,53.83],[-166.462,53.897],[-166.383,53.855],[-166.61,53.707],[-166.643,53.573],[-166.927,53.459],[-166.997,53.707],[-166.919,53.712]]]]}},{"type":"Feature","properties":{"NAME":null,"ABBREVN":null,"type":null,"weblnks":null,"SUBJECTO":null,"BORDERPRECISION":1,"PARTOF":null},"geometry":{"type":"MultiPolygon","coordinates":[[[[-156.443,20.609],[-156.473,20.791],[-156.69,20.888],[-156.641,21.026],[-156.119,20.79],[-156.253,20.63],[-156.443,20.609]]]]}},{"type":"Feature","properties":{"NAME":null,"ABBREVN":null,"type":null,"weblnks":null,"SUBJECTO":null,"BORDERPRECISION":1,"PARTOF":null},"geometry":{"type":"MultiPolygon","coordinates":[[[[-158.231,21.473],[-158.273,21.581],[-158.11,21.609],[-157.844,21.292],[-158.106,21.298],[-158.231,21.473]]]]}},{"type":"Feature","properties":{"NAME":null,"ABBREVN":null,"type":null,"weblnks":null,"SUBJECTO":null,"BORDERPRECISION":1,"PARTOF":null},"geometry":{"type":"MultiPolygon","coordinates":[[[[-168.371,53.253],[-168.411,53.41],[-168.24,53.529],[-167.961,53.49],[-167.888,53.364],[-168.371,53.253]]]]}},{"type":"Feature","properties":{"NAME":null,"ABBREVN":null,"type":null,"weblnks":null,"SUBJECTO":null,"BORDERPRECISION":1,"PARTOF":null},"geometry":{"type":"MultiPolygon","coordinates":[[[[-162.96,54.981],[-163.016,55.081],[-163.252,55.149],[-162.914,55.202],[-162.788,55.152],[-162.801,54.996],[-162.96,54.981]]]]}},{"type":"Feature","properties":{"NAME":null,"ABBREVN":null,"type":null,"weblnks":null,"SUBJECTO":null,"BORDERPRECISION":1,"PARTOF":null},"geometry":{"type":"MultiPolygon","coordinates":[[[[-48.62,-0.942],[-48.886,-1.421],[-49.336,-1.641],[-49.754,-1.634],[-50.225,-1.735],[-50.476,-1.679],[-50.647,-1.266],[-50.55,-1.069],[-50.617,-0.891],[-50.501,-0.262],[-50.422,-0.217],[-49.358,-0.285],[-49.143,-0.195],[-48.546,-0.321],[-48.402,-0.391],[-48.553,-0.632],[-48.62,-0.942]]]]}},{"type":"Feature","properties":{"NAME":null,"ABBREVN":null,"type":null,"weblnks":null,"SUBJECTO":null,"BORDERPRECISION":1,"PARTOF":null},"geometry":{"type":"MultiPolygon","coordinates":[[[[-61.674,10.075],[-61.924,10.058],[-61.458,10.278],[-61.474,10.598],[-61.662,10.709],[-61.116,10.819],[-61.237,10.63],[-61.207,10.118],[-61.674,10.075]]]]}},{"type":"Feature","properties":{"NAME":"Dravidians","ABBREVN":"Dravidians","type":null,"weblnks":null,"SUBJECTO":"Dravidians","BORDERPRECISION":1,"PARTOF":"Dravidians"},"geometry":{"type":"MultiPolygon","coordinates":[[[[80.142,14.264],[80.17,13.892],[80.049,13.618],[80.32,13.333],[80.315,13.159],[79.711,11.445],[79.796,10.267],[79.399,10.32],[79.222,10.192],[78.908,9.48],[79.009,9.332],[79.16,9.277],[78.397,9.09],[78.192,8.904],[78.065,8.385],[77.536,8.072],[77.299,8.133],[76.694,8.748],[76.618,8.968],[76.667,9.004],[76.538,9.119],[76.384,9.86],[75.689,11.435],[75.211,12.102],[74.734,13.683],[74.412,14.483],[74.209,14.753],[80.136,14.489],[80.142,14.264]]]]}},{"type":"Feature","properties":{"NAME":null,"ABBREVN":null,"type":null,"weblnks":null,"SUBJECTO":null,"BORDERPRECISION":1,"PARTOF":null},"geometry":{"type":"MultiPolygon","coordinates":[[[[-15.435,28.133],[-15.365,28.004],[-15.428,27.799],[-15.579,27.732],[-15.785,27.837],[-15.819,27.977],[-15.607,28.151],[-15.435,28.133]]],[[[-17.094,28.081],[-17.275,28.031],[-17.312,28.176],[-17.189,28.185],[-17.094,28.081]]],[[[-16.694,28.369],[-16.157,28.52],[-16.638,28.05],[-16.71,28.048],[-16.904,28.325],[-16.694,28.369]]],[[[-13.951,28.739],[-13.866,28.748],[-13.821,28.623],[-13.923,28.249],[-14.444,28.069],[-14.209,28.228],[-13.951,28.739]]],[[[-13.452,29.073],[-13.789,28.844],[-13.852,28.906],[-13.794,29.051],[-13.469,29.243],[-13.452,29.073]]]]}},{"type":"Feature","properties":{"NAME":"Bantu","ABBREVN":"Bantu","type":null,"weblnks":null,"SUBJECTO":"Bantu","BORDERPRECISION":1,"PARTOF":"Bantu"},"geometry":{"type":"MultiPolygon","coordinates":[[[[12.973,-5.862],[12.737,-5.944],[12.844,-5.851],[12.973,-5.862]]],[[[32.045,-2.243],[32.038,-2.351],[31.848,-2.454],[31.818,-2.192],[31.9,-2.284],[32.045,-2.243]]],[[[41.169,-2.101],[40.983,-2.098],[41.098,-2.038],[41.169,-2.101]]],[[[33.14,-2.069],[33.175,-2.159],[32.899,-2.085],[32.83,-1.938],[32.949,-1.902],[33.14,-2.069]]],[[[32.179,-0.311],[32.319,-0.338],[32.272,-0.472],[32.132,-0.525],[32.208,-0.363],[32.065,-0.254],[32.182,-0.235],[32.179,-0.311]]],[[[33.325,0.142],[33.339,0.08],[33.184,0.15],[33.224,0.277],[33.388,0.272],[33.325,0.142]]],[[[46.238,2.663],[45.894,2.346],[44.549,1.555],[43.788,0.922],[42.563,-0.314],[41.315,-1.958],[40.892,-2.019],[40.898,-2.232],[40.787,-2.294],[40.81,-2.404],[40.629,-2.555],[40.422,-2.554],[40.226,-2.679],[40.121,-3.277],[39.974,-3.376],[39.831,-3.814],[39.407,-4.631],[39.301,-4.597],[39.203,-4.67],[39.221,-4.849],[39.174,-4.938],[39.148,-4.88],[38.776,-6.034],[38.874,-6.389],[39.545,-7.028],[39.274,-7.579],[39.287,-7.877],[39.439,-7.924],[32.529,-8.073],[31.897,-7.585],[31.794,-7.701],[31.921,-7.959],[32.477,-8.075],[30.939,-8.108],[30.604,-7.542],[30.528,-6.923],[30.166,-6.483],[29.95,-6.498],[29.722,-6.244],[29.748,-6.03],[29.951,-5.861],[29.758,-5.467],[29.792,-5.041],[29.6,-4.896],[29.653,-4.42],[29.364,-3.856],[29.332,-3.39],[29.196,-3.338],[29.063,-4.317],[29.145,-4.335],[29.254,-4.101],[29.203,-4.511],[29.124,-4.586],[29.102,-5.054],[29.372,-5.616],[29.33,-5.799],[29.19,-5.915],[29.193,-6.038],[29.476,-6.515],[29.511,-6.72],[29.752,-6.995],[30.09,-7.214],[30.277,-7.848],[30.567,-8.116],[13.478,-8.486],[13.387,-8.156],[13.0,-7.567],[12.796,-6.861],[12.293,-6.058],[12.789,-6.018],[12.975,-5.886],[13.179,-5.856],[12.892,-5.813],[12.705,-5.962],[12.436,-6.017],[12.265,-5.865],[12.2,-5.748],[12.227,-5.362],[11.773,-4.537],[11.011,-3.808],[10.501,-3.169],[9.943,-2.698],[10.156,-2.58],[10.131,-2.52],[9.654,-2.416],[9.33,-1.908],[9.443,-1.917],[9.538,-2.07],[9.485,-1.864],[9.296,-1.855],[9.243,-1.772],[9.514,-1.597],[9.324,-1.42],[9.33,-1.279],[9.263,-1.398],[9.112,-1.353],[8.828,-0.889],[9.203,-0.634],[9.473,0.116],[9.883,0.079],[9.921,0.185],[9.35,0.535],[9.569,0.626],[9.6,0.481],[9.631,1.034],[9.804,1.003],[9.85,1.074],[9.37,1.171],[9.851,1.877],[9.894,2.138],[9.819,2.445],[9.967,3.082],[9.928,3.268],[9.666,3.545],[9.746,3.618],[9.629,3.605],[9.608,3.696],[9.78,3.853],[9.651,4.018],[9.489,4.116],[9.484,4.037],[9.284,4.017],[9.032,4.138],[8.934,4.547],[8.554,4.736],[8.587,4.824],[8.534,4.749],[8.275,4.857],[8.328,4.613],[8.275,4.542],[7.695,4.497],[7.536,4.541],[7.55,4.707],[7.504,4.567],[7.272,4.558],[7.072,4.754],[7.179,4.526],[7.026,4.48],[7.04,4.644],[6.962,4.725],[6.9,4.677],[6.997,4.441],[6.948,4.375],[6.866,4.4],[6.768,4.775],[6.849,4.348],[6.717,4.35],[6.727,4.605],[6.657,4.508],[6.694,4.33],[6.249,4.327],[6.33,4.431],[6.26,4.456],[6.22,4.327],[6.089,4.328],[5.607,4.632],[5.452,4.923],[5.384,5.121],[5.494,5.146],[5.369,5.158],[5.349,5.331],[5.64,5.536],[5.377,5.39],[5.448,5.477],[5.404,5.567],[5.498,5.624],[5.153,5.642],[4.886,6.003],[4.526,6.305],[4.072,6.44],[3.949,6.579],[3.773,6.555],[3.857,6.601],[3.767,6.613],[3.524,6.521],[3.467,6.595],[3.319,6.386],[1.342,6.18],[1.077,6.022],[0.92,5.772],[0.692,5.748],[0.576,6.006],[0.231,6.105],[0.575,5.992],[0.662,5.754],[0.256,5.758],[-0.717,5.283],[-1.613,5.021],[-2.059,4.731],[-2.273,4.889],[-2.717,5.04],[-2.934,5.275],[-3.136,5.142],[-3.199,5.209],[-3.143,5.368],[-3.259,5.335],[-3.276,5.149],[-3.977,5.265],[-3.733,5.259],[-3.808,5.376],[-3.743,5.27],[-3.911,5.32],[-5.32,5.231],[-5.304,5.181],[-6.902,4.66],[-7.422,4.355],[-7.555,4.348],[-9.248,5.172],[-9.937,5.863],[-11.226,6.646],[-11.736,7.084],[-12.264,7.351],[-12.185,7.599],[-12.869,7.973],[-12.974,8.248],[-13.099,8.205],[-13.212,8.347],[-13.037,8.375],[-13.078,8.413],[-12.898,8.568],[-13.145,8.722],[-13.141,9.027],[-13.493,9.56],[-13.52,9.516],[-13.626,9.623],[-13.596,9.768],[-13.689,9.952],[-14.058,10.08],[-14.55,10.422],[-14.521,10.851],[-14.588,10.785],[-14.809,10.821],[-14.814,10.94],[-14.693,11.035],[-14.876,10.97],[-14.966,10.847],[-15.023,11.195],[-15.341,11.221],[-15.412,11.33],[-15.266,11.423],[-15.398,11.396],[-15.28,11.621],[-15.037,11.576],[-15.263,11.651],[-15.099,11.813],[-15.131,11.893],[-14.924,11.758],[-15.064,11.841],[-15,11.97],[-15.208,11.902],[-15.406,11.963],[-15.809,11.843],[-15.919,11.893],[-15.706,12.01],[-15.853,12.017],[-15.972,11.918],[-16.248,12.103],[-16.278,12.206],[-16.111,12.331],[-16.313,12.219],[-16.425,12.248],[-16.696,12.413],[-16.75,12.543],[-16.587,12.633],[-16.374,12.544],[-16.015,12.631],[-15.627,12.531],[-15.508,12.635],[-15.532,12.781],[-15.39,12.832],[-15.54,12.795],[-15.541,12.647],[-15.638,12.558],[-15.914,12.595],[-16.021,12.725],[-16.074,12.633],[-16.376,12.564],[-16.571,12.671],[-16.598,12.792],[-16.645,12.634],[-16.772,12.597],[-16.767,13.36],[-16.689,13.449],[-16.588,13.461],[-16.547,13.289],[-16.254,13.32],[-16.222,13.251],[-16.155,13.277],[-16.225,13.329],[-16.162,13.425],[-15.293,13.48],[-15.557,13.53],[-16.149,13.453],[-16.332,13.338],[-16.513,13.369],[-16.471,13.723],[-16.596,13.811],[-16.491,13.958],[-16.615,13.825],[-16.684,13.993],[-16.363,14.166],[-16.685,14.002],[-17.05,14.586],[-17.395,14.793],[-17.129,14.931],[-16.537,15.776],[-16.379,16.716],[-16.125,17.301],[-15.983,18.178],[-16.191,19.03],[-16.472,19.366],[-16.284,19.53],[-16.197,20.229],[-16.493,20.725],[-16.785,20.919],[-16.92,21.162],[-17.038,20.804],[-16.968,21.629],[-16.872,21.842],[46.286,2.714],[46.238,2.663]],[[35.744,-3.636],[35.775,-3.757],[35.869,-3.424],[35.744,-3.636]],[[29.249,-1.736],[29.198,-1.644],[29.033,-1.647],[28.85,-2.448],[29.077,-2.345],[29.338,-2.058],[29.249,-1.736]],[[18.126,-0.931],[18.089,-0.68],[17.811,-0.672],[18.036,-0.957],[18.126,-0.931]],[[29.366,-0.64],[29.642,-0.507],[29.868,-0.303],[29.887,-0.172],[29.644,-0.12],[29.496,-0.18],[29.327,-0.53],[29.366,-0.64]],[[30.492,1.173],[30.507,1.041],[30.594,1.041],[30.969,1.527],[31.268,1.688],[31.4,1.896],[31.384,2.261],[31.475,2.401],[30.529,1.532],[30.387,1.297],[30.492,1.173]],[[-1.145,8.874],[-1.062,8.722],[-1.376,8.805],[-1.715,8.63],[-1.405,8.739],[-1.153,8.551],[-1.128,8.632],[-0.999,8.63],[-0.795,8.315],[-0.6,8.173],[-0.756,8.102],[-0.543,8.154],[-0.527,8.062],[-0.379,8.048],[-0.417,7.972],[-0.315,8.04],[-0.192,7.955],[-0.098,7.746],[-0.654,7.551],[-0.064,7.641],[0.012,7.543],[-0.242,7.517],[0.046,7.478],[0.184,7.287],[0.099,7.193],[0.007,7.209],[0.085,7.147],[0.123,6.983],[0.042,6.946],[0.112,6.897],[-0.066,6.825],[-0.057,6.63],[-0.194,6.741],[-0.335,6.716],[-0.393,6.828],[-0.467,6.723],[-0.684,6.834],[0.103,6.338],[0.152,6.611],[0.317,6.738],[0.254,6.673],[0.32,7.542],[0.229,7.536],[0.258,7.905],[0.168,7.863],[0.108,7.939],[0.267,8.094],[0.184,8.206],[0.294,8.334],[0.103,8.434],[0.198,8.738],[0.085,8.548],[0.092,8.403],[0.217,8.363],[0.105,8.242],[0.17,8.086],[0.07,8.081],[0.07,7.821],[-0.024,7.793],[-0.128,8.011],[-0.33,8.158],[-0.202,8.213],[-0.485,8.209],[-0.782,8.469],[-0.705,8.643],[-0.806,8.689],[-0.791,8.761],[-0.873,8.586],[-1.106,8.897],[-1.152,9.117],[-1.145,8.874]],[[4.492,10.644],[4.4,10.375],[4.506,10.174],[4.474,10.07],[4.626,9.865],[4.598,10.196],[4.685,10.365],[4.68,10.585],[4.492,10.644]],[[32.76,-2.985],[32.963,-2.849],[32.884,-2.664],[32.945,-2.421],[33.416,-2.531],[33.809,-2.192],[33.753,-2.111],[33.585,-2.168],[33.226,-2.096],[33.524,-1.996],[33.45,-1.915],[33.298,-1.922],[33.593,-1.761],[33.686,-1.488],[33.921,-1.514],[33.829,-1.363],[33.942,-1.34],[33.903,-1.247],[34.163,-0.879],[34.079,-0.579],[34.217,-0.442],[34.456,-0.495],[34.478,-0.353],[34.813,-0.276],[34.718,-0.092],[34.42,-0.196],[34.285,-0.35],[34.003,-0.024],[33.975,0.213],[33.745,0.208],[33.68,0.316],[33.483,0.218],[33.484,0.315],[33.332,0.369],[33.364,0.472],[33.187,0.428],[33.137,0.252],[32.958,0.108],[32.879,0.169],[32.671,0.117],[32.711,0.179],[32.647,0.253],[32.533,0.07],[32.413,0.089],[31.95,-0.132],[31.994,-0.321],[31.723,-0.79],[31.865,-1.092],[31.664,-1.932],[31.801,-2.791],[31.918,-2.674],[32.003,-2.757],[31.986,-2.547],[32.15,-2.525],[32.096,-2.394],[32.283,-2.282],[32.548,-2.508],[32.644,-2.439],[32.811,-2.515],[32.862,-2.757],[32.76,-2.985]],[[33.022,1.56],[32.537,1.497],[32.742,1.34],[32.786,1.402],[32.893,1.311],[32.899,1.43],[33.26,1.223],[33.317,1.42],[33.197,1.399],[33.258,1.47],[33.126,1.503],[33.487,1.643],[33.414,1.731],[33.022,1.56]],[[36.633,2.425],[36.697,2.727],[36.652,2.858],[36.427,3.011],[36.221,3.473],[36.132,4.653],[36.045,4.539],[35.95,4.553],[35.872,3.598],[36.535,2.448],[36.633,2.425]]],[[[3.567,6.414],[3.389,6.443],[3.695,6.517],[3.567,6.414]]],[[[-5.23,5.199],[-5.211,5.198],[-5.232,5.194],[-5.23,5.199]]],[[[7.226,4.52],[7.316,4.466],[7.226,4.52]]],[[[7.349,4.479],[7.479,4.469],[7.349,4.479]]],[[[-4.146,5.277],[-4.025,5.264],[-4.214,5.259],[-4.146,5.277]]],[[[0.115,6.796],[0.181,6.726],[0.09,6.659],[0.017,6.779],[0.115,6.796]]]]}},{"type":"Feature","properties":{"NAME":null,"ABBREVN":null,"type":null,"weblnks":null,"SUBJECTO":null,"BORDERPRECISION":1,"PARTOF":null},"geometry":{"type":"MultiPolygon","coordinates":[[[[-59.533,13.051],[-59.629,13.103],[-59.631,13.335],[-59.429,13.165],[-59.533,13.051]]]]}},{"type":"Feature","properties":{"NAME":null,"ABBREVN":null,"type":null,"weblnks":null,"SUBJECTO":null,"BORDERPRECISION":1,"PARTOF":null},"geometry":{"type":"MultiPolygon","coordinates":[[[[-68.195,12.221],[-68.251,12.021],[-68.299,12.195],[-68.417,12.251],[-68.37,12.307],[-68.195,12.221]]]]}},{"type":"Feature","properties":{"NAME":null,"ABBREVN":null,"type":null,"weblnks":null,"SUBJECTO":null,"BORDERPRECISION":1,"PARTOF":null},"geometry":{"type":"MultiPolygon","coordinates":[[[[-61.669,17.085],[-61.738,16.99],[-61.886,17.028],[-61.826,17.167],[-61.669,17.085]]]]}},{"type":"Feature","properties":{"NAME":null,"ABBREVN":null,"type":null,"weblnks":null,"SUBJECTO":null,"BORDERPRECISION":1,"PARTOF":null},"geometry":{"type":"MultiPolygon","coordinates":[[[[-68.966,12.199],[-68.824,12.16],[-68.747,12.04],[-69.062,12.188],[-69.164,12.366],[-68.966,12.199]]]]}},{"type":"Feature","properties":{"NAME":null,"ABBREVN":null,"type":null,"weblnks":null,"SUBJECTO":null,"BORDERPRECISION":1,"PARTOF":null},"geometry":{"type":"MultiPolygon","coordinates":[[[[-61.475,15.619],[-61.267,15.517],[-61.255,15.285],[-61.364,15.198],[-61.475,15.619]]]]}},{"type":"Feature","properties":{"NAME":null,"ABBREVN":null,"type":null,"weblnks":null,"SUBJECTO":null,"BORDERPRECISION":1,"PARTOF":null},"geometry":{"type":"MultiPolygon","coordinates":[[[[-61.6,12.187],[-61.632,12.044],[-61.784,12.001],[-61.708,12.197],[-61.6,12.187]]]]}},{"type":"Feature","properties":{"NAME":null,"ABBREVN":null,"type":null,"weblnks":null,"SUBJECTO":null,"BORDERPRECISION":1,"PARTOF":null},"geometry":{"type":"MultiPolygon","coordinates":[[[[-61.034,14.829],[-60.83,14.57],[-60.855,14.403],[-61.034,14.466],[-61.232,14.809],[-61.165,14.88],[-61.034,14.829]]]]}},{"type":"Feature","properties":{"NAME":null,"ABBREVN":null,"type":null,"weblnks":null,"SUBJECTO":null,"BORDERPRECISION":1,"PARTOF":null},"geometry":{"type":"MultiPolygon","coordinates":[[[[-62.171,16.671],[-62.237,16.712],[-62.202,16.814],[-62.171,16.671]]]]}},{"type":"Feature","properties":{"NAME":null,"ABBREVN":null,"type":null,"weblnks":null,"SUBJECTO":null,"BORDERPRECISION":1,"PARTOF":null},"geometry":{"type":"MultiPolygon","coordinates":[[[[-63.151,18.166],[-62.973,18.277],[-63.151,18.166]]]]}},{"type":"Feature","properties":{"NAME":null,"ABBREVN":null,"type":null,"weblnks":null,"SUBJECTO":null,"BORDERPRECISION":1,"PARTOF":null},"geometry":{"type":"MultiPolygon","coordinates":[[[[-62.541,17.177],[-62.611,17.095],[-62.61,17.191],[-62.541,17.177]]]]}},{"type":"Feature","properties":{"NAME":null,"ABBREVN":null,"type":null,"weblnks":null,"SUBJECTO":null,"BORDERPRECISION":1,"PARTOF":null},"geometry":{"type":"MultiPolygon","coordinates":[[[[-61.035,13.97],[-60.92,14.106],[-60.885,13.854],[-60.951,13.71],[-61.073,13.797],[-61.035,13.97]]]]}},{"type":"Feature","properties":{"NAME":null,"ABBREVN":null,"type":null,"weblnks":null,"SUBJECTO":null,"BORDERPRECISION":1,"PARTOF":null},"geometry":{"type":"MultiPolygon","coordinates":[[[[-64.638,17.765],[-64.56,17.748],[-64.896,17.677],[-64.871,17.775],[-64.638,17.765]]]]}},{"type":"Feature","properties":{"NAME":null,"ABBREVN":null,"type":null,"weblnks":null,"SUBJECTO":null,"BORDERPRECISION":1,"PARTOF":null},"geometry":{"type":"MultiPolygon","coordinates":[[[[-61.196,15.945],[-61.257,15.87],[-61.33,15.934],[-61.267,16.015],[-61.196,15.945]]]]}},{"type":"Feature","properties":{"NAME":null,"ABBREVN":null,"type":null,"weblnks":null,"SUBJECTO":null,"BORDERPRECISION":1,"PARTOF":null},"geometry":{"type":"MultiPolygon","coordinates":[[[[-63.012,18.036],[-63.147,18.072],[-63.019,18.118],[-63.012,18.036]]]]}},{"type":"Feature","properties":{"NAME":null,"ABBREVN":null,"type":null,"weblnks":null,"SUBJECTO":null,"BORDERPRECISION":1,"PARTOF":null},"geometry":{"type":"MultiPolygon","coordinates":[[[[-61.874,17.689],[-61.787,17.701],[-61.733,17.541],[-61.853,17.583],[-61.874,17.689]]]]}},{"type":"Feature","properties":{"NAME":null,"ABBREVN":null,"type":null,"weblnks":null,"SUBJECTO":null,"BORDERPRECISION":1,"PARTOF":null},"geometry":{"type":"MultiPolygon","coordinates":[[[[-61.421,12.513],[-61.496,12.438],[-61.421,12.513]]]]}},{"type":"Feature","properties":{"NAME":null,"ABBREVN":null,"type":null,"weblnks":null,"SUBJECTO":null,"BORDERPRECISION":1,"PARTOF":null},"geometry":{"type":"MultiPolygon","coordinates":[[[[-62.693,17.278],[-62.856,17.386],[-62.73,17.365],[-62.622,17.224],[-62.693,17.278]]]]}},{"type":"Feature","properties":{"NAME":null,"ABBREVN":null,"type":null,"weblnks":null,"SUBJECTO":null,"BORDERPRECISION":1,"PARTOF":null},"geometry":{"type":"MultiPolygon","coordinates":[[[[-61.278,13.25],[-61.144,13.378],[-61.168,13.134],[-61.278,13.25]]]]}},{"type":"Feature","properties":{"NAME":null,"ABBREVN":null,"type":null,"weblnks":null,"SUBJECTO":null,"BORDERPRECISION":1,"PARTOF":null},"geometry":{"type":"MultiPolygon","coordinates":[[[[-64.79,18.331],[-64.658,18.34],[-64.79,18.331]]]]}},{"type":"Feature","properties":{"NAME":null,"ABBREVN":null,"type":null,"weblnks":null,"SUBJECTO":null,"BORDERPRECISION":1,"PARTOF":null},"geometry":{"type":"MultiPolygon","coordinates":[[[[-64.979,18.347],[-65.027,18.363],[-64.833,18.317],[-64.979,18.347]]]]}},{"type":"Feature","properties":{"NAME":null,"ABBREVN":null,"type":null,"weblnks":null,"SUBJECTO":null,"BORDERPRECISION":1,"PARTOF":null},"geometry":{"type":"MultiPolygon","coordinates":[[[[-61.086,16.305],[-60.989,16.346],[-61.086,16.305]]]]}},{"type":"Feature","properties":{"NAME":null,"ABBREVN":null,"type":null,"weblnks":null,"SUBJECTO":null,"BORDERPRECISION":1,"PARTOF":null},"geometry":{"type":"MultiPolygon","coordinates":[[[[-61.292,16.327],[-61.206,16.267],[-61.567,16.227],[-61.559,16.034],[-61.695,15.949],[-61.784,16.333],[-61.542,16.29],[-61.46,16.514],[-61.292,16.327]]]]}},{"type":"Feature","properties":{"NAME":null,"ABBREVN":null,"type":null,"weblnks":null,"SUBJECTO":null,"BORDERPRECISION":1,"PARTOF":null},"geometry":{"type":"MultiPolygon","coordinates":[[[[-62.841,17.879],[-62.869,17.93],[-62.791,17.912],[-62.841,17.879]]]]}},{"type":"Feature","properties":{"NAME":null,"ABBREVN":null,"type":null,"weblnks":null,"SUBJECTO":null,"BORDERPRECISION":1,"PARTOF":null},"geometry":{"type":"MultiPolygon","coordinates":[[[[-62.972,17.458],[-62.997,17.521],[-62.972,17.458]]]]}},{"type":"Feature","properties":{"NAME":null,"ABBREVN":null,"type":null,"weblnks":null,"SUBJECTO":null,"BORDERPRECISION":1,"PARTOF":null},"geometry":{"type":"MultiPolygon","coordinates":[[[[150.803,46.443],[150.876,46.447],[150.803,46.443]]],[[[151.763,46.775],[151.706,46.847],[151.86,46.861],[152.217,47.172],[152.293,47.148],[152.013,46.889],[151.763,46.775]]],[[[152.402,47.316],[152.437,47.382],[152.542,47.335],[152.402,47.316]]],[[[152.991,47.7],[153.074,47.808],[153.08,47.714],[152.991,47.7]]],[[[153.215,48.051],[153.164,48.131],[153.287,48.094],[153.215,48.051]]],[[[154.019,48.723],[153.977,48.762],[154.112,48.895],[154.229,48.902],[154.019,48.723]]],[[[153.919,48.98],[154.011,48.937],[153.919,48.98]]],[[[154.469,49.169],[154.599,49.112],[154.501,49.074],[154.469,49.169]]],[[[154.83,49.517],[154.811,49.303],[154.594,49.291],[154.743,49.586],[154.904,49.624],[154.83,49.517]]],[[[146.214,43.532],[146.131,43.458],[146.076,43.513],[146.214,43.532]]],[[[146.596,43.737],[146.611,43.807],[146.905,43.84],[146.683,43.708],[146.596,43.737]]],[[[146.204,44.27],[145.596,43.859],[145.555,43.651],[145.437,43.717],[145.41,43.835],[145.745,44.052],[146.127,44.507],[146.345,44.422],[146.568,44.438],[146.204,44.27]]],[[[148.216,45.189],[147.868,44.971],[147.621,44.966],[147.548,44.812],[147.209,44.55],[146.841,44.416],[147.144,44.661],[147.112,44.794],[147.894,45.224],[147.856,45.356],[147.933,45.421],[148.07,45.248],[148.322,45.27],[148.701,45.521],[148.856,45.474],[148.785,45.316],[148.216,45.189]]],[[[149.668,45.851],[150.343,46.212],[150.499,46.192],[150.159,45.9],[149.684,45.633],[149.437,45.584],[149.668,45.851]]],[[[154.355,49.767],[154.46,49.814],[154.425,49.734],[154.355,49.767]]],[[[155.222,50.234],[155.392,50.353],[155.661,50.385],[155.889,50.693],[156.112,50.755],[156.153,50.525],[155.795,50.189],[155.224,50.053],[155.222,50.234]]],[[[156.494,50.842],[156.401,50.626],[156.167,50.695],[156.341,50.851],[156.494,50.842]]],[[[155.67,50.857],[155.557,50.804],[155.448,50.898],[155.601,50.931],[155.67,50.857]]]]}},{"type":"Feature","properties":{"NAME":"Aboriginal tribes","ABBREVN":"From Indus Valley","type":"culture","weblnks":"http://www.nationalgeographic.com.au/australia/four-thousand-years-ago-indians-landed-in-australia.aspx","SUBJECTO":"Aboriginal tribes","BORDERPRECISION":1,"PARTOF":"Aboriginal tribes"},"geometry":{"type":"MultiPolygon","coordinates":[[[[146.648,-38.771],[146.468,-38.758],[146.648,-38.771]]],[[[145.462,-38.375],[145.337,-38.302],[145.462,-38.375]]],[[[133.661,-32.239],[133.537,-32.314],[133.661,-32.239]]],[[[143.147,-12.067],[142.971,-12.535],[143.292,-12.687],[143.363,-12.801],[143.474,-13.665],[143.743,-14.466],[143.875,-14.586],[144.065,-14.592],[144.385,-14.369],[144.529,-14.668],[145.184,-15.048],[145.222,-15.664],[145.346,-16.014],[145.326,-16.49],[145.869,-17.195],[145.994,-17.513],[146.019,-17.862],[145.925,-18.257],[146.322,-19.082],[147.078,-19.513],[147.413,-19.563],[147.594,-19.855],[147.973,-20.096],[148.718,-20.227],[148.756,-20.292],[148.567,-20.654],[148.706,-20.845],[149.101,-21.06],[149.557,-22.433],[149.67,-22.572],[150.017,-22.73],[149.945,-22.324],[150.694,-22.678],[150.802,-23.6],[151.2,-23.942],[151.73,-24.157],[152.073,-24.742],[152.318,-24.818],[152.486,-25.313],[152.831,-25.471],[153.069,-26.228],[153.087,-27.01],[152.946,-27.341],[153.396,-28.129],[153.493,-28.841],[152.94,-30.699],[153.001,-31.056],[152.954,-31.359],[152.828,-31.704],[152.516,-32.119],[152.462,-32.454],[152.127,-32.682],[152.145,-32.771],[151.819,-32.882],[151.456,-33.314],[151.267,-33.974],[151.096,-34.009],[151.198,-34.062],[150.934,-34.332],[150.841,-34.558],[150.874,-34.661],[150.744,-34.87],[150.853,-35.018],[150.821,-35.101],[150.774,-35.01],[150.687,-35.035],[150.703,-35.127],[150.54,-35.227],[150.416,-35.506],[150.222,-35.694],[149.902,-36.923],[149.982,-37.259],[149.893,-37.553],[149.457,-37.783],[148.309,-37.822],[147.764,-37.98],[146.874,-38.652],[146.216,-38.719],[146.429,-39.132],[146.138,-38.843],[145.904,-38.857],[145.818,-38.652],[145.536,-38.642],[145.491,-38.43],[145.557,-38.37],[145.484,-38.246],[145.126,-38.157],[144.929,-37.869],[144.38,-38.115],[144.5,-38.181],[144.411,-38.246],[144.487,-38.293],[144.059,-38.486],[143.544,-38.86],[142.389,-38.365],[142.156,-38.4],[141.758,-38.267],[141.571,-38.417],[141.104,-38.114],[140.53,-38.0],[140.128,-37.536],[139.886,-37.378],[139.823,-37.246],[139.86,-36.655],[139.648,-36.21],[139.422,-35.958],[139.403,-35.886],[139.668,-36.231],[139.604,-36.041],[139.391,-35.842],[139.355,-35.372],[139.184,-35.318],[138.966,-35.412],[139.038,-35.508],[138.993,-35.557],[138.731,-35.536],[138.536,-35.654],[138.3,-35.667],[138.535,-35.297],[138.568,-34.928],[138.098,-34.137],[137.92,-34.433],[137.742,-35.14],[137.658,-35.183],[137.452,-35.113],[137.179,-35.246],[137.05,-35.228],[137.108,-35.071],[137.393,-35.089],[137.502,-35.025],[137.559,-34.911],[137.512,-34.459],[137.864,-33.879],[137.937,-33.497],[138.091,-33.453],[138.189,-33.294],[137.773,-32.524],[137.781,-32.987],[137.488,-33.128],[137.21,-33.666],[136.947,-33.68],[136.864,-33.807],[136.365,-34.079],[136.241,-34.297],[135.875,-34.638],[135.802,-34.818],[136.0,-34.736],[135.891,-34.928],[135.748,-34.858],[135.665,-34.958],[135.43,-34.713],[135.411,-34.644],[135.507,-34.618],[135.392,-34.58],[135.258,-33.999],[134.839,-33.636],[134.858,-33.472],[134.706,-33.175],[134.269,-33.16],[134.188,-32.946],[134.297,-32.675],[134.184,-32.487],[133.994,-32.485],[133.622,-32.098],[133.417,-32.213],[133.138,-32.186],[132.764,-31.951],[132.204,-32.032],[131.769,-31.722],[131.152,-31.474],[130.838,-31.606],[130.149,-31.579],[128.987,-31.694],[128.021,-32.087],[127.165,-32.294],[125.968,-32.266],[124.752,-32.896],[124.196,-33.044],[123.992,-33.433],[123.704,-33.808],[123.541,-33.906],[123.352,-33.898],[123.168,-34.019],[123.02,-33.857],[122.358,-33.912],[122.118,-34.029],[121.997,-33.824],[121.79,-33.902],[121.339,-33.815],[120.421,-33.976],[119.98,-33.934],[119.616,-34.1],[119.326,-34.447],[119.209,-34.504],[118.912,-34.453],[118.282,-34.906],[117.831,-35.035],[118.001,-35.095],[117.934,-35.126],[117.727,-35.048],[117.61,-35.138],[117.332,-35.019],[116.463,-35.001],[115.974,-34.819],[115.501,-34.386],[115.251,-34.298],[115.118,-34.363],[115.025,-34.279],[114.986,-33.755],[115.409,-33.767],[115.711,-33.27],[115.743,-31.888],[115.046,-30.507],[114.936,-30.058],[114.98,-29.499],[114.886,-29.201],[114.598,-28.837],[114.503,-28.488],[114.157,-28.098],[114.073,-27.451],[113.531,-26.628],[113.739,-26.667],[113.864,-26.476],[114.095,-26.539],[114.08,-26.456],[114.221,-26.306],[114.182,-26.113],[114.257,-25.971],[114.257,-25.843],[114.031,-25.63],[113.812,-25.187],[113.698,-25.122],[113.612,-24.746],[113.39,-24.429],[113.382,-24.249],[113.762,-23.481],[113.807,-22.933],[113.656,-22.605],[113.902,-22.041],[114.027,-22.521],[114.075,-22.603],[114.232,-22.616],[114.552,-22.035],[115.349,-21.602],[116.419,-20.837],[117.597,-20.758],[118.009,-20.461],[118.609,-20.381],[118.801,-20.286],[118.995,-20.028],[119.531,-20.138],[119.813,-20.118],[121.027,-19.592],[121.489,-19.123],[121.777,-18.647],[121.78,-18.524],[122.353,-18.106],[122.354,-17.992],[122.211,-17.901],[122.153,-17.327],[122.579,-16.959],[122.616,-16.801],[122.752,-16.762],[122.762,-16.597],[123.023,-16.856],[123.301,-17.466],[123.419,-17.58],[123.473,-17.402],[123.575,-17.598],[123.607,-17.164],[123.827,-17.248],[123.918,-17.204],[123.853,-17.165],[123.892,-16.893],[123.747,-16.853],[123.555,-16.514],[123.641,-16.529],[123.714,-16.397],[124.277,-16.523],[124.846,-16.53],[124.642,-16.397],[124.895,-16.402],[124.382,-16.276],[124.431,-16.103],[124.513,-16.164],[124.593,-16.114],[124.615,-15.919],[124.728,-15.811],[124.626,-15.795],[124.488,-15.937],[124.397,-15.856],[124.425,-15.658],[124.689,-15.467],[125.109,-15.625],[125.071,-15.472],[125.184,-15.513],[125.07,-15.42],[125.174,-15.04],[125.309,-15.153],[125.438,-15.129],[125.182,-14.955],[125.243,-14.902],[125.164,-14.8],[125.497,-14.677],[125.863,-14.695],[126.04,-14.512],[126.145,-14.17],[126.288,-14.233],[126.309,-14.09],[126.546,-14.35],[126.853,-13.784],[127.166,-14.063],[127.529,-14.196],[127.963,-14.703],[127.985,-15.288],[128.075,-15.367],[128.014,-15.5],[128.188,-15.24],[128.29,-15.405],[128.223,-15.188],[128.34,-15.016],[128.452,-15.046],[128.459,-14.886],[129.189,-14.99],[129.191,-15.183],[129.243,-15.029],[129.632,-15.278],[129.669,-15.164],[129.736,-15.194],[129.702,-15.062],[129.944,-14.768],[129.836,-14.805],[129.63,-14.609],[129.785,-14.532],[129.591,-14.568],[129.459,-14.496],[129.427,-14.306],[129.763,-14.019],[129.852,-13.72],[130.206,-13.484],[130.274,-13.363],[130.233,-13.147],[130.463,-12.759],[130.951,-12.631],[130.859,-12.447],[131.027,-12.358],[131.031,-12.268],[131.183,-12.236],[131.54,-12.401],[132.4,-12.328],[132.384,-12.38],[132.751,-12.169],[132.631,-11.768],[132.691,-11.655],[132.452,-11.452],[132.107,-11.526],[132.026,-11.47],[132.135,-11.346],[132.205,-11.411],[132.224,-11.317],[132.384,-11.299],[132.776,-11.578],[132.929,-11.533],[133.559,-11.951],[134.409,-12.121],[134.762,-12.063],[134.94,-12.336],[135.129,-12.387],[135.445,-12.176],[135.649,-12.188],[135.942,-12.359],[136.091,-12.575],[136.299,-12.511],[136.353,-12.155],[136.435,-12.117],[136.64,-12.326],[136.791,-12.37],[136.86,-12.44],[136.664,-12.625],[136.607,-12.816],[136.494,-12.779],[136.469,-13.223],[136.369,-13.226],[136.338,-13.054],[136.196,-13.242],[136.097,-13.185],[135.892,-13.336],[135.934,-13.396],[135.831,-13.485],[135.829,-13.733],[135.965,-13.891],[135.897,-14.143],[135.373,-14.729],[135.417,-14.973],[136.094,-15.449],[136.687,-16.026],[137.074,-16.031],[137.426,-16.189],[138.26,-16.842],[138.963,-16.994],[139.075,-17.076],[139.173,-17.356],[139.476,-17.571],[139.818,-17.761],[140.25,-17.798],[140.801,-17.562],[141.132,-16.957],[141.427,-16.079],[141.411,-15.831],[141.711,-15.227],[141.523,-14.496],[141.668,-14.114],[141.512,-13.809],[141.55,-13.513],[141.688,-13.261],[141.599,-13.046],[141.889,-12.761],[141.941,-12.869],[141.919,-12.703],[141.682,-12.449],[141.902,-12.036],[142.029,-12.062],[141.947,-11.962],[142.158,-11.116],[142.338,-10.915],[142.644,-11.093],[142.749,-11.321],[142.823,-11.919],[143.147,-12.067]],[[136.145,-31.505],[136.08,-31.254],[135.605,-31.189],[135.429,-31.063],[135.439,-31.232],[135.638,-31.402],[135.637,-31.59],[135.788,-31.617],[136.052,-31.902],[135.896,-32.326],[135.975,-32.23],[136.256,-32.211],[136.312,-31.926],[136.145,-31.505]],[[137.482,-30.383],[137.227,-30.179],[137.427,-30.629],[137.626,-30.673],[137.659,-31.027],[137.531,-31.106],[137.733,-31.326],[137.703,-31.664],[137.601,-31.778],[137.748,-31.897],[138.111,-31.393],[138.133,-31.259],[137.84,-30.597],[137.482,-30.383]],[[139.519,-30.925],[139.8,-31.124],[139.876,-31.084],[139.982,-30.854],[140.011,-30.341],[139.951,-30.321],[139.719,-30.566],[139.488,-30.877],[139.519,-30.925]],[[137.28,-29.449],[137.661,-29.348],[137.698,-29.131],[137.2,-29.245],[137.111,-29.449],[137.28,-29.449]],[[119.993,-28.981],[119.938,-28.882],[119.764,-28.888],[119.548,-29.057],[119.314,-29.012],[119.129,-29.114],[119.142,-29.28],[119.204,-29.351],[119.437,-29.236],[119.382,-29.542],[119.442,-29.554],[119.517,-29.505],[119.548,-29.216],[119.629,-29.186],[119.693,-29.452],[119.636,-29.55],[119.786,-29.58],[119.823,-29.413],[119.683,-29.12],[119.877,-28.943],[119.993,-28.981]],[[137.712,-28.537],[137.774,-28.35],[137.672,-28.12],[137.453,-28.087],[137.033,-27.859],[136.8,-27.967],[136.969,-28.199],[136.966,-28.394],[136.883,-28.45],[136.894,-28.832],[137.018,-29.015],[137.239,-28.892],[137.344,-29.025],[138.01,-29.091],[137.676,-28.645],[137.712,-28.537]],[[122.758,-23.264],[122.608,-23.469],[122.823,-23.685],[122.926,-23.591],[122.932,-23.277],[122.758,-23.264]],[[129.158,-22.448],[129.219,-22.366],[129.06,-22.271],[129.216,-22.035],[129.135,-22.002],[129.0,-22.009],[128.794,-22.22],[128.341,-22.404],[128.317,-22.491],[128.385,-22.598],[128.82,-22.678],[129.158,-22.448]],[[128.891,-16.139],[128.791,-16.171],[128.805,-16.076],[128.658,-16.144],[128.53,-16.508],[128.734,-16.788],[128.802,-16.45],[128.895,-16.424],[129.032,-16.143],[128.891,-16.139]]],[[[146.408,-38.858],[146.466,-38.797],[146.476,-38.894],[146.342,-38.896],[146.408,-38.858]]],[[[139.1,-35.622],[139.123,-35.508],[139.237,-35.555],[139.1,-35.622]]],[[[113.284,-26.404],[113.38,-26.494],[113.284,-26.404]]],[[[113.652,-26.169],[113.505,-25.897],[113.735,-26.221],[113.652,-26.169]]],[[[128.437,-14.993],[128.369,-14.973],[128.405,-14.931],[128.437,-14.993]]],[[[132.533,-11.636],[132.643,-11.648],[132.631,-11.711],[132.533,-11.636]]]]}},{"type":"Feature","properties":{"NAME":null,"ABBREVN":null,"type":null,"weblnks":null,"SUBJECTO":null,"BORDERPRECISION":1,"PARTOF":null},"geometry":{"type":"MultiPolygon","coordinates":[[[[-46.318,-23.933],[-46.416,-23.95],[-46.318,-23.933]]],[[[-39.015,-13.485],[-39.039,-13.398],[-38.959,-13.384],[-39.015,-13.485]]],[[[-42.783,-10.831],[-42.849,-10.935],[-42.807,-11.083],[-42.879,-11.148],[-42.931,-11.079],[-42.879,-10.975],[-42.991,-10.943],[-42.783,-10.831]]],[[[-45.676,-1.362],[-45.676,-1.362]]],[[[-74.066,-48.491],[-74.155,-48.378],[-74.066,-48.491]]],[[[-74.126,-47.834],[-74.154,-47.839],[-74.189,-47.82],[-74.126,-47.834]]],[[[-73.975,-47.048],[-73.975,-47.048]]],[[[-70.781,-52.878],[-70.781,-52.878]]],[[[-61.264,8.5],[-61.183,8.499],[-61.545,8.552],[-61.264,8.5]]],[[[-60.999,8.558],[-61.266,8.509],[-60.999,8.558]]],[[[-48.6,-26.213],[-48.611,-26.245],[-48.678,-26.282],[-48.6,-26.213]]],[[[-48.314,-25.376],[-48.245,-25.349],[-48.314,-25.376]]],[[[-47.836,-24.925],[-47.607,-24.784],[-47.882,-24.983],[-47.836,-24.925]]],[[[-50.888,-1.997],[-51.036,-1.976],[-51.146,-1.824],[-50.867,-1.907],[-50.888,-1.997]]],[[[-51.972,-1.562],[-52.201,-1.647],[-52.211,-1.561],[-52.098,-1.466],[-52.143,-1.517],[-51.972,-1.562]]],[[[-52.207,-1.362],[-52.165,-1.419],[-52.454,-1.515],[-52.207,-1.362]]],[[[-61.218,9.607],[-61.357,9.673],[-61.218,9.607]]],[[[-77.787,2.593],[-77.787,2.593]]],[[[-77.75,2.615],[-77.75,2.615]]],[[[-58.088,-33.055],[-58.046,-32.904],[-58.2,-32.448],[-58.147,-33.052],[-58.427,-33.097],[-58.532,-33.517],[-58.548,-33.733],[-58.376,-34.181],[-58.499,-34.327],[-58.523,-34.587],[-58.107,-34.961],[-57.479,-35.214],[-57.226,-35.436],[-57.237,-35.583],[-57.4,-35.818],[-57.372,-36.149],[-57.084,-36.416],[-56.8,-36.543],[-56.703,-36.951],[-57.488,-37.835],[-57.599,-38.154],[-58.301,-38.485],[-59.79,-38.837],[-61.094,-38.996],[-61.818,-38.986],[-62.381,-38.799],[-62.351,-39.333],[-62.077,-39.55],[-62.489,-40.299],[-62.27,-40.759],[-62.39,-40.902],[-63.021,-41.143],[-63.754,-41.166],[-64.723,-40.832],[-64.808,-40.721],[-64.981,-40.722],[-65.134,-40.848],[-65.168,-41.091],[-64.991,-41.511],[-64.991,-41.779],[-65.08,-41.968],[-64.992,-42.193],[-64.644,-42.437],[-64.286,-42.474],[-64.108,-42.429],[-64.041,-42.319],[-64.273,-42.226],[-63.732,-42.101],[-63.602,-42.691],[-63.665,-42.775],[-64.001,-42.853],[-64.165,-42.648],[-64.398,-42.516],[-64.615,-42.518],[-64.961,-42.666],[-65.085,-42.784],[-65.017,-42.881],[-64.335,-43.015],[-64.923,-43.231],[-65.307,-43.601],[-65.279,-44.267],[-65.719,-44.776],[-65.54,-44.914],[-66.183,-44.964],[-66.944,-45.253],[-67.584,-46.0],[-67.582,-46.303],[-67.357,-46.611],[-66.717,-47.04],[-65.776,-47.23],[-65.744,-47.46],[-65.876,-47.762],[-66.244,-47.86],[-65.901,-47.811],[-65.843,-47.873],[-65.971,-47.961],[-65.993,-48.077],[-67.094,-48.645],[-67.592,-49.047],[-67.833,-49.382],[-67.686,-49.318],[-67.806,-49.921],[-68.243,-50.122],[-68.593,-49.929],[-69.011,-50.012],[-68.584,-49.979],[-68.37,-50.147],[-68.959,-50.404],[-69.104,-50.596],[-69.145,-50.884],[-69.409,-51.078],[-69.184,-50.971],[-69.037,-51.565],[-69.614,-51.626],[-69.005,-51.618],[-68.429,-52.378],[-69.261,-52.206],[-69.47,-52.269],[-69.671,-52.528],[-69.816,-52.496],[-70.812,-52.733],[-70.811,-52.982],[-70.993,-53.387],[-70.941,-53.633],[-71.048,-53.824],[-71.356,-53.865],[-71.872,-53.696],[-71.164,-53.028],[-71.114,-52.869],[-71.171,-52.808],[-71.35,-52.791],[-72.051,-53.07],[-72.309,-53.029],[-72.76,-53.122],[-72.842,-52.985],[-72.784,-52.898],[-71.475,-52.633],[-71.553,-52.557],[-72.131,-52.513],[-72.533,-52.573],[-72.385,-52.51],[-72.56,-52.54],[-72.449,-52.161],[-72.651,-52.051],[-72.669,-51.967],[-72.458,-51.923],[-72.509,-51.726],[-72.719,-51.581],[-73.244,-51.462],[-72.547,-51.743],[-72.725,-51.837],[-73.281,-51.61],[-73.224,-51.713],[-72.994,-51.787],[-73.201,-51.889],[-72.921,-51.858],[-73.141,-51.94],[-73.182,-52.083],[-73.257,-52.063],[-73.258,-51.706],[-73.387,-51.656],[-73.355,-51.717],[-73.573,-51.785],[-73.462,-51.687],[-73.643,-51.744],[-73.875,-51.562],[-73.724,-51.459],[-73.598,-51.618],[-73.712,-51.16],[-73.861,-51.211],[-74.244,-51.005],[-73.851,-50.917],[-73.668,-50.645],[-73.501,-50.678],[-73.641,-50.62],[-73.552,-50.538],[-73.571,-50.398],[-73.934,-50.506],[-74.075,-50.473],[-74.168,-50.228],[-73.861,-50.284],[-74.19,-50.171],[-74.008,-50.045],[-73.884,-50.056],[-74.187,-49.823],[-74.206,-49.754],[-74.065,-49.713],[-74.213,-49.731],[-74.24,-49.634],[-74.081,-49.538],[-73.957,-49.556],[-73.713,-49.757],[-73.855,-49.658],[-73.88,-49.524],[-74.035,-49.511],[-73.9,-49.43],[-73.929,-49.343],[-73.843,-49.351],[-73.998,-49.259],[-74.029,-49.093],[-73.828,-49.032],[-74.043,-49.022],[-74.039,-49.153],[-74.272,-49.431],[-74.312,-48.751],[-74.061,-48.741],[-74.303,-48.731],[-74.147,-48.499],[-74.027,-48.534],[-74.021,-48.414],[-74.159,-48.359],[-74.21,-48.008],[-73.591,-48.141],[-73.553,-48.246],[-73.296,-48.164],[-73.286,-48.068],[-73.32,-48.147],[-73.432,-48.147],[-73.361,-47.999],[-73.221,-48.001],[-73.71,-47.784],[-73.74,-47.707],[-73.656,-47.631],[-73.719,-47.528],[-73.765,-47.773],[-74.538,-47.779],[-74.545,-47.683],[-74.423,-47.563],[-74.229,-47.754],[-74.161,-47.749],[-74.283,-47.719],[-74.255,-47.629],[-74.041,-47.618],[-74.058,-47.539],[-74.312,-47.601],[-74.398,-47.539],[-74.412,-47.384],[-74.328,-47.292],[-74.105,-47.348],[-73.94,-47.021],[-74.217,-46.903],[-74.278,-46.78],[-74.818,-46.817],[-75.012,-46.751],[-74.942,-46.44],[-75.063,-46.56],[-75.496,-46.58],[-74.864,-46.229],[-74.564,-45.872],[-74.189,-45.845],[-74.068,-45.935],[-74.042,-46.091],[-74.069,-45.999],[-74.127,-46.115],[-74.392,-46.232],[-74.487,-46.168],[-74.404,-46.242],[-74.479,-46.306],[-74.429,-46.533],[-74.291,-46.513],[-74.087,-46.298],[-73.979,-46.344],[-73.97,-46.713],[-73.426,-46.074],[-73.548,-46.169],[-73.482,-45.76],[-73.182,-45.668],[-73.36,-45.639],[-73.478,-45.72],[-73.367,-45.5],[-73.111,-45.398],[-72.875,-45.473],[-72.827,-45.423],[-73.255,-45.245],[-73.335,-45.28],[-73.314,-45.086],[-72.947,-44.943],[-72.677,-44.749],[-72.555,-44.543],[-72.608,-44.372],[-72.76,-44.369],[-73.058,-44.19],[-73.082,-44.022],[-72.996,-43.81],[-72.846,-43.777],[-72.859,-43.706],[-72.981,-43.748],[-72.999,-43.334],[-72.53,-43.063],[-72.724,-42.8],[-72.744,-42.496],[-72.536,-42.548],[-72.732,-42.428],[-72.515,-42.326],[-72.421,-42.453],[-72.463,-41.971],[-72.579,-42.005],[-72.731,-41.907],[-72.618,-41.728],[-72.333,-41.636],[-72.31,-41.436],[-72.476,-41.683],[-72.612,-41.709],[-72.587,-41.618],[-72.947,-41.483],[-73.054,-41.516],[-73.066,-41.663],[-73.178,-41.761],[-73.464,-41.787],[-73.62,-41.618],[-73.494,-41.516],[-73.625,-41.602],[-73.845,-41.153],[-73.905,-40.839],[-73.744,-40.512],[-73.74,-40.224],[-73.194,-39.565],[-73.227,-39.241],[-73.441,-38.628],[-73.435,-37.902],[-73.676,-37.355],[-73.584,-37.278],[-73.36,-37.322],[-73.144,-37.156],[-72.7,-35.902],[-72.589,-35.797],[-72.629,-35.646],[-72.221,-35.109],[-71.963,-34.246],[-71.823,-33.935],[-71.616,-33.706],[-71.738,-33.163],[-71.416,-32.753],[-71.406,-32.383],[-71.52,-32.181],[-71.51,-31.777],[-71.658,-31.188],[-71.682,-30.6],[-71.237,-29.85],[-71.234,-29.519],[-71.43,-29.1],[-71.163,-28.352],[-71.142,-27.995],[-70.909,-27.615],[-70.638,-26.301],[-70.683,-25.77],[-70.398,-25.249],[-70.519,-24.455],[-70.359,-23.661],[-70.42,-23.489],[-70.58,-23.49],[-70.573,-23.166],[-70.292,-22.987],[-70.23,-22.796],[-70.234,-22.428],[-70.053,-21.426],[-70.124,-19.977],[-70.31,-18.434],[-70.454,-18.223],[-70.584,-18.083],[-71.302,-17.712],[-71.396,-17.403],[-71.612,-17.221],[-72.147,-16.964],[-72.456,-16.707],[-73.117,-16.457],[-72.22,-15.426],[-72.003,-14.309],[-72.166,-12.947],[-73.364,-10.931],[-74.617,-9.978],[-76.388,-9.706],[-78.262,-9.742],[-78.726,-8.828],[-78.772,-8.586],[-79.548,-7.527],[-79.715,-7.117],[-79.983,-6.764],[-81.175,-6.087],[-81.188,-5.93],[-80.888,-5.9],[-80.823,-5.716],[-81.195,-5.131],[-81.092,-5.057],[-81.109,-4.968],[-81.354,-4.693],[-81.29,-4.317],[-80.583,-3.657],[-80.144,-3.414],[-79.948,-3.198],[-79.76,-2.786],[-77.174,-1.281],[-77.121,-0.484],[-75.898,0.846],[-78.648,2.175],[-78.597,2.375],[-78.463,2.468],[-77.987,2.475],[-77.741,2.605],[-77.029,3.918],[-77.143,3.873],[-77.234,3.966],[-77.187,4.06],[-77.261,4.096],[-77.316,4.026],[-77.435,4.154],[-77.239,4.254],[-77.38,4.331],[-77.267,4.739],[-77.396,5.454],[-77.5,5.514],[-77.181,5.788],[-77.489,6.185],[-77.455,6.268],[-77.402,6.239],[-77.322,6.544],[-77.66,6.923],[-77.679,7.054],[-77.936,7.257],[-78.318,8.059],[-78.148,8.235],[-77.785,8.13],[-78.002,8.34],[-78.045,8.552],[-78.184,8.413],[-78.381,8.395],[-78.592,8.813],[-78.652,8.745],[-79.07,9.034],[-78.979,9.143],[-79.117,9.035],[-79.476,8.999],[-79.717,8.883],[-79.781,8.606],[-79.884,8.513],[-80.269,8.377],[-80.474,8.213],[-80.45,8.031],[-80.35,7.992],[-79.994,7.487],[-80.212,7.475],[-80.406,7.299],[-80.814,7.27],[-81.117,7.943],[-81.197,7.64],[-81.562,7.824],[-81.664,8.165],[-82.654,8.321],[-82.848,8.271],[-82.907,8.117],[-83.09,8.395],[-83.085,8.651],[-83.362,8.763],[-83.481,8.711],[-83.293,8.531],[-83.279,8.413],[-83.605,8.548],[-83.664,8.675],[-83.533,8.999],[-83.615,9.152],[-84.182,9.491],[-84.492,9.537],[-84.635,9.684],[-84.697,9.988],[-85.255,10.311],[-85.235,10.096],[-84.897,9.807],[-85.107,9.616],[-85.314,9.828],[-85.712,10.03],[-85.824,10.361],[-85.617,10.652],[-85.621,10.827],[-85.868,10.927],[-85.717,10.92],[-85.667,11.054],[-86.434,11.767],[-86.777,12.204],[-87.675,12.915],[-87.622,13.02],[-87.514,13.025],[-87.418,12.916],[-87.292,12.919],[-87.513,13.274],[-87.4,13.414],[-87.531,13.346],[-87.771,13.501],[-87.949,13.172],[-88.255,13.192],[-89.45,13.498],[-90.621,13.952],[-91.242,13.952],[-91.516,14.059],[-92.472,14.792],[-92.755,15.056],[-92.769,15.171],[-92.98,15.262],[-93.932,16.094],[-94.368,16.294],[-94.602,16.273],[-94.661,16.362],[-94.783,16.309],[-94.862,16.427],[-95.993,15.865],[-96.333,15.75],[-96.752,15.781],[-97.294,15.964],[-97.881,16.052],[-98.856,16.597],[-100.413,17.057],[-101.487,17.576],[-101.993,18.027],[-102.668,18.095],[-103.494,18.354],[-103.725,18.673],[-104.197,19.058],[-104.948,19.438],[-105.675,20.372],[-105.591,20.477],[-105.244,20.574],[-105.262,20.695],[-105.44,20.835],[-105.241,21.065],[-105.189,21.437],[-105.628,21.954],[-105.508,22.164],[-105.54,22.285],[-105.817,22.66],[-106.802,23.647],[-106.919,23.869],[-107.619,24.52],[-107.668,24.483],[-107.916,24.645],[-108.043,25.074],[-108.656,25.36],[-108.917,25.622],[-108.828,25.798],[-109.14,25.581],[-109.302,25.735],[-109.338,25.958],[-109.157,26.249],[-109.094,26.216],[-109.189,26.441],[-109.518,26.765],[-109.677,26.672],[-109.773,26.707],[-109.947,27.092],[-110.355,27.207],[-110.53,27.371],[-110.57,27.814],[-110.51,27.866],[-111.064,27.995],[-111.692,28.496],[-112.654,29.919],[-112.858,30.402],[-113.035,30.621],[-113.087,31.227],[-113.59,31.332],[-113.746,31.608],[-113.952,31.69],[-114.195,31.524],[-115.032,31.968],[-114.849,31.778],[-114.988,31.166],[-114.735,30.843],[-114.683,30.143],[-114.389,29.762],[-114.1,29.642],[-113.829,29.401],[-113.322,28.556],[-112.872,28.336],[-112.724,27.705],[-112.567,27.56],[-112.323,27.512],[-111.915,26.664],[-111.73,26.553],[-111.685,26.602],[-111.776,26.685],[-111.579,26.734],[-111.3,25.78],[-110.798,24.88],[-110.772,24.378],[-110.656,24.219],[-110.485,24.15],[-110.304,24.189],[-110.399,24.182],[-110.354,24.116],[-110.205,24.315],[-109.824,23.693],[-109.489,23.573],[-109.429,23.433],[-109.517,23.192],[-109.859,22.893],[-110.004,22.885],[-110.317,23.567],[-110.634,23.732],[-111.042,24.112],[-111.471,24.334],[-112.093,24.89],[-112.096,25.026],[-112.161,25.002],[-112.068,25.272],[-112.071,25.613],[-112.378,26.255],[-112.7,26.351],[-113.164,26.686],[-113.223,26.77],[-113.128,26.959],[-113.265,26.788],[-113.439,26.845],[-113.585,26.769],[-113.849,26.983],[-114.478,27.244],[-114.514,27.414],[-115.033,27.831],[-114.423,27.807],[-114.002,27.687],[-114.024,27.767],[-114.155,27.715],[-114.31,27.862],[-114.105,28.054],[-114.064,28.527],[-114.95,29.377],[-115.188,29.433],[-115.61,29.704],[-115.839,30.355],[-115.981,30.497],[-115.991,30.373],[-116.036,30.443],[-116.054,30.798],[-116.678,31.555],[-116.611,31.877],[-117.027,32.3],[-117.211,32.697],[-117.121,32.613],[-117.132,32.67],[-117.212,32.73],[-117.247,32.661],[-117.272,32.985],[-117.481,33.327],[-118.007,33.731],[-118.288,33.843],[-118.419,33.786],[-118.424,33.926],[-118.604,34.096],[-118.872,34.07],[-119.244,34.204],[-119.613,34.478],[-120.483,34.512],[-120.628,34.605],[-120.614,35.136],[-120.865,35.244],[-120.841,35.355],[-120.928,35.475],[-121.864,36.308],[-121.947,36.58],[-121.805,36.655],[-121.796,36.879],[-122.377,37.196],[-122.377,37.372],[-122.488,37.518],[-122.442,37.811],[-122.357,37.613],[-122.006,37.471],[-122.392,37.965],[-122.241,38.059],[-121.69,38.017],[-121.596,38.106],[-121.423,38.017],[-121.577,38.116],[-121.728,38.044],[-122.019,38.148],[-122.11,38.061],[-122.548,38.162],[-122.573,37.889],[-122.944,38.102],[-122.965,38.24],[-122.803,38.082],[-123.105,38.461],[-123.704,38.932],[-123.683,39.114],[-123.797,39.359],[-123.769,39.702],[-124.064,40.094],[-124.329,40.296],[-124.377,40.446],[-124.143,40.812],[-124.04,41.431],[-124.216,41.82],[-124.186,41.999],[-124.356,42.168],[-124.389,42.659],[-124.524,42.866],[-124.377,43.305],[-124.259,43.401],[-124.138,43.371],[-124.197,43.456],[-124.266,43.414],[-124.116,43.725],[-124.056,44.834],[-123.944,45.164],[-123.944,45.521],[-123.872,45.529],[-123.931,45.592],[-123.952,46.181],[-123.498,46.251],[-123.268,46.145],[-123.164,46.195],[-123.291,46.175],[-123.434,46.288],[-124,46.324],[-124.043,46.658],[-123.942,46.391],[-123.879,46.532],[-123.941,46.637],[-123.753,46.693],[-124.062,46.737],[-124.098,46.861],[-123.797,46.976],[-124.158,47.114],[-124.362,47.676],[-124.661,48.016],[-124.702,48.359],[-123.935,48.176],[-123.254,48.128],[-123.142,48.181],[-122.826,48.023],[-122.845,47.792],[-123.183,47.488],[-123.106,47.467],[-123.137,47.362],[-122.92,47.398],[-122.84,47.324],[-123.069,47.152],[-122.879,47.064],[-122.882,47.16],[-122.713,47.116],[-122.313,47.37],[-122.418,47.672],[-122.289,47.961],[-122.438,48.598],[-122.754,48.994],[-123.213,49.272],[-122.913,49.293],[-122.853,49.436],[-122.931,49.328],[-123.224,49.337],[-123.16,49.699],[-123.531,49.513],[-123.768,49.589],[-123.532,49.701],[-123.797,49.638],[-123.857,49.691],[-123.885,49.915],[-123.959,49.962],[-123.749,50.08],[-123.821,50.152],[-123.991,50.216],[-123.812,50.091],[-124.253,49.839],[-124.471,49.813],[-124.795,50.035],[-124.703,49.996],[-124.617,50.179],[-124.715,50.327],[-124.658,50.386],[-124.345,50.497],[-124.87,50.313],[-124.923,50.531],[-124.806,50.921],[-124.924,50.835],[-124.929,50.596],[-125.412,50.549],[-125.538,50.583],[-125.433,50.714],[-125.577,50.594],[-125.854,50.67],[-125.622,50.75],[-125.507,50.927],[-125.634,51.097],[-125.583,50.975],[-125.691,50.771],[-125.957,50.689],[-126.141,50.74],[-126.175,50.951],[-126.425,51.089],[-126.691,50.989],[-127.247,50.968],[-127.517,51.061],[-126.817,51.065],[-126.663,51.195],[-127.141,51.06],[-127.627,51.133],[-127.664,51.274],[-127.222,51.287],[-127.111,51.377],[-127.281,51.301],[-127.643,51.325],[-127.519,51.557],[-127.361,51.647],[-126.708,51.642],[-126.606,51.719],[-126.66,51.792],[-126.693,51.665],[-127.38,51.672],[-127.427,51.732],[-127.346,51.864],[-127.461,51.77],[-127.89,51.8],[-127.87,51.895],[-127.664,51.954],[-127.58,52.129],[-127.461,52.133],[-127.613,52.032],[-127.164,52.314],[-127.005,52.304],[-126.669,51.984],[-126.941,52.304],[-126.732,52.374],[-127.082,52.335],[-127.163,52.358],[-127.037,52.464],[-127.229,52.462],[-126.922,52.719],[-127.018,52.846],[-126.985,52.707],[-127.257,52.546],[-127.272,52.462],[-127.71,52.394],[-127.881,52.417],[-127.875,52.51],[-127.927,52.438],[-128.039,52.49],[-127.88,52.58],[-128.061,52.525],[-128.077,52.939],[-128.432,52.939],[-128.54,53.132],[-128.888,53.417],[-128.805,53.57],[-128.524,53.397],[-128.159,53.456],[-127.87,53.223],[-128.127,53.481],[-128.545,53.479],[-128.817,53.623],[-128.771,53.796],[-128.471,53.832],[-128.679,53.908],[-128.601,54.032],[-129.434,53.518],[-130.004,53.938],[-130.092,54.058],[-130.047,54.153],[-129.47,54.237],[-130.123,54.154],[-130.268,54.353],[-130.299,54.545],[-129.959,54.316],[-130.285,54.561],[-130.146,54.695],[-129.91,54.606],[-130.143,54.698],[-129.861,54.966],[-129.622,54.998],[-129.856,55.007],[-129.922,55.133],[-129.643,55.434],[-129.472,55.467],[-129.71,55.451],[-129.787,55.567],[-129.78,55.36],[-129.928,55.144],[-130.129,55.722],[-129.964,55.928],[-130.175,55.754],[-129.991,55.282],[-130.198,55.082],[-130.546,54.91],[-130.69,54.972],[-130.765,55.11],[-130.462,55.328],[-130.76,55.132],[-130.73,55.287],[-130.614,55.296],[-130.726,55.306],[-130.695,55.465],[-130.892,55.769],[-131.159,55.991],[-131.01,56.106],[-131.183,56.025],[-131.944,55.97],[-131.96,56.166],[-131.77,56.197],[-132.348,56.558],[-132.305,56.635],[-132.42,56.607],[-132.535,56.686],[-132.362,56.82],[-132.495,56.751],[-132.643,56.789],[-132.817,56.961],[-132.764,56.968],[-132.791,57.088],[-132.916,57.035],[-133.4,57.219],[-133.377,57.282],[-133.063,57.349],[-133.359,57.33],[-133.481,57.522],[-133.311,57.59],[-133.525,57.569],[-133.623,57.7],[-133.001,57.515],[-133.536,57.758],[-133.474,57.842],[-133.534,57.912],[-133.121,57.857],[-133.797,57.992],[-133.671,58.147],[-133.843,58.001],[-134.017,58.123],[-134.084,58.196],[-134.01,58.397],[-133.921,58.498],[-133.769,58.518],[-133.979,58.494],[-134.113,58.227],[-134.83,58.561],[-135.144,59.168],[-135.353,59.345],[-135.335,59.468],[-135.484,59.223],[-135.551,59.229],[-135.3,58.374],[-135.481,58.477],[-135.738,58.47],[-136.069,58.813],[-135.769,58.9],[-136.046,58.891],[-136.162,59.034],[-136.098,58.846],[-136.148,58.903],[-136.39,58.841],[-137.048,59.071],[-136.992,58.933],[-137.126,58.822],[-136.826,58.879],[-136.409,58.642],[-136.524,58.611],[-136.37,58.62],[-136.356,58.524],[-137.085,58.447],[-137.577,58.604],[-137.439,58.655],[-137.648,58.653],[-138.444,59.192],[-138.707,59.179],[-139.711,59.496],[-139.314,59.698],[-139.341,59.605],[-139.258,59.573],[-139.275,59.796],[-139.218,59.832],[-138.893,59.807],[-139.273,59.895],[-139.5,60.033],[-139.776,59.86],[-140.428,59.76],[-141.385,59.897],[-141.257,60.002],[-141.391,60.139],[-142.082,60.036],[-142.768,60.111],[-144.012,60.052],[-144.254,60.191],[-144.574,60.186],[-144.811,60.315],[-144.893,60.416],[-144.611,60.716],[-145.138,60.454],[-145.468,60.389],[-145.844,60.5],[-145.618,60.669],[-145.983,60.641],[-146.131,60.707],[-146.017,60.743],[-146.041,60.799],[-146.216,60.734],[-146.389,60.783],[-146.151,60.862],[-146.508,60.817],[-146.757,60.955],[-146.612,61.081],[-146.237,61.089],[-146.301,61.131],[-146.585,61.131],[-146.935,60.947],[-147.086,61.012],[-147.249,60.937],[-147.53,61.019],[-147.521,61.154],[-147.598,61.04],[-147.818,61.144],[-147.72,61.278],[-147.879,61.175],[-148.493,61.064],[-148.466,60.868],[-148.7,60.79],[-148.625,60.793],[-148.84,60.545],[-148.65,60.495],[-148.684,60.448],[-148.336,60.413],[-148.262,60.288],[-148.438,60.182],[-148.268,60.238],[-148.287,60.161],[-148.453,59.946],[-148.879,59.951],[-149.094,60.003],[-149.053,60.055],[-149.309,60.026],[-149.417,60.118],[-149.463,60.005],[-149.732,59.961],[-149.922,59.775],[-150.04,59.792],[-149.971,59.745],[-150.021,59.714],[-150.245,59.668],[-150.232,59.718],[-151.334,59.236],[-151.858,59.204],[-151.772,59.357],[-151.453,59.467],[-150.993,59.777],[-151.471,59.634],[-151.776,59.939],[-151.423,60.216],[-151.16,60.66],[-150.437,60.906],[-149.028,60.848],[-150.02,61.197],[-149.707,61.384],[-149.242,61.493],[-149.417,61.509],[-149.696,61.472],[-150.071,61.245],[-150.311,61.314],[-150.781,61.292],[-151.231,61.038],[-151.741,60.905],[-151.805,60.841],[-151.756,60.778],[-152.19,60.658],[-152.561,60.384],[-153.103,60.289],[-152.848,60.204],[-152.899,59.896],[-153.282,59.826],[-153.008,59.83],[-153.152,59.743],[-153.421,59.766],[-153.446,59.699],[-153.71,59.644],[-154.282,59.249],[-154.298,59.117],[-154.184,59.029],[-153.664,58.98],[-153.455,58.877],[-153.489,58.794],[-154.214,58.428],[-154.649,58.076],[-155.598,57.896],[-156.121,57.646],[-155.993,57.763],[-155.976,57.909],[-156.638,58.086],[-156.817,58.067],[-156.884,57.999],[-156.832,57.931],[-156.115,57.749],[-156.159,57.634],[-156.685,57.401],[-156.451,57.175],[-156.496,57.1],[-156.993,56.915],[-157.747,56.77],[-158.527,56.449],[-158.738,56.19],[-159.077,55.992],[-160.169,55.807],[-160.495,55.922],[-160.575,55.993],[-160.416,56.215],[-160.114,56.323],[-159.819,56.547],[-159.125,56.775],[-158.617,56.748],[-158.664,57.036],[-158.451,57.213],[-157.715,57.565],[-157.641,57.484],[-157.392,57.495],[-157.389,57.559],[-157.47,57.497],[-157.665,57.612],[-157.61,58.09],[-157.409,58.2],[-157.139,58.166],[-157.549,58.274],[-157.242,58.491],[-156.779,59.151],[-157.112,58.874],[-157.987,58.717],[-158.291,58.73],[-158.487,59.003],[-158.18,59.009],[-157.993,58.905],[-158.537,59.175],[-158.542,58.993],[-158.823,58.971],[-158.781,58.92],[-158.973,58.77],[-158.866,58.612],[-158.856,58.454],[-158.933,58.433],[-159.135,58.502],[-159.627,58.952],[-160.262,58.98],[-160.327,59.06],[-160.84,58.96],[-160.86,58.881],[-161.371,58.715],[-161.796,58.703],[-161.656,58.801],[-161.789,58.859],[-161.793,59.017],[-161.566,59.11],[-161.875,59.062],[-162.026,59.231],[-161.958,59.38],[-161.705,59.497],[-162.236,60.061],[-162.151,60.246],[-162.335,60.134],[-162.384,60.332],[-162.222,60.582],[-161.879,60.702],[-162.268,60.613],[-162.569,60.316],[-162.455,60.14],[-163.536,59.841],[-164.065,59.824],[-164.219,59.946],[-164.093,59.982],[-165.048,60.416],[-164.977,60.54],[-165.128,60.542],[-164.845,60.816],[-164.273,60.693],[-164.429,60.553],[-164.136,60.661],[-163.669,60.587],[-163.423,60.71],[-163.647,60.869],[-163.551,60.904],[-163.895,61.042],[-164.539,60.95],[-165.112,61.168],[-165.139,61.257],[-165.152,61.183],[-165.321,61.234],[-165.151,61.417],[-164.845,61.494],[-164.716,61.626],[-165.161,61.432],[-165.346,61.241],[-165.85,61.314],[-165.922,61.414],[-165.768,61.493],[-166.056,61.538],[-166.118,61.635],[-165.823,61.688],[-166.063,61.779],[-165.633,61.847],[-165.756,61.993],[-165.729,62.072],[-165.247,62.446],[-165.037,62.539],[-164.636,62.417],[-164.853,62.57],[-164.479,62.746],[-164.783,62.649],[-164.881,62.818],[-164.623,63.03],[-164.318,63.007],[-164.55,63.096],[-164.327,63.234],[-163.112,63.052],[-162.385,63.428],[-161.152,63.512],[-160.794,63.732],[-160.769,63.842],[-160.941,64.068],[-160.948,64.199],[-161.361,64.51],[-160.944,64.525],[-160.784,64.722],[-161.099,64.914],[-160.996,64.942],[-161.291,64.964],[-162.137,64.789],[-162.848,64.465],[-163.208,64.657],[-163.357,64.582],[-163.044,64.521],[-163.087,64.452],[-163.822,64.589],[-164.6,64.619],[-165.171,64.546],[-166.348,64.637],[-166.492,64.741],[-166.387,64.891],[-166.643,64.976],[-166.634,65.12],[-165.896,65.166],[-165.708,65.08],[-165.382,65.205],[-165.803,65.19],[-165.663,65.246],[-167.942,65.655],[-167.518,65.73],[-167.572,65.797],[-167.29,65.896],[-167.046,65.876],[-166.873,65.934],[-166.958,65.976],[-166.147,66.17],[-165.807,66.103],[-165.501,66.145],[-165.887,66.24],[-164.416,66.588],[-163.782,66.538],[-163.894,66.392],[-163.854,66.277],[-164.188,66.191],[-163.948,66.195],[-163.735,66.083],[-162.049,66.069],[-161.816,65.975],[-161.531,66.268],[-161.087,66.242],[-161.108,66.135],[-161.183,66.122],[-161.052,66.141],[-161.002,66.252],[-161.332,66.374],[-161.261,66.396],[-160.585,66.316],[-160.125,66.339],[-160.036,66.485],[-159.665,66.474],[-160.225,66.586],[-160.24,66.644],[-161.796,66.749],[-161.8,66.9],[-161.497,66.973],[-161.936,67.088],[-163.739,67.218],[-163.826,67.448],[-164.513,67.797],[-166.643,68.351],[-166.373,68.417],[-166.226,68.572],[-166.232,68.875],[-165.31,68.867],[-163.993,68.992],[-163.576,69.137],[-163.184,69.419],[-163.271,69.294],[-163.157,69.352],[-162.933,69.702],[-163.004,69.753],[-161.952,70.304],[-161.764,70.256],[-162.119,70.152],[-161.174,70.279],[-160.546,70.45],[-160.009,70.431],[-159.836,70.268],[-159.887,70.392],[-159.819,70.484],[-159.286,70.531],[-159.73,70.493],[-160.029,70.661],[-159.668,70.798],[-159.162,70.881],[-159.369,70.844],[-159.148,70.82],[-159.445,70.78],[-159.224,70.704],[-158.921,70.796],[-157.979,70.837],[-157.275,71.049],[-156.648,71.351],[-156.022,71.199],[-155.973,71.145],[-156.145,71.083],[-156.182,70.918],[-155.983,70.899],[-155.974,70.756],[-155.894,70.828],[-155.475,70.852],[-155.1,71.077],[-155.039,71.069],[-155.07,71.01],[-155.006,71.065],[-154.599,71.011],[-154.68,70.884],[-154.627,70.831],[-154.244,70.779],[-153.915,70.889],[-152.945,70.902],[-152.22,70.572],[-152.623,70.553],[-151.748,70.53],[-151.974,70.448],[-151.22,70.371],[-151.19,70.439],[-150.913,70.479],[-150.367,70.485],[-150.402,70.426],[-150.312,70.426],[-149.921,70.501],[-149.175,70.491],[-148.595,70.396],[-148.495,70.315],[-148.132,70.354],[-147.69,70.209],[-145.804,70.15],[-144.952,69.968],[-143.281,70.118],[-142.643,70.016],[-142.269,69.849],[-141.161,69.599],[-139.901,69.571],[-137.729,69.016],[-136.746,68.875],[-136.203,68.876],[-135.16,68.657],[-135.506,68.832],[-135.338,68.835],[-135.622,68.887],[-134.817,68.926],[-134.465,68.707],[-134.246,68.687],[-134.629,69.009],[-134.154,69.259],[-133.551,69.406],[-133.217,69.396],[-132.999,69.482],[-132.904,69.651],[-132.394,69.64],[-132.327,69.678],[-132.587,69.688],[-132.4,69.752],[-132.147,69.685],[-131.41,69.957],[-131.237,69.927],[-131.185,69.824],[-130.93,70.083],[-130.543,70.168],[-130.468,70.17],[-130.51,70.101],[-129.93,70.078],[-130.208,69.915],[-132.303,69.487],[-132.571,69.287],[-133.413,69.137],[-133.72,68.918],[-132.69,68.462],[-132.789,68.709],[-132.744,68.803],[-132.47,68.807],[-132.393,68.86],[-132.509,68.91],[-132.175,68.981],[-131.673,69.276],[-130.942,69.299],[-131.025,69.21],[-130.937,69.134],[-130.908,69.3],[-129.943,69.643],[-128.925,69.681],[-127.745,70.218],[-127.515,70.222],[-127.773,70.26],[-128.15,70.506],[-127.997,70.591],[-127.293,70.334],[-126.618,69.679],[-125.957,69.419],[-125.426,69.312],[-125.089,69.45],[-125.231,69.463],[-125.118,69.486],[-125.303,69.553],[-125.366,69.69],[-125.017,69.741],[-124.925,69.645],[-124.822,69.715],[-125.276,69.808],[-125.057,69.795],[-124.958,69.9],[-124.707,69.941],[-124.534,69.782],[-124.508,69.592],[-124.6,69.463],[-124.264,69.349],[-123.466,69.384],[-123.4,69.49],[-123.169,69.495],[-123.105,69.779],[-122.959,69.834],[-121.861,69.804],[-120.232,69.392],[-117.154,68.886],[-115.96,68.805],[-116.206,68.905],[-115.285,68.892],[-114.195,68.496],[-114.109,68.347],[-115.402,68.217],[-115.562,67.896],[-115.104,67.797],[-112.74,67.669],[-111.66,67.733],[-111.176,67.837],[-111.018,67.763],[-110.522,67.92],[-110.133,67.906],[-109.726,67.717],[-108.98,67.628],[-108.919,67.536],[-109.018,67.462],[-108.825,67.349],[-108.739,67.584],[-108.528,67.516],[-108.484,67.349],[-108.367,67.445],[-108.097,67.317],[-108.101,67.219],[-108.461,67.087],[-108.623,67.15],[-108.524,67.038],[-107.94,66.785],[-107.883,66.663],[-107.888,66.756],[-107.222,66.349],[-107.531,66.572],[-107.6,66.74],[-107.61,66.871],[-107.416,66.806],[-107.398,66.904],[-107.289,66.927],[-107.084,66.821],[-107.205,66.945],[-107.128,66.962],[-107.156,67.043],[-107.629,67.392],[-107.575,67.487],[-107.717,67.628],[-107.662,67.963],[-106.212,68.107],[-105.912,68.339],[-105.636,68.355],[-104.669,68.142],[-104.486,68.03],[-103.791,68.025],[-103.556,68.102],[-103.196,67.896],[-102.251,67.725],[-101.515,67.679],[-100.803,67.799],[-100.212,67.805],[-98.987,67.718],[-98.363,67.791],[-98.575,67.885],[-98.355,67.935],[-97.604,67.605],[-97.261,67.595],[-97.139,67.674],[-97.159,67.967],[-98.4,68.195],[-98.367,68.361],[-98.2,68.3],[-97.894,68.386],[-97.572,68.37],[-96.547,68.169],[-96.789,68.017],[-96.466,68.039],[-96.548,68.089],[-96.423,68.159],[-96.208,68.074],[-96.168,67.992],[-96.317,67.614],[-96.465,67.478],[-96.307,67.451],[-96.244,67.243],[-95.687,67.168],[-95.326,67.027],[-95.358,66.96],[-95.902,66.947],[-95.301,66.893],[-95.219,66.974],[-95.308,67.044],[-95.259,67.028],[-95.281,67.202],[-95.162,67.282],[-95.315,67.331],[-95.374,67.457],[-95.323,67.532],[-95.5,67.725],[-95.439,67.941],[-95.323,68.06],[-94.637,68.069],[-94.199,68.268],[-94.209,68.365],[-94.105,68.424],[-93.414,68.542],[-93.467,68.767],[-93.667,68.972],[-93.926,68.975],[-94.138,68.841],[-94.567,68.893],[-94.471,68.987],[-93.711,69.219],[-93.527,69.219],[-92.985,68.964],[-92.992,69.515],[-93.758,69.503],[-94.423,69.694],[-94.762,69.657],[-96.093,69.933],[-96.423,70.093],[-96.474,70.3],[-95.973,70.555],[-95.797,70.529],[-96.06,70.622],[-95.816,70.709],[-96.126,70.652],[-96.614,70.821],[-96.496,71.04],[-96.37,71.09],[-96.501,71.095],[-96.132,71.335],[-95.43,71.251],[-95.353,71.407],[-95.718,71.633],[-95.302,71.721],[-95.227,71.827],[-94.607,71.863],[-95.256,71.874],[-94.427,71.884],[-94.644,71.818],[-94.619,71.753],[-94.366,71.802],[-94.418,71.66],[-94.194,71.792],[-93.85,71.763],[-93.697,71.71],[-93.797,71.639],[-93.201,71.461],[-92.989,71.24],[-93.099,70.969],[-92.942,70.903],[-93.043,70.864],[-92.425,70.665],[-91.997,70.391],[-91.952,70.255],[-91.867,70.36],[-91.663,70.281],[-91.828,70.132],[-92.234,70.212],[-92.393,70.151],[-92.45,70.071],[-92.323,70.086],[-92.779,69.722],[-92.535,69.705],[-92.92,69.67],[-92.375,69.694],[-92.091,69.625],[-92.301,69.642],[-92.125,69.555],[-91.803,69.499],[-91.441,69.646],[-91.172,69.647],[-91.094,69.628],[-91.57,69.52],[-91.192,69.563],[-90.508,69.489],[-90.704,69.454],[-90.582,69.417],[-90.79,69.363],[-90.868,69.249],[-91.447,69.35],[-90.823,69.135],[-90.475,68.891],[-90.43,68.816],[-90.528,68.737],[-90.474,68.531],[-90.607,68.446],[-90.342,68.38],[-90.271,68.239],[-90.132,68.249],[-89.736,68.534],[-89.441,69.046],[-89.14,69.235],[-88.941,69.229],[-88.087,68.844],[-87.948,68.731],[-87.813,68.415],[-87.861,68.283],[-88.146,68.284],[-88.222,68.366],[-88.371,68.312],[-88.481,67.991],[-88.139,67.664],[-87.409,67.219],[-87.51,67.112],[-86.488,67.378],[-86.395,67.675],[-85.782,68.041],[-85.506,68.677],[-85.4,68.76],[-84.625,68.754],[-84.535,69.022],[-85.421,69.294],[-85.339,69.439],[-85.404,69.461],[-85.381,69.695],[-85.171,69.791],[-84.314,69.826],[-82.757,69.549],[-82.67,69.505],[-83.228,69.539],[-82.587,69.463],[-82.268,69.302],[-82.273,69.237],[-81.708,69.265],[-81.48,69.189],[-81.446,69.046],[-82.057,68.874],[-81.405,68.871],[-81.37,68.722],[-81.583,68.602],[-81.886,68.579],[-82.21,68.819],[-82.687,68.697],[-82.508,68.313],[-82.103,67.907],[-81.295,67.499],[-81.287,67.399],[-81.499,67.069],[-81.93,66.979],[-82.184,66.764],[-82.568,66.61],[-83.018,66.54],[-83.225,66.405],[-83.919,66.752],[-83.916,66.881],[-83.983,66.789],[-84.49,67.049],[-84.927,67.059],[-84.888,66.999],[-85.229,66.873],[-84.903,66.899],[-84.441,66.722],[-83.794,66.301],[-84.332,66.308],[-84.517,66.405],[-84.636,66.335],[-84.576,66.299],[-84.95,66.275],[-85.119,66.333],[-85.387,66.612],[-86.739,66.565],[-86.853,66.462],[-86.638,66.315],[-85.987,66.163],[-87.254,65.43],[-87.55,65.35],[-88.174,65.458],[-88.642,65.712],[-89.778,65.98],[-90.776,65.908],[-91.429,65.951],[-91.047,65.809],[-91.121,65.915],[-89.692,65.673],[-89.066,65.333],[-88.171,65.13],[-87.157,65.06],[-87.579,64.568],[-87.807,64.514],[-87.915,64.295],[-88.574,64.014],[-88.994,63.999],[-89.261,64.161],[-89.069,63.963],[-89.319,63.996],[-89.806,64.131],[-89.736,64.145],[-89.784,64.245],[-89.824,64.144],[-89.973,64.191],[-90.124,64.129],[-89.986,64.094],[-89.999,63.984],[-90.279,64.004],[-89.968,63.782],[-90.236,63.607],[-90.624,63.704],[-90.699,63.657],[-90.59,63.677],[-90.551,63.601],[-90.844,63.609],[-91.586,63.794],[-93.301,63.983],[-93.78,64.19],[-93.604,64.044],[-93.771,63.958],[-93.533,63.843],[-93.217,63.839],[-93.449,63.926],[-93.39,63.972],[-92.376,63.595],[-92.481,63.527],[-92.252,63.575],[-91.027,63.395],[-90.774,63.302],[-90.64,63.091],[-90.92,62.946],[-91.417,62.853],[-92.29,62.915],[-92.455,62.794],[-91.891,62.604],[-91.972,62.53],[-92.197,62.603],[-92.71,62.466],[-92.715,62.344],[-92.585,62.302],[-92.659,62.233],[-93.122,62.335],[-92.765,62.219],[-93.11,62.157],[-92.931,62.109],[-93.147,62.011],[-93.411,62.031],[-93.24,61.967],[-93.362,61.894],[-93.616,61.94],[-93.617,61.862],[-93.406,61.805],[-93.374,61.702],[-93.985,61.456],[-93.82,61.355],[-94.349,60.859],[-94.509,60.544],[-94.673,60.522],[-94.614,60.381],[-94.822,59.959],[-94.819,59.636],[-94.79,59.092],[-94.684,58.878],[-94.243,58.686],[-94.363,58.219],[-94.229,58.396],[-94.199,58.67],[-93.364,58.702],[-93.134,58.598],[-92.427,57.365],[-92.564,57.069],[-92.876,56.907],[-92.474,57.038],[-92.483,56.977],[-92.353,56.974],[-92.466,56.932],[-91.337,57.163],[-90.445,57.144],[-88.767,56.738],[-87.914,56.332],[-87.467,55.912],[-85.892,55.61],[-85.116,55.316],[-85.398,55.101],[-85.424,54.991],[-85.194,55.244],[-85.03,55.294],[-84.468,55.167],[-83.625,55.218],[-83.562,55.131],[-83.576,55.223],[-82.284,55.008],[-82.242,54.875],[-82.434,54.209],[-82.221,54.021],[-82.16,53.802],[-82.341,52.981],[-82.087,52.869],[-81.734,52.549],[-81.724,52.278],[-81.884,52.187],[-81.732,52.241],[-81.747,52.17],[-81.393,52.128],[-80.94,51.937],[-80.432,51.43],[-80.431,51.354],[-81.015,51.028],[-80.4,51.337],[-80.13,51.298],[-79.724,51.098],[-79.332,50.724],[-79.521,50.964],[-79.338,50.843],[-79.594,51.266],[-79.534,51.418],[-79.276,51.604],[-79.267,51.522],[-79.112,51.525],[-78.937,51.198],[-78.853,51.166],[-78.913,51.283],[-78.823,51.161],[-78.7,51.566],[-78.797,51.771],[-78.553,52.01],[-78.491,52.256],[-78.507,52.461],[-78.725,52.695],[-78.916,53.561],[-79.035,53.742],[-78.758,53.749],[-78.801,53.963],[-79.101,54.117],[-79.049,54.183],[-79.244,54.16],[-79.399,54.276],[-79.545,54.692],[-78.589,54.922],[-77.749,55.301],[-77.215,55.595],[-76.689,56.027],[-76.532,56.315],[-76.439,56.81],[-76.555,57.28],[-76.772,57.663],[-77.147,58.023],[-78.042,58.4],[-78.469,58.709],[-78.042,58.993],[-77.866,59.272],[-77.677,59.4],[-77.767,59.423],[-77.662,59.574],[-77.312,59.567],[-77.43,59.62],[-77.215,59.748],[-77.273,60.004],[-76.759,60.159],[-77.2,60.151],[-77.289,60.036],[-77.507,60.415],[-77.388,60.694],[-77.685,60.712],[-77.512,60.836],[-77.856,60.764],[-77.896,60.828],[-78.108,60.8],[-77.688,61.156],[-77.462,61.473],[-77.48,61.549],[-77.985,61.859],[-78.005,62.099],[-77.868,62.29],[-77.362,62.517],[-75.757,62.23],[-75.891,62.157],[-75.668,62.214],[-74.793,62.177],[-74.598,62.104],[-74.724,62.176],[-73.66,62.39],[-73.395,62.355],[-72.616,61.984],[-72.749,61.856],[-72.603,61.804],[-72.608,61.91],[-72.52,61.921],[-72.01,61.675],[-72.303,61.567],[-71.934,61.662],[-71.724,61.547],[-71.888,61.431],[-71.856,61.371],[-71.39,61.138],[-69.927,60.808],[-69.536,60.989],[-69.386,60.791],[-69.716,60.683],[-69.657,60.575],[-69.826,60.526],[-69.625,60.067],[-70.505,59.992],[-70.946,60.063],[-70.567,59.969],[-69.727,59.964],[-69.601,59.833],[-69.541,59.671],[-69.761,59.484],[-69.631,59.375],[-69.758,59.32],[-69.424,59.355],[-69.344,59.196],[-69.449,59.223],[-69.537,59.123],[-69.361,59.075],[-69.493,59.037],[-69.476,58.975],[-69.869,59.053],[-69.867,58.819],[-70.159,58.761],[-69.975,58.756],[-69.726,58.561],[-69.214,58.748],[-68.569,58.783],[-68.366,58.687],[-68.217,58.491],[-68.344,58.127],[-68.467,58.046],[-69.135,57.897],[-69.369,57.765],[-68.965,57.934],[-68.404,58.04],[-68.302,58.119],[-68.138,58.522],[-68.129,58.31],[-68.023,58.187],[-68.126,58.071],[-67.662,58.265],[-67.714,57.923],[-67.566,58.224],[-66.821,58.388],[-66.63,58.504],[-66.475,58.808],[-66.241,58.746],[-66.007,58.505],[-66.059,58.32],[-65.91,58.451],[-65.861,58.795],[-65.729,59.038],[-65.5,58.983],[-65.573,59.044],[-65.318,59.041],[-65.661,59.089],[-65.263,59.348],[-65.439,59.485],[-64.983,59.376],[-65.412,59.509],[-65.514,59.734],[-64.984,59.763],[-65.143,59.804],[-64.473,60.071],[-64.378,60.018],[-64.395,59.942],[-64.514,59.896],[-64.334,59.978],[-64.172,59.818],[-64.255,59.757],[-64.058,59.625],[-64.117,59.517],[-63.997,59.627],[-63.73,59.498],[-64.062,59.382],[-63.751,59.376],[-63.814,59.241],[-63.626,59.359],[-63.43,59.125],[-64.044,59.015],[-63.39,59.095],[-63.161,58.928],[-63.325,58.856],[-63.091,58.877],[-62.887,58.656],[-63.589,58.301],[-63.133,58.477],[-63.022,58.455],[-62.999,58.374],[-62.741,58.389],[-62.691,58.281],[-62.828,58.252],[-62.684,58.268],[-62.643,58.18],[-62.965,58.154],[-63.341,57.98],[-63.129,57.998],[-62.94,58.126],[-62.621,58.133],[-62.54,58.002],[-62.673,57.93],[-62.51,57.972],[-62.109,57.858],[-61.883,57.646],[-62.309,57.491],[-62.545,57.501],[-62.354,57.418],[-62.126,57.461],[-62.186,57.437],[-61.932,57.254],[-62.016,57.243],[-61.476,57.104],[-61.359,57.009],[-61.547,56.954],[-61.661,56.809],[-61.905,56.751],[-62.505,56.789],[-62.067,56.834],[-62.499,56.851],[-62.574,56.793],[-62.153,56.6],[-62.047,56.457],[-62.143,56.449],[-61.946,56.302],[-62.08,56.294],[-62.012,56.236],[-61.41,56.14],[-61.449,56.053],[-61.238,56.043],[-61.504,56.007],[-61.126,55.969],[-61.077,55.907],[-61.193,55.869],[-60.885,55.862],[-60.742,55.791],[-60.879,55.733],[-60.607,55.726],[-60.656,55.584],[-60.558,55.702],[-60.476,55.662],[-60.532,55.588],[-60.439,55.62],[-60.358,55.51],[-60.478,55.347],[-60.373,55.422],[-60.683,54.995],[-60.572,55.071],[-60.294,55.019],[-60.047,55.119],[-59.614,55.137],[-59.461,55.106],[-59.944,54.75],[-59.378,55.088],[-59.298,55.067],[-59.384,54.973],[-59.239,55.047],[-58.932,54.93],[-59.016,54.892],[-58.904,54.845],[-57.433,54.58],[-57.503,54.484],[-57.705,54.467],[-57.515,54.466],[-58.262,54.311],[-58.096,54.326],[-58.193,54.275],[-59.576,54.049],[-59.494,53.996],[-58.941,54.081],[-59.399,53.866],[-59.992,53.805],[-60.137,53.684],[-60.134,53.528],[-60.857,53.793],[-60.88,53.713],[-60.537,53.678],[-60.129,53.509],[-60.413,53.358],[-60.232,53.304],[-60.417,53.268],[-59.181,53.519],[-58.64,53.868],[-58.101,54.074],[-57.561,54.131],[-57.329,54.048],[-57.127,53.847],[-57.264,53.694],[-57.55,53.592],[-57.317,53.58],[-57.337,53.44],[-57.19,53.54],[-57.131,53.483],[-56.649,53.658],[-55.881,53.352],[-55.78,53.239],[-55.802,53.113],[-55.927,53.023],[-56.166,53.033],[-55.899,52.973],[-55.925,52.818],[-56.123,52.651],[-56.078,52.576],[-56.497,52.594],[-56.005,52.508],[-55.828,52.344],[-56.197,52.44],[-55.678,52.205],[-55.824,52.021],[-56.964,51.488],[-58.524,51.379],[-59.132,50.836],[-59.716,50.511],[-61.64,50.277],[-65.582,50.362],[-66.373,50.314],[-66.619,50.221],[-67.147,49.812],[-67.318,49.425],[-68.307,49.227],[-69.15,48.734],[-70.599,47.433],[-70.871,47.05],[-71.299,46.742],[-70.974,46.858],[-71.039,46.736],[-70.891,46.882],[-70.507,47.02],[-69.425,47.998],[-68.341,48.546],[-66.03,49.166],[-64.952,49.207],[-64.32,48.947],[-64.241,48.802],[-64.549,48.878],[-64.196,48.658],[-64.26,48.549],[-65.213,48.121],[-66.181,48.185],[-66.842,47.992],[-66.377,48.073],[-65.819,47.904],[-65.635,47.621],[-65.191,47.821],[-64.797,47.806],[-64.7,47.752],[-64.924,47.56],[-64.88,47.439],[-65.39,47.13],[-65.253,47.129],[-65.37,47.087],[-65.219,47.054],[-64.826,47.084],[-64.904,46.841],[-64.851,46.719],[-64.713,46.684],[-64.504,46.24],[-63.816,46.141],[-64.059,46.115],[-64.094,46.022],[-63.664,45.815],[-63.474,45.877],[-63.404,45.854],[-63.524,45.81],[-63.292,45.805],[-63.354,45.742],[-63.083,45.803],[-62.678,45.764],[-62.726,45.68],[-62.625,45.725],[-62.462,45.612],[-61.929,45.885],[-61.881,45.687],[-61.618,45.611],[-61.489,45.687],[-61.303,45.528],[-61.464,45.347],[-60.965,45.299],[-61.193,45.246],[-61.265,45.301],[-61.372,45.198],[-61.683,45.216],[-61.634,45.144],[-62.815,44.771],[-63.056,44.773],[-63.053,44.711],[-63.107,44.831],[-63.303,44.663],[-63.388,44.747],[-63.484,44.609],[-63.658,44.715],[-63.559,44.513],[-63.902,44.573],[-63.888,44.729],[-64.045,44.636],[-64.088,44.513],[-64.147,44.627],[-64.306,44.615],[-64.313,44.503],[-64.391,44.489],[-64.322,44.471],[-64.282,44.303],[-64.361,44.333],[-64.706,44.129],[-64.649,44.057],[-64.842,43.979],[-64.85,43.895],[-64.908,43.937],[-64.871,43.86],[-65.031,43.872],[-64.988,43.758],[-65.319,43.752],[-65.469,43.52],[-65.558,43.62],[-65.713,43.56],[-65.939,43.86],[-66.001,43.752],[-66.189,44.141],[-65.841,44.615],[-66.163,44.447],[-65.817,44.656],[-65.69,44.614],[-65.523,44.738],[-65.712,44.726],[-64.862,45.14],[-64.394,45.287],[-64.489,45.335],[-64.327,45.303],[-64.38,45.131],[-64.21,45.104],[-64.156,44.978],[-64.153,45.193],[-63.378,45.385],[-64.559,45.457],[-64.92,45.367],[-64.26,45.843],[-64.283,45.922],[-64.489,45.811],[-64.747,46.091],[-64.593,45.844],[-64.724,45.668],[-65.76,45.294],[-65.888,45.258],[-66.054,45.35],[-66.003,45.462],[-66.193,45.334],[-66.114,45.255],[-66.404,45.108],[-66.502,45.186],[-66.96,45.21],[-67.033,45.155],[-67.187,45.252],[-67.131,45.173],[-67.207,45.183],[-67.049,45.009],[-67.198,44.919],[-66.977,44.852],[-67.169,44.711],[-67.532,44.723],[-67.6,44.579],[-67.738,44.663],[-68.052,44.411],[-68.131,44.567],[-68.467,44.441],[-68.558,44.483],[-68.561,44.315],[-68.804,44.393],[-68.715,44.609],[-68.782,44.627],[-68.985,44.44],[-69.095,44.141],[-69.249,43.991],[-69.395,44.093],[-69.507,43.896],[-69.528,44.034],[-69.649,43.928],[-69.608,44.069],[-69.754,43.955],[-69.692,43.881],[-69.75,43.825],[-69.773,44.079],[-69.876,43.984],[-69.826,43.752],[-69.922,43.913],[-70.216,43.8],[-70.253,43.652],[-70.195,43.637],[-70.536,43.404],[-70.868,42.871],[-70.694,42.637],[-70.871,42.602],[-71.024,42.429],[-71.034,42.297],[-70.722,42.218],[-70.682,41.997],[-70.531,41.933],[-70.527,41.803],[-70.325,41.711],[-70.011,41.797],[-70.001,41.951],[-70.183,42.09],[-70.079,42.062],[-69.956,41.914],[-69.928,41.722],[-70.642,41.592],[-70.712,41.795],[-70.967,41.562],[-71.173,41.527],[-71.193,41.674],[-71.104,41.825],[-71.304,41.771],[-71.373,41.837],[-71.452,41.425],[-72.906,41.286],[-73.386,41.139],[-73.941,40.843],[-73.858,41.186],[-73.952,41.309],[-73.912,41.122],[-74.074,40.727],[-74.293,40.632],[-74.251,40.455],[-73.958,40.405],[-74.172,39.738],[-74.3,39.576],[-74.406,39.614],[-74.404,39.448],[-74.648,39.302],[-74.601,39.265],[-74.86,38.99],[-74.951,39.003],[-74.882,39.139],[-74.94,39.251],[-75.133,39.246],[-75.401,39.424],[-75.537,39.648],[-75.395,39.803],[-75.13,39.876],[-75.029,40.012],[-75.222,39.873],[-75.461,39.839],[-75.624,39.673],[-75.574,39.455],[-75.4,39.258],[-75.388,39.076],[-75.188,38.817],[-75.14,38.695],[-75.201,38.598],[-75.064,38.587],[-75.042,38.497],[-75.431,37.993],[-75.61,37.594],[-75.7,37.607],[-75.804,37.453],[-75.866,37.223],[-75.958,37.207],[-76.01,37.307],[-75.968,37.457],[-75.9,37.628],[-75.663,37.841],[-75.64,38.005],[-75.85,37.978],[-75.748,38.15],[-75.909,38.165],[-75.89,38.265],[-75.811,38.278],[-75.846,38.426],[-76.044,38.293],[-76.223,38.361],[-76.303,38.499],[-76.185,38.534],[-76.28,38.561],[-76.176,38.611],[-76.023,38.574],[-75.959,38.652],[-76.066,38.612],[-76.008,38.667],[-76.279,38.809],[-76.337,38.735],[-76.257,38.844],[-76.105,38.794],[-76.156,38.946],[-76.326,38.995],[-76.145,39.013],[-76.063,39.195],[-76.24,39.193],[-76.166,39.32],[-75.858,39.436],[-75.927,39.448],[-75.832,39.577],[-75.94,39.646],[-76.066,39.605],[-76.109,39.48],[-76.201,39.424],[-76.217,39.525],[-76.244,39.434],[-76.339,39.462],[-76.428,39.317],[-76.619,39.254],[-76.41,39.075],[-76.538,38.732],[-76.408,38.397],[-76.663,38.634],[-76.652,38.542],[-76.396,38.344],[-76.632,38.484],[-76.678,38.676],[-76.666,38.481],[-76.371,38.288],[-76.324,38.109],[-76.608,38.29],[-76.767,38.293],[-76.82,38.42],[-76.89,38.444],[-76.861,38.331],[-77.104,38.477],[-77.253,38.459],[-77.234,38.552],[-77.022,38.701],[-77.061,38.905],[-77.038,38.729],[-77.246,38.699],[-77.32,38.345],[-77.053,38.366],[-76.932,38.203],[-76.592,38.129],[-76.236,37.898],[-76.314,37.732],[-76.416,37.705],[-76.885,38.067],[-76.646,37.794],[-76.929,38.088],[-77.134,38.173],[-76.94,38.072],[-76.536,37.627],[-76.28,37.555],[-76.258,37.373],[-76.399,37.459],[-76.394,37.331],[-76.481,37.323],[-76.787,37.563],[-76.598,37.349],[-76.377,37.29],[-76.485,37.27],[-76.683,37.43],[-76.602,37.302],[-76.292,37.139],[-76.283,37.056],[-76.417,37.029],[-76.639,37.269],[-76.852,37.358],[-76.937,37.282],[-77.232,37.296],[-76.717,37.147],[-76.524,36.922],[-76.294,36.843],[-76.261,36.959],[-75.99,36.914],[-75.82,36.41],[-75.958,36.768],[-76.035,36.497],[-75.808,36.142],[-75.953,36.333],[-75.976,36.245],[-76.186,36.368],[-76.222,36.289],[-76.097,36.203],[-76.205,36.152],[-76.442,36.244],[-76.34,36.152],[-76.587,36.066],[-76.7,36.161],[-76.71,36.353],[-76.731,35.939],[-76.405,35.98],[-76.268,35.919],[-76.305,35.956],[-76.071,35.992],[-76.023,35.955],[-76.095,35.722],[-76.038,35.688],[-76.139,35.691],[-76.031,35.65],[-75.953,35.911],[-75.848,35.976],[-75.72,35.731],[-75.783,35.636],[-75.884,35.687],[-76.141,35.384],[-76.516,35.467],[-76.577,35.577],[-76.645,35.571],[-76.615,35.456],[-77.053,35.58],[-77.019,35.482],[-76.493,35.305],[-76.678,35.216],[-76.6,35.214],[-76.672,35.169],[-76.613,35.152],[-76.779,35.038],[-77.063,35.207],[-76.944,34.977],[-76.753,34.905],[-76.461,35.071],[-76.458,34.934],[-76.323,34.971],[-76.353,35.019],[-76.306,34.979],[-76.622,34.763],[-77.34,34.621],[-77.429,34.742],[-77.381,34.579],[-77.751,34.293],[-77.927,33.968],[-77.962,34.159],[-77.985,33.929],[-78.572,33.882],[-78.899,33.702],[-79.271,33.373],[-79.349,33.11],[-79.579,33.011],[-79.737,32.8],[-79.857,32.77],[-79.944,32.853],[-79.968,32.784],[-79.874,32.711],[-80.029,32.625],[-80.233,32.534],[-80.672,32.522],[-80.586,32.488],[-80.648,32.385],[-80.674,32.45],[-80.686,32.323],[-80.837,32.517],[-80.721,32.264],[-81.21,31.561],[-81.336,31.551],[-81.233,31.495],[-81.346,31.178],[-81.441,31.211],[-81.497,31.126],[-81.401,31.079],[-81.534,30.851],[-81.405,30.073],[-80.636,28.613],[-80.761,28.606],[-80.746,28.726],[-80.844,28.791],[-80.262,27.197],[-80.078,26.923],[-80.05,26.551],[-80.399,25.185],[-80.54,25.246],[-80.682,25.164],[-81.098,25.125],[-81.134,25.323],[-80.983,25.201],[-80.915,25.251],[-81.144,25.401],[-81.34,25.809],[-81.675,25.914],[-81.802,26.102],[-81.875,26.453],[-81.968,26.492],[-81.778,26.711],[-82.028,26.53],[-82.08,26.708],[-82.017,26.965],[-82.192,26.938],[-82.161,26.862],[-82.291,26.83],[-82.352,26.9],[-82.655,27.462],[-82.402,27.785],[-82.423,27.917],[-82.691,28.032],[-82.719,27.928],[-82.599,27.847],[-82.717,27.745],[-82.841,27.838],[-82.629,28.696],[-82.627,28.876],[-82.803,29.155],[-83.076,29.232],[-83.636,29.88],[-84.017,30.1],[-84.317,30.092],[-84.764,29.799],[-85.326,29.681],[-85.309,29.824],[-85.485,30.032],[-85.392,30.049],[-85.688,30.19],[-85.747,30.297],[-85.848,30.25],[-85.742,30.206],[-85.874,30.218],[-86.287,30.366],[-86.102,30.379],[-86.263,30.497],[-87.117,30.367],[-86.936,30.45],[-87.163,30.52],[-87.219,30.395],[-87.42,30.481],[-87.564,30.283],[-87.775,30.263],[-88.02,30.701],[-88.142,30.328],[-88.35,30.405],[-89.233,30.406],[-89.699,30.185],[-90.267,30.38],[-90.43,30.171],[-90.34,30.039],[-89.781,30.112],[-89.685,30.091],[-89.829,30.032],[-89.814,29.942],[-89.624,29.873],[-89.544,29.991],[-89.38,29.873],[-89.754,29.634],[-89.559,29.433],[-89.258,29.335],[-89.034,29.121],[-89.287,29.061],[-89.273,29.156],[-89.396,29.094],[-89.479,29.234],[-89.772,29.338],[-89.775,29.416],[-90.178,29.572],[-90.298,29.374],[-90.092,29.222],[-90.235,29.119],[-90.273,29.26],[-90.444,29.326],[-90.789,29.113],[-91.116,29.264],[-91.267,29.467],[-91.842,29.83],[-92.228,29.802],[-92.1,29.616],[-92.244,29.551],[-92.688,29.6],[-93.241,29.785],[-93.866,29.721],[-93.901,29.807],[-93.807,29.837],[-93.792,29.995],[-93.957,29.832],[-93.875,29.72],[-94.142,29.69],[-94.426,29.543],[-94.766,29.568],[-94.706,29.716],[-94.754,29.788],[-95.007,29.758],[-95.058,29.675],[-94.903,29.314],[-95.603,28.799],[-96.015,28.656],[-96.442,28.764],[-96.423,28.667],[-96.717,28.712],[-96.774,28.623],[-96.577,28.426],[-96.642,28.319],[-96.794,28.478],[-96.846,28.407],[-96.781,28.241],[-96.872,28.151],[-97.162,28.169],[-97.217,28.07],[-97.568,27.909],[-97.281,27.659],[-97.621,27.337],[-97.774,27.459],[-97.622,27.249],[-97.573,26.561],[-97.26,25.811],[-97.444,25.412],[-97.508,25.447],[-97.543,25.312],[-97.654,25.365],[-97.754,25.257],[-97.687,24.955],[-97.773,24.526],[-97.833,24.517],[-97.882,22.333],[-97.504,21.189],[-96.579,19.92],[-96.012,18.929],[-95.809,18.746],[-95.187,18.704],[-94.816,18.5],[-94.479,18.147],[-93.794,18.262],[-93.45,18.441],[-93.182,18.439],[-93.127,18.339],[-92.405,18.681],[-92.1,18.706],[-92.107,18.516],[-91.809,18.381],[-91.475,18.439],[-91.438,18.541],[-91.184,18.652],[-91.377,18.774],[-91.33,18.894],[-91.434,18.855],[-90.734,19.356],[-90.681,19.762],[-90.455,19.975],[-90.46,20.723],[-90.28,21.063],[-89.92,21.235],[-88.843,21.414],[-88.426,21.571],[-87.145,21.484],[-86.922,21.301],[-86.936,20.976],[-87.651,20.19],[-87.66,19.875],[-87.858,19.582],[-87.648,19.506],[-87.877,18.381],[-88.029,18.62],[-88.038,18.869],[-88.098,18.806],[-88.138,18.894],[-88.311,18.741],[-88.399,18.309],[-88.123,18.369],[-88.112,18.194],[-88.3,17.635],[-88.249,17.465],[-88.327,17.157],[-88.242,17.014],[-88.445,16.441],[-88.573,16.292],[-88.742,16.269],[-88.787,16.128],[-88.941,16.033],[-88.941,15.905],[-88.612,15.697],[-88.491,15.845],[-88.551,15.941],[-88.132,15.682],[-87.952,15.841],[-87.66,15.9],[-87.477,15.784],[-87.313,15.836],[-86.898,15.756],[-86.358,15.769],[-85.887,15.994],[-85.632,15.874],[-84.803,15.933],[-84.597,15.774],[-84.439,15.821],[-84.48,15.85],[-84.2,15.776],[-84.234,15.502],[-83.923,15.242],[-83.527,15.237],[-83.622,15.175],[-83.508,15.196],[-83.366,14.885],[-83.421,14.806],[-83.296,14.615],[-83.418,14.068],[-83.662,13.705],[-83.688,12.962],[-83.883,12.122],[-83.914,11.251],[-83.747,10.878],[-83.111,10.016],[-82.774,9.659],[-82.364,9.407],[-82.382,9.286],[-82.237,8.998],[-82.06,8.931],[-81.723,9.017],[-81.505,8.791],[-81.153,8.787],[-80.097,9.217],[-79.531,9.618],[-78.998,9.543],[-79.057,9.43],[-78.549,9.428],[-78.036,9.23],[-77.224,8.453],[-76.923,7.933],[-76.762,7.915],[-76.702,8.115],[-76.842,8.559],[-76.316,8.94],[-76.09,9.336],[-75.629,9.454],[-75.585,9.606],[-75.652,9.769],[-75.496,10.523],[-75.409,10.659],[-75.23,10.719],[-75.276,10.782],[-74.716,11.061],[-74.529,10.929],[-74.603,10.78],[-74.391,10.743],[-74.155,11.331],[-73.794,11.266],[-73.284,11.296],[-72.76,11.693],[-72.259,11.889],[-72.059,12.237],[-71.964,12.258],[-72.012,12.19],[-71.938,12.163],[-71.634,12.427],[-71.47,12.423],[-71.206,12.274],[-71.11,12.066],[-71.3,11.893],[-71.594,11.844],[-71.988,11.608],[-71.688,10.769],[-71.896,10.44],[-72.128,9.813],[-71.823,9.436],[-71.764,9.12],[-71.63,9.044],[-71.291,9.122],[-71.073,9.311],[-71.014,9.627],[-71.089,9.919],[-71.533,10.674],[-71.447,10.796],[-71.498,10.96],[-70.513,11.246],[-70.036,11.44],[-70.036,11.502],[-69.799,11.428],[-69.74,11.495],[-69.792,11.693],[-69.923,11.79],[-70.197,11.751],[-70.29,11.912],[-70.188,12.108],[-70.016,12.198],[-69.819,11.968],[-69.758,11.661],[-69.63,11.466],[-69.123,11.493],[-68.549,11.265],[-68.372,11.012],[-68.254,10.589],[-68.116,10.484],[-66.287,10.645],[-66.139,10.602],[-66.103,10.478],[-65.817,10.229],[-65.081,10.061],[-64.764,10.097],[-64.203,10.45],[-63.698,10.486],[-64.14,10.571],[-64.075,10.622],[-62.698,10.748],[-62.207,10.695],[-62.336,10.535],[-62.914,10.547],[-63.009,10.455],[-62.937,10.488],[-63.003,10.276],[-62.932,10.281],[-62.937,10.405],[-62.66,10.255],[-62.624,10.118],[-62.801,10.055],[-63.015,10.094],[-62.805,10.009],[-62.617,10.09],[-62.617,10.219],[-62.469,10.088],[-62.318,9.705],[-62.206,9.915],[-62.211,9.634],[-62.134,9.826],[-62.024,9.866],[-62.196,9.936],[-62.128,10.002],[-61.812,9.758],[-61.739,9.596],[-61.802,9.815],[-61.584,9.787],[-61.643,9.88],[-61.263,9.592],[-60.801,9.383],[-61.121,9.165],[-61.29,8.771],[-61.765,8.583],[-61.329,8.431],[-61.078,8.493],[-61.074,8.401],[-60.983,8.569],[-60.213,8.563],[-59.916,8.467],[-59.789,8.341],[-59.778,8.402],[-59.194,8.032],[-58.617,7.499],[-58.564,6.913],[-58.646,6.426],[-58.593,6.42],[-58.532,6.709],[-58.509,6.559],[-58.375,6.826],[-58.275,6.871],[-58.006,6.789],[-57.633,6.479],[-57.519,6.271],[-57.492,6.342],[-57.364,6.29],[-57.233,6.129],[-57.135,5.948],[-57.249,5.486],[-57.166,5.542],[-57.091,5.882],[-57.065,5.837],[-56.918,5.978],[-55.91,5.78],[-55.9,5.672],[-55.88,5.928],[-55.819,5.96],[-55.377,5.96],[-55.12,5.884],[-55.128,5.822],[-54.864,5.853],[-55.102,5.902],[-55.163,5.964],[-55.113,5.987],[-54.412,5.918],[-53.992,5.756],[-54.167,5.347],[-53.946,5.736],[-53.027,5.427],[-51.972,4.561],[-51.953,4.413],[-52.04,4.331],[-51.929,4.398],[-51.931,4.519],[-51.653,4.22],[-51.684,4.034],[-51.54,4.154],[-51.448,3.973],[-51.549,4.26],[-51.447,4.32],[-51.253,4.145],[-51.018,3.108],[-50.68,2.165],[-50.445,1.826],[-49.969,1.728],[-49.889,1.331],[-50.122,1.214],[-49.904,1.201],[-50.12,1.054],[-50.767,0.189],[-50.951,0.145],[-51.529,-0.429],[-52.057,-1.419],[-52.233,-1.345],[-52.713,-1.603],[-52.285,-1.534],[-52.249,-1.705],[-51.568,-1.446],[-50.977,-1.114],[-50.69,-1.796],[-50.815,-1.898],[-51.129,-1.821],[-51.333,-1.644],[-51.522,-2.046],[-51.443,-2.285],[-51.379,-2.333],[-51.481,-2.069],[-51.308,-1.764],[-50.991,-2.026],[-51.029,-2.345],[-50.846,-2.509],[-51.001,-2.369],[-50.984,-2.066],[-50.924,-1.989],[-50.706,-2.221],[-50.824,-1.963],[-50.681,-1.813],[-50.399,-1.965],[-49.622,-1.925],[-49.291,-1.791],[-49.506,-2.257],[-49.49,-2.565],[-49.221,-2.108],[-48.657,-1.656],[-48.534,-1.59],[-48.424,-1.659],[-48.414,-1.499],[-48.184,-1.472],[-48.432,-1.467],[-48.043,-0.816],[-47.457,-0.76],[-47.394,-0.813],[-47.414,-0.736],[-47.237,-0.68],[-46.928,-0.928],[-45.631,-1.373],[-45.371,-1.757],[-45.256,-1.763],[-45.076,-1.604],[-44.796,-1.736],[-44.544,-2.111],[-44.656,-2.331],[-44.519,-2.159],[-44.462,-2.269],[-44.659,-2.569],[-44.711,-2.759],[-44.629,-3.064],[-44.789,-3.208],[-44.786,-3.297],[-44.222,-2.777],[-44.198,-2.869],[-44.074,-2.715],[-43.233,-2.419],[-42.316,-2.818],[-41.295,-2.96],[-41.248,-3.024],[-41.244,-2.963],[-40.231,-2.851],[-39.772,-2.993],[-39.05,-3.408],[-37.181,-4.954],[-36.636,-5.118],[-35.665,-5.18],[-35.464,-5.268],[-35.345,-5.478],[-34.918,-7.167],[-34.925,-7.872],[-35.114,-8.661],[-35.427,-9.347],[-35.799,-9.69],[-35.932,-9.918],[-36.877,-10.758],[-37.043,-10.827],[-37.153,-10.749],[-37.142,-10.825],[-37.05,-10.828],[-37.187,-10.845],[-37.362,-11.131],[-37.41,-11.468],[-37.637,-11.951],[-38.286,-12.903],[-38.473,-12.989],[-38.507,-12.724],[-38.694,-12.576],[-38.799,-12.627],[-38.817,-12.844],[-38.86,-12.661],[-38.901,-12.706],[-38.828,-12.983],[-38.957,-13.378],[-39.058,-13.383],[-39.08,-13.538],[-39.003,-13.516],[-39.126,-14.325],[-38.948,-16.002],[-39.208,-17.146],[-39.163,-17.73],[-39.666,-18.227],[-39.801,-18.748],[-39.698,-19.37],[-39.801,-19.633],[-40.01,-19.745],[-40.281,-20.256],[-40.35,-20.235],[-40.317,-20.329],[-40.478,-20.649],[-40.624,-20.831],[-40.763,-20.855],[-40.961,-21.236],[-41.048,-21.661],[-40.994,-22.016],[-41.763,-22.346],[-41.991,-22.571],[-42.034,-22.919],[-43.092,-22.955],[-43.129,-22.891],[-43.019,-22.682],[-43.076,-22.668],[-43.265,-22.744],[-43.145,-22.946],[-43.289,-23.013],[-43.606,-23.007],[-43.859,-22.896],[-44.068,-22.976],[-44.279,-22.989],[-44.351,-22.919],[-44.561,-22.99],[-44.684,-23.063],[-44.658,-23.263],[-45.411,-23.629],[-45.448,-23.836],[-45.795,-23.736],[-46.294,-23.941],[-46.383,-23.868],[-46.436,-24.021],[-48.026,-25.015],[-47.961,-25.081],[-48.125,-25.291],[-48.395,-25.296],[-48.418,-25.409],[-48.725,-25.426],[-48.536,-25.788],[-48.771,-25.88],[-48.581,-25.872],[-48.59,-26.186],[-48.738,-26.221],[-48.803,-26.067],[-48.588,-27.146],[-48.644,-27.647],[-48.589,-27.82],[-48.728,-28.367],[-48.794,-28.471],[-48.861,-28.321],[-48.817,-28.507],[-48.898,-28.636],[-49.388,-28.967],[-49.753,-29.37],[-50.673,-30.988],[-51.425,-31.693],[-51.36,-31.528],[-51.19,-31.4],[-51.137,-31.193],[-51.018,-31.085],[-50.978,-31.136],[-50.987,-31.058],[-50.717,-30.778],[-50.537,-30.307],[-50.635,-30.186],[-50.673,-30.293],[-51.021,-30.336],[-51.021,-30.267],[-51.17,-30.231],[-51.282,-30.01],[-51.265,-30.469],[-51.474,-31.054],[-51.656,-31.225],[-51.962,-31.335],[-52.003,-31.522],[-52.221,-31.747],[-52.176,-31.942],[-52.245,-31.986],[-52.246,-32.276],[-52.593,-33.049],[-52.827,-33.327],[-53.44,-33.792],[-53.776,-34.352],[-54.145,-34.671],[-54.229,-34.681],[-54.242,-34.581],[-54.326,-34.563],[-54.283,-34.698],[-54.896,-34.944],[-55.686,-34.774],[-56.158,-34.927],[-56.32,-34.911],[-56.426,-34.843],[-56.367,-34.795],[-56.657,-34.741],[-57.118,-34.462],[-57.84,-34.495],[-58.429,-33.841],[-58.362,-33.133],[-58.088,-33.055]],[[-95.928,66.952],[-95.994,67.01],[-95.932,67.07],[-96.123,66.95],[-96.279,66.999],[-96.288,67.068],[-96.461,67.062],[-95.848,66.753],[-95.781,66.629],[-95.63,66.676],[-96.092,66.912],[-95.928,66.952]],[[-70.332,48.317],[-69.828,48.166],[-69.977,48.274],[-71.049,48.445],[-70.332,48.317]],[[-73.274,-50.346],[-73.109,-50.365],[-72.955,-50.62],[-72.782,-50.483],[-72.962,-50.471],[-72.973,-50.357],[-71.982,-50.224],[-72.116,-50.132],[-72.947,-50.18],[-73.188,-49.982],[-73.286,-50.07],[-73.291,-50.211],[-73.163,-50.148],[-72.972,-50.261],[-73.214,-50.27],[-73.274,-50.346]],[[-73.018,-49.508],[-72.969,-49.588],[-73.029,-49.673],[-72.621,-49.641],[-72.184,-49.784],[-72.101,-49.736],[-72.211,-49.626],[-72.878,-49.44],[-73.018,-49.508]],[[-72.789,-46.785],[-72.904,-47.011],[-72.258,-46.586],[-71.782,-46.499],[-71.376,-46.575],[-71.166,-46.527],[-71.626,-46.297],[-71.847,-46.316],[-71.988,-46.437],[-72.478,-46.596],[-72.724,-46.512],[-72.661,-46.664],[-72.789,-46.785]],[[-72.703,-41.026],[-72.912,-41.021],[-72.994,-41.15],[-72.967,-41.285],[-72.629,-41.214],[-72.703,-41.026]],[[-68.676,-45.422],[-68.766,-45.365],[-68.836,-45.413],[-68.875,-45.294],[-68.97,-45.282],[-68.848,-45.644],[-68.566,-45.607],[-68.676,-45.422]],[[-52.773,-32.876],[-52.591,-32.54],[-52.72,-32.199],[-52.81,-32.391],[-53.6,-33.079],[-53.544,-33.539],[-53.454,-33.532],[-53.409,-33.159],[-53.228,-33.055],[-53.131,-32.846],[-53.015,-32.799],[-52.895,-32.91],[-52.773,-32.876]],[[-62.23,-30.776],[-62.288,-30.589],[-62.413,-30.543],[-62.644,-30.521],[-62.979,-30.692],[-62.727,-30.917],[-62.23,-30.776]],[[-54.612,-24.884],[-54.795,-24.88],[-54.506,-24.965],[-54.528,-25.053],[-54.754,-25.063],[-54.527,-25.155],[-54.634,-25.302],[-54.582,-25.44],[-54.201,-25.24],[-54.377,-25.18],[-54.318,-25.079],[-54.393,-24.946],[-54.221,-24.92],[-54.312,-24.783],[-54.183,-24.708],[-54.259,-24.642],[-54.267,-24.066],[-54.368,-24.211],[-54.312,-24.368],[-54.4,-24.454],[-54.386,-24.659],[-54.524,-24.75],[-54.474,-24.848],[-54.612,-24.884]],[[-51.197,-20.499],[-51.066,-20.529],[-51.245,-20.392],[-50.913,-20.319],[-50.985,-20.17],[-50.936,-20.09],[-50.582,-19.82],[-50.949,-19.981],[-50.997,-19.668],[-51.078,-20.175],[-51.438,-20.284],[-51.416,-20.426],[-51.197,-20.499]],[[-45.236,-18.758],[-45.209,-18.882],[-45.386,-18.923],[-45.397,-19.007],[-45.156,-18.948],[-45.089,-19.051],[-45.118,-18.83],[-44.903,-18.841],[-45.017,-18.723],[-45.152,-18.735],[-45.133,-18.608],[-45.285,-18.414],[-45.23,-18.231],[-45.287,-18.201],[-45.516,-18.586],[-45.318,-18.501],[-45.372,-18.636],[-45.255,-18.623],[-45.258,-18.678],[-45.34,-18.829],[-45.247,-18.838],[-45.236,-18.758]],[[-69.19,-15.679],[-69.742,-15.269],[-69.938,-15.399],[-69.798,-15.693],[-69.956,-15.646],[-70.021,-15.771],[-69.876,-15.914],[-69.834,-15.819],[-69.447,-16.029],[-69.483,-16.182],[-69.324,-16.243],[-69.178,-16.25],[-69.103,-16.087],[-69.015,-16.111],[-68.885,-16.241],[-69.044,-16.281],[-69.098,-16.483],[-68.871,-16.589],[-68.928,-16.448],[-68.588,-16.302],[-68.593,-16.239],[-68.829,-16.19],[-68.889,-16.084],[-68.796,-15.972],[-68.995,-15.926],[-69.19,-15.679]],[[-41.979,-9.573],[-42.048,-9.511],[-42.221,-9.696],[-42.354,-9.708],[-42.303,-9.872],[-42.361,-9.985],[-42.51,-9.948],[-42.508,-10.069],[-42.734,-9.916],[-42.816,-9.962],[-42.596,-10.093],[-42.497,-10.331],[-42.673,-10.288],[-42.614,-10.48],[-42.668,-10.538],[-42.848,-10.462],[-42.748,-10.615],[-42.78,-10.744],[-42.991,-10.623],[-42.893,-10.774],[-43.087,-10.94],[-43.15,-11.143],[-43.072,-11.109],[-42.825,-11.251],[-42.725,-10.842],[-42.415,-10.415],[-42.237,-10.66],[-42.336,-11.001],[-42.157,-10.668],[-42.363,-10.192],[-42.335,-10.098],[-41.874,-10.3],[-41.986,-10.152],[-42.167,-10.081],[-42.075,-9.888],[-41.866,-9.77],[-41.649,-9.819],[-41.188,-9.702],[-41.097,-9.5],[-40.818,-9.406],[-40.953,-9.174],[-40.935,-9.057],[-41.027,-9.004],[-41.064,-9.282],[-41.264,-9.362],[-41.264,-9.594],[-41.979,-9.573]],[[-72.37,-40.663],[-72.609,-40.658],[-72.37,-40.663]],[[-72.457,-40.293],[-72.273,-40.302],[-72.273,-40.166],[-72.529,-40.172],[-72.547,-40.272],[-72.457,-40.293]],[[-77.191,42.425],[-77.058,42.644],[-77.191,42.425]],[[-49.675,-4.437],[-49.713,-4.593],[-49.592,-4.652],[-49.281,-5.301],[-49.17,-5.388],[-48.971,-5.333],[-48.962,-5.276],[-49.176,-5.275],[-49.281,-5.165],[-49.347,-4.881],[-49.298,-4.679],[-49.687,-3.835],[-49.865,-4.321],[-49.675,-4.437]],[[-54.938,4.904],[-55.127,4.999],[-55.335,4.528],[-55.123,4.462],[-55.013,4.599],[-54.874,4.601],[-54.941,4.725],[-54.796,4.881],[-54.938,4.904]],[[-65.176,44.155],[-65.025,44.164],[-64.966,44.252],[-65.167,44.257],[-65.176,44.155]],[[-67.6,45.637],[-67.863,45.74],[-67.625,45.602],[-67.449,45.607],[-67.48,45.683],[-67.6,45.637]],[[-65.93,46.034],[-65.942,46.099],[-66.19,45.881],[-66.041,45.904],[-65.93,46.034]],[[-87.323,34.767],[-86.899,34.575],[-87.383,34.851],[-87.7,34.773],[-87.323,34.767]],[[-87.975,35.945],[-87.91,36.187],[-88.057,36.669],[-88.283,37.022],[-88.084,36.555],[-88.116,36.293],[-87.991,36.234],[-88.041,35.949],[-87.975,35.945]],[[-82.462,42.339],[-82.432,42.498],[-82.634,42.542],[-82.65,42.687],[-82.787,42.665],[-82.902,42.394],[-83.105,42.286],[-83.182,42.044],[-83.393,41.86],[-83.443,41.702],[-82.748,41.534],[-83.027,41.455],[-82.972,41.428],[-82.48,41.398],[-81.723,41.511],[-79.209,42.555],[-78.878,42.799],[-78.895,43.058],[-79.066,43.106],[-78.922,42.924],[-79.057,42.862],[-80.099,42.802],[-80.451,42.613],[-80.094,42.546],[-81.039,42.662],[-81.404,42.63],[-81.73,42.447],[-81.867,42.258],[-81.883,42.316],[-82.412,42.103],[-82.522,41.945],[-82.645,42.037],[-82.834,41.997],[-83.108,42.071],[-83.014,42.312],[-82.462,42.339]],[[-76.876,42.444],[-76.97,42.878],[-76.876,42.444]],[[-76.52,42.501],[-76.665,42.668],[-76.735,42.943],[-76.773,42.778],[-76.52,42.501]],[[-77.309,42.768],[-77.271,42.895],[-77.354,42.689],[-77.309,42.768]],[[-76.549,42.897],[-76.468,42.769],[-76.549,42.897]],[[-79.808,9.172],[-79.822,9.32],[-80.076,9.016],[-79.96,9.023],[-79.9,9.154],[-79.811,9.105],[-79.847,9.045],[-79.671,9.144],[-79.808,9.172]],[[-85.005,11.057],[-84.769,11.118],[-85.009,11.527],[-85.588,12.016],[-85.871,12.098],[-85.903,11.721],[-85.719,11.353],[-85.005,11.057]],[[-86.468,12.428],[-86.589,12.405],[-86.529,12.303],[-86.323,12.28],[-86.315,12.177],[-86.105,12.208],[-86.104,12.312],[-86.294,12.474],[-86.468,12.428]],[[-88.97,15.636],[-88.843,15.765],[-89.388,15.488],[-89.301,15.382],[-89.079,15.444],[-88.97,15.636]],[[-102.77,20.198],[-102.894,20.319],[-103.372,20.26],[-102.786,20.124],[-102.7,20.182],[-102.77,20.198]],[[-105.063,21.809],[-105.042,21.796],[-105.042,21.801],[-105.063,21.809]],[[-99.218,26.91],[-99.457,27.057],[-99.394,26.795],[-99.283,26.76],[-99.243,26.584],[-99.172,26.564],[-99.113,26.727],[-99.218,26.805],[-99.218,26.91]],[[-80.858,26.723],[-80.743,26.697],[-80.629,26.887],[-80.759,27.182],[-81.081,26.956],[-80.858,26.723]],[[-81.684,29.368],[-81.595,29.198],[-81.529,29.224],[-81.683,29.505],[-81.684,29.368]],[[-90.467,30.198],[-90.433,30.326],[-90.493,30.348],[-90.574,30.197],[-90.467,30.198]],[[-82.327,33.847],[-82.589,34.017],[-82.579,33.865],[-82.491,33.898],[-82.275,33.725],[-82.575,33.643],[-82.208,33.664],[-82.327,33.847]],[[-101.1,29.458],[-100.92,29.495],[-100.944,29.606],[-101.072,29.51],[-101.305,29.634],[-101.287,29.506],[-101.1,29.458]],[[-98.93,43.226],[-98.56,43.06],[-99.244,43.477],[-99.411,43.703],[-99.303,43.903],[-99.364,43.991],[-99.471,43.669],[-99.315,43.468],[-98.93,43.226]],[[-100.767,46.673],[-100.606,46.489],[-100.659,46.12],[-100.39,45.71],[-100.448,45.644],[-100.637,45.662],[-100.344,45.39],[-100.612,45.355],[-100.345,45.305],[-100.335,45.157],[-100.457,44.872],[-100.559,44.811],[-100.778,44.882],[-101.188,44.727],[-100.724,44.732],[-100.61,44.47],[-100.412,44.419],[-100.636,44.75],[-100.476,44.794],[-100.262,45.044],[-100.281,45.427],[-100.408,45.564],[-100.35,45.854],[-100.559,46.096],[-100.585,46.617],[-100.767,46.673]],[[-103.583,48.097],[-103.459,48.016],[-103.059,48.125],[-102.761,48.084],[-102.614,47.992],[-102.616,47.819],[-102.336,47.757],[-102.299,47.657],[-102.429,47.562],[-102.237,47.589],[-101.917,47.464],[-101.4,47.506],[-101.14,47.606],[-101.884,47.561],[-102.16,47.624],[-102.294,47.912],[-102.258,47.978],[-102.415,47.938],[-102.408,47.806],[-102.527,47.822],[-102.598,48.053],[-102.916,48.171],[-103.45,48.067],[-103.666,48.142],[-103.772,48.027],[-103.583,48.097]],[[-115.911,33.303],[-115.789,33.147],[-115.616,33.223],[-115.948,33.519],[-116.053,33.502],[-115.911,33.303]],[[-114.359,34.438],[-114.164,34.253],[-114.082,34.318],[-114.377,34.54],[-114.359,34.438]],[[-114.406,36.091],[-114.208,36.006],[-113.989,36.165],[-113.636,35.831],[-113.996,36.244],[-114.159,36.077],[-114.295,36.11],[-114.37,36.209],[-114.336,36.519],[-114.432,36.237],[-114.816,36.121],[-114.741,36.014],[-114.64,36.106],[-114.406,36.091]],[[-111.455,36.919],[-110.676,37.175],[-110.836,37.225],[-110.433,37.711],[-110.368,37.898],[-110.555,37.631],[-110.755,37.526],[-110.736,37.431],[-110.963,37.151],[-111.256,37.146],[-111.53,37.029],[-111.455,36.919]],[[-119.693,37.0],[-119.598,37.051],[-119.693,37.0]],[[-119.943,39.025],[-119.962,39.254],[-120.139,39.091],[-120.033,38.945],[-119.943,39.025]],[[-122.301,40.804],[-122.395,40.829],[-122.426,40.744],[-122.095,40.783],[-122.229,40.793],[-122.232,40.871],[-122.301,40.804]],[[-120.324,41.987],[-120.375,42.09],[-120.475,42.065],[-120.443,41.785],[-120.324,41.987]],[[-119.433,39.886],[-119.534,40.181],[-119.641,40.191],[-119.696,40.123],[-119.636,40.028],[-119.433,39.886]],[[-111.86,40.323],[-111.892,40.064],[-111.68,40.225],[-111.793,40.369],[-111.881,40.377],[-111.86,40.323]],[[-112.751,41.059],[-112.58,40.849],[-112.478,40.943],[-112.37,40.701],[-111.951,40.968],[-112.304,41.283],[-112.064,41.4],[-112.374,41.457],[-112.366,41.248],[-112.437,41.219],[-112.527,41.421],[-112.708,41.496],[-112.719,41.637],[-112.8,41.667],[-113.014,41.597],[-112.751,41.059]],[[-111.407,41.988],[-111.349,41.871],[-111.313,42.148],[-111.393,42.131],[-111.407,41.988]],[[-119.019,43.259],[-119.133,43.308],[-119.205,43.256],[-119.081,43.16],[-119.019,43.259]],[[-118.612,43.298],[-118.664,43.405],[-118.948,43.394],[-118.821,43.24],[-118.612,43.298]],[[-110.199,44.335],[-110.327,44.567],[-110.555,44.447],[-110.199,44.335]],[[-108.173,47.613],[-107.93,47.542],[-107.911,47.39],[-107.612,47.623],[-107.333,47.685],[-106.862,47.631],[-106.813,47.716],[-106.556,47.75],[-106.454,47.879],[-106.251,47.644],[-106.269,47.548],[-106.217,47.585],[-106.325,47.985],[-106.433,48.027],[-106.59,47.958],[-106.596,47.86],[-106.93,47.725],[-107.714,47.688],[-107.841,47.526],[-108.173,47.613]],[[-81.006,44.907],[-81.13,44.77],[-80.963,44.781],[-80.907,44.602],[-80.684,44.717],[-80.224,44.505],[-80.085,44.489],[-80.008,44.572],[-80.081,44.824],[-79.671,44.75],[-79.676,44.867],[-79.772,44.819],[-79.894,45.009],[-80.053,45.091],[-79.967,45.1],[-80.113,45.238],[-80.057,45.375],[-80.296,45.378],[-80.36,45.577],[-80.506,45.587],[-80.641,45.747],[-80.532,45.772],[-80.696,45.816],[-80.613,45.864],[-80.709,45.848],[-80.645,45.889],[-80.758,45.97],[-80.782,45.916],[-81.16,45.955],[-81.174,46.016],[-81.606,45.97],[-81.625,46.018],[-81.476,46.048],[-81.628,46.024],[-81.542,46.075],[-81.615,46.119],[-81.765,46.058],[-82.35,46.193],[-83.025,46.181],[-83.843,46.302],[-84.092,46.361],[-84.087,46.507],[-84.165,46.563],[-84.501,46.483],[-84.555,46.583],[-84.438,46.723],[-84.545,46.708],[-84.555,46.791],[-84.367,46.88],[-84.769,47.016],[-84.594,47.32],[-84.929,47.536],[-84.985,47.675],[-84.855,47.95],[-85.615,47.941],[-85.891,48.02],[-86.078,48.181],[-86.384,48.725],[-86.693,48.808],[-87.204,48.776],[-88.023,48.999],[-88.248,48.986],[-88.118,48.73],[-88.218,48.611],[-88.329,48.627],[-88.558,48.447],[-88.323,48.738],[-88.395,48.845],[-88.503,48.833],[-88.765,48.374],[-88.894,48.337],[-88.775,48.583],[-89.201,48.451],[-89.298,48.201],[-89.554,48.011],[-90.847,47.585],[-92.265,46.651],[-92.111,46.734],[-91.836,46.702],[-90.832,46.944],[-90.787,46.871],[-90.923,46.603],[-90.721,46.681],[-90.341,46.602],[-89.09,46.96],[-88.641,47.225],[-88.466,47.013],[-88.484,46.81],[-88.181,46.931],[-88.282,46.824],[-88.113,46.914],[-87.883,46.898],[-87.647,46.81],[-87.358,46.524],[-86.734,46.441],[-85.993,46.672],[-85.1,46.749],[-85.007,46.711],[-85.034,46.506],[-84.528,46.436],[-84.327,46.491],[-84.202,46.283],[-84.248,46.203],[-84.055,46.159],[-83.924,45.97],[-84.632,46.053],[-84.757,45.863],[-85.101,46.046],[-85.479,46.108],[-85.708,45.988],[-86.272,45.937],[-86.627,45.623],[-86.69,45.666],[-86.563,45.883],[-86.754,45.859],[-86.938,45.7],[-86.982,45.917],[-87.593,45.178],[-87.627,45.032],[-87.83,44.942],[-87.95,44.77],[-88.028,44.618],[-87.969,44.552],[-87.561,44.849],[-87.347,44.801],[-87.527,44.386],[-87.52,44.226],[-87.7,43.977],[-87.707,43.748],[-87.908,43.192],[-87.79,42.813],[-87.797,42.211],[-87.557,41.766],[-87.375,41.634],[-87.073,41.669],[-86.692,41.853],[-86.372,42.248],[-86.23,42.617],[-86.222,42.9],[-86.514,43.681],[-86.438,43.813],[-86.453,44.13],[-86.296,44.331],[-86.214,44.704],[-86.072,44.865],[-85.743,45.015],[-85.558,45.198],[-85.647,44.837],[-85.609,44.789],[-85.5,44.934],[-85.538,44.751],[-85.423,44.898],[-85.369,45.203],[-84.93,45.413],[-85.099,45.553],[-84.971,45.757],[-84.772,45.795],[-84.34,45.667],[-83.431,45.275],[-83.279,45.047],[-83.426,45.059],[-83.452,44.992],[-83.3,44.785],[-83.329,44.411],[-83.513,44.271],[-83.618,44.057],[-83.879,43.963],[-83.938,43.738],[-83.668,43.621],[-83.469,43.731],[-83.378,43.914],[-82.87,44.044],[-82.659,43.842],[-82.417,43.017],[-82.233,43.044],[-81.739,43.392],[-81.708,44.131],[-81.278,44.644],[-81.355,44.978],[-81.698,45.246],[-81.302,45.219],[-81.252,45.005],[-81.006,44.907]],[[-88.321,44.18],[-88.418,44.195],[-88.519,44.029],[-88.465,43.813],[-88.334,43.938],[-88.321,44.18]],[[-79.479,44.27],[-79.163,44.45],[-79.373,44.698],[-79.445,44.51],[-79.584,44.405],[-79.479,44.27]],[[-93.514,46.177],[-93.569,46.357],[-93.795,46.255],[-93.668,46.137],[-93.514,46.177]],[[-80.053,46.346],[-80.147,46.258],[-80.447,46.282],[-80.015,46.232],[-79.986,46.161],[-79.573,46.166],[-79.436,46.235],[-79.653,46.358],[-80.053,46.346]],[[-94.395,47.067],[-94.26,47.15],[-94.296,47.285],[-94.611,47.206],[-94.578,47.062],[-94.519,47.143],[-94.395,47.067]],[[-78.813,47.656],[-78.763,47.57],[-78.571,47.656],[-78.813,47.656]],[[-83.721,48.421],[-83.925,48.307],[-83.688,48.339],[-83.429,48.506],[-83.721,48.421]],[[-93.227,48.805],[-93.322,48.934],[-93.613,48.834],[-93.365,48.748],[-93.339,48.6],[-92.698,48.517],[-92.788,48.455],[-93.071,48.504],[-92.995,48.451],[-92.441,48.357],[-92.655,48.6],[-92.866,48.615],[-92.793,48.695],[-93.261,48.674],[-93.227,48.805]],[[-79.313,48.452],[-79.226,48.472],[-79.259,48.69],[-79.576,48.797],[-79.832,48.73],[-79.836,48.875],[-79.952,48.935],[-80.105,48.913],[-80.18,48.812],[-79.867,48.633],[-79.319,48.631],[-79.313,48.452]],[[-95.271,47.942],[-95.111,47.889],[-94.777,47.936],[-95.086,48.065],[-95.271,47.942]],[[-94.75,48.066],[-94.561,48.178],[-94.84,48.184],[-95.031,48.094],[-94.75,48.066]],[[-94.973,49.584],[-95.152,49.622],[-95.139,49.472],[-94.645,49.603],[-95.014,49.368],[-94.941,49.321],[-94.983,49.195],[-95.261,49.137],[-95.274,48.886],[-95.003,48.964],[-94.713,48.863],[-94.31,49.104],[-94.074,49.155],[-94.79,49.353],[-94.646,49.445],[-94.254,49.471],[-94.129,49.21],[-94.047,49.268],[-94.173,49.497],[-94.368,49.563],[-94.312,49.685],[-94.451,49.738],[-94.588,49.988],[-94.678,49.953],[-94.588,49.724],[-94.973,49.584]],[[-99.166,51.777],[-99.217,51.636],[-99.338,51.759],[-99.491,51.758],[-99.542,51.578],[-99.37,51.635],[-99.163,51.543],[-99.026,51.267],[-98.836,51.1],[-98.867,51.028],[-99.008,51.14],[-98.608,50.568],[-98.519,50.242],[-98.33,50.202],[-98.016,50.304],[-97.971,50.47],[-98.174,50.66],[-98.74,50.935],[-98.718,51.088],[-98.572,51.243],[-98.754,51.363],[-98.79,51.639],[-98.865,51.707],[-98.972,51.675],[-98.918,51.395],[-99.166,51.777]],[[-121.957,42.396],[-121.809,42.251],[-121.941,42.604],[-122.06,42.475],[-121.957,42.396]],[[-120.011,47.852],[-120.628,48.279],[-120.011,47.852]],[[-124.759,56.742],[-124.834,56.713],[-124.158,56.087],[-124.508,56.114],[-124.033,56.0],[-124.04,55.913],[-123.415,55.534],[-123.144,55.176],[-123.169,55.393],[-123.657,55.752],[-123.782,55.995],[-123.139,55.974],[-122.603,56.09],[-122.222,56.021],[-122.566,56.158],[-123.238,56.029],[-123.97,56.061],[-124.073,56.255],[-124.249,56.263],[-124.759,56.742]],[[-156.683,57.755],[-157.044,57.548],[-156.796,57.464],[-156.777,57.566],[-156.548,57.766],[-156.683,57.755]],[[-114.024,47.934],[-114.134,48.091],[-114.193,48.069],[-114.156,47.933],[-114.254,47.858],[-114.126,47.784],[-114.15,47.714],[-114.021,47.756],[-114.024,47.934]],[[-116.541,47.995],[-116.215,48.16],[-116.499,48.301],[-116.569,48.25],[-116.374,48.208],[-116.541,47.995]],[[-118.109,49.583],[-118.092,49.802],[-118.139,49.521],[-117.907,49.342],[-118.109,49.583]],[[-118.527,52.102],[-118.392,52.069],[-118.18,52.178],[-118.402,52.172],[-119.128,52.739],[-118.551,52.241],[-118.527,52.102]],[[-108.571,56.696],[-108.765,56.813],[-108.87,56.748],[-108.736,56.668],[-108.692,56.49],[-108.561,56.51],[-108.539,56.366],[-108.268,56.244],[-108.433,56.104],[-108.52,55.879],[-108.6,55.848],[-108.671,55.979],[-108.875,56.08],[-109.086,56.122],[-109.158,56.068],[-109.034,55.93],[-108.759,55.903],[-108.627,55.552],[-108.572,55.698],[-108.135,56.038],[-108.189,56.271],[-108.074,56.382],[-108.412,56.464],[-108.425,56.629],[-108.571,56.696]],[[-107.06,57.386],[-107.079,57.224],[-106.804,57.356],[-106.254,57.374],[-106.095,57.465],[-106.11,57.655],[-106.316,57.705],[-106.831,57.49],[-107.069,57.476],[-107.06,57.386]],[[-111.809,58.303],[-111.838,58.46],[-111.731,58.686],[-112.119,58.736],[-112.041,58.819],[-112.154,58.825],[-112.431,58.683],[-112.393,58.578],[-112.211,58.55],[-112.189,58.413],[-111.809,58.303]],[[-108.795,59.504],[-109.036,59.498],[-109.26,59.6],[-109.547,59.57],[-111.019,58.764],[-111.28,58.788],[-111.295,58.729],[-111.098,58.616],[-111.075,58.505],[-110.903,58.631],[-110.812,58.512],[-110.747,58.614],[-110.376,58.644],[-110.403,58.768],[-110.074,58.949],[-109.279,59.127],[-108.211,59.161],[-107.837,59.216],[-107.708,59.34],[-106.018,59.271],[-108.219,59.473],[-108.857,59.387],[-108.795,59.504]],[[-155.653,58.52],[-155.473,58.53],[-155.655,58.602],[-155.435,58.66],[-156.409,58.691],[-155.653,58.52]],[[-158.951,59.208],[-158.863,59.201],[-159.058,59.337],[-158.951,59.208]],[[-158.663,59.465],[-158.835,59.518],[-158.647,59.596],[-159.133,59.651],[-158.992,59.516],[-158.582,59.425],[-158.663,59.465]],[[-90.292,48.935],[-90.48,48.885],[-90.688,48.944],[-90.601,48.811],[-90.44,48.785],[-90.292,48.935]],[[-88.288,50.15],[-88.639,50.277],[-88.769,50.213],[-88.893,50.057],[-88.941,49.82],[-89.087,49.804],[-89.008,49.714],[-88.93,49.755],[-88.907,49.579],[-89.016,49.583],[-89.0,49.529],[-88.607,49.647],[-88.773,49.458],[-88.622,49.428],[-88.542,49.549],[-88.439,49.394],[-88.18,49.466],[-88.145,49.912],[-88.03,49.961],[-88.133,50.035],[-88.235,49.991],[-88.199,50.188],[-88.421,50.289],[-88.288,50.15]],[[-91.274,51.069],[-91.367,50.93],[-90.937,50.954],[-90.427,51.119],[-90.604,51.215],[-90.976,51.011],[-91.274,51.069]],[[-78.813,51.097],[-78.55,51.034],[-78.827,51.152],[-78.813,51.097]],[[-91.504,51.162],[-91.647,51.154],[-91.39,51.071],[-91.504,51.162]],[[-93.123,51.241],[-93.37,51.302],[-93.481,51.208],[-93.235,51.033],[-93.074,51.159],[-93.123,51.241]],[[-91.91,51.911],[-91.95,51.982],[-91.991,51.937],[-91.91,51.911]],[[-89.283,53.006],[-89.522,52.883],[-89.044,52.87],[-88.952,52.988],[-89.283,53.006]],[[-99.746,51.752],[-99.839,52.243],[-99.675,52.473],[-99.685,52.91],[-100.515,53.171],[-101.091,53.1],[-100.993,52.88],[-100.823,52.753],[-100.678,52.778],[-100.665,52.98],[-100.6,52.998],[-100.453,52.953],[-100.418,52.773],[-100.275,52.623],[-100.279,52.782],[-100.343,52.807],[-100.292,52.859],[-100.062,52.763],[-99.992,52.567],[-100.156,52.306],[-100.113,51.891],[-100.011,51.731],[-99.984,52.04],[-99.899,51.841],[-99.935,51.717],[-99.775,51.59],[-99.624,51.629],[-99.647,51.842],[-99.746,51.752]],[[-98.773,52.965],[-98.904,52.901],[-98.809,52.725],[-98.469,52.486],[-98.429,52.382],[-98.188,52.28],[-97.963,51.927],[-97.792,51.914],[-97.743,52.135],[-97.497,52.133],[-97.573,51.924],[-97.357,52.04],[-97.25,51.865],[-97.253,51.444],[-97.141,51.502],[-97.106,51.642],[-96.881,51.724],[-96.736,51.593],[-96.982,51.251],[-96.937,51.193],[-96.725,51.366],[-96.631,51.343],[-96.938,51.06],[-96.931,50.461],[-96.761,50.398],[-96.596,50.442],[-96.542,50.728],[-96.294,50.624],[-96.403,51.02],[-96.29,51.251],[-96.722,51.704],[-96.707,51.815],[-96.844,51.866],[-97.198,52.673],[-97.398,52.879],[-97.424,52.965],[-97.352,53.026],[-97.791,53.581],[-97.977,53.969],[-97.762,54.013],[-97.734,54.081],[-98.061,53.931],[-98.213,54.025],[-98.083,54.202],[-97.82,54.3],[-97.99,54.322],[-97.932,54.375],[-98.021,54.41],[-98.299,53.965],[-97.91,53.7],[-98.811,53.897],[-99.001,53.754],[-99.24,53.21],[-98.99,53.048],[-98.46,53.044],[-98.773,52.965]],[[-100.352,53.712],[-100.323,53.593],[-100.891,53.471],[-99.972,53.098],[-99.638,53.188],[-99.459,53.053],[-99.33,53.159],[-99.438,53.337],[-99.894,53.255],[-99.976,53.491],[-100.219,53.632],[-99.776,53.835],[-99.602,54.011],[-100.141,53.846],[-100.105,53.971],[-100.226,54.015],[-99.869,54.186],[-100.35,54.215],[-100.303,53.973],[-100.506,53.917],[-100.347,53.898],[-100.432,53.79],[-100.352,53.712]],[[-94.654,53.876],[-94.601,53.972],[-94.754,53.989],[-94.933,53.933],[-94.949,53.859],[-94.518,53.71],[-94.103,53.759],[-94.002,53.847],[-94.654,53.876]],[[-105.714,54.492],[-105.812,54.234],[-105.755,54.055],[-105.553,54.39],[-105.568,54.459],[-105.714,54.492]],[[-107.806,55.553],[-107.985,55.575],[-108.044,55.508],[-107.789,55.211],[-107.666,55.744],[-107.737,55.921],[-107.769,55.698],[-107.857,55.661],[-107.806,55.553]],[[-106.341,55.662],[-106.344,55.76],[-106.551,55.668],[-106.341,55.662]],[[-107.009,55.806],[-106.897,55.927],[-107.059,55.855],[-107.009,55.806]],[[-102.363,54.578],[-102.34,54.475],[-102.169,54.455],[-102.116,54.708],[-102.287,54.715],[-102.363,54.578]],[[-105.205,55.248],[-105.237,54.957],[-105.128,54.925],[-104.822,54.994],[-104.637,55.148],[-104.369,55.182],[-104.621,55.307],[-105.205,55.248]],[[-96.055,55.287],[-96.285,55.238],[-96.106,55.217],[-95.676,55.364],[-95.789,55.4],[-96.055,55.287]],[[-95.906,55.461],[-95.769,55.442],[-95.6,55.615],[-95.906,55.461]],[[-96.081,56.118],[-96.105,56.203],[-95.842,56.291],[-96.572,56.086],[-96.081,56.118]],[[-98.905,56.925],[-99.006,56.927],[-99.015,57.085],[-99.155,56.956],[-99.329,56.988],[-99.686,56.73],[-99.571,56.641],[-99.553,56.711],[-98.855,56.841],[-98.561,57.061],[-98.25,57.112],[-97.995,57.387],[-98.201,57.405],[-98.295,57.493],[-98.206,57.654],[-98.472,57.549],[-98.556,57.611],[-98.508,57.299],[-98.668,57.262],[-98.695,57.117],[-98.857,57.06],[-98.905,56.925]],[[-101.961,57.517],[-101.543,57.816],[-101.544,57.92],[-101.815,57.843],[-101.819,58.065],[-101.971,57.963],[-102.052,58.107],[-102.205,57.931],[-102.692,57.688],[-102.694,57.564],[-102.933,57.364],[-102.919,57.295],[-102.693,57.21],[-102.742,57.101],[-102.584,57.046],[-102.57,56.83],[-102.978,56.562],[-103.051,56.569],[-103.106,56.853],[-103.192,56.555],[-103.293,56.543],[-103.272,56.277],[-103.137,56.414],[-102.977,56.369],[-102.885,56.473],[-102.465,56.608],[-102.313,56.838],[-101.962,57.025],[-102.032,57.191],[-101.836,57.27],[-102.106,57.427],[-101.961,57.517]],[[-103.682,58.078],[-103.803,57.947],[-103.656,57.919],[-103.829,57.779],[-103.399,57.868],[-103.314,57.828],[-103.33,57.697],[-103.211,57.828],[-103.281,57.897],[-103.259,58.053],[-102.941,58.173],[-102.982,58.275],[-102.791,58.381],[-102.952,58.533],[-103.55,58.455],[-103.682,58.078]],[[-103.819,58.583],[-103.668,58.545],[-103.6,58.661],[-103.786,58.691],[-103.819,58.583]],[[-105.394,59.128],[-104.948,59.237],[-105.215,59.296],[-105.806,59.031],[-105.868,58.939],[-105.394,59.128]],[[-101.988,59.965],[-101.885,59.983],[-101.886,60.238],[-102.261,60.649],[-102.434,60.585],[-102.437,60.5],[-102.315,60.424],[-102.6,60.309],[-102.588,60.246],[-102.275,60.211],[-102.023,59.929],[-101.988,59.965]],[[-104.141,60.826],[-104.219,60.814],[-104.213,60.938],[-104.335,61.026],[-104.449,61.001],[-104.53,60.86],[-104.643,60.856],[-104.343,60.871],[-104.494,60.726],[-104.135,60.533],[-104.188,60.341],[-103.949,60.421],[-103.736,60.642],[-103.81,60.71],[-103.937,60.614],[-104.137,60.668],[-103.667,60.835],[-103.647,60.902],[-103.742,60.945],[-103.851,60.824],[-104.217,60.738],[-104.141,60.826]],[[-90.101,53.871],[-90.29,53.868],[-90.357,53.766],[-89.939,53.679],[-89.609,53.772],[-90.101,53.871]],[[-94.763,54.412],[-94.414,54.586],[-93.645,54.788],[-94.11,54.85],[-94.477,54.801],[-94.508,54.669],[-94.763,54.412]],[[-88.82,66.596],[-88.96,66.607],[-89.089,66.483],[-88.82,66.596]],[[-88.202,66.633],[-88.615,66.711],[-88.71,66.597],[-88.396,66.657],[-88.091,66.605],[-88.202,66.633]],[[-154.109,59.718],[-153.971,59.769],[-154.328,59.791],[-155.26,59.662],[-155.846,59.538],[-155.914,59.456],[-155.743,59.335],[-154.614,59.451],[-154.534,59.628],[-154.109,59.718]],[[-158.307,59.98],[-159.132,59.951],[-159.024,59.896],[-158.223,59.943],[-158.307,59.98]],[[-132.213,59.688],[-132.095,59.607],[-132.364,59.986],[-133.245,60.449],[-132.958,60.201],[-132.399,59.922],[-132.213,59.688]],[[-151.021,60.206],[-150.716,60.052],[-150.654,60.121],[-150.894,60.272],[-151.065,60.305],[-151.166,60.227],[-151.021,60.206]],[[-158.874,60.264],[-159.159,60.196],[-158.781,60.19],[-158.874,60.264]],[[-154.056,60.301],[-153.627,60.436],[-154.312,60.279],[-154.752,60.07],[-154.056,60.301]],[[-163.775,60.286],[-163.77,60.167],[-163.629,60.214],[-163.468,60.414],[-163.852,60.433],[-163.939,60.389],[-163.85,60.351],[-164.054,60.295],[-163.775,60.286]],[[-121.256,60.448],[-121.091,60.592],[-121.108,60.665],[-121.336,60.771],[-121.316,60.588],[-121.586,60.438],[-121.256,60.448]],[[-162.527,60.763],[-162.573,60.826],[-162.768,60.818],[-162.527,60.763]],[[-162.37,60.83],[-162.204,60.853],[-162.362,60.99],[-162.37,60.83]],[[-163.002,61.109],[-162.713,61.077],[-163.002,61.109]],[[-163.798,61.144],[-163.547,61.231],[-163.936,61.145],[-163.842,61.055],[-163.798,61.144]],[[-106.237,59.862],[-106.104,59.809],[-106.073,59.959],[-105.875,60.006],[-106.069,60.083],[-105.704,60.184],[-106.019,60.192],[-106.195,60.021],[-106.308,60.101],[-106.407,60.064],[-106.332,60.022],[-106.375,59.831],[-106.237,59.862]],[[-115.157,60.195],[-115.062,60.329],[-115.896,60.201],[-115.294,60.109],[-115.157,60.195]],[[-115.867,62.633],[-115.701,62.485],[-115.289,62.482],[-115.29,62.237],[-115.167,62.244],[-114.636,61.869],[-114.845,61.768],[-115.557,61.74],[-115.745,61.511],[-115.717,61.44],[-116.039,61.381],[-115.858,61.302],[-115.988,61.235],[-115.95,61.183],[-116.763,61.329],[-116.738,61.224],[-117.067,61.15],[-117.668,61.308],[-117.226,61.075],[-116.528,61.029],[-115.877,60.848],[-113.832,60.997],[-113.63,61.106],[-113.729,61.172],[-113.677,61.301],[-113.359,61.445],[-113.091,61.484],[-112.969,61.39],[-112.208,61.624],[-111.62,61.95],[-111.502,62.049],[-111.638,62.059],[-111.587,62.129],[-111.294,62.281],[-110.95,62.403],[-110.705,62.395],[-110.647,62.482],[-110.764,62.546],[-110.101,62.557],[-109.735,62.65],[-111.269,62.661],[-110.662,62.829],[-110.284,62.827],[-109.396,62.739],[-109.301,62.717],[-109.252,62.597],[-108.919,62.788],[-110.056,62.952],[-110.673,62.927],[-111.393,62.722],[-111.78,62.368],[-112.302,62.134],[-113.309,62.005],[-113.574,62.019],[-114.224,62.312],[-114.284,62.413],[-114.625,62.359],[-115.289,62.607],[-115.754,62.667],[-115.913,62.764],[-116.038,62.726],[-115.867,62.633]],[[-118.315,63.291],[-117.738,63.113],[-117.306,63.185],[-117.575,63.372],[-118.1,63.57],[-118.628,63.375],[-118.315,63.291]],[[-160.103,61.406],[-160.089,61.34],[-159.934,61.367],[-160.103,61.406]],[[-137.331,61.612],[-137.522,61.636],[-137.168,61.45],[-136.989,61.235],[-137.096,61.457],[-137.331,61.612]],[[-163.931,61.648],[-163.699,61.472],[-163.638,61.519],[-163.931,61.648]],[[-146.703,62.445],[-146.564,62.293],[-146.478,62.312],[-146.661,62.508],[-146.703,62.445]],[[-107.752,64.071],[-108.336,64.156],[-108.247,64.316],[-108.419,64.267],[-108.467,64.413],[-108.602,64.331],[-108.634,64.17],[-109.639,64.051],[-108.858,64.065],[-108.459,63.945],[-107.932,64.036],[-107.805,63.956],[-107.622,63.97],[-107.632,63.877],[-107.529,63.798],[-107.274,63.776],[-107.088,63.912],[-107.222,63.926],[-107.238,64.1],[-107.323,64.131],[-107.752,64.071]],[[-108.209,64.634],[-108.18,64.686],[-108.533,64.562],[-108.209,64.634]],[[-108.93,64.706],[-109.062,64.727],[-109.09,64.587],[-108.821,64.552],[-108.93,64.706]],[[-163.619,62.675],[-163.524,62.574],[-163.41,62.679],[-163.619,62.675]],[[-122.411,66.599],[-125.063,66.248],[-125.09,66.157],[-124.817,65.941],[-124.732,66.04],[-124.59,66.016],[-124.59,66.11],[-124.499,66.153],[-123.396,66.135],[-123.116,66.054],[-122.993,66.173],[-123.016,66.255],[-122.11,66.234],[-121.278,66.092],[-121.293,66.001],[-121.475,65.957],[-122.549,65.986],[-122.164,65.817],[-122.374,65.657],[-122.887,65.487],[-122.769,65.409],[-122.853,65.278],[-123.472,65.152],[-122.04,64.961],[-121.615,65.093],[-121.548,65.364],[-121.368,65.435],[-120.663,65.605],[-120.383,65.557],[-120.406,65.411],[-120.55,65.289],[-121.089,65.004],[-121.48,64.933],[-121.23,64.827],[-119.885,65.325],[-119.509,65.368],[-119.988,65.586],[-119.619,65.782],[-118.944,65.784],[-118.569,65.644],[-117.943,65.723],[-117.846,65.84],[-118.157,65.831],[-118.199,65.905],[-118.073,66.036],[-117.924,66.044],[-117.987,66.105],[-117.68,66.253],[-117.514,66.46],[-117.862,66.438],[-117.691,66.596],[-117.726,66.659],[-118.004,66.601],[-118.337,66.399],[-118.756,66.331],[-119.722,66.311],[-120.478,66.422],[-120.084,66.654],[-119.097,66.909],[-119.878,67.029],[-122.411,66.599]],[[-109.256,64.727],[-109.347,64.758],[-109.362,64.702],[-109.273,64.536],[-109.16,64.547],[-109.256,64.727]],[[-108.085,64.737],[-107.979,64.72],[-108.085,64.737]],[[-111.996,64.66],[-111.887,64.701],[-112.343,64.899],[-111.996,64.66]],[[-118.248,65.014],[-118.265,65.199],[-118.445,65.291],[-118.825,65.217],[-118.636,64.928],[-118.333,64.781],[-118.146,64.795],[-118.319,64.873],[-118.248,65.014]],[[-103.469,61.385],[-103.144,61.653],[-103.456,61.513],[-103.469,61.385]],[[-102.66,62.76],[-102.774,62.704],[-102.677,62.56],[-102.737,62.41],[-102.551,62.499],[-102.66,62.76]],[[-98.458,62.829],[-98.35,62.616],[-98.132,62.664],[-97.965,62.474],[-97.702,62.507],[-97.445,62.422],[-97.309,62.485],[-97.613,62.663],[-97.63,62.979],[-97.764,62.864],[-98.458,62.829]],[[-99.73,62.819],[-99.386,62.817],[-99.142,62.929],[-99.304,63.048],[-99.298,63.187],[-99.764,62.873],[-99.73,62.819]],[[-100.77,63.319],[-100.644,63.468],[-100.706,63.546],[-101.137,63.43],[-101.276,63.491],[-101.319,63.394],[-101.548,63.456],[-102.174,63.122],[-101.989,62.887],[-101.59,62.776],[-101.529,62.664],[-101.381,62.928],[-101.322,62.828],[-101.382,62.683],[-101.29,62.666],[-101.028,62.761],[-101.059,62.858],[-100.884,62.956],[-101.104,63.102],[-101.041,63.292],[-100.77,63.319]],[[-94.456,64.14],[-95.251,64.274],[-96.273,64.301],[-96.227,64.193],[-95.784,64.056],[-94.86,64.066],[-94.455,63.996],[-94.225,64.076],[-94.456,64.14]],[[-95.459,64.789],[-95.463,64.921],[-95.25,65.034],[-95.931,65.003],[-96.032,64.923],[-95.881,64.851],[-95.799,64.923],[-95.55,64.762],[-95.459,64.789]],[[-98.486,67.421],[-98.552,67.272],[-98.491,67.206],[-98.229,67.332],[-98.486,67.421]],[[-114.169,65.496],[-114.298,65.6],[-114.173,65.638],[-114.397,65.657],[-114.442,65.477],[-114.185,65.446],[-113.787,65.244],[-112.457,65.153],[-112.318,64.96],[-112.242,64.966],[-112.346,65.128],[-112.217,65.225],[-112.678,65.203],[-113.312,65.318],[-113.113,65.385],[-113.84,65.368],[-114.169,65.496]],[[-126.149,66.909],[-126.29,67.021],[-126.414,66.938],[-126.369,66.784],[-126.275,66.754],[-126.149,66.909]],[[-126.184,67.138],[-126.166,67.065],[-125.918,67.079],[-125.73,67.297],[-126.235,67.215],[-126.184,67.138]],[[-126.536,67.398],[-126.495,67.263],[-126.191,67.33],[-126.205,67.419],[-126.494,67.552],[-126.762,67.56],[-126.613,67.522],[-126.536,67.398]],[[-119.734,68.255],[-119.525,68.332],[-119.65,68.471],[-119.47,68.608],[-119.665,68.754],[-119.875,68.558],[-119.848,68.254],[-119.734,68.255]],[[-154.035,70.684],[-154.257,70.661],[-153.794,70.487],[-152.94,70.569],[-153.611,70.737],[-154.035,70.684]],[[-76.293,42.833],[-76.425,42.96],[-76.272,42.787],[-76.293,42.833]],[[-76.096,43.238],[-75.733,43.206],[-76.096,43.238]],[[-71.374,43.722],[-71.443,43.628],[-71.232,43.54],[-71.374,43.722]],[[-77.427,44.135],[-77.54,44.091],[-77.127,44.149],[-77.13,44.017],[-76.881,44.093],[-77.05,43.917],[-76.907,43.936],[-77.151,43.866],[-77.19,43.948],[-77.682,44.045],[-78.989,43.855],[-79.48,43.636],[-79.794,43.301],[-79.896,43.282],[-79.338,43.198],[-78.237,43.371],[-77.846,43.35],[-77.523,43.19],[-77.389,43.27],[-76.937,43.237],[-76.209,43.565],[-76.192,43.701],[-76.288,43.851],[-76.051,44.008],[-76.332,44.086],[-75.776,44.459],[-76.992,44.074],[-77.053,44.083],[-76.885,44.159],[-77.025,44.155],[-76.951,44.247],[-77.586,44.084],[-77.427,44.135]],[[-73.354,44.281],[-73.451,44.083],[-73.368,43.757],[-73.405,44.054],[-73.228,44.445],[-73.193,44.957],[-73.104,45.078],[-73.285,44.913],[-73.324,45.029],[-73.383,44.936],[-73.444,44.638],[-73.354,44.281]],[[-75.864,46.755],[-75.751,46.718],[-75.688,46.872],[-75.737,46.997],[-76.033,46.759],[-75.864,46.755]],[[-76.741,47.355],[-76.535,47.109],[-76.331,47.083],[-76.512,47.171],[-76.408,47.446],[-76.633,47.51],[-76.605,47.572],[-76.722,47.54],[-76.522,47.691],[-76.819,47.517],[-76.741,47.355]],[[-77.165,47.389],[-77.185,47.456],[-76.935,47.488],[-77.304,47.607],[-77.289,47.386],[-77.165,47.389]],[[-74.812,48.757],[-75.282,48.597],[-75.414,48.438],[-75.174,48.414],[-75.165,48.526],[-75.018,48.612],[-75.14,48.289],[-74.96,48.364],[-74.945,48.576],[-74.686,48.357],[-74.51,48.48],[-74.237,48.347],[-74.1,48.372],[-74.555,48.608],[-74.558,48.802],[-74.812,48.757]],[[-72.306,48.619],[-72.055,48.454],[-71.823,48.475],[-71.774,48.561],[-71.846,48.659],[-72.158,48.755],[-72.291,48.733],[-72.306,48.619]],[[-70.317,49.864],[-70.377,49.887],[-70.34,49.67],[-70.716,49.525],[-70.834,49.625],[-70.963,49.406],[-70.816,49.543],[-70.736,49.442],[-70.571,49.473],[-70.516,49.411],[-70.467,49.532],[-70.354,49.504],[-70.283,49.641],[-70.157,49.592],[-70.08,49.44],[-69.917,49.504],[-69.856,49.342],[-69.783,49.339],[-69.899,49.545],[-70.135,49.708],[-70.236,49.699],[-70.317,49.864]],[[-73.911,50.897],[-73.845,50.888],[-74.132,50.403],[-73.932,50.458],[-73.839,50.639],[-73.899,50.352],[-73.828,50.249],[-74.22,50.058],[-74.076,50.043],[-73.818,50.211],[-73.8,50.595],[-73.631,50.824],[-73.173,51.158],[-73.132,51.09],[-73.459,50.793],[-72.69,51.241],[-73.072,51.16],[-72.792,51.353],[-73.04,51.309],[-72.986,51.397],[-73.067,51.39],[-73.892,50.981],[-73.911,50.897]],[[-68.979,51.631],[-69.063,51.838],[-69.118,51.661],[-69.25,51.682],[-69.134,51.518],[-69.176,51.324],[-68.782,51.004],[-68.74,50.716],[-68.642,50.991],[-68.223,51.265],[-68.291,51.537],[-68.197,51.692],[-68.461,51.672],[-68.457,51.883],[-68.535,51.755],[-68.856,51.721],[-68.979,51.631]],[[-60.604,52.329],[-60.904,52.55],[-61.297,52.603],[-60.604,52.329]],[[-76.762,51.391],[-77.026,51.329],[-76.751,51.288],[-76.554,51.364],[-76.762,51.391]],[[-70.965,52.819],[-70.783,52.899],[-70.762,52.787],[-70.64,52.736],[-70.538,52.8],[-70.433,52.61],[-70.484,52.872],[-70.397,52.974],[-70.82,53.06],[-70.75,52.963],[-70.924,52.938],[-70.965,52.819]],[[-76.881,53.216],[-76.938,53.119],[-76.855,52.968],[-76.799,52.981],[-76.843,53.095],[-76.688,53.17],[-76.589,53.289],[-76.672,53.34],[-76.523,53.379],[-76.515,53.468],[-76.844,53.394],[-76.881,53.216]],[[-70.843,53.427],[-70.95,53.565],[-71.117,53.591],[-70.98,53.431],[-70.843,53.427]],[[-69.225,53.949],[-69.061,53.958],[-68.767,53.796],[-69.085,53.444],[-68.9,53.483],[-68.853,53.594],[-68.716,53.583],[-68.685,53.812],[-68.903,53.985],[-69.146,54.04],[-69.225,53.949]],[[-70.071,54.337],[-69.869,54.289],[-70.129,54.11],[-69.707,54.069],[-69.869,53.955],[-69.269,54.047],[-69.697,54.153],[-69.682,54.268],[-69.858,54.368],[-70.071,54.337]],[[-64.416,54.737],[-64.366,54.615],[-64.48,54.273],[-64.325,54.273],[-64.219,54.178],[-64.883,54.148],[-65.218,54.557],[-65.135,54.638],[-65.224,54.65],[-65.305,54.46],[-65.165,54.435],[-64.816,54.076],[-65.178,54.075],[-65.103,54.012],[-65.192,53.993],[-65.503,54.055],[-66.191,54.476],[-66.2,54.577],[-66.429,54.813],[-66.345,54.979],[-66.532,55.1],[-66.6,54.922],[-66.508,54.654],[-66.621,54.623],[-66.616,54.521],[-66.382,54.164],[-66.324,54.154],[-66.406,54.338],[-66.349,54.424],[-66.44,54.562],[-65.338,53.879],[-65.381,53.715],[-65.317,53.605],[-65.583,53.542],[-65.529,53.49],[-65.02,53.421],[-64.973,53.455],[-65.128,53.5],[-65.298,53.76],[-64.694,53.961],[-64.652,54.114],[-64.176,54.012],[-64.124,53.896],[-64.009,53.862],[-63.529,53.929],[-63.555,54.006],[-63.104,54.004],[-63.228,54.137],[-63.748,54.096],[-64.32,54.517],[-64.296,54.659],[-64.416,54.737]],[[-76.15,54.143],[-76.557,54.157],[-76.471,54.059],[-76.66,54.026],[-76.84,54.088],[-76.888,54.057],[-76.731,53.977],[-76.766,53.91],[-77.42,53.798],[-77.685,53.679],[-77.187,53.493],[-75.945,53.686],[-75.907,53.653],[-76.124,53.523],[-75.934,53.465],[-75.632,53.538],[-75.633,53.638],[-75.034,53.639],[-74.935,53.578],[-74.433,53.685],[-75.265,53.684],[-74.734,53.896],[-75.184,53.82],[-75.292,53.897],[-75.552,53.892],[-75.85,53.855],[-76.036,53.737],[-76.75,53.723],[-76.304,53.963],[-76.255,54.073],[-76.105,54.116],[-76.15,54.143]],[[-70.029,54.676],[-69.92,54.654],[-69.97,54.49],[-70.517,54.441],[-70.419,54.359],[-70.233,54.444],[-69.766,54.466],[-69.935,54.732],[-70.029,54.676]],[[-73.555,54.903],[-72.706,55.01],[-72.358,55.126],[-72.225,55.281],[-73.491,55.056],[-73.409,54.987],[-73.604,54.927],[-73.555,54.903]],[[-69.136,56.606],[-69.274,56.504],[-69.189,56.326],[-68.795,56.055],[-69.123,56.332],[-69.136,56.606]],[[-74.276,55.951],[-74.07,55.975],[-73.985,56.097],[-74.477,56.318],[-74.819,56.273],[-74.732,56.091],[-74.231,55.985],[-74.276,55.951]],[[-76.366,56.55],[-76.397,56.345],[-76.547,56.164],[-75.953,56.145],[-76.275,56.379],[-76.366,56.55]]],[[[-73.098,-52.09],[-73.098,-52.09]]],[[[-72.863,-51.958],[-72.863,-51.958]]],[[[-72.797,-51.939],[-72.579,-52.14],[-72.797,-51.939]]],[[[-73.288,-52.055],[-73.408,-52.024],[-73.319,-51.862],[-73.288,-52.055]]],[[[-73.761,-51.202],[-73.761,-51.202]]],[[[-74.083,-49.278],[-74.017,-49.274],[-74.083,-49.278]]],[[[-73.227,-45.301],[-73.18,-45.331],[-73.227,-45.301]]],[[[-88.629,13.257],[-88.553,13.241],[-88.629,13.257]]],[[[-122.491,37.828],[-122.491,37.828]]],[[[-124.144,46.945],[-124.144,46.945]]],[[[-122.955,47.41],[-123.102,47.4],[-123.072,47.458],[-122.955,47.41]]],[[[-122.509,47.501],[-122.55,47.283],[-122.677,47.316],[-122.619,47.421],[-122.743,47.305],[-122.524,47.577],[-122.509,47.501]]],[[[-122.744,47.289],[-122.753,47.187],[-122.812,47.273],[-122.744,47.289]]],[[[-123.915,49.874],[-123.915,49.874]]],[[[-130.119,55.142],[-130.026,55.218],[-130.065,55.102],[-130.159,55.088],[-130.119,55.142]]],[[[-132.061,55.937],[-131.973,55.956],[-132.068,55.887],[-132.061,55.937]]],[[[-139.617,59.891],[-139.436,59.974],[-139.317,59.87],[-139.312,59.714],[-139.4,59.831],[-139.617,59.891]]],[[[-141.413,60.062],[-141.413,60.062]]],[[[-148.296,60.132],[-148.296,60.132]]],[[[-166.163,61.714],[-166.163,61.714]]],[[[-168.102,65.687],[-167.846,65.761],[-168.102,65.687]]],[[[-166.464,68.417],[-166.722,68.372],[-166.464,68.417]]],[[[-133.326,68.787],[-133.326,68.787]]],[[[-132.541,68.896],[-132.723,68.848],[-132.541,68.896]]],[[[-94.221,69.12],[-94.221,69.12]]],[[[-84.921,66.905],[-84.921,66.905]]],[[[-79.66,51.045],[-79.706,51.087],[-79.602,51.018],[-79.66,51.045]]],[[[-65.981,58.47],[-65.981,58.47]]],[[[-64.491,60.075],[-64.804,60.007],[-64.671,60.181],[-64.491,60.075]]],[[[-61.834,56.742],[-61.713,56.736],[-61.834,56.742]]],[[[-64.188,45.105],[-64.188,45.105]]],[[[-66.091,45.296],[-66.091,45.296]]],[[[-70.656,42.648],[-70.601,42.679],[-70.656,42.648]]],[[[-73.904,40.99],[-73.993,40.781],[-73.907,41.044],[-73.904,40.99]]],[[[-75.521,39.458],[-75.548,39.542],[-75.521,39.458]]],[[[-76.221,39.061],[-76.226,39.072],[-76.206,39.071],[-76.221,39.061]]],[[[-77.178,38.369],[-77.178,38.369]]],[[[-76.338,37.627],[-76.479,37.679],[-76.338,37.627]]],[[[-76.88,37.245],[-76.88,37.245]]],[[[-75.717,36.124],[-75.566,35.887],[-75.77,36.248],[-75.717,36.124]]],[[[-75.943,36.55],[-75.943,36.55]]],[[[-76.686,36.066],[-76.712,36.124],[-76.686,36.066]]],[[[-76.906,35.46],[-76.977,35.497],[-76.711,35.425],[-76.906,35.46]]],[[[-77.546,34.421],[-77.633,34.361],[-77.485,34.471],[-77.546,34.421]]],[[[-80.597,28.402],[-80.473,27.903],[-80.619,28.211],[-80.589,28.479],[-80.597,28.402]]],[[[-85.401,29.752],[-85.396,29.873],[-85.401,29.752]]],[[[-87.507,30.301],[-87.395,30.366],[-87.507,30.301]]],[[[-91.223,29.361],[-91.167,29.287],[-91.223,29.361]]],[[[-93.765,18.341],[-93.849,18.303],[-93.644,18.391],[-93.765,18.341]]],[[[-88.208,21.574],[-88.208,21.574]]],[[[-87.24,21.532],[-87.415,21.521],[-87.24,21.532]]],[[[-74.313,10.992],[-74.313,10.992]]],[[[-71.734,12.413],[-71.736,12.414],[-71.726,12.418],[-71.734,12.413]]],[[[-71.597,10.728],[-71.597,10.728]]],[[[-79.705,44.837],[-79.705,44.837]]],[[[-79.704,44.838],[-79.703,44.837],[-79.705,44.837],[-79.704,44.838]]],[[[-77.315,43.947],[-77.315,43.947]]],[[[-82.326,8.286],[-82.326,8.286]]],[[[-82.322,9.404],[-82.322,9.404]]],[[[-85.18,10.12],[-85.151,10.071],[-85.18,10.12]]],[[[-77.381,4.312],[-77.32,4.252],[-77.426,4.223],[-77.381,4.312]]],[[[-91.565,18.786],[-91.524,18.749],[-91.565,18.786]]],[[[-96.804,28.179],[-96.804,28.179]]],[[[-82.673,27.428],[-82.588,27.321],[-82.673,27.428]]],[[[-111.539,24.38],[-111.495,24.351],[-111.539,24.38]]],[[[-114.259,27.822],[-114.223,27.734],[-114.314,27.78],[-114.259,27.822]]],[[[-61.273,45.562],[-61.459,45.722],[-61.273,45.562]]],[[[-72.053,41.016],[-71.856,41.069],[-72.666,40.794],[-73.653,40.62],[-73.577,40.597],[-73.929,40.564],[-73.768,40.642],[-74.008,40.58],[-74.035,40.636],[-73.923,40.79],[-73.589,40.921],[-72.647,40.98],[-72.285,41.162],[-72.621,40.913],[-72.053,41.016]]],[[[-71.041,46.861],[-71.13,46.856],[-70.889,47.017],[-71.041,46.861]]],[[[-64.693,47.758],[-64.693,47.758]]],[[[-64.124,59.695],[-64.204,59.734],[-64.159,59.805],[-64.044,59.71],[-64.124,59.695]]],[[[-55.876,53.033],[-55.819,53.087],[-55.876,53.033]]],[[[-61.059,55.91],[-60.921,55.883],[-61.059,55.91]]],[[[-60.893,55.864],[-60.893,55.864]]],[[[-61.171,56.029],[-61.229,56.065],[-61.171,56.029]]],[[[-61.565,56.752],[-61.382,56.772],[-61.64,56.733],[-61.632,56.86],[-61.499,56.953],[-61.345,56.935],[-61.362,56.848],[-61.565,56.752]]],[[[-62.013,57.508],[-61.953,57.59],[-61.828,57.554],[-62.013,57.508]]],[[[-68.486,51.591],[-68.405,51.532],[-68.391,51.368],[-68.58,51.457],[-68.403,51.285],[-68.468,51.214],[-68.758,51.165],[-69.092,51.368],[-68.844,51.6],[-68.486,51.591]]],[[[-69.358,59.135],[-69.358,59.135]]],[[[-80.496,25.023],[-80.308,25.318],[-80.496,25.023]]],[[[-80.669,28.371],[-80.656,28.242],[-80.74,28.478],[-80.642,28.598],[-80.669,28.371]]],[[[-74.441,39.402],[-74.441,39.402]]],[[[-79.019,43.024],[-78.916,43.053],[-78.961,42.988],[-79.019,43.024]]],[[[-76.275,44.009],[-76.275,44.009]]],[[[-76.809,44.14],[-76.698,44.187],[-76.809,44.14]]],[[[-87.022,30.371],[-86.614,30.411],[-87.022,30.371]]],[[[-81.486,30.898],[-81.434,30.939],[-81.482,30.809],[-81.486,30.898]]],[[[-92.034,29.592],[-91.978,29.625],[-92.034,29.592]]],[[[-83.856,46.157],[-83.979,46.109],[-84.097,46.288],[-83.822,46.253],[-83.856,46.157]]],[[[-84.169,46.324],[-84.121,46.246],[-84.169,46.324]]],[[[-84.163,46.346],[-84.274,46.487],[-84.216,46.536],[-84.142,46.531],[-84.163,46.346]]],[[[-88.468,47.077],[-88.417,47.191],[-88.434,47.122],[-88.616,47.174],[-88.537,47.289],[-88.059,47.453],[-87.767,47.425],[-88.021,47.392],[-87.978,47.359],[-88.402,47.019],[-88.468,47.077]]],[[[-94.448,49.202],[-94.594,49.036],[-94.787,49.192],[-94.448,49.202]]],[[[-96.709,51.199],[-96.598,51.188],[-96.68,51.041],[-96.845,51.027],[-96.709,51.199]]],[[[-114.79,31.799],[-114.707,31.756],[-114.79,31.799]]],[[[-123.934,46.474],[-123.981,46.507],[-123.934,46.474]]],[[[-122.846,47.312],[-122.859,47.191],[-122.912,47.265],[-122.846,47.312]]],[[[-122.496,47.461],[-122.445,47.515],[-122.381,47.395],[-122.494,47.346],[-122.496,47.461]]],[[[-122.486,47.603],[-122.486,47.603]]],[[[-122.336,47.964],[-122.38,47.92],[-122.357,48.021],[-122.336,47.964]]],[[[-124.822,50.24],[-124.752,50.161],[-124.812,50.111],[-124.822,50.24]]],[[[-124.725,50.299],[-124.659,50.258],[-124.696,50.157],[-124.795,50.229],[-124.725,50.299]]],[[[-128.001,51.807],[-128.013,51.808],[-127.997,51.822],[-128.001,51.807]]],[[[-74.234,40.536],[-74.177,40.642],[-74.063,40.639],[-74.234,40.536]]],[[[-77.501,55.478],[-77.501,55.478]]],[[[-88.385,49.647],[-88.49,49.612],[-88.393,49.7],[-88.385,49.647]]],[[[-88.688,49.927],[-88.63,50.044],[-88.554,50.036],[-88.636,49.916],[-88.588,49.805],[-88.748,49.868],[-88.688,49.927]]],[[[-97.887,52.358],[-97.978,52.315],[-98.043,52.398],[-97.995,52.542],[-97.887,52.358]]],[[[-92.142,62.4],[-92.372,62.387],[-92.142,62.4]]],[[[-92.584,62.38],[-92.404,62.405],[-92.584,62.38]]],[[[-77.703,58.26],[-77.767,58.288],[-77.703,58.26]]],[[[-127.687,52.074],[-127.717,51.98],[-127.843,51.951],[-127.687,52.074]]],[[[-128.642,53.161],[-128.558,53.071],[-128.642,53.161]]],[[[-112.156,40.956],[-112.171,40.875],[-112.263,41.058],[-112.156,40.956]]],[[[-112.071,61.974],[-111.668,62.123],[-112.455,61.605],[-112.69,61.605],[-112.754,61.764],[-113.011,61.809],[-112.071,61.974]]],[[[-130.153,54.143],[-130.153,54.143]]],[[[-132.212,56.178],[-132.09,56.099],[-132.114,55.945],[-132.262,55.917],[-132.279,56.132],[-132.212,56.178]]],[[[-145.942,60.589],[-145.75,60.595],[-145.905,60.532],[-145.942,60.589]]],[[[-146.763,60.884],[-146.706,60.856],[-146.763,60.884]]],[[[-132.229,56.196],[-132.078,56.359],[-131.947,56.232],[-132.056,56.111],[-132.229,56.196]]],[[[-128.117,70.581],[-128.291,70.601],[-128.216,70.655],[-128.117,70.581]]],[[[-108.453,67.484],[-108.393,67.467],[-108.453,67.484]]],[[[-111.059,67.849],[-110.928,67.877],[-111.059,67.849]]],[[[-164.763,66.533],[-165.087,66.471],[-164.763,66.533]]],[[[-134.917,68.944],[-134.961,68.892],[-135.643,68.915],[-135.701,68.991],[-135.518,69.024],[-135.849,69.074],[-135.967,69.215],[-135.899,69.256],[-135.487,69.113],[-135.854,69.291],[-135.556,69.339],[-135.171,69.258],[-135.287,69.419],[-135.138,69.479],[-134.469,69.444],[-134.406,69.48],[-134.466,69.547],[-133.778,69.507],[-134.384,69.118],[-134.674,69.018],[-134.227,68.696],[-134.457,68.719],[-134.783,68.965],[-134.917,68.944]]],[[[-135.289,69.309],[-135.566,69.391],[-135.338,69.389],[-135.289,69.309]]],[[[-135.574,69.447],[-135.621,69.469],[-135.574,69.447]]],[[[-104.453,68.102],[-104.532,68.117],[-104.453,68.102]]],[[[-90.779,69.317],[-90.619,69.371],[-90.779,69.317]]],[[[-91.11,69.549],[-91.109,69.602],[-90.95,69.594],[-91.11,69.549]]],[[[-95.483,71.737],[-95.44,71.824],[-95.262,71.833],[-95.311,71.737],[-95.483,71.737]]],[[[-61.957,57.787],[-62.108,57.838],[-61.957,57.787]]]]}},{"type":"Feature","properties":{"NAME":null,"ABBREVN":null,"type":null,"weblnks":null,"SUBJECTO":null,"BORDERPRECISION":1,"PARTOF":null},"geometry":{"type":"MultiPolygon","coordinates":[[[[-4.153,53.226],[-4.402,53.126],[-4.567,53.273],[-4.569,53.388],[-4.314,53.412],[-4.047,53.303],[-4.153,53.226]]]]}},{"type":"Feature","properties":{"NAME":null,"ABBREVN":null,"type":null,"weblnks":null,"SUBJECTO":null,"BORDERPRECISION":1,"PARTOF":null},"geometry":{"type":"MultiPolygon","coordinates":[[[[-5.104,55.439],[-5.34,55.475],[-5.381,55.669],[-5.16,55.679],[-5.104,55.439]]]]}},{"type":"Feature","properties":{"NAME":null,"ABBREVN":null,"type":null,"weblnks":null,"SUBJECTO":null,"BORDERPRECISION":1,"PARTOF":null},"geometry":{"type":"MultiPolygon","coordinates":[[[[-6.122,55.879],[-6.03,55.721],[-6.077,55.65],[-6.326,55.587],[-6.265,55.778],[-6.509,55.682],[-6.442,55.854],[-6.142,55.934],[-6.122,55.879]]]]}},{"type":"Feature","properties":{"NAME":null,"ABBREVN":null,"type":null,"weblnks":null,"SUBJECTO":null,"BORDERPRECISION":1,"PARTOF":null},"geometry":{"type":"MultiPolygon","coordinates":[[[[-5.947,55.83],[-6.071,55.808],[-6.079,55.906],[-5.694,56.147],[-5.947,55.83]]]]}},{"type":"Feature","properties":{"NAME":null,"ABBREVN":null,"type":null,"weblnks":null,"SUBJECTO":null,"BORDERPRECISION":1,"PARTOF":null},"geometry":{"type":"MultiPolygon","coordinates":[[[[-7.467,56.941],[-7.561,56.956],[-7.446,57.056],[-7.376,56.979],[-7.467,56.941]]]]}},{"type":"Feature","properties":{"NAME":null,"ABBREVN":null,"type":null,"weblnks":null,"SUBJECTO":null,"BORDERPRECISION":1,"PARTOF":null},"geometry":{"type":"MultiPolygon","coordinates":[[[[-7.223,57.337],[-7.288,57.322],[-7.215,57.11],[-7.381,57.109],[-7.425,57.382],[-7.223,57.337]]]]}},{"type":"Feature","properties":{"NAME":null,"ABBREVN":null,"type":null,"weblnks":null,"SUBJECTO":null,"BORDERPRECISION":1,"PARTOF":null},"geometry":{"type":"MultiPolygon","coordinates":[[[[-7.269,57.399],[-7.406,57.464],[-7.205,57.461],[-7.269,57.399]]]]}},{"type":"Feature","properties":{"NAME":null,"ABBREVN":null,"type":null,"weblnks":null,"SUBJECTO":null,"BORDERPRECISION":1,"PARTOF":null},"geometry":{"type":"MultiPolygon","coordinates":[[[[-7.189,57.687],[-7.066,57.633],[-7.154,57.509],[-7.543,57.591],[-7.189,57.687]]]]}},{"type":"Feature","properties":{"NAME":null,"ABBREVN":null,"type":null,"weblnks":null,"SUBJECTO":null,"BORDERPRECISION":1,"PARTOF":null},"geometry":{"type":"MultiPolygon","coordinates":[[[[-7.006,57.881],[-7.078,57.88],[-7.006,57.881]]]]}},{"type":"Feature","properties":{"NAME":null,"ABBREVN":null,"type":null,"weblnks":null,"SUBJECTO":null,"BORDERPRECISION":1,"PARTOF":null},"geometry":{"type":"MultiPolygon","coordinates":[[[[-6.802,58.203],[-6.89,58.252],[-6.802,58.203]]]]}},{"type":"Feature","properties":{"NAME":null,"ABBREVN":null,"type":null,"weblnks":null,"SUBJECTO":null,"BORDERPRECISION":1,"PARTOF":null},"geometry":{"type":"MultiPolygon","coordinates":[[[[-6.204,58.356],[-6.328,58.233],[-6.164,58.212],[-6.62,58.082],[-6.396,58.105],[-6.354,58.033],[-6.474,57.94],[-6.662,57.924],[-6.706,58.008],[-6.59,58.05],[-6.684,58.057],[-6.761,57.998],[-6.661,57.885],[-6.735,57.826],[-6.973,57.725],[-7.123,57.817],[-6.83,57.901],[-7.113,57.984],[-7.056,58.02],[-7.128,58.135],[-7.041,58.233],[-6.908,58.213],[-6.862,58.104],[-6.873,58.179],[-6.745,58.197],[-6.798,58.302],[-6.267,58.512],[-6.166,58.425],[-6.204,58.356]]]]}},{"type":"Feature","properties":{"NAME":null,"ABBREVN":null,"type":null,"weblnks":null,"SUBJECTO":null,"BORDERPRECISION":1,"PARTOF":null},"geometry":{"type":"MultiPolygon","coordinates":[[[[-2.918,58.732],[-3.037,58.818],[-2.886,58.832],[-2.918,58.732]]]]}},{"type":"Feature","properties":{"NAME":null,"ABBREVN":null,"type":null,"weblnks":null,"SUBJECTO":null,"BORDERPRECISION":1,"PARTOF":null},"geometry":{"type":"MultiPolygon","coordinates":[[[[-3.231,58.776],[-3.433,58.879],[-3.336,58.927],[-3.135,58.801],[-3.231,58.776]]]]}},{"type":"Feature","properties":{"NAME":null,"ABBREVN":null,"type":null,"weblnks":null,"SUBJECTO":null,"BORDERPRECISION":1,"PARTOF":null},"geometry":{"type":"MultiPolygon","coordinates":[[[[-2.793,58.951],[-2.824,58.879],[-3.195,58.911],[-3.346,58.966],[-3.35,59.11],[-3.077,59.122],[-2.793,58.951]]]]}},{"type":"Feature","properties":{"NAME":null,"ABBREVN":null,"type":null,"weblnks":null,"SUBJECTO":null,"BORDERPRECISION":1,"PARTOF":null},"geometry":{"type":"MultiPolygon","coordinates":[[[[-2.681,59.196],[-2.556,59.303],[-2.39,59.283],[-2.681,59.196]]]]}},{"type":"Feature","properties":{"NAME":null,"ABBREVN":null,"type":null,"weblnks":null,"SUBJECTO":null,"BORDERPRECISION":1,"PARTOF":null},"geometry":{"type":"MultiPolygon","coordinates":[[[[-2.89,59.295],[-2.877,59.229],[-3.076,59.331],[-2.89,59.295]]]]}},{"type":"Feature","properties":{"NAME":null,"ABBREVN":null,"type":null,"weblnks":null,"SUBJECTO":null,"BORDERPRECISION":1,"PARTOF":null},"geometry":{"type":"MultiPolygon","coordinates":[[[[-1.296,60.491],[-1.037,60.444],[-1.101,60.276],[-1.201,60.263],[-1.126,60.148],[-1.212,60.103],[-1.269,59.851],[-1.378,59.902],[-1.263,60.107],[-1.291,60.241],[-1.41,60.255],[-1.358,60.192],[-1.449,60.151],[-1.693,60.28],[-1.32,60.356],[-1.61,60.474],[-1.547,60.536],[-1.302,60.637],[-1.296,60.491]]]]}},{"type":"Feature","properties":{"NAME":null,"ABBREVN":null,"type":null,"weblnks":null,"SUBJECTO":null,"BORDERPRECISION":1,"PARTOF":null},"geometry":{"type":"MultiPolygon","coordinates":[[[[-1.029,60.496],[-1.17,60.527],[-1.099,60.73],[-0.991,60.72],[-1.029,60.496]]]]}},{"type":"Feature","properties":{"NAME":null,"ABBREVN":null,"type":null,"weblnks":null,"SUBJECTO":null,"BORDERPRECISION":1,"PARTOF":null},"geometry":{"type":"MultiPolygon","coordinates":[[[[-0.82,60.689],[-0.966,60.688],[-0.878,60.844],[-0.758,60.818],[-0.82,60.689]]]]}},{"type":"Feature","properties":{"NAME":null,"ABBREVN":null,"type":null,"weblnks":null,"SUBJECTO":null,"BORDERPRECISION":1,"PARTOF":null},"geometry":{"type":"MultiPolygon","coordinates":[[[[-6.655,61.389],[-6.846,61.468],[-6.96,61.623],[-6.724,61.573],[-6.655,61.389]]],[[[-6.604,61.822],[-6.652,61.743],[-6.908,61.905],[-6.604,61.822]]],[[[-7.05,62.068],[-7.202,62.019],[-7.435,62.14],[-7.223,62.159],[-7.05,62.068]]],[[[-6.707,61.937],[-7.232,62.172],[-7.211,62.285],[-7.066,62.282],[-6.725,62.035],[-6.707,61.937]]],[[[-6.62,62.23],[-6.721,62.331],[-6.62,62.23]]],[[[-6.657,62.092],[-6.922,62.167],[-7.06,62.314],[-6.95,62.338],[-6.601,62.197],[-6.657,62.092]]],[[[-6.419,62.184],[-6.572,62.212],[-6.574,62.35],[-6.389,62.255],[-6.419,62.184]]],[[[-6.586,62.256],[-6.661,62.372],[-6.586,62.256]]],[[[-6.406,62.284],[-6.545,62.387],[-6.406,62.284]]]]}},{"type":"Feature","properties":{"NAME":null,"ABBREVN":null,"type":null,"weblnks":null,"SUBJECTO":null,"BORDERPRECISION":1,"PARTOF":null},"geometry":{"type":"MultiPolygon","coordinates":[[[[-4.778,54.056],[-4.714,54.214],[-4.354,54.411],[-4.308,54.297],[-4.394,54.186],[-4.778,54.056]]]]}},{"type":"Feature","properties":{"NAME":"Namazga","ABBREVN":"Namazga","type":null,"weblnks":null,"SUBJECTO":"Namazga","BORDERPRECISION":1,"PARTOF":"Namazga"},"geometry":{"type":"MultiPolygon","coordinates":[[[[59.092,38.465],[60.84,38.489],[61.738,38.693],[62.584,38.284],[62.097,37.02],[60.394,36.338],[58.844,36.777],[58.416,37.764],[59.092,38.465]]]]}},{"type":"Feature","properties":{"NAME":null,"ABBREVN":null,"type":null,"weblnks":null,"SUBJECTO":null,"BORDERPRECISION":1,"PARTOF":null},"geometry":{"type":"MultiPolygon","coordinates":[[[[-0.961,50.774],[-1.022,50.789],[-0.964,50.83],[-0.961,50.774]]],[[[0.899,51.357],[0.755,51.385],[0.899,51.357]]],[[[-2.928,53.302],[-2.701,53.35],[-2.883,53.327],[-3.057,53.514],[-3.023,53.649],[-2.897,53.727],[-3.001,53.734],[-2.814,54.223],[-3.261,54.141],[-3.551,54.444],[-3.43,54.643],[-3.153,54.838],[-3.366,54.893],[-3.023,54.971],[-3.571,54.991],[-3.601,54.915],[-4.082,54.767],[-4.393,54.908],[-4.549,54.732],[-4.852,54.869],[-4.961,54.802],[-4.928,54.741],[-5.006,54.764],[-5.103,54.822],[-5.067,54.948],[-4.613,55.495],[-4.905,55.69],[-4.895,55.772],[-4.631,55.927],[-4.482,55.921],[-4.639,55.948],[-4.711,56.131],[-4.867,56.106],[-5.117,55.906],[-5.326,55.88],[-5.203,56.117],[-4.928,56.274],[-5.432,56.008],[-5.403,55.842],[-5.57,55.751],[-5.633,55.94],[-5.497,56.177],[-5.3,56.431],[-5.066,56.561],[-5.235,56.451],[-5.292,56.461],[-5.246,56.56],[-5.374,56.593],[-5.12,56.817],[-5.433,56.62],[-5.547,56.652],[-5.678,56.495],[-5.978,56.6],[-5.545,56.688],[-5.94,56.674],[-5.661,56.869],[-5.723,56.89],[-5.644,56.972],[-5.52,56.996],[-5.634,56.986],[-5.67,57.114],[-5.4,57.106],[-5.65,57.162],[-5.646,57.235],[-5.406,57.229],[-5.578,57.295],[-5.448,57.417],[-5.63,57.518],[-5.518,57.547],[-5.763,57.62],[-5.568,57.777],[-5.056,57.751],[-5.322,58.065],[-4.907,58.169],[-5.113,58.395],[-4.926,58.567],[-4.725,58.488],[-4.764,58.443],[-4.51,58.403],[-3.441,58.529],[-3.165,58.522],[-3.067,58.439],[-4.123,57.851],[-4.392,57.905],[-4.155,57.826],[-4.22,57.693],[-4.436,57.575],[-4.235,57.663],[-4.167,57.569],[-4.225,57.489],[-4.048,57.551],[-2.15,57.572],[-1.945,57.402],[-2.203,57.065],[-2.159,57.014],[-2.62,56.532],[-3.278,56.357],[-2.809,56.439],[-3.152,56.337],[-2.766,56.193],[-2.957,56.202],[-3.393,56.011],[-3.737,56.056],[-3.294,55.974],[-3.895,55.985],[-3.713,55.885],[-3.356,55.843],[-2.742,55.957],[-2.245,55.811],[-1.719,55.454],[-1.556,54.922],[-1.389,54.68],[-0.871,54.547],[-0.296,54.033],[-0.26,53.733],[-0.719,53.7],[-0.288,53.709],[-0.319,53.579],[0.175,53.293],[0.254,53.055],[0.032,52.917],[0.101,52.885],[0.006,52.787],[0.327,52.707],[0.505,52.848],[1.013,52.888],[1.376,52.809],[1.586,52.65],[1.687,52.328],[1.529,52.048],[1.32,51.941],[1.165,52.026],[1.25,51.91],[0.704,51.722],[0.93,51.739],[0.686,51.56],[0.254,51.454],[0.905,51.341],[1.365,51.353],[1.335,51.122],[0.216,50.741],[-0.206,50.827],[-0.805,50.728],[-0.93,50.84],[-1.155,50.844],[-2.042,50.734],[-2.051,50.586],[-2.503,50.6],[-2.925,50.732],[-3.521,50.617],[-3.553,50.426],[-3.715,50.219],[-4.243,50.391],[-4.763,50.311],[-5.247,49.992],[-5.334,50.091],[-5.711,50.121],[-5.268,50.274],[-5.049,50.425],[-5.014,50.545],[-4.781,50.594],[-4.554,50.785],[-4.531,50.992],[-4.209,51.074],[-4.226,51.189],[-3.066,51.178],[-2.972,51.358],[-2.385,51.749],[-2.8,51.558],[-2.75,51.644],[-3.173,51.467],[-3.499,51.46],[-3.84,51.621],[-4.436,51.737],[-5.004,51.704],[-5.236,51.871],[-5.074,51.996],[-4.295,52.2],[-4.131,52.335],[-4.053,52.717],[-4.134,52.914],[-4.621,52.831],[-4.341,53.078],[-3.957,53.205],[-2.928,53.302]]],[[[-5.206,55.892],[-5.127,55.899],[-5.206,55.892]]],[[[-6.013,56.467],[-5.991,56.576],[-5.707,56.475],[-5.822,56.4],[-6.013,56.467]]],[[[-5.649,57.26],[-5.697,57.183],[-5.726,57.258],[-5.649,57.26]]]]}},{"type":"Feature","properties":{"NAME":"Kelteminar culture","ABBREVN":"Kelteminar","type":"culture","weblnks":null,"SUBJECTO":" Kelteminar culture","BORDERPRECISION":1,"PARTOF":" Kelteminar culture"},"geometry":{"type":"MultiPolygon","coordinates":[[[[53.541,39.336],[53.209,39.405],[53.345,39.533],[53.564,39.462],[53.794,39.491],[53.813,39.548],[53.554,39.654],[53.516,39.778],[53.688,39.979],[52.991,39.972],[52.845,40.18],[52.826,40.468],[53.018,40.946],[53.118,40.765],[53.467,40.728],[53.658,40.81],[53.738,40.616],[54.225,40.726],[54.416,40.659],[54.368,40.899],[54.48,40.799],[54.818,40.88],[54.751,41.138],[54.167,41.483],[53.985,42.106],[53.088,42.071],[52.839,41.779],[52.816,41.696],[52.917,41.666],[52.826,41.413],[52.692,41.531],[52.683,41.694],[52.559,41.758],[52.601,41.938],[52.52,42.073],[52.835,42.648],[52.763,42.756],[52.028,42.866],[51.738,43.179],[51.423,43.17],[51.459,43.385],[51.171,43.718],[50.955,44.204],[50.326,44.365],[50.335,44.563],[50.48,44.632],[50.872,44.626],[51.14,44.479],[51.57,44.514],[51.099,44.878],[51.216,45.04],[51.342,45.058],[51.48,45.334],[51.791,45.402],[53.284,45.328],[52.844,45.507],[52.835,45.642],[53.149,45.957],[53.257,46.317],[53.122,46.497],[53.284,46.676],[53.127,46.885],[52.584,46.978],[52.696,48.281],[53.724,49.656],[56.689,50.342],[61.077,48.7],[64.2,46.078],[65.03,44.182],[64.753,42.281],[63.844,40.291],[62.737,38.92],[60.84,38.489],[53.937,38.385],[54.071,38.897],[54.033,38.993],[53.775,39.136],[53.66,39.318],[53.541,39.336]],[[57.43,41.579],[57.685,41.636],[57.865,41.773],[57.7,41.913],[57.55,42.261],[57.392,42.335],[57.183,42.185],[57.053,41.773],[57.43,41.579]],[[58.628,45.6],[58.238,44.903],[58.278,44.449],[58.465,44.461],[58.694,44.677],[58.627,44.755],[58.766,44.747],[58.738,44.905],[58.813,45.045],[58.647,44.994],[58.791,45.2],[58.723,45.426],[58.99,45.777],[59.053,45.693],[59.129,45.805],[59.379,45.57],[59.455,45.227],[59.205,44.708],[59.649,44.34],[59.541,44.148],[59.811,44.182],[60.034,44.407],[60.078,45.31],[60.0,45.578],[59.745,45.591],[59.829,45.902],[60.417,45.848],[60.835,46.132],[61.177,46.23],[61.282,46.407],[60.846,46.524],[60.744,46.765],[60.57,46.778],[60.726,46.626],[60.501,46.612],[60.43,46.529],[60.317,46.687],[60.189,46.677],[60.009,46.561],[60.021,46.449],[60.548,46.323],[60.728,46.402],[60.812,46.169],[60.651,46.071],[60.104,46.129],[59.805,46.071],[59.779,46.301],[59.531,46.343],[59.706,46.022],[59.625,45.795],[59.319,45.694],[59.233,45.775],[59.303,46.002],[58.982,45.975],[58.721,45.848],[58.628,45.6]]],[[[53.657,40.857],[53.658,40.823],[53.653,40.861],[53.657,40.857]]]]}},{"type":"Feature","properties":{"NAME":"Naquada I","ABBREVN":"Naquada I","type":null,"weblnks":null,"SUBJECTO":"Naquada I","BORDERPRECISION":1,"PARTOF":"Naquada I"},"geometry":{"type":"MultiPolygon","coordinates":[[[[32.234,22.674],[32.297,22.531],[32.744,23.033],[32.863,22.976],[31.974,22.234],[31.541,22.201],[31.714,22.351],[31.826,22.351],[32.056,22.665],[32.234,22.674]]],[[[32.907,23.051],[32.853,23.142],[32.921,23.249],[33.007,23.237],[32.922,23.485],[33.005,23.509],[32.911,23.584],[32.986,23.695],[32.879,23.988],[32.834,23.619],[32.655,23.633],[32.624,23.587],[32.707,23.57],[32.599,23.496],[32.841,23.483],[32.856,23.342],[32.501,22.758],[32.337,22.691],[32.132,22.781],[31.824,22.565],[31.676,22.626],[31.785,22.483],[31.395,22.189],[31.467,23.168],[31.998,23.832],[31.805,25.759],[31.033,26.084],[30.985,26.861],[31.781,26.926],[32.794,26.171],[32.914,25.105],[33.276,24.118],[32.987,23.08],[32.907,23.051]]]]}},{"type":"Feature","properties":{"NAME":"Ubaid","ABBREVN":"Ubaid","type":null,"weblnks":null,"SUBJECTO":"Ubaid","BORDERPRECISION":1,"PARTOF":"Ubaid"},"geometry":{"type":"MultiPolygon","coordinates":[[[[47.04,30.742],[47.563,30.664],[47.608,30.583],[45.917,30.211],[44.899,31.515],[44.054,32.057],[43.95,32.945],[41.742,33.824],[41.707,34.438],[43.172,33.825],[43.261,33.728],[44.433,33.393],[45.141,34.537],[44.64,33.147],[45.296,32.597],[47.021,31.632],[47.48,30.813],[47.29,30.772],[46.861,30.917],[46.712,30.867],[46.822,30.725],[47.04,30.742]],[[43.434,33.199],[43.566,33.219],[43.595,33.306],[43.382,33.435],[43.304,33.309],[43.434,33.199]]]]}},{"type":"Feature","properties":{"NAME":"Ghassul","ABBREVN":"Ghassul","type":null,"weblnks":null,"SUBJECTO":"Ghassul","BORDERPRECISION":1,"PARTOF":"Ghassul"},"geometry":{"type":"MultiPolygon","coordinates":[[[[34.705,31.94],[34.962,32.833],[35.067,32.855],[35.273,33.454],[35.634,34.013],[35.647,34.24],[35.983,34.526],[35.978,34.635],[36.612,34.323],[37.083,33.213],[36.193,32.796],[35.722,31.934],[35.146,31.489],[34.672,31.878],[34.705,31.94]],[[35.632,32.782],[35.565,32.892],[35.551,32.75],[35.632,32.782]]]]}},{"type":"Feature","properties":{"NAME":"Amuq D","ABBREVN":"Amuq D","type":null,"weblnks":null,"SUBJECTO":"Amuq D","BORDERPRECISION":1,"PARTOF":"Amuq D"},"geometry":{"type":"MultiPolygon","coordinates":[[[[35.973,34.647],[35.875,34.902],[35.959,35.198],[35.92,35.421],[35.734,35.582],[35.98,35.995],[35.793,36.281],[36.095,36.482],[36.216,36.646],[36.206,36.771],[36.013,36.925],[35.574,36.707],[35.616,36.597],[35.372,36.56],[35.403,37.26],[37.048,37.695],[38.597,36.746],[39.002,35.881],[37.477,35.222],[36.523,34.929],[36.342,34.456],[35.973,34.647]]]]}},{"type":"Feature","properties":{"NAME":"La Almagra culture","ABBREVN":"La Almagra culture","type":"La Almagra","weblnks":null,"SUBJECTO":"La Almagra culture","BORDERPRECISION":1,"PARTOF":"La Almagra culture"},"geometry":{"type":"MultiPolygon","coordinates":[[[[-2.217,36.746],[-2.35,36.841],[-2.624,36.811],[-2.761,36.69],[-2.929,36.75],[-4.447,36.722],[-4.757,36.486],[-5.217,36.41],[-5.44,36.117],[-5.488,36.174],[-5.485,36.065],[-5.638,36.015],[-6.051,36.192],[-6.261,36.47],[-6.173,36.512],[-6.433,36.692],[-6.356,36.861],[-6.893,37.161],[-6.262,37.95],[-3.839,38.202],[-2.307,37.809],[-1.631,37.435],[-1.817,37.292],[-1.94,36.952],[-2.217,36.746]]],[[[-5.422,36.076],[-5.424,36.072],[-5.427,36.08],[-5.422,36.076]]]]}},{"type":"Feature","properties":{"NAME":"Dimini","ABBREVN":"Dimini","type":null,"weblnks":null,"SUBJECTO":"Dimini","BORDERPRECISION":1,"PARTOF":"Dimini"},"geometry":{"type":"MultiPolygon","coordinates":[[[[22.617,38.909],[22.49,38.877],[23.177,38.647],[23.356,38.49],[23.494,38.483],[23.556,38.352],[23.84,38.315],[23.961,38.21],[23.88,38.115],[23.987,37.763],[23.933,37.701],[23.496,38.068],[22.898,37.9],[23.041,37.841],[23.049,37.643],[23.418,37.469],[23.11,37.347],[23.066,37.393],[23.129,37.448],[22.642,37.585],[22.887,37.047],[22.983,36.615],[22.786,36.799],[22.634,36.804],[22.39,36.524],[22.153,37.022],[21.984,37.02],[21.781,36.823],[21.69,36.897],[21.564,37.152],[21.695,37.305],[21.66,37.424],[21.236,37.808],[21.228,37.905],[21.44,38.18],[21.714,38.135],[21.906,38.27],[22.868,37.938],[23.226,38.153],[22.817,38.229],[22.403,38.448],[21.351,38.433],[21.172,38.348],[20.989,38.67],[20.772,38.851],[21.087,38.864],[21.166,38.975],[21.119,39.037],[21.695,39.126],[22.867,39.041],[22.784,38.94],[22.617,38.909]]],[[[24.569,38.147],[24.527,37.967],[24.432,37.975],[24.05,38.392],[23.644,38.418],[23.599,38.57],[23.2,38.831],[22.87,38.837],[23.261,39.033],[23.592,38.765],[24.134,38.65],[24.259,38.215],[24.569,38.147]]]]}},{"type":"Feature","properties":{"NAME":"      ","ABBREVN":"Cardial Ware culture","type":"culture","weblnks":null,"SUBJECTO":"Cardial Ware culture","BORDERPRECISION":1,"PARTOF":"Cardial Ware culture"},"geometry":{"type":"MultiPolygon","coordinates":[[[[49.885,-12.936],[50.15,-14.419],[50.483,-15.406],[50.187,-15.957],[50.089,-15.9],[49.866,-15.433],[49.62,-15.462],[49.682,-16.059],[49.847,-16.261],[49.846,-16.566],[49.425,-17.198],[49.342,-18.228],[47.908,-22.462],[47.517,-23.973],[47.138,-24.917],[46.73,-25.168],[46.291,-25.186],[45.488,-25.576],[45.215,-25.588],[44.959,-25.387],[44.358,-25.256],[44.293,-25.158],[44.402,-25.193],[44.037,-24.989],[43.934,-24.519],[43.671,-24.227],[43.672,-23.903],[43.827,-23.413],[43.291,-22.41],[43.501,-21.494],[43.816,-21.316],[44.517,-20.024],[44.585,-19.528],[44.536,-19.369],[44.251,-19.103],[44.394,-18.791],[44.16,-18.404],[43.972,-17.553],[44.451,-16.725],[44.454,-16.242],[44.917,-16.203],[45.197,-16.037],[45.299,-16.118],[45.618,-16.058],[45.732,-15.89],[46.142,-15.826],[46.321,-15.973],[46.477,-15.966],[46.388,-15.692],[46.734,-15.449],[46.925,-15.36],[47.003,-15.415],[46.959,-15.558],[47.224,-15.448],[47.106,-15.144],[47.211,-15.006],[47.426,-14.825],[47.417,-15.107],[47.558,-14.965],[47.633,-14.984],[47.884,-14.716],[47.811,-14.604],[47.979,-14.626],[48.013,-14.749],[48.007,-14.623],[47.794,-14.597],[47.701,-14.437],[47.744,-14.31],[48.003,-14.323],[48.052,-14.106],[47.916,-13.737],[47.941,-13.592],[48.057,-13.565],[48.187,-13.761],[48.35,-13.838],[48.44,-13.654],[48.751,-13.418],[48.993,-12.737],[48.935,-12.49],[49.176,-12.266],[49.542,-12.704],[49.885,-12.936]]],[[[19.521,40.908],[19.46,41.008],[19.53,41.218],[19.443,41.402],[19.499,41.524],[19.619,41.559],[19.597,41.811],[19.171,41.934],[18.883,42.279],[18.546,42.416],[18.702,42.393],[18.675,42.463],[18.509,42.455],[18.513,42.399],[17.596,42.889],[17.662,42.875],[16.884,43.403],[16.428,43.546],[16.023,43.488],[15.941,43.684],[15.452,43.926],[15.149,44.24],[15.548,44.229],[14.991,44.579],[14.907,44.723],[14.946,44.927],[14.842,45.112],[14.483,45.311],[14.293,45.325],[14.167,44.981],[13.899,44.774],[13.668,45.069],[13.527,45.454],[13.749,45.494],[13.805,45.614],[13.55,45.787],[13.395,45.673],[13.407,45.726],[13.126,45.771],[13.089,45.637],[12.414,45.442],[12.582,45.544],[12.48,45.566],[12.293,45.479],[12.152,45.294],[12.506,44.898],[12.442,44.814],[12.412,44.899],[12.397,44.791],[12.286,44.841],[12.246,44.716],[12.368,44.247],[12.697,43.935],[13.601,43.535],[13.985,42.714],[14.233,42.458],[13.764,41.849],[13.696,41.254],[12.977,41.371],[12.642,41.531],[11.623,42.302],[10.767,42.831],[10.107,44.008],[9.692,44.22],[8.897,44.437],[8.672,44.417],[7.98,43.965],[7.553,43.867],[7.159,43.663],[6.636,43.311],[6.698,43.28],[6.578,43.191],[6.16,43.087],[5.839,43.06],[5.689,43.189],[5.357,43.226],[5.322,43.367],[5.039,43.347],[5.232,43.467],[5.031,43.557],[5.04,43.438],[4.839,43.39],[4.744,43.429],[4.697,43.578],[4.767,43.369],[4.601,43.363],[4.584,43.443],[4.309,43.512],[4.191,43.462],[4.062,43.563],[3.313,43.255],[3.081,43.069],[2.96,42.838],[3.086,42.121],[3.157,42.076],[3.129,41.857],[2.201,41.446],[2.081,41.298],[0.879,41.022],[0.699,40.802],[0.827,40.727],[0.788,40.657],[0.505,40.593],[0.235,40.237],[-1.381,41.484],[-1.488,42.385],[0.009,42.726],[0.329,43.815],[2.36,44.225],[2.716,45.413],[2.04,47.258],[2.681,48.145],[4.64,48.192],[6.03,48.641],[6.6,46.306],[13.369,47.475],[14.509,46.306],[17.181,45.313],[19.069,44.86],[19.782,42.095],[19.521,40.908]],[[19.216,42.158],[19.481,42.108],[19.364,42.29],[19.099,42.278],[19.216,42.158]]],[[[9.727,40.369],[9.622,40.251],[9.677,39.821],[9.631,39.43],[9.479,39.144],[9.014,39.265],[8.82,38.977],[8.417,39.212],[8.386,39.352],[8.557,39.866],[8.428,40.465],[8.159,40.785],[8.241,40.855],[8.766,40.863],[9.306,41.184],[9.745,40.644],[9.788,40.442],[9.727,40.369]]],[[[9.272,41.521],[9.181,41.365],[8.789,41.558],[8.921,41.688],[8.705,41.759],[8.781,41.927],[8.591,41.959],[8.745,42.051],[8.587,42.17],[8.688,42.27],[8.576,42.384],[8.879,42.625],[9.149,42.711],[9.291,42.673],[9.367,42.988],[9.487,42.406],[9.453,42.048],[9.272,41.521]]],[[[15.008,44.533],[15.075,44.479],[15.008,44.533]]],[[[14.606,45.213],[14.552,45.248],[14.606,45.213]]]]}},{"type":"Feature","properties":{"NAME":null,"ABBREVN":null,"type":null,"weblnks":null,"SUBJECTO":null,"BORDERPRECISION":1,"PARTOF":null},"geometry":{"type":"MultiPolygon","coordinates":[[[[64.036,25.415],[64.036,25.415]]]]}},{"type":"Feature","properties":{"NAME":null,"ABBREVN":null,"type":null,"weblnks":null,"SUBJECTO":null,"BORDERPRECISION":1,"PARTOF":null},"geometry":{"type":"MultiPolygon","coordinates":[[[[67.479,24.047],[67.379,24.052],[67.479,24.047]]]]}},{"type":"Feature","properties":{"NAME":null,"ABBREVN":null,"type":null,"weblnks":null,"SUBJECTO":null,"BORDERPRECISION":1,"PARTOF":null},"geometry":{"type":"MultiPolygon","coordinates":[[[[100.304,5.454],[100.319,5.344],[100.304,5.454]]]]}},{"type":"Feature","properties":{"NAME":null,"ABBREVN":null,"type":null,"weblnks":null,"SUBJECTO":null,"BORDERPRECISION":1,"PARTOF":null},"geometry":{"type":"MultiPolygon","coordinates":[[[[99.122,7.665],[99.122,7.665]]]]}},{"type":"Feature","properties":{"NAME":null,"ABBREVN":null,"type":null,"weblnks":null,"SUBJECTO":null,"BORDERPRECISION":1,"PARTOF":null},"geometry":{"type":"MultiPolygon","coordinates":[[[[98.296,8.187],[98.296,8.187]]]]}},{"type":"Feature","properties":{"NAME":null,"ABBREVN":null,"type":null,"weblnks":null,"SUBJECTO":null,"BORDERPRECISION":1,"PARTOF":null},"geometry":{"type":"MultiPolygon","coordinates":[[[[98.31,9.121],[98.282,9.035],[98.31,9.121]]]]}},{"type":"Feature","properties":{"NAME":null,"ABBREVN":null,"type":null,"weblnks":null,"SUBJECTO":null,"BORDERPRECISION":1,"PARTOF":null},"geometry":{"type":"MultiPolygon","coordinates":[[[[106.225,9.544],[106.088,9.754],[106.29,9.581],[106.225,9.544]]]]}},{"type":"Feature","properties":{"NAME":null,"ABBREVN":null,"type":null,"weblnks":null,"SUBJECTO":null,"BORDERPRECISION":1,"PARTOF":null},"geometry":{"type":"MultiPolygon","coordinates":[[[[106.544,9.826],[106.419,9.934],[106.544,9.826]]]]}},{"type":"Feature","properties":{"NAME":null,"ABBREVN":null,"type":null,"weblnks":null,"SUBJECTO":null,"BORDERPRECISION":1,"PARTOF":null},"geometry":{"type":"MultiPolygon","coordinates":[[[[106.514,10.295],[106.728,10.221],[106.514,10.295]]]]}},{"type":"Feature","properties":{"NAME":null,"ABBREVN":null,"type":null,"weblnks":null,"SUBJECTO":null,"BORDERPRECISION":1,"PARTOF":null},"geometry":{"type":"MultiPolygon","coordinates":[[[[107.163,10.463],[107.165,10.387],[107.163,10.463]]]]}},{"type":"Feature","properties":{"NAME":null,"ABBREVN":null,"type":null,"weblnks":null,"SUBJECTO":null,"BORDERPRECISION":1,"PARTOF":null},"geometry":{"type":"MultiPolygon","coordinates":[[[[106.929,10.518],[106.929,10.518]]]]}},{"type":"Feature","properties":{"NAME":null,"ABBREVN":null,"type":null,"weblnks":null,"SUBJECTO":null,"BORDERPRECISION":1,"PARTOF":null},"geometry":{"type":"MultiPolygon","coordinates":[[[[106.827,10.621],[106.753,10.661],[106.827,10.621]]]]}},{"type":"Feature","properties":{"NAME":null,"ABBREVN":null,"type":null,"weblnks":null,"SUBJECTO":null,"BORDERPRECISION":1,"PARTOF":null},"geometry":{"type":"MultiPolygon","coordinates":[[[[103.761,10.515],[103.801,10.48],[103.761,10.515]]]]}},{"type":"Feature","properties":{"NAME":null,"ABBREVN":null,"type":null,"weblnks":null,"SUBJECTO":null,"BORDERPRECISION":1,"PARTOF":null},"geometry":{"type":"MultiPolygon","coordinates":[[[[103.031,11.248],[102.986,11.422],[103.031,11.248]]]]}},{"type":"Feature","properties":{"NAME":null,"ABBREVN":null,"type":null,"weblnks":null,"SUBJECTO":null,"BORDERPRECISION":1,"PARTOF":null},"geometry":{"type":"MultiPolygon","coordinates":[[[[103.014,11.525],[103.024,11.425],[103.014,11.525]]]]}},{"type":"Feature","properties":{"NAME":null,"ABBREVN":null,"type":null,"weblnks":null,"SUBJECTO":null,"BORDERPRECISION":1,"PARTOF":null},"geometry":{"type":"MultiPolygon","coordinates":[[[[98.627,11.923],[98.627,11.923]]]]}},{"type":"Feature","properties":{"NAME":null,"ABBREVN":null,"type":null,"weblnks":null,"SUBJECTO":null,"BORDERPRECISION":1,"PARTOF":null},"geometry":{"type":"MultiPolygon","coordinates":[[[[98.641,12.353],[98.641,12.353]]]]}},{"type":"Feature","properties":{"NAME":null,"ABBREVN":null,"type":null,"weblnks":null,"SUBJECTO":null,"BORDERPRECISION":1,"PARTOF":null},"geometry":{"type":"MultiPolygon","coordinates":[[[[97.519,16.505],[97.614,16.476],[97.596,16.345],[97.573,16.445],[97.459,16.473],[97.519,16.505]]]]}},{"type":"Feature","properties":{"NAME":null,"ABBREVN":null,"type":null,"weblnks":null,"SUBJECTO":null,"BORDERPRECISION":1,"PARTOF":null},"geometry":{"type":"MultiPolygon","coordinates":[[[[106.924,10.539],[106.852,10.626],[106.924,10.539]]]]}},{"type":"Feature","properties":{"NAME":null,"ABBREVN":null,"type":null,"weblnks":null,"SUBJECTO":null,"BORDERPRECISION":1,"PARTOF":null},"geometry":{"type":"MultiPolygon","coordinates":[[[[80.933,15.739],[80.884,15.846],[80.992,15.766],[80.933,15.739]]]]}},{"type":"Feature","properties":{"NAME":null,"ABBREVN":null,"type":null,"weblnks":null,"SUBJECTO":null,"BORDERPRECISION":1,"PARTOF":null},"geometry":{"type":"MultiPolygon","coordinates":[[[[94.839,15.869],[94.821,15.948],[94.839,15.869]]]]}},{"type":"Feature","properties":{"NAME":null,"ABBREVN":null,"type":null,"weblnks":null,"SUBJECTO":null,"BORDERPRECISION":1,"PARTOF":null},"geometry":{"type":"MultiPolygon","coordinates":[[[[94.54,16.134],[94.652,16.242],[94.667,16.169],[94.54,16.134]]]]}},{"type":"Feature","properties":{"NAME":null,"ABBREVN":null,"type":null,"weblnks":null,"SUBJECTO":null,"BORDERPRECISION":1,"PARTOF":null},"geometry":{"type":"MultiPolygon","coordinates":[[[[93.897,19.205],[93.839,18.953],[93.703,19.015],[93.573,19.215],[93.897,19.205]]]]}},{"type":"Feature","properties":{"NAME":null,"ABBREVN":null,"type":null,"weblnks":null,"SUBJECTO":null,"BORDERPRECISION":1,"PARTOF":null},"geometry":{"type":"MultiPolygon","coordinates":[[[[93.967,19.369],[93.811,19.27],[93.732,19.551],[93.967,19.369]]]]}},{"type":"Feature","properties":{"NAME":null,"ABBREVN":null,"type":null,"weblnks":null,"SUBJECTO":null,"BORDERPRECISION":1,"PARTOF":null},"geometry":{"type":"MultiPolygon","coordinates":[[[[93.503,19.87],[93.404,19.955],[93.503,19.87]]]]}},{"type":"Feature","properties":{"NAME":null,"ABBREVN":null,"type":null,"weblnks":null,"SUBJECTO":null,"BORDERPRECISION":1,"PARTOF":null},"geometry":{"type":"MultiPolygon","coordinates":[[[[26.484,60.46],[26.543,60.552],[26.484,60.46]]]]}},{"type":"Feature","properties":{"NAME":null,"ABBREVN":null,"type":null,"weblnks":null,"SUBJECTO":null,"BORDERPRECISION":1,"PARTOF":null},"geometry":{"type":"MultiPolygon","coordinates":[[[[6.043,58.906],[6.095,58.962],[6.043,58.906]]]]}},{"type":"Feature","properties":{"NAME":null,"ABBREVN":null,"type":null,"weblnks":null,"SUBJECTO":null,"BORDERPRECISION":1,"PARTOF":null},"geometry":{"type":"MultiPolygon","coordinates":[[[[5.917,59.443],[6.004,59.449],[5.904,59.377],[5.917,59.443]]]]}},{"type":"Feature","properties":{"NAME":null,"ABBREVN":null,"type":null,"weblnks":null,"SUBJECTO":null,"BORDERPRECISION":1,"PARTOF":null},"geometry":{"type":"MultiPolygon","coordinates":[[[[5.853,59.386],[5.813,59.335],[5.801,59.424],[5.853,59.386]]]]}},{"type":"Feature","properties":{"NAME":null,"ABBREVN":null,"type":null,"weblnks":null,"SUBJECTO":null,"BORDERPRECISION":1,"PARTOF":null},"geometry":{"type":"MultiPolygon","coordinates":[[[[13.58,66.22],[13.53,66.235],[13.58,66.22]]]]}},{"type":"Feature","properties":{"NAME":null,"ABBREVN":null,"type":null,"weblnks":null,"SUBJECTO":null,"BORDERPRECISION":1,"PARTOF":null},"geometry":{"type":"MultiPolygon","coordinates":[[[[32.005,69.859],[32.072,69.883],[32.076,69.821],[32.005,69.859]]]]}},{"type":"Feature","properties":{"NAME":null,"ABBREVN":null,"type":null,"weblnks":null,"SUBJECTO":null,"BORDERPRECISION":1,"PARTOF":null},"geometry":{"type":"MultiPolygon","coordinates":[[[[66.774,71.017],[66.774,71.017]]]]}},{"type":"Feature","properties":{"NAME":null,"ABBREVN":null,"type":null,"weblnks":null,"SUBJECTO":null,"BORDERPRECISION":1,"PARTOF":null},"geometry":{"type":"MultiPolygon","coordinates":[[[[78.496,71.047],[78.496,71.047]]]]}},{"type":"Feature","properties":{"NAME":null,"ABBREVN":null,"type":null,"weblnks":null,"SUBJECTO":null,"BORDERPRECISION":1,"PARTOF":null},"geometry":{"type":"MultiPolygon","coordinates":[[[[82.952,70.321],[83.046,70.33],[83.038,70.259],[82.952,70.321]]]]}},{"type":"Feature","properties":{"NAME":null,"ABBREVN":null,"type":null,"weblnks":null,"SUBJECTO":null,"BORDERPRECISION":1,"PARTOF":null},"geometry":{"type":"MultiPolygon","coordinates":[[[[86.867,74.391],[86.867,74.391]]]]}},{"type":"Feature","properties":{"NAME":null,"ABBREVN":null,"type":null,"weblnks":null,"SUBJECTO":null,"BORDERPRECISION":1,"PARTOF":null},"geometry":{"type":"MultiPolygon","coordinates":[[[[176.213,64.869],[176.342,64.773],[176.003,64.897],[176.213,64.869]]]]}},{"type":"Feature","properties":{"NAME":null,"ABBREVN":null,"type":null,"weblnks":null,"SUBJECTO":null,"BORDERPRECISION":1,"PARTOF":null},"geometry":{"type":"MultiPolygon","coordinates":[[[[177.354,64.777],[177.489,64.756],[177.423,64.619],[177.354,64.777]]]]}},{"type":"Feature","properties":{"NAME":null,"ABBREVN":null,"type":null,"weblnks":null,"SUBJECTO":null,"BORDERPRECISION":1,"PARTOF":null},"geometry":{"type":"MultiPolygon","coordinates":[[[[177.251,62.571],[177.139,62.558],[177.251,62.571]]]]}},{"type":"Feature","properties":{"NAME":null,"ABBREVN":null,"type":null,"weblnks":null,"SUBJECTO":null,"BORDERPRECISION":1,"PARTOF":null},"geometry":{"type":"MultiPolygon","coordinates":[[[[120.855,36.584],[120.796,36.547],[120.855,36.584]]]]}},{"type":"Feature","properties":{"NAME":null,"ABBREVN":null,"type":null,"weblnks":null,"SUBJECTO":null,"BORDERPRECISION":1,"PARTOF":null},"geometry":{"type":"MultiPolygon","coordinates":[[[[114.6,22.538],[114.557,22.484],[114.548,22.57],[114.6,22.538]]]]}},{"type":"Feature","properties":{"NAME":null,"ABBREVN":null,"type":null,"weblnks":null,"SUBJECTO":null,"BORDERPRECISION":1,"PARTOF":null},"geometry":{"type":"MultiPolygon","coordinates":[[[[111.017,21.468],[111.017,21.468]]]]}},{"type":"Feature","properties":{"NAME":null,"ABBREVN":null,"type":null,"weblnks":null,"SUBJECTO":null,"BORDERPRECISION":1,"PARTOF":null},"geometry":{"type":"MultiPolygon","coordinates":[[[[108.385,21.592],[108.432,21.643],[108.385,21.592]]]]}},{"type":"Feature","properties":{"NAME":null,"ABBREVN":null,"type":null,"weblnks":null,"SUBJECTO":null,"BORDERPRECISION":1,"PARTOF":null},"geometry":{"type":"MultiPolygon","coordinates":[[[[100.135,8.522],[100.135,8.522]]]]}},{"type":"Feature","properties":{"NAME":null,"ABBREVN":null,"type":null,"weblnks":null,"SUBJECTO":null,"BORDERPRECISION":1,"PARTOF":null},"geometry":{"type":"MultiPolygon","coordinates":[[[[95.225,15.802],[95.225,15.802]]]]}},{"type":"Feature","properties":{"NAME":null,"ABBREVN":null,"type":null,"weblnks":null,"SUBJECTO":null,"BORDERPRECISION":1,"PARTOF":null},"geometry":{"type":"MultiPolygon","coordinates":[[[[48.924,30.381],[48.924,30.381]]]]}},{"type":"Feature","properties":{"NAME":null,"ABBREVN":null,"type":null,"weblnks":null,"SUBJECTO":null,"BORDERPRECISION":1,"PARTOF":null},"geometry":{"type":"MultiPolygon","coordinates":[[[[42.56,11.566],[42.568,11.562],[42.561,11.564],[42.56,11.566]]]]}},{"type":"Feature","properties":{"NAME":null,"ABBREVN":null,"type":null,"weblnks":null,"SUBJECTO":null,"BORDERPRECISION":1,"PARTOF":null},"geometry":{"type":"MultiPolygon","coordinates":[[[[38.385,46.705],[38.385,46.705]]]]}},{"type":"Feature","properties":{"NAME":null,"ABBREVN":null,"type":null,"weblnks":null,"SUBJECTO":null,"BORDERPRECISION":1,"PARTOF":null},"geometry":{"type":"MultiPolygon","coordinates":[[[[24.273,40.167],[24.188,40.256],[24.295,40.176],[24.273,40.167]]]]}},{"type":"Feature","properties":{"NAME":null,"ABBREVN":null,"type":null,"weblnks":null,"SUBJECTO":null,"BORDERPRECISION":1,"PARTOF":null},"geometry":{"type":"MultiPolygon","coordinates":[[[[23.792,40.089],[23.653,40.229],[23.869,40.161],[23.907,39.997],[23.792,40.089]]]]}},{"type":"Feature","properties":{"NAME":null,"ABBREVN":null,"type":null,"weblnks":null,"SUBJECTO":null,"BORDERPRECISION":1,"PARTOF":null},"geometry":{"type":"MultiPolygon","coordinates":[[[[23.324,40.152],[23.639,39.96],[23.379,39.993],[23.324,40.152]]]]}},{"type":"Feature","properties":{"NAME":null,"ABBREVN":null,"type":null,"weblnks":null,"SUBJECTO":null,"BORDERPRECISION":1,"PARTOF":null},"geometry":{"type":"MultiPolygon","coordinates":[[[[23.109,39.123],[23.055,39.104],[23.109,39.123]]]]}},{"type":"Feature","properties":{"NAME":null,"ABBREVN":null,"type":null,"weblnks":null,"SUBJECTO":null,"BORDERPRECISION":1,"PARTOF":null},"geometry":{"type":"MultiPolygon","coordinates":[[[[88.86,21.604],[88.904,21.526],[88.829,21.547],[88.86,21.604]]]]}},{"type":"Feature","properties":{"NAME":null,"ABBREVN":null,"type":null,"weblnks":null,"SUBJECTO":null,"BORDERPRECISION":1,"PARTOF":null},"geometry":{"type":"MultiPolygon","coordinates":[[[[91.947,21.683],[91.923,21.488],[91.874,21.753],[91.947,21.683]]]]}},{"type":"Feature","properties":{"NAME":null,"ABBREVN":null,"type":null,"weblnks":null,"SUBJECTO":null,"BORDERPRECISION":1,"PARTOF":null},"geometry":{"type":"MultiPolygon","coordinates":[[[[88.146,21.866],[88.167,21.768],[88.146,21.866]]]]}},{"type":"Feature","properties":{"NAME":null,"ABBREVN":null,"type":null,"weblnks":null,"SUBJECTO":null,"BORDERPRECISION":1,"PARTOF":null},"geometry":{"type":"MultiPolygon","coordinates":[[[[89.083,21.819],[89.146,21.72],[89.051,21.915],[89.083,21.819]]]]}},{"type":"Feature","properties":{"NAME":null,"ABBREVN":null,"type":null,"weblnks":null,"SUBJECTO":null,"BORDERPRECISION":1,"PARTOF":null},"geometry":{"type":"MultiPolygon","coordinates":[[[[91.886,21.843],[91.867,21.793],[91.863,21.928],[91.886,21.843]]]]}},{"type":"Feature","properties":{"NAME":null,"ABBREVN":null,"type":null,"weblnks":null,"SUBJECTO":null,"BORDERPRECISION":1,"PARTOF":null},"geometry":{"type":"MultiPolygon","coordinates":[[[[88.666,21.89],[88.604,21.88],[88.666,21.89]]]]}},{"type":"Feature","properties":{"NAME":null,"ABBREVN":null,"type":null,"weblnks":null,"SUBJECTO":null,"BORDERPRECISION":1,"PARTOF":null},"geometry":{"type":"MultiPolygon","coordinates":[[[[88.097,21.945],[88.112,21.873],[88.097,21.945]]]]}},{"type":"Feature","properties":{"NAME":null,"ABBREVN":null,"type":null,"weblnks":null,"SUBJECTO":null,"BORDERPRECISION":1,"PARTOF":null},"geometry":{"type":"MultiPolygon","coordinates":[[[[90.319,21.906],[90.369,21.994],[90.319,21.906]]]]}},{"type":"Feature","properties":{"NAME":null,"ABBREVN":null,"type":null,"weblnks":null,"SUBJECTO":null,"BORDERPRECISION":1,"PARTOF":null},"geometry":{"type":"MultiPolygon","coordinates":[[[[-1.212,45.807],[-1.171,45.888],[-1.212,45.807]]]]}},{"type":"Feature","properties":{"NAME":null,"ABBREVN":null,"type":null,"weblnks":null,"SUBJECTO":null,"BORDERPRECISION":1,"PARTOF":null},"geometry":{"type":"MultiPolygon","coordinates":[[[[106.771,20.852],[106.832,20.904],[106.771,20.852]]]]}},{"type":"Feature","properties":{"NAME":null,"ABBREVN":null,"type":null,"weblnks":null,"SUBJECTO":null,"BORDERPRECISION":1,"PARTOF":null},"geometry":{"type":"MultiPolygon","coordinates":[[[[107.472,21.271],[107.424,21.189],[107.472,21.271]]]]}},{"type":"Feature","properties":{"NAME":null,"ABBREVN":null,"type":null,"weblnks":null,"SUBJECTO":null,"BORDERPRECISION":1,"PARTOF":null},"geometry":{"type":"MultiPolygon","coordinates":[[[[107.443,21.077],[107.376,21.05],[107.419,21.179],[107.443,21.077]]]]}},{"type":"Feature","properties":{"NAME":null,"ABBREVN":null,"type":null,"weblnks":null,"SUBJECTO":null,"BORDERPRECISION":1,"PARTOF":null},"geometry":{"type":"MultiPolygon","coordinates":[[[[119.329,25.571],[119.28,25.51],[119.329,25.571]]]]}},{"type":"Feature","properties":{"NAME":null,"ABBREVN":null,"type":null,"weblnks":null,"SUBJECTO":null,"BORDERPRECISION":1,"PARTOF":null},"geometry":{"type":"MultiPolygon","coordinates":[[[[119.213,26.062],[119.408,25.984],[119.213,26.062]]]]}},{"type":"Feature","properties":{"NAME":null,"ABBREVN":null,"type":null,"weblnks":null,"SUBJECTO":null,"BORDERPRECISION":1,"PARTOF":null},"geometry":{"type":"MultiPolygon","coordinates":[[[[121.234,28.202],[121.138,28.152],[121.234,28.202]]]]}},{"type":"Feature","properties":{"NAME":null,"ABBREVN":null,"type":null,"weblnks":null,"SUBJECTO":null,"BORDERPRECISION":1,"PARTOF":null},"geometry":{"type":"MultiPolygon","coordinates":[[[[131.782,43.05],[131.832,43.063],[131.839,43.062],[131.782,43.05]]]]}},{"type":"Feature","properties":{"NAME":null,"ABBREVN":null,"type":null,"weblnks":null,"SUBJECTO":null,"BORDERPRECISION":1,"PARTOF":null},"geometry":{"type":"MultiPolygon","coordinates":[[[[5.797,52.565],[5.798,52.462],[5.817,52.521],[5.576,52.567],[5.797,52.565]]]]}},{"type":"Feature","properties":{"NAME":null,"ABBREVN":null,"type":null,"weblnks":null,"SUBJECTO":null,"BORDERPRECISION":1,"PARTOF":null},"geometry":{"type":"MultiPolygon","coordinates":[[[[11.723,57.99],[11.736,58.042],[11.723,57.99]]]]}},{"type":"Feature","properties":{"NAME":null,"ABBREVN":null,"type":null,"weblnks":null,"SUBJECTO":null,"BORDERPRECISION":1,"PARTOF":null},"geometry":{"type":"MultiPolygon","coordinates":[[[[11.815,58.147],[11.761,58.11],[11.802,58.178],[11.586,58.24],[11.737,58.282],[11.815,58.147]]]]}},{"type":"Feature","properties":{"NAME":null,"ABBREVN":null,"type":null,"weblnks":null,"SUBJECTO":null,"BORDERPRECISION":1,"PARTOF":null},"geometry":{"type":"MultiPolygon","coordinates":[[[[6.027,59.288],[5.946,59.285],[6.027,59.288]]]]}},{"type":"Feature","properties":{"NAME":null,"ABBREVN":null,"type":null,"weblnks":null,"SUBJECTO":null,"BORDERPRECISION":1,"PARTOF":null},"geometry":{"type":"MultiPolygon","coordinates":[[[[5.184,59.412],[5.283,59.272],[5.177,59.307],[5.184,59.412]]]]}},{"type":"Feature","properties":{"NAME":null,"ABBREVN":null,"type":null,"weblnks":null,"SUBJECTO":null,"BORDERPRECISION":1,"PARTOF":null},"geometry":{"type":"MultiPolygon","coordinates":[[[[5.931,60.075],[5.924,60.145],[6.021,60.142],[5.931,60.075]]]]}},{"type":"Feature","properties":{"NAME":null,"ABBREVN":null,"type":null,"weblnks":null,"SUBJECTO":null,"BORDERPRECISION":1,"PARTOF":null},"geometry":{"type":"MultiPolygon","coordinates":[[[[5.104,60.267],[5.106,60.257],[5.096,60.264],[5.104,60.267]]]]}},{"type":"Feature","properties":{"NAME":null,"ABBREVN":null,"type":null,"weblnks":null,"SUBJECTO":null,"BORDERPRECISION":1,"PARTOF":null},"geometry":{"type":"MultiPolygon","coordinates":[[[[5.551,60.509],[5.468,60.581],[5.683,60.679],[5.682,60.473],[5.464,60.454],[5.551,60.509]]]]}},{"type":"Feature","properties":{"NAME":null,"ABBREVN":null,"type":null,"weblnks":null,"SUBJECTO":null,"BORDERPRECISION":1,"PARTOF":null},"geometry":{"type":"MultiPolygon","coordinates":[[[[90.406,22.025],[90.406,22.025]]]]}},{"type":"Feature","properties":{"NAME":null,"ABBREVN":null,"type":null,"weblnks":null,"SUBJECTO":null,"BORDERPRECISION":1,"PARTOF":null},"geometry":{"type":"MultiPolygon","coordinates":[[[[90.612,22.164],[90.572,22.056],[90.479,22.039],[90.612,22.164]]]]}},{"type":"Feature","properties":{"NAME":null,"ABBREVN":null,"type":null,"weblnks":null,"SUBJECTO":null,"BORDERPRECISION":1,"PARTOF":null},"geometry":{"type":"MultiPolygon","coordinates":[[[[72.752,21.661],[72.695,21.604],[72.752,21.661]]]]}},{"type":"Feature","properties":{"NAME":null,"ABBREVN":null,"type":null,"weblnks":null,"SUBJECTO":null,"BORDERPRECISION":1,"PARTOF":null},"geometry":{"type":"MultiPolygon","coordinates":[[[[90.604,22.423],[90.604,22.423]]]]}},{"type":"Feature","properties":{"NAME":null,"ABBREVN":null,"type":null,"weblnks":null,"SUBJECTO":null,"BORDERPRECISION":1,"PARTOF":null},"geometry":{"type":"MultiPolygon","coordinates":[[[[90.636,22.348],[90.636,22.348]]]]}},{"type":"Feature","properties":{"NAME":null,"ABBREVN":null,"type":null,"weblnks":null,"SUBJECTO":null,"BORDERPRECISION":1,"PARTOF":null},"geometry":{"type":"MultiPolygon","coordinates":[[[[90.624,22.156],[90.651,22.222],[90.61,22.088],[90.624,22.156]]]]}},{"type":"Feature","properties":{"NAME":null,"ABBREVN":null,"type":null,"weblnks":null,"SUBJECTO":null,"BORDERPRECISION":1,"PARTOF":null},"geometry":{"type":"MultiPolygon","coordinates":[[[[90.462,22.761],[90.493,22.873],[90.462,22.761]]]]}},{"type":"Feature","properties":{"NAME":null,"ABBREVN":null,"type":null,"weblnks":null,"SUBJECTO":null,"BORDERPRECISION":1,"PARTOF":null},"geometry":{"type":"MultiPolygon","coordinates":[[[[90.693,22.838],[90.693,22.838]]]]}},{"type":"Feature","properties":{"NAME":null,"ABBREVN":null,"type":null,"weblnks":null,"SUBJECTO":null,"BORDERPRECISION":1,"PARTOF":null},"geometry":{"type":"MultiPolygon","coordinates":[[[[90.661,22.947],[90.504,22.964],[90.575,23.04],[90.661,22.947]]]]}},{"type":"Feature","properties":{"NAME":null,"ABBREVN":null,"type":null,"weblnks":null,"SUBJECTO":null,"BORDERPRECISION":1,"PARTOF":null},"geometry":{"type":"MultiPolygon","coordinates":[[[[90.479,23.01],[90.511,23.062],[90.479,23.01]]]]}},{"type":"Feature","properties":{"NAME":null,"ABBREVN":null,"type":null,"weblnks":null,"SUBJECTO":null,"BORDERPRECISION":1,"PARTOF":null},"geometry":{"type":"MultiPolygon","coordinates":[[[[48.123,29.96],[48.213,29.948],[48.123,29.96]]]]}},{"type":"Feature","properties":{"NAME":null,"ABBREVN":null,"type":null,"weblnks":null,"SUBJECTO":null,"BORDERPRECISION":1,"PARTOF":null},"geometry":{"type":"MultiPolygon","coordinates":[[[[48.011,29.967],[48.112,30.023],[48.011,29.967]]]]}},{"type":"Feature","properties":{"NAME":null,"ABBREVN":null,"type":null,"weblnks":null,"SUBJECTO":null,"BORDERPRECISION":1,"PARTOF":null},"geometry":{"type":"MultiPolygon","coordinates":[[[[48.356,45.803],[48.356,45.803]]]]}},{"type":"Feature","properties":{"NAME":null,"ABBREVN":null,"type":null,"weblnks":null,"SUBJECTO":null,"BORDERPRECISION":1,"PARTOF":null},"geometry":{"type":"MultiPolygon","coordinates":[[[[56.464,27.107],[56.464,27.107]]]]}},{"type":"Feature","properties":{"NAME":null,"ABBREVN":null,"type":null,"weblnks":null,"SUBJECTO":null,"BORDERPRECISION":1,"PARTOF":null},"geometry":{"type":"MultiPolygon","coordinates":[[[[90.526,23.334],[90.422,23.383],[90.59,23.302],[90.526,23.334]]]]}},{"type":"Feature","properties":{"NAME":null,"ABBREVN":null,"type":null,"weblnks":null,"SUBJECTO":null,"BORDERPRECISION":1,"PARTOF":null},"geometry":{"type":"MultiPolygon","coordinates":[[[[82.785,70.227],[83.083,70.219],[83.113,70.137],[82.785,70.227]]]]}},{"type":"Feature","properties":{"NAME":null,"ABBREVN":null,"type":null,"weblnks":null,"SUBJECTO":null,"BORDERPRECISION":1,"PARTOF":null},"geometry":{"type":"MultiPolygon","coordinates":[[[[83.479,70.369],[83.607,70.432],[83.479,70.369]]]]}},{"type":"Feature","properties":{"NAME":null,"ABBREVN":null,"type":null,"weblnks":null,"SUBJECTO":null,"BORDERPRECISION":1,"PARTOF":null},"geometry":{"type":"MultiPolygon","coordinates":[[[[69.542,66.746],[69.767,66.754],[69.542,66.746]]]]}},{"type":"Feature","properties":{"NAME":null,"ABBREVN":null,"type":null,"weblnks":null,"SUBJECTO":null,"BORDERPRECISION":1,"PARTOF":null},"geometry":{"type":"MultiPolygon","coordinates":[[[[69.138,66.8],[69.504,66.745],[69.138,66.8]]]]}},{"type":"Feature","properties":{"NAME":null,"ABBREVN":null,"type":null,"weblnks":null,"SUBJECTO":null,"BORDERPRECISION":1,"PARTOF":null},"geometry":{"type":"MultiPolygon","coordinates":[[[[69.789,66.78],[70.048,66.73],[69.789,66.78]]]]}},{"type":"Feature","properties":{"NAME":null,"ABBREVN":null,"type":null,"weblnks":null,"SUBJECTO":null,"BORDERPRECISION":1,"PARTOF":null},"geometry":{"type":"MultiPolygon","coordinates":[[[[23.538,59.96],[23.729,59.932],[23.37,59.911],[23.538,59.96]]]]}},{"type":"Feature","properties":{"NAME":null,"ABBREVN":null,"type":null,"weblnks":null,"SUBJECTO":null,"BORDERPRECISION":1,"PARTOF":null},"geometry":{"type":"MultiPolygon","coordinates":[[[[23.054,59.959],[23.048,59.898],[22.962,59.958],[23.054,59.959]]]]}},{"type":"Feature","properties":{"NAME":null,"ABBREVN":null,"type":null,"weblnks":null,"SUBJECTO":null,"BORDERPRECISION":1,"PARTOF":null},"geometry":{"type":"MultiPolygon","coordinates":[[[[22.444,60.213],[22.831,60.205],[22.42,60.131],[22.444,60.213]]]]}},{"type":"Feature","properties":{"NAME":null,"ABBREVN":null,"type":null,"weblnks":null,"SUBJECTO":null,"BORDERPRECISION":1,"PARTOF":null},"geometry":{"type":"MultiPolygon","coordinates":[[[[25.568,60.25],[25.682,60.242],[25.568,60.25]]]]}},{"type":"Feature","properties":{"NAME":null,"ABBREVN":null,"type":null,"weblnks":null,"SUBJECTO":null,"BORDERPRECISION":1,"PARTOF":null},"geometry":{"type":"MultiPolygon","coordinates":[[[[22.341,60.288],[22.104,60.308],[22.341,60.288]]]]}},{"type":"Feature","properties":{"NAME":null,"ABBREVN":null,"type":null,"weblnks":null,"SUBJECTO":null,"BORDERPRECISION":1,"PARTOF":null},"geometry":{"type":"MultiPolygon","coordinates":[[[[22.397,60.351],[22.477,60.324],[22.315,60.317],[22.397,60.351]]]]}},{"type":"Feature","properties":{"NAME":null,"ABBREVN":null,"type":null,"weblnks":null,"SUBJECTO":null,"BORDERPRECISION":1,"PARTOF":null},"geometry":{"type":"MultiPolygon","coordinates":[[[[21.807,60.466],[21.997,60.353],[21.789,60.402],[21.807,60.466]]]]}},{"type":"Feature","properties":{"NAME":null,"ABBREVN":null,"type":null,"weblnks":null,"SUBJECTO":null,"BORDERPRECISION":1,"PARTOF":null},"geometry":{"type":"MultiPolygon","coordinates":[[[[21.737,60.524],[21.684,60.453],[21.737,60.524]]]]}},{"type":"Feature","properties":{"NAME":null,"ABBREVN":null,"type":null,"weblnks":null,"SUBJECTO":null,"BORDERPRECISION":1,"PARTOF":null},"geometry":{"type":"MultiPolygon","coordinates":[[[[28.693,60.268],[28.551,60.349],[28.693,60.268]]]]}},{"type":"Feature","properties":{"NAME":null,"ABBREVN":null,"type":null,"weblnks":null,"SUBJECTO":null,"BORDERPRECISION":1,"PARTOF":null},"geometry":{"type":"MultiPolygon","coordinates":[[[[27.629,61.383],[27.677,61.31],[27.588,61.266],[27.328,61.4],[27.629,61.383]]]]}},{"type":"Feature","properties":{"NAME":null,"ABBREVN":null,"type":null,"weblnks":null,"SUBJECTO":null,"BORDERPRECISION":1,"PARTOF":null},"geometry":{"type":"MultiPolygon","coordinates":[[[[27.75,61.401],[27.52,61.485],[27.732,61.547],[27.969,61.503],[27.75,61.401]]]]}},{"type":"Feature","properties":{"NAME":null,"ABBREVN":null,"type":null,"weblnks":null,"SUBJECTO":null,"BORDERPRECISION":1,"PARTOF":null},"geometry":{"type":"MultiPolygon","coordinates":[[[[28.286,61.623],[28.328,61.73],[28.515,61.699],[28.445,61.516],[28.495,61.444],[28.24,61.394],[28.286,61.623]]]]}},{"type":"Feature","properties":{"NAME":null,"ABBREVN":null,"type":null,"weblnks":null,"SUBJECTO":null,"BORDERPRECISION":1,"PARTOF":null},"geometry":{"type":"MultiPolygon","coordinates":[[[[29.403,61.975],[29.137,61.775],[28.99,61.802],[28.691,62.036],[29.322,62.13],[29.474,61.951],[29.403,61.975]]]]}},{"type":"Feature","properties":{"NAME":null,"ABBREVN":null,"type":null,"weblnks":null,"SUBJECTO":null,"BORDERPRECISION":1,"PARTOF":null},"geometry":{"type":"MultiPolygon","coordinates":[[[[35.202,61.839],[35.196,61.988],[35.308,62.077],[35.326,61.935],[35.202,61.839]]]]}},{"type":"Feature","properties":{"NAME":null,"ABBREVN":null,"type":null,"weblnks":null,"SUBJECTO":null,"BORDERPRECISION":1,"PARTOF":null},"geometry":{"type":"MultiPolygon","coordinates":[[[[28.109,62.788],[27.886,62.834],[27.849,62.951],[28.062,62.976],[28.109,62.788]]]]}},{"type":"Feature","properties":{"NAME":null,"ABBREVN":null,"type":null,"weblnks":null,"SUBJECTO":null,"BORDERPRECISION":1,"PARTOF":null},"geometry":{"type":"MultiPolygon","coordinates":[[[[40.456,64.565],[40.447,64.62],[40.456,64.565]]]]}},{"type":"Feature","properties":{"NAME":null,"ABBREVN":null,"type":null,"weblnks":null,"SUBJECTO":null,"BORDERPRECISION":1,"PARTOF":null},"geometry":{"type":"MultiPolygon","coordinates":[[[[40.286,64.919],[40.21,64.992],[40.286,64.919]]]]}},{"type":"Feature","properties":{"NAME":null,"ABBREVN":null,"type":null,"weblnks":null,"SUBJECTO":null,"BORDERPRECISION":1,"PARTOF":null},"geometry":{"type":"MultiPolygon","coordinates":[[[[67.336,69.59],[67.336,69.59]]]]}},{"type":"Feature","properties":{"NAME":null,"ABBREVN":null,"type":null,"weblnks":null,"SUBJECTO":null,"BORDERPRECISION":1,"PARTOF":null},"geometry":{"type":"MultiPolygon","coordinates":[[[[95.003,76.172],[95.199,76.158],[95.003,76.172]]]]}},{"type":"Feature","properties":{"NAME":null,"ABBREVN":null,"type":null,"weblnks":null,"SUBJECTO":null,"BORDERPRECISION":1,"PARTOF":null},"geometry":{"type":"MultiPolygon","coordinates":[[[[95.979,76.147],[95.723,76.169],[95.979,76.147]]]]}},{"type":"Feature","properties":{"NAME":null,"ABBREVN":null,"type":null,"weblnks":null,"SUBJECTO":null,"BORDERPRECISION":1,"PARTOF":null},"geometry":{"type":"MultiPolygon","coordinates":[[[[94.795,76.182],[94.85,76.181],[94.84,76.179],[94.795,76.182]]]]}},{"type":"Feature","properties":{"NAME":null,"ABBREVN":null,"type":null,"weblnks":null,"SUBJECTO":null,"BORDERPRECISION":1,"PARTOF":null},"geometry":{"type":"MultiPolygon","coordinates":[[[[127.868,34.917],[127.938,34.902],[127.868,34.917]]]]}},{"type":"Feature","properties":{"NAME":null,"ABBREVN":null,"type":null,"weblnks":null,"SUBJECTO":null,"BORDERPRECISION":1,"PARTOF":null},"geometry":{"type":"MultiPolygon","coordinates":[[[[128.086,34.83],[127.974,34.858],[128.024,34.914],[128.086,34.83]]]]}},{"type":"Feature","properties":{"NAME":null,"ABBREVN":null,"type":null,"weblnks":null,"SUBJECTO":null,"BORDERPRECISION":1,"PARTOF":null},"geometry":{"type":"MultiPolygon","coordinates":[[[[121.494,31.675],[121.616,31.615],[121.492,31.557],[121.204,31.801],[121.333,31.818],[121.494,31.675]]]]}},{"type":"Feature","properties":{"NAME":null,"ABBREVN":null,"type":null,"weblnks":null,"SUBJECTO":null,"BORDERPRECISION":1,"PARTOF":null},"geometry":{"type":"MultiPolygon","coordinates":[[[[119.785,32.133],[119.751,32.291],[119.899,32.071],[119.785,32.133]]]]}},{"type":"Feature","properties":{"NAME":null,"ABBREVN":null,"type":null,"weblnks":null,"SUBJECTO":null,"BORDERPRECISION":1,"PARTOF":null},"geometry":{"type":"MultiPolygon","coordinates":[[[[121.382,39.369],[121.261,39.434],[121.431,39.471],[121.382,39.369]]]]}},{"type":"Feature","properties":{"NAME":null,"ABBREVN":null,"type":null,"weblnks":null,"SUBJECTO":null,"BORDERPRECISION":1,"PARTOF":null},"geometry":{"type":"MultiPolygon","coordinates":[[[[126.421,36.399],[126.371,36.592],[126.421,36.399]]]]}},{"type":"Feature","properties":{"NAME":null,"ABBREVN":null,"type":null,"weblnks":null,"SUBJECTO":null,"BORDERPRECISION":1,"PARTOF":null},"geometry":{"type":"MultiPolygon","coordinates":[[[[126.501,37.777],[126.539,37.628],[126.397,37.599],[126.368,37.79],[126.501,37.777]]]]}},{"type":"Feature","properties":{"NAME":null,"ABBREVN":null,"type":null,"weblnks":null,"SUBJECTO":null,"BORDERPRECISION":1,"PARTOF":null},"geometry":{"type":"MultiPolygon","coordinates":[[[[113.348,22.132],[113.269,22.079],[113.348,22.132]]]]}},{"type":"Feature","properties":{"NAME":null,"ABBREVN":null,"type":null,"weblnks":null,"SUBJECTO":null,"BORDERPRECISION":1,"PARTOF":null},"geometry":{"type":"MultiPolygon","coordinates":[[[[113.591,22.684],[113.502,22.737],[113.591,22.684]]]]}},{"type":"Feature","properties":{"NAME":null,"ABBREVN":null,"type":null,"weblnks":null,"SUBJECTO":null,"BORDERPRECISION":1,"PARTOF":null},"geometry":{"type":"MultiPolygon","coordinates":[[[[113.599,22.775],[113.387,22.897],[113.484,22.901],[113.599,22.775]]]]}},{"type":"Feature","properties":{"NAME":null,"ABBREVN":null,"type":null,"weblnks":null,"SUBJECTO":null,"BORDERPRECISION":1,"PARTOF":null},"geometry":{"type":"MultiPolygon","coordinates":[[[[117.33,23.663],[117.378,23.772],[117.484,23.757],[117.33,23.663]]]]}},{"type":"Feature","properties":{"NAME":null,"ABBREVN":null,"type":null,"weblnks":null,"SUBJECTO":null,"BORDERPRECISION":1,"PARTOF":null},"geometry":{"type":"MultiPolygon","coordinates":[[[[118.338,24.47],[118.37,24.496],[118.346,24.467],[118.338,24.47]]]]}},{"type":"Feature","properties":{"NAME":null,"ABBREVN":null,"type":null,"weblnks":null,"SUBJECTO":null,"BORDERPRECISION":1,"PARTOF":null},"geometry":{"type":"MultiPolygon","coordinates":[[[[118.101,24.553],[118.183,24.514],[118.101,24.553]]]]}},{"type":"Feature","properties":{"NAME":null,"ABBREVN":null,"type":null,"weblnks":null,"SUBJECTO":null,"BORDERPRECISION":1,"PARTOF":null},"geometry":{"type":"MultiPolygon","coordinates":[[[[106.96,53.078],[107.795,53.393],[107.767,53.267],[107.438,53.103],[106.963,53.023],[106.96,53.078]]]]}},{"type":"Feature","properties":{"NAME":null,"ABBREVN":null,"type":null,"weblnks":null,"SUBJECTO":null,"BORDERPRECISION":1,"PARTOF":null},"geometry":{"type":"MultiPolygon","coordinates":[[[[123.598,72.772],[122.98,72.817],[123.187,72.868],[123.598,72.772]]]]}},{"type":"Feature","properties":{"NAME":null,"ABBREVN":null,"type":null,"weblnks":null,"SUBJECTO":null,"BORDERPRECISION":1,"PARTOF":null},"geometry":{"type":"MultiPolygon","coordinates":[[[[126.302,72.501],[126.342,72.691],[126.45,72.786],[126.334,72.897],[126.772,73.076],[126.763,73.174],[126.601,73.257],[126.638,73.392],[127.72,73.402],[128.499,73.126],[128.525,72.952],[127.314,72.714],[126.403,72.439],[126.302,72.501]]]]}},{"type":"Feature","properties":{"NAME":null,"ABBREVN":null,"type":null,"weblnks":null,"SUBJECTO":null,"BORDERPRECISION":1,"PARTOF":null},"geometry":{"type":"MultiPolygon","coordinates":[[[[125.572,73.402],[126.474,73.384],[126.589,73.304],[126.556,73.235],[126.711,73.078],[126.278,72.88],[126.386,72.793],[126.244,72.519],[126.339,72.419],[126.112,72.302],[124.765,72.671],[123.085,72.887],[123.316,72.973],[123.507,73.188],[123.659,73.168],[123.483,73.24],[123.41,73.481],[124.222,73.697],[124.818,73.658],[125.572,73.402]]]]}},{"type":"Feature","properties":{"NAME":null,"ABBREVN":null,"type":null,"weblnks":null,"SUBJECTO":null,"BORDERPRECISION":1,"PARTOF":null},"geometry":{"type":"MultiPolygon","coordinates":[[[[161.515,68.987],[161.408,68.891],[161.47,68.988],[161.143,69.082],[161.122,69.147],[161.34,69.294],[161.386,69.102],[161.515,68.987]]]]}},{"type":"Feature","properties":{"NAME":null,"ABBREVN":null,"type":null,"weblnks":null,"SUBJECTO":null,"BORDERPRECISION":1,"PARTOF":null},"geometry":{"type":"MultiPolygon","coordinates":[[[[5.13,60.616],[4.98,60.689],[5.13,60.616]]]]}},{"type":"Feature","properties":{"NAME":null,"ABBREVN":null,"type":null,"weblnks":null,"SUBJECTO":null,"BORDERPRECISION":1,"PARTOF":null},"geometry":{"type":"MultiPolygon","coordinates":[[[[17.514,62.414],[17.367,62.472],[17.514,62.414]]]]}},{"type":"Feature","properties":{"NAME":null,"ABBREVN":null,"type":null,"weblnks":null,"SUBJECTO":null,"BORDERPRECISION":1,"PARTOF":null},"geometry":{"type":"MultiPolygon","coordinates":[[[[8.444,63.16],[8.524,63.234],[8.576,63.189],[8.444,63.16]]]]}},{"type":"Feature","properties":{"NAME":null,"ABBREVN":null,"type":null,"weblnks":null,"SUBJECTO":null,"BORDERPRECISION":1,"PARTOF":null},"geometry":{"type":"MultiPolygon","coordinates":[[[[8.671,63.337],[8.604,63.323],[8.671,63.337]]]]}},{"type":"Feature","properties":{"NAME":null,"ABBREVN":null,"type":null,"weblnks":null,"SUBJECTO":null,"BORDERPRECISION":1,"PARTOF":null},"geometry":{"type":"MultiPolygon","coordinates":[[[[11.055,63.798],[11.229,63.803],[11.022,63.745],[11.055,63.798]]]]}},{"type":"Feature","properties":{"NAME":null,"ABBREVN":null,"type":null,"weblnks":null,"SUBJECTO":null,"BORDERPRECISION":1,"PARTOF":null},"geometry":{"type":"MultiPolygon","coordinates":[[[[12.301,65.092],[12.046,65.064],[12.112,65.13],[12.301,65.092]]]]}},{"type":"Feature","properties":{"NAME":null,"ABBREVN":null,"type":null,"weblnks":null,"SUBJECTO":null,"BORDERPRECISION":1,"PARTOF":null},"geometry":{"type":"MultiPolygon","coordinates":[[[[12.496,65.385],[12.284,65.435],[12.374,65.519],[12.496,65.385]]]]}},{"type":"Feature","properties":{"NAME":null,"ABBREVN":null,"type":null,"weblnks":null,"SUBJECTO":null,"BORDERPRECISION":1,"PARTOF":null},"geometry":{"type":"MultiPolygon","coordinates":[[[[14.219,67.036],[14.164,66.998],[14.219,67.036]]]]}},{"type":"Feature","properties":{"NAME":null,"ABBREVN":null,"type":null,"weblnks":null,"SUBJECTO":null,"BORDERPRECISION":1,"PARTOF":null},"geometry":{"type":"MultiPolygon","coordinates":[[[[15.923,67.991],[15.923,67.991]]]]}},{"type":"Feature","properties":{"NAME":"Volga-Kamm","ABBREVN":"Volga-Kamm","type":null,"weblnks":null,"SUBJECTO":"Volga-Kamm","BORDERPRECISION":1,"PARTOF":"Volga-Kamm"},"geometry":{"type":"MultiPolygon","coordinates":[[[[47.542,54.839],[47.669,55.952],[50.282,57.177],[54.274,58.16],[55.477,59.504],[56.618,59.632],[57.125,58.193],[56.428,56.414],[54.147,55.168],[50.092,54.621],[48.908,54.548],[49.098,54.8],[48.969,54.828],[49.008,54.97],[49.396,55.016],[49.461,55.114],[49.892,55.294],[50.877,55.452],[51.184,55.357],[51.206,55.489],[51.41,55.441],[51.748,55.675],[51.937,55.699],[51.521,55.632],[51.48,55.833],[51.414,55.774],[51.469,55.511],[51.414,55.494],[50.09,55.463],[49.788,55.383],[49.455,55.404],[49.367,55.544],[49.303,55.323],[49.059,55.483],[49.172,55.293],[49.159,55.163],[48.859,55.012],[48.745,54.675],[48.442,54.608],[47.542,54.839]]]]}},{"type":"Feature","properties":{"NAME":null,"ABBREVN":null,"type":null,"weblnks":null,"SUBJECTO":null,"BORDERPRECISION":1,"PARTOF":null},"geometry":{"type":"MultiPolygon","coordinates":[[[[56.42,73.106],[55.808,73.059],[56.445,73.054],[56.331,72.992],[55.615,72.961],[56.252,72.973],[56.136,72.786],[55.429,72.784],[55.812,72.748],[55.558,72.545],[55.266,72.585],[55.545,72.523],[55.518,72.465],[55.118,72.448],[55.451,72.437],[55.519,72.254],[55.52,72.163],[55.344,72.065],[55.403,72.028],[55.221,71.926],[55.511,71.889],[55.561,71.723],[56.077,71.275],[57.251,70.818],[57.238,70.691],[56.524,70.75],[55.631,70.69],[55.413,70.75],[55.237,70.669],[55.293,70.604],[55.186,70.552],[54.573,70.781],[54.168,70.73],[53.726,70.793],[53.736,70.932],[54.321,71.09],[54.353,71.198],[53.679,71.387],[53.944,71.462],[53.64,71.398],[53.316,71.49],[53.441,71.538],[53.356,71.567],[53.217,71.515],[52.512,71.593],[52.305,71.501],[52.216,71.563],[52.141,71.534],[52.222,71.491],[51.815,71.48],[51.534,71.658],[51.482,71.845],[51.76,72.079],[52.351,72.041],[52.584,72.128],[53.089,72.473],[53.198,72.631],[52.912,72.665],[53.219,72.647],[52.611,72.74],[53.088,72.912],[53.382,72.881],[53.392,72.931],[53.155,72.951],[53.382,73.008],[53.308,73.04],[53.502,73.137],[55.809,73.307],[56.509,73.174],[56.42,73.106]]]]}},{"type":"Feature","properties":{"NAME":null,"ABBREVN":null,"type":null,"weblnks":null,"SUBJECTO":null,"BORDERPRECISION":1,"PARTOF":null},"geometry":{"type":"MultiPolygon","coordinates":[[[[68.092,76.275],[65.164,75.823],[63.799,75.657],[63.56,75.708],[63.621,75.692],[63.357,75.597],[61.288,75.326],[60.463,75.156],[60.334,75.033],[60.404,75.009],[59.926,74.999],[60.623,74.935],[60.199,74.857],[60.342,74.803],[60.165,74.735],[59.51,74.795],[59.874,74.666],[59.169,74.72],[59.233,74.677],[58.851,74.689],[58.606,74.51],[58.183,74.574],[58.614,74.428],[58.732,74.286],[58.44,74.178],[58.271,74.215],[58.362,74.149],[58.281,74.119],[57.461,74.184],[57.525,74.113],[57.258,74.076],[57.799,73.924],[57.823,73.781],[57.71,73.713],[57.403,73.838],[56.556,73.882],[57.321,73.826],[57.614,73.662],[57.328,73.55],[56.723,73.674],[56.747,73.601],[57.252,73.495],[56.96,73.357],[55.757,73.577],[54.664,73.472],[54.377,73.567],[55.172,73.716],[54.502,73.698],[54.283,73.61],[54.018,73.734],[54.8,73.967],[54.714,73.999],[54.894,74.063],[55.885,74.105],[55.946,74.265],[55.619,74.417],[56.291,74.491],[55.807,74.549],[55.965,74.603],[56.985,74.687],[56.643,74.692],[56.303,74.871],[56.672,74.939],[56.44,74.951],[56.995,75.273],[57.226,75.331],[57.729,75.291],[58.17,75.532],[59.018,75.799],[60.949,75.961],[61.303,76.238],[61.782,76.284],[62.593,76.165],[65.926,76.507],[66.442,76.83],[68.457,76.927],[68.867,76.766],[68.888,76.67],[68.785,76.588],[68.865,76.564],[68.092,76.275]]]]}},{"type":"Feature","properties":{"NAME":"Stentinello culture","ABBREVN":"Stentinello culture","type":"culture","weblnks":null,"SUBJECTO":"Stentinello culture","BORDERPRECISION":1,"PARTOF":"Stentinello culture"},"geometry":{"type":"MultiPolygon","coordinates":[[[[15.092,37.35],[15.301,37.058],[15.027,36.745],[14.622,36.776],[14.246,37.062],[12.921,37.574],[12.637,37.582],[12.454,37.766],[12.664,38.072],[12.768,38.112],[12.931,38.026],[13.318,38.218],[13.383,38.107],[13.81,37.966],[14.766,38.058],[15.387,38.206],[15.473,38.11],[15.22,37.764],[15.092,37.35]]],[[[14.519,42.23],[14.922,41.972],[15.449,41.857],[16.013,41.904],[16.187,41.841],[16.165,41.758],[15.895,41.61],[15.873,41.502],[15.991,41.406],[16.946,41.094],[18.031,40.598],[18.515,40.106],[18.349,39.792],[18.043,39.934],[18.015,40.098],[17.859,40.284],[17.509,40.297],[17.207,40.406],[17.316,40.497],[16.949,40.481],[16.604,40.09],[16.487,39.767],[16.543,39.65],[17.143,39.4],[17.169,39.007],[17.095,38.915],[16.798,38.926],[16.613,38.827],[16.522,38.725],[16.572,38.457],[16.331,38.321],[16.053,37.931],[15.776,37.917],[15.632,38.012],[15.629,38.229],[15.81,38.295],[15.933,38.54],[15.828,38.623],[15.986,38.722],[16.152,38.701],[16.223,38.911],[16.101,39.019],[16.034,39.345],[15.666,40.092],[15.422,39.994],[14.942,40.234],[14.951,40.551],[14.743,40.705],[14.334,40.594],[14.495,40.73],[14.37,40.851],[14.074,40.822],[13.696,41.254],[13.764,41.849],[14.233,42.458],[14.519,42.23]]]]}},{"type":"Feature","properties":{"NAME":"Early combware","ABBREVN":"Early combware","type":"culture","weblnks":null,"SUBJECTO":"Early combware","BORDERPRECISION":1,"PARTOF":"Early combware"},"geometry":{"type":"MultiPolygon","coordinates":[[[[38.889,61.237],[39.737,60.957],[42.18,59.35],[43.488,57.265],[40.042,57.383],[39.039,57.92],[38.559,57.757],[37.337,56.79],[34.414,56.042],[30.076,57.952],[30.506,59.699],[31.101,59.929],[31.51,59.92],[31.599,60.17],[31.699,60.236],[32.362,60.148],[32.584,60.209],[32.595,60.355],[32.677,60.392],[32.6,60.533],[32.816,60.482],[32.944,60.643],[32.832,60.728],[34.414,60.935],[35.374,60.68],[35.76,60.891],[35.88,60.878],[35.88,60.948],[36.325,61.135],[36.385,61.231],[37.337,61.751],[38.649,61.317],[38.697,61.199],[38.889,61.237]],[[31.298,58.477],[30.857,58.239],[31.394,58.142],[31.531,58.23],[31.688,58.202],[31.637,58.388],[31.298,58.477]],[[37.768,58.618],[37.632,58.636],[37.661,58.557],[37.565,58.553],[37.423,58.727],[37.151,58.849],[37.155,58.695],[37.417,58.613],[37.897,58.292],[38.221,58.237],[38.31,58.041],[38.437,58.018],[38.383,58.122],[38.704,58.113],[38.638,58.22],[38.805,58.122],[38.83,58.296],[39.005,58.358],[38.989,58.496],[38.753,58.547],[37.858,59.075],[38.239,59.063],[38.415,59.173],[38.143,59.21],[38.159,59.102],[37.987,59.177],[37.645,59.157],[37.696,59.064],[37.471,58.857],[37.714,58.928],[37.996,58.862],[38.024,58.746],[37.945,58.72],[38.103,58.619],[38.074,58.542],[37.768,58.618]],[[37.737,60.329],[37.4,60.289],[37.232,60.164],[37.469,60.088],[37.999,60.103],[37.981,60.239],[37.737,60.329]],[[39.054,59.868],[39.553,59.546],[39.734,59.48],[39.798,59.525],[39.721,59.578],[39.78,59.638],[39.054,59.868]],[[39.085,60.718],[38.844,60.734],[38.892,60.585],[39.054,60.523],[39.031,60.395],[39.188,60.496],[39.173,60.68],[39.085,60.718]]]]}},{"type":"Feature","properties":{"NAME":null,"ABBREVN":null,"type":null,"weblnks":null,"SUBJECTO":null,"BORDERPRECISION":1,"PARTOF":null},"geometry":{"type":"MultiPolygon","coordinates":[[[[20.996,64.163],[20.723,63.846],[20.5,63.823],[20.342,63.667],[19.899,63.609],[19.705,63.432],[19.453,63.559],[19.459,63.479],[19.289,63.459],[19.041,63.239],[19.076,63.202],[18.89,63.274],[18.801,63.245],[18.897,63.192],[18.722,63.207],[18.382,63.052],[18.289,62.997],[18.498,62.987],[18.345,62.821],[18.086,62.78],[18.145,62.817],[17.975,62.811],[17.828,62.993],[17.702,62.996],[17.962,62.775],[17.868,62.789],[17.936,62.548],[17.671,62.438],[17.422,62.537],[17.329,62.487],[17.376,62.324],[17.655,62.231],[17.509,62.229],[17.336,61.819],[16.834,61.734],[15.946,60.491],[13.921,59.329],[13.68,59.39],[13.155,59.353],[13.103,59.255],[13.236,58.905],[12.869,59.073],[12.697,59.018],[11.519,59.868],[10.382,60.393],[8.597,59.21],[8.351,58.237],[8.217,58.119],[7.001,57.988],[6.782,58.111],[6.559,58.097],[6.753,58.25],[6.012,58.38],[5.957,58.472],[5.626,58.556],[5.458,58.744],[5.553,59.033],[6.169,58.832],[6.23,58.838],[6.057,58.891],[6.116,58.957],[6.623,59.052],[6.155,58.994],[6.035,58.899],[5.866,59.072],[6.168,59.255],[6.465,59.318],[6.124,59.258],[5.996,59.33],[6.236,59.505],[6.469,59.555],[6.258,59.582],[5.934,59.35],[5.89,59.444],[6.148,59.482],[5.808,59.469],[5.66,59.401],[5.789,59.429],[5.857,59.346],[5.687,59.309],[5.575,59.38],[5.511,59.275],[5.287,59.347],[5.179,59.502],[5.482,59.729],[5.46,59.519],[5.562,59.675],[6.306,59.843],[5.987,59.753],[5.698,59.833],[5.771,59.926],[5.973,59.959],[6.205,60.296],[6.504,60.426],[6.641,60.41],[6.532,60.259],[6.521,60.077],[6.742,60.437],[7.108,60.494],[6.979,60.506],[7.002,60.588],[6.655,60.429],[6.221,60.412],[6.13,60.24],[5.982,60.236],[5.865,60.027],[5.747,59.987],[5.646,60.147],[5.544,60.151],[5.728,60.391],[5.411,60.13],[5.223,60.204],[5.314,60.259],[5.142,60.346],[5.293,60.525],[5.634,60.415],[5.714,60.47],[5.72,60.674],[5.628,60.713],[5.36,60.565],[5.199,60.577],[5.09,60.651],[5.225,60.614],[5.141,60.707],[4.929,60.799],[5.434,60.627],[5.236,60.774],[5.534,60.872],[5.064,60.831],[4.982,60.952],[5.013,61.042],[5.419,61.026],[5.921,61.123],[6.372,61.062],[6.824,61.141],[7.128,60.927],[7.114,60.86],[7.168,60.944],[6.997,61.091],[7.429,61.181],[7.304,61.294],[7.574,61.479],[7.279,61.326],[7.354,61.19],[6.967,61.11],[6.564,61.218],[6.712,61.401],[6.423,61.112],[5.749,61.153],[5.397,61.069],[5.05,61.159],[5.246,61.18],[4.953,61.259],[5.634,61.361],[5.041,61.318],[4.964,61.419],[5.804,61.447],[5.188,61.499],[5.143,61.552],[5.274,61.558],[5.149,61.593],[5.337,61.593],[4.939,61.671],[5.355,61.903],[6.469,61.801],[6.764,61.868],[5.148,61.892],[5.142,61.971],[5.404,62.016],[5.099,62.108],[5.086,62.187],[5.194,62.202],[5.464,62.006],[5.548,62.078],[5.389,62.117],[5.432,62.182],[5.882,62.195],[5.92,62.114],[6.357,62.055],[5.918,62.216],[6.307,62.372],[6.538,62.105],[6.586,62.147],[6.388,62.37],[6.697,62.445],[6.883,62.411],[7.001,62.254],[6.94,62.112],[7.064,62.09],[6.968,62.12],[7.028,62.27],[7.416,62.232],[6.975,62.31],[6.792,62.476],[6.257,62.449],[6.65,62.498],[6.247,62.575],[7.09,62.648],[7.539,62.499],[7.78,62.572],[7.409,62.623],[7.825,62.73],[8.145,62.69],[8.0,62.764],[7.482,62.679],[7.368,62.726],[7.641,62.795],[6.95,62.726],[6.949,62.931],[7.258,63.012],[7.461,62.911],[8.002,62.97],[8.162,62.81],[8.548,62.654],[8.553,62.717],[8.184,62.841],[8.155,62.945],[7.879,63.011],[8.089,63.107],[8.358,62.881],[8.531,62.841],[8.415,62.953],[8.664,62.982],[8.374,62.971],[8.159,63.12],[8.942,63.209],[8.625,63.198],[8.478,63.294],[8.764,63.345],[8.672,63.414],[9.005,63.467],[9.231,63.354],[9.428,63.377],[9.479,63.403],[9.202,63.37],[9.152,63.49],[9.539,63.606],[9.717,63.63],[9.976,63.356],[10.257,63.261],[10.264,63.333],[10.047,63.406],[10.91,63.451],[10.76,63.51],[10.922,63.598],[10.659,63.55],[10.959,63.699],[11.456,63.787],[11.091,63.878],[11.493,64.019],[11.319,64.032],[11.358,64.111],[11.306,64.116],[11.18,64.008],[10.574,63.805],[10.904,63.894],[11.077,63.837],[10.942,63.738],[10.048,63.496],[9.92,63.506],[9.789,63.662],[10.098,63.762],[9.56,63.659],[9.544,63.764],[10.196,63.935],[9.982,63.991],[10.166,64.19],[10.505,64.367],[10.652,64.353],[10.495,64.424],[10.846,64.369],[10.807,64.425],[10.997,64.494],[11.279,64.416],[11.222,64.316],[11.504,64.542],[11.728,64.58],[11.516,64.568],[11.428,64.636],[11.47,64.675],[11.841,64.793],[11.732,64.804],[11.9,64.917],[12.224,64.937],[11.931,64.949],[12.04,65.052],[12.625,65.134],[12.94,65.308],[12.522,65.147],[12.512,65.24],[12.68,65.251],[12.509,65.269],[12.481,65.443],[12.638,65.419],[12.398,65.541],[12.56,65.72],[12.789,65.636],[12.571,65.734],[12.709,65.909],[13.167,65.846],[13.096,65.941],[13.152,66.136],[13.527,66.182],[13.55,66.101],[13.662,66.227],[14.147,66.322],[13.513,66.25],[13.462,66.296],[13.533,66.309],[13.169,66.458],[13.726,66.602],[13.228,66.547],[13.353,66.655],[13.992,66.687],[13.887,66.788],[13.991,66.787],[13.747,66.922],[14.218,66.974],[14.304,67.054],[14.565,67.013],[14.313,67.071],[14.748,67.117],[14.701,67.165],[14.768,67.21],[14.938,67.202],[14.891,67.146],[14.988,67.089],[14.931,67.146],[15.076,67.21],[15.379,67.159],[15.496,67.065],[15.382,67.201],[15.74,67.172],[15.064,67.248],[15.152,67.309],[14.737,67.224],[14.569,67.329],[14.927,67.423],[14.826,67.442],[14.976,67.523],[15.103,67.516],[14.936,67.47],[15.46,67.466],[15.625,67.266],[15.681,67.286],[15.531,67.465],[15.899,67.559],[15.456,67.508],[15.746,67.597],[15.738,67.694],[15.83,67.674],[15.572,67.821],[15.871,67.923],[15.956,67.993],[15.92,68.049],[16.071,68.045],[16.217,67.888],[16.496,67.794],[16.247,67.908],[16.412,67.874],[16.715,68.067],[16.583,68.199],[16.806,68.131],[16.522,68.341],[17.14,68.367],[17.355,68.174],[17.413,68.245],[17.201,68.367],[17.575,68.357],[17.367,68.411],[17.579,68.424],[17.553,68.524],[17.089,68.436],[16.855,68.558],[17.258,68.721],[17.68,68.654],[17.286,68.734],[17.457,68.81],[17.793,68.757],[17.47,68.83],[17.841,68.879],[17.468,68.901],[17.566,68.974],[18.052,69.028],[18.319,69.359],[18.553,69.247],[18.985,69.315],[19.58,69.181],[20.158,69.748],[20.286,69.786],[20.341,69.729],[20.232,69.433],[19.947,69.256],[20.567,69.543],[20.853,69.489],[20.596,69.583],[20.734,69.779],[21.045,69.786],[21.412,70.015],[22.093,69.736],[21.974,69.879],[22.285,70.198],[22.558,70.122],[22.327,70.166],[22.353,70.211],[22.846,70.12],[22.297,70.035],[22.879,70.104],[23.312,69.941],[23.537,70.017],[23.313,70.037],[23.508,70.279],[23.827,70.479],[24.356,70.454],[24.253,70.513],[24.36,70.61],[24.469,70.678],[24.72,70.617],[24.565,70.738],[24.849,70.827],[25.219,70.88],[25.278,70.803],[25.389,70.905],[25.825,70.894],[25.074,70.5],[25.191,70.513],[25.094,70.266],[24.946,70.152],[25.021,70.059],[25.077,70.144],[25.112,70.077],[25.256,70.097],[26.263,70.791],[26.607,70.915],[26.619,70.699],[26.343,70.64],[26.618,70.648],[26.512,70.426],[26.547,70.348],[27.029,70.474],[27.147,70.593],[27.268,70.579],[27.17,70.617],[27.371,70.822],[27.566,70.805],[27.425,70.877],[27.516,70.97],[28.211,71.018],[28.308,70.949],[28.075,70.786],[27.762,70.784],[28.026,70.748],[27.995,70.685],[27.647,70.605],[28.008,70.646],[27.852,70.479],[28.17,70.388],[28.186,70.159],[28.039,70.062],[28.232,70.166],[28.222,70.381],[28.29,70.372],[28.49,70.644],[28.795,70.865],[29.333,70.741],[29.347,70.664],[30.127,70.543],[30.001,70.539],[30.056,70.521],[30.462,70.537],[30.754,70.43],[30.799,70.308],[30.252,70.131],[28.595,70.164],[28.754,70.162],[28.61,70.112],[29.639,69.768],[29.487,69.656],[29.682,69.734],[30.189,69.687],[30.139,69.733],[30.361,69.767],[30.418,69.701],[30.337,69.668],[30.443,69.678],[30.455,69.763],[31.054,69.64],[31.795,69.682],[31.696,69.755],[31.918,69.827],[32.097,69.784],[32.183,69.653],[32.026,69.637],[32.432,69.484],[32.2,69.424],[32.439,69.482],[32.915,69.395],[32.81,69.296],[32.972,69.389],[33.281,69.342],[33.237,69.273],[33.31,69.115],[33.038,69.068],[33.023,68.953],[33.075,69.059],[33.435,69.101],[33.628,69.215],[35.437,69.15],[37.246,68.793],[38.668,68.146],[39.918,67.94],[40.826,67.66],[40.973,67.534],[40.951,67.335],[41.255,66.937],[41.155,66.794],[40.566,66.454],[40.06,66.274],[38.608,66.052],[35.518,66.386],[34.846,66.605],[34.565,66.541],[34.355,66.611],[34.439,66.647],[33.856,66.692],[33.599,66.823],[33.517,66.809],[33.628,66.746],[33.484,66.721],[32.668,67.119],[31.855,67.154],[32.503,67.029],[32.219,66.994],[32.924,66.597],[32.862,66.584],[33.039,66.546],[32.946,66.52],[33.42,66.34],[33.313,66.316],[34.544,66.001],[34.726,65.797],[34.674,65.777],[34.726,65.615],[34.601,65.484],[34.293,65.396],[34.426,65.107],[34.773,64.682],[34.885,64.367],[36.018,64.194],[36.24,63.919],[37.411,63.749],[37.945,63.85],[38.08,64.071],[37.93,64.256],[37.979,64.317],[37.801,64.427],[37.326,64.354],[36.569,64.765],[36.884,65.068],[37.102,65.068],[38.035,64.753],[38.047,64.641],[38.188,64.718],[39.193,64.511],[39.622,64.476],[39.997,64.541],[40.322,64.463],[40.533,64.569],[40.373,64.928],[39.938,65.227],[39.823,65.436],[39.951,65.581],[41.354,65.955],[42.133,66.388],[43.241,66.251],[43.471,66.164],[43.29,66.09],[43.514,65.972],[43.515,66.042],[43.38,66.069],[43.531,66.141],[44.024,66.011],[44.174,65.875],[44.086,66.148],[44.122,66.267],[44.483,66.674],[44.37,66.796],[44.482,66.828],[44.496,66.907],[44.149,67.165],[43.755,67.226],[43.752,67.308],[44.261,67.83],[44.173,68.085],[44.243,68.277],[43.845,68.433],[44.012,68.492],[44.668,68.389],[45.58,68.443],[45.863,68.383],[46.526,67.816],[45.329,67.72],[45.331,67.605],[44.952,67.482],[44.871,67.312],[45.386,67.099],[45.715,66.85],[46.402,66.719],[47.571,66.816],[47.706,66.89],[48.081,67.562],[48.785,67.703],[49.101,67.628],[48.873,67.733],[52.188,68.526],[52.299,68.423],[52.138,68.378],[52.249,68.307],[52.72,68.351],[52.939,68.471],[53.006,68.681],[53.502,68.816],[53.889,68.787],[53.72,68.652],[53.805,68.568],[53.783,68.347],[53.593,68.408],[53.691,68.34],[53.433,68.366],[53.204,68.267],[53.322,68.238],[53.317,68.136],[53.626,68.048],[54.38,68.161],[54.576,68.161],[54.752,68.05],[54.996,68.207],[55.126,68.401],[55.723,68.536],[56.54,68.553],[57.364,68.457],[58.254,68.789],[58.422,68.737],[58.28,68.796],[58.409,68.833],[58.77,68.856],[59.345,68.7],[59.058,68.616],[59.12,68.393],[59.762,68.297],[59.968,68.461],[59.925,68.581],[60.512,68.59],[60.934,68.815],[60.986,69.003],[60.922,69.099],[60.369,69.468],[61.03,69.741],[62.281,69.705],[63.923,69.459],[64.789,69.248],[64.788,69.143],[64.934,69.222],[65.355,69.183],[66.584,68.886],[68.385,68.179],[69.109,68.83],[68.944,68.898],[69.22,68.957],[68.785,68.911],[68.46,68.978],[68.098,69.238],[68.102,69.547],[67.967,69.484],[67.02,69.699],[66.884,69.623],[66.828,69.819],[66.965,69.956],[67.249,70.016],[67.422,70.223],[67.321,70.781],[67.107,70.835],[66.749,70.768],[66.67,70.866],[66.892,71.077],[66.818,71.105],[68.316,71.635],[68.812,72.095],[69.057,72.645],[69.343,72.834],[70.214,72.733],[72.189,72.811],[72.765,72.723],[72.82,72.674],[72.724,72.6],[72.796,72.398],[72.498,71.962],[71.898,71.587],[71.798,71.432],[72.15,71.268],[72.68,70.824],[72.682,70.602],[72.774,70.455],[72.425,70.27],[72.496,70.225],[72.437,70.187],[72.549,69.67],[72.473,69.15],[72.643,68.807],[72.846,68.635],[73.309,68.517],[73.394,68.382],[73.093,68.211],[73.12,68.056],[72.838,67.646],[72.582,67.616],[72.543,67.518],[72.395,67.47],[72.44,67.415],[72.041,67.297],[72.112,67.249],[71.41,66.967],[71.544,66.714],[70.84,66.551],[70.371,66.66],[70.714,66.76],[70.322,66.677],[69.892,66.832],[68.968,66.804],[69.112,66.759],[69.173,66.548],[69.767,66.33],[70.983,66.2],[72.209,66.173],[72.557,66.496],[73.69,66.865],[73.871,67.001],[73.985,67.263],[74.353,67.404],[74.742,67.686],[74.821,67.936],[74.732,68.143],[74.395,68.347],[74.505,68.593],[74.916,68.706],[76.328,68.776],[76.661,68.672],[77.04,68.464],[77.108,68.114],[76.955,67.653],[77.091,67.528],[78.089,67.411],[78.478,67.479],[78.582,67.579],[79.045,67.567],[78.866,67.646],[78.587,67.601],[78.473,67.634],[78.598,67.665],[77.483,67.803],[77.514,67.973],[78.175,68.265],[77.95,68.401],[77.936,68.514],[77.812,68.511],[77.635,68.908],[76.037,69.237],[75.483,69.254],[74.865,69.086],[73.915,69.154],[73.894,69.426],[73.654,69.756],[73.791,70.052],[74.327,70.53],[74.321,70.655],[73.217,71.458],[73.591,71.707],[74.137,71.755],[74.921,72.029],[75.111,72.354],[75.016,72.719],[75.458,72.655],[75.636,72.544],[75.551,72.489],[75.645,72.352],[75.598,72.216],[75.221,71.838],[75.261,71.364],[75.671,71.199],[77.736,71.025],[78.105,70.841],[78.609,70.85],[78.569,70.917],[78.956,70.921],[79.112,71.009],[78.55,70.956],[78.524,71.099],[78.137,71.374],[76.866,71.449],[76.607,71.518],[76.333,71.72],[76.457,71.868],[77.075,71.892],[77.79,71.777],[78.126,71.848],[78.224,71.949],[78.086,72.175],[79.223,72.271],[80.339,72.008],[80.828,71.767],[81.425,71.613],[82.491,71.568],[82.818,71.646],[82.88,71.491],[82.215,71.204],[82.046,70.419],[82.346,70.199],[82.236,70.404],[82.675,70.842],[82.804,70.819],[83.028,70.624],[83.056,70.497],[82.651,70.249],[82.639,70.174],[83.157,70.077],[83.194,70.123],[83.053,70.249],[83.532,70.339],[83.746,70.46],[83.477,70.911],[83.18,71.197],[83.629,71.624],[83.379,71.827],[82.436,72.051],[82.192,72.283],[80.982,72.447],[80.844,72.58],[80.829,73.014],[80.464,73.314],[80.495,73.408],[80.838,73.553],[83.02,73.612],[84.616,73.743],[85.001,73.576],[85.838,73.82],[86.492,73.874],[86.757,73.787],[85.839,73.503],[85.795,73.358],[86.663,73.121],[86.784,72.994],[86.63,73.16],[85.879,73.342],[85.842,73.46],[87.14,73.604],[87.643,73.834],[87.691,73.9],[87.541,74.1],[86.978,74.299],[86.939,74.331],[87.133,74.369],[87.027,74.432],[86.814,74.435],[86.94,74.752],[87.042,74.81],[89.285,75.466],[93.892,75.891],[94.162,75.943],[93.655,75.898],[94.413,76.103],[94.471,76.047],[94.739,76.111],[94.596,76.156],[96.139,76.086],[95.57,75.886],[95.744,75.851],[96.027,75.954],[95.982,75.902],[96.658,75.853],[98.289,76.057],[99.467,75.967],[99.747,76.05],[99.66,75.857],[99.228,75.762],[99.094,75.555],[99.636,75.466],[100.186,75.169],[100.077,75.291],[99.792,75.368],[99.824,75.469],[99.172,75.57],[99.277,75.757],[99.604,75.778],[99.895,75.919],[99.774,76.285],[99.983,76.437],[100.988,76.503],[102.248,76.381],[101.038,76.518],[101.389,76.625],[101.112,76.853],[101.157,76.979],[101.69,77.203],[102.39,77.375],[103.947,77.592],[105.063,77.569],[105.45,77.449],[105.47,77.329],[104.842,77.164],[104.117,77.091],[104.703,77.108],[104.485,76.995],[104.705,76.928],[105.571,76.976],[107.24,76.898],[106.573,76.581],[106.376,76.587],[106.472,76.501],[106.404,76.432],[107.771,76.401],[108.244,76.646],[110.548,76.642],[112.057,76.451],[111.906,76.364],[112.136,76.423],[112.589,76.259],[112.635,76.22],[112.501,76.239],[112.796,76.082],[112.567,76.041],[113.436,76.085],[113.554,75.97],[113.547,75.867],[113.674,75.926],[113.723,75.869],[113.41,75.677],[112.337,75.847],[112.869,75.706],[112.882,75.633],[112.79,75.582],[112.846,75.543],[113.3,75.639],[113.113,75.494],[113.602,75.282],[112.932,75.017],[110.947,74.544],[110.289,74.482],[110.391,74.437],[110.202,74.366],[109.608,74.318],[109.977,74.29],[109.625,74.116],[108.774,73.939],[108.162,73.663],[107.142,73.615],[107.16,73.539],[106.871,73.424],[106.06,73.272],[106.026,73.159],[105.466,72.853],[105.176,72.787],[105.279,72.752],[106.087,72.855],[106.502,73.061],[107.804,73.143],[109.991,73.44],[110.535,73.646],[110.914,73.697],[110.893,73.765],[110.404,73.724],[110.178,73.798],[110.454,74.003],[111.762,73.658],[113.222,73.748],[113.308,73.57],[113.132,73.445],[113.509,73.23],[113.52,73.093],[113.486,72.958],[113.09,72.832],[113.301,72.678],[114.045,72.597],[113.34,72.69],[113.151,72.839],[113.508,72.944],[113.53,73.214],[114.034,73.342],[113.815,73.347],[114.187,73.551],[116.671,73.619],[118.46,73.519],[118.348,73.413],[118.338,73.186],[118.498,73.036],[120.579,72.835],[121.988,72.905],[122.882,72.753],[123.788,72.756],[124.73,72.626],[125.672,72.337],[126.577,72.226],[127.129,71.851],[127.089,71.761],[127.206,71.592],[127.21,71.397],[127.276,71.389],[127.31,71.497],[127.188,71.747],[127.326,71.898],[126.981,72.047],[126.907,72.215],[127.121,72.212],[128.432,71.755],[129.355,71.176],[130.172,70.815],[130.779,70.678],[131.055,70.687],[131.498,70.857],[131.849,71.205],[132.179,71.211],[131.947,71.289],[132.284,71.661],[132.554,71.809],[132.684,71.801],[132.791,71.592],[133.138,71.453],[134.241,71.262],[135.861,71.543],[136.765,71.406],[137.63,71.075],[138.07,71.133],[137.969,71.19],[138.24,71.321],[138.151,71.333],[138.119,71.47],[138.446,71.61],[138.435,71.537],[138.675,71.618],[139.159,71.418],[139.744,71.404],[139.932,71.485],[139.739,71.836],[139.833,72.15],[140.219,72.185],[139.569,72.235],[139.181,72.164],[139.085,72.233],[139.169,72.327],[140.806,72.529],[141.408,72.787],[144.562,72.456],[145.6,72.426],[145.401,72.354],[144.886,72.428],[144.536,72.231],[144.139,72.271],[144.532,72.167],[145.143,72.261],[144.82,72.143],[145.665,72.161],[145.617,72.074],[145.765,72.036],[145.678,71.927],[145.348,71.866],[144.962,71.964],[145.216,71.827],[144.889,71.777],[144.801,71.591],[145.746,71.694],[146.327,71.889],[146.915,72.202],[148.698,72.166],[148.954,72.118],[148.942,71.979],[149.113,71.906],[149.299,72.061],[149.53,72.027],[149.722,71.895],[149.51,71.839],[149.36,71.906],[149.146,71.767],[148.833,71.811],[149.039,71.756],[148.711,71.629],[150.544,71.361],[150.024,71.207],[150.583,71.357],[150.652,71.351],[150.605,71.275],[150.753,71.334],[151.119,71.255],[151.48,71.086],[151.899,70.733],[152.134,70.664],[156.043,70.987],[158.409,70.814],[159.229,70.547],[159.466,70.395],[159.628,70.22],[159.444,69.765],[159.673,69.652],[160.682,69.578],[160.674,69.27],[160.862,69.083],[161.412,68.98],[161.066,68.563],[160.756,68.562],[160.846,68.523],[161.128,68.555],[161.319,68.792],[161.58,68.915],[161.426,69.203],[161.431,69.359],[162.118,69.559],[163.038,69.545],[163.722,69.674],[164.054,69.66],[164.318,69.465],[164.636,69.413],[166.309,69.378],[167.366,69.636],[168.1,69.232],[168.986,68.963],[169.113,68.784],[169.389,68.717],[170.312,68.821],[170.612,68.756],[170.436,68.846],[170.651,68.887],[170.705,68.804],[170.712,68.899],[171.032,69.042],[170.907,69.306],[170.587,69.594],[170.124,69.61],[170.284,69.73],[170.567,69.778],[170.526,70.015],[172.359,69.909],[172.908,69.835],[173.008,69.692],[174.574,69.785],[176.192,69.713],[178.965,69.229],[180,68.92],[180,65.069],[179.499,64.832],[179.016,64.773],[178.522,64.588],[178.756,64.682],[177.609,64.718],[177.432,64.925],[176.9,65.084],[176.303,65.05],[176.567,64.995],[176.951,65.04],[177.303,64.828],[177.026,64.844],[177.135,64.927],[176.429,64.805],[176.06,64.948],[175.731,64.784],[174.437,64.688],[175.682,64.754],[175.98,64.886],[176.156,64.678],[175.9,64.547],[176.468,64.409],[176.757,64.571],[176.931,64.553],[177.082,64.517],[177.082,64.303],[177.193,64.21],[177.535,64.09],[178.011,64.192],[177.813,64.047],[178.147,64.157],[178.403,63.664],[178.078,63.429],[178.344,63.458],[178.714,63.154],[178.939,63.083],[179.004,62.97],[178.932,62.765],[179.288,62.815],[179.242,62.526],[178.944,62.36],[178.028,62.544],[177.338,62.576],[177.314,62.737],[177.451,62.817],[177.199,62.702],[176.976,62.866],[176.921,62.686],[176.28,62.313],[174.764,61.916],[174.596,61.984],[174.719,61.901],[174.391,61.819],[174.07,61.839],[173.874,61.676],[173.559,61.751],[173.491,61.601],[173.137,61.395],[172.875,61.472],[172.711,61.43],[172.956,61.303],[172.667,61.332],[172.773,61.273],[172.349,61.228],[172.192,61.044],[172.01,61.097],[172.166,61.025],[172.002,60.859],[171.953,60.95],[171.947,60.845],[171.61,60.802],[171.158,60.55],[170.857,60.506],[170.337,60.277],[170.273,60.013],[170.162,59.945],[169.927,60.073],[169.699,60.411],[169.21,60.623],[169.147,60.56],[168.189,60.582],[167.05,60.324],[166.138,59.815],[166.102,59.914],[166.248,60.384],[166.342,60.406],[166.349,60.486],[166.001,60.434],[165.243,60.098],[164.997,60.129],[165.158,60.044],[164.933,59.962],[164.832,59.781],[164.702,59.976],[164.492,60.106],[164.321,60.091],[164.353,60.022],[164.269,59.993],[164.111,60.078],[163.636,60.046],[163.754,59.979],[163.699,59.896],[163.36,59.824],[163.043,59.462],[163.241,59.296],[162.876,59.128],[162.753,58.966],[162.844,58.922],[162.726,58.853],[162.789,58.856],[162.413,58.685],[161.804,58.102],[161.8,57.863],[161.989,57.72],[162.826,57.701],[163.078,57.626],[163.125,57.556],[162.737,57.358],[162.749,57.264],[162.512,57.033],[162.744,56.6],[163.098,56.56],[163.166,56.113],[163.04,56.018],[162.889,56.034],[162.634,56.224],[163.089,56.534],[162.971,56.545],[162.893,56.43],[162.692,56.492],[162.394,56.4],[162.498,56.336],[162.031,56.056],[161.609,55.557],[161.503,55.287],[161.647,54.985],[161.939,54.845],[162.008,54.738],[161.944,54.654],[161.733,54.506],[161.306,54.491],[161.114,54.591],[160.732,54.531],[159.931,54.086],[159.633,53.706],[159.915,53.342],[159.897,53.241],[159.498,53.235],[158.685,52.917],[158.584,53.062],[158.431,53.022],[158.446,52.902],[158.643,52.9],[158.461,52.826],[158.394,52.226],[158.258,52.017],[157.898,51.666],[156.734,50.971],[156.706,51.191],[156.555,51.272],[156.447,52.138],[156.277,52.524],[156.389,52.448],[156.443,52.514],[156.267,52.561],[156.103,52.849],[155.931,53.837],[155.565,55.154],[155.646,55.912],[155.898,56.511],[156.558,56.947],[156.978,57.414],[156.946,57.618],[157.962,57.883],[159.104,58.425],[159.702,58.851],[159.732,58.995],[161.535,59.942],[161.925,60.305],[163.329,60.695],[163.415,60.839],[163.658,60.872],[163.729,60.937],[163.579,60.982],[164.019,61.336],[163.94,61.44],[163.748,61.444],[163.86,61.646],[164.071,61.78],[164.073,62.153],[165.286,62.288],[165.089,62.421],[165.33,62.316],[165.131,62.473],[165.642,62.453],[165.034,62.513],[164.359,62.712],[163.264,62.545],[163.164,62.445],[163.26,62.392],[162.99,62.326],[163.009,62.178],[162.711,61.763],[162.743,61.71],[162.634,61.679],[162.749,61.609],[162.403,61.672],[160.718,60.756],[160.399,60.74],[160.138,60.584],[160.225,60.737],[160.162,60.838],[160.391,61.026],[159.816,60.981],[159.947,61.136],[159.918,61.249],[159.835,61.263],[160.366,61.766],[160.355,61.947],[159.835,61.713],[159.531,61.663],[159.389,61.872],[159.247,61.922],[158.028,61.73],[157.487,61.803],[156.423,61.401],[156.395,61.174],[155.667,60.778],[155.701,60.664],[154.945,60.364],[154.092,59.776],[153.943,59.569],[153.944,59.397],[154.182,59.301],[154.753,59.281],[154.847,59.189],[154.742,59.127],[154.445,59.22],[154.319,59.197],[154.344,59.122],[154.261,59.08],[154.016,59.047],[153.795,59.174],[153.369,59.243],[153.269,59.091],[152.998,59.077],[152.778,58.92],[152.357,59.023],[152.13,58.993],[152.061,58.896],[151.309,58.837],[151.211,58.949],[151.857,59.056],[151.739,59.158],[152.288,59.227],[151.749,59.296],[151.611,59.469],[151.386,59.571],[150.904,59.567],[150.942,59.474],[150.681,59.445],[150.732,59.497],[150.439,59.485],[150.726,59.573],[150.519,59.555],[149.624,59.771],[149.372,59.76],[148.83,59.545],[148.695,59.449],[148.747,59.297],[148.544,59.246],[148.398,59.267],[148.399,59.364],[148.251,59.417],[147.837,59.381],[147.821,59.279],[147.489,59.24],[146.512,59.461],[146.329,59.397],[146.323,59.284],[146.054,59.251],[145.991,59.149],[145.796,59.262],[145.914,59.411],[145.666,59.425],[143.211,59.377],[142.581,59.237],[141.924,58.941],[141.395,58.543],[140.587,58.239],[140.107,57.731],[138.867,57.124],[137.229,55.983],[134.985,54.854],[134.894,54.72],[134.902,54.559],[135.095,54.433],[136.492,54.455],[136.351,53.701],[136.77,53.695],[137.015,53.847],[137.383,53.81],[137.071,53.489],[137.239,53.457],[137.979,53.465],[138.234,53.572],[138.409,53.805],[138.413,53.929],[138.554,53.989],[138.571,53.815],[138.239,53.562],[138.444,53.511],[138.669,53.753],[138.774,54.086],[139.378,54.08],[139.806,53.961],[140.102,53.802],[140.321,53.536],[141.121,53.052],[141.096,52.998],[140.706,53.113],[140.94,52.994],[140.987,52.922],[140.828,52.825],[141.032,52.726],[141.091,52.587],[140.939,52.262],[141.161,52.209],[141.257,52.103],[140.73,51.441],[140.405,50.827],[140.323,50.518],[140.457,50.104],[140.081,48.503],[139.214,47.811],[139.047,47.615],[138.954,47.338],[138.352,46.873],[137.985,46.269],[136.494,44.966],[136.098,44.464],[135.885,44.398],[135.415,44.037],[134.962,43.515],[134.59,43.229],[134.047,42.969],[133.021,42.69],[132.999,42.819],[132.889,42.768],[132.827,42.862],[132.333,42.964],[132.369,43.213],[132.302,43.317],[131.887,43.074],[131.906,43.192],[132.052,43.317],[131.811,43.326],[131.584,43.213],[130.922,42.642],[130.7,42.679],[130.815,42.561],[130.208,42.168],[129.641,41.656],[129.631,41.278],[129.503,40.797],[129.214,40.681],[128.55,40.152],[128.332,40.054],[128.001,40.037],[127.514,39.735],[127.277,39.222],[128.451,38.255],[129.129,37.308],[129.25,37.009],[129.178,35.959],[129.467,35.927],[129.06,35.17],[128.811,35.084],[128.573,35.17],[128.204,34.888],[128.021,34.986],[127.593,34.942],[126.834,34.435],[126.777,34.586],[126.671,34.414],[126.478,34.345],[126.354,34.694],[126.452,34.578],[126.451,34.648],[126.618,34.619],[126.477,34.725],[126.66,34.813],[126.54,34.873],[126.511,34.776],[126.371,34.789],[126.434,34.964],[126.318,34.932],[126.249,35.117],[126.345,35.152],[126.431,35.023],[126.459,35.091],[126.361,35.18],[126.422,35.407],[126.523,35.525],[126.688,35.533],[126.659,35.594],[126.525,35.579],[126.525,35.669],[126.801,35.862],[126.615,35.891],[126.628,35.962],[126.873,36.055],[126.685,36.0],[126.544,36.136],[126.497,36.724],[126.347,36.74],[126.334,36.639],[126.273,36.717],[126.124,36.709],[126.255,36.907],[126.312,36.929],[126.289,36.786],[126.401,36.852],[126.391,36.959],[126.477,36.923],[126.472,36.839],[126.507,36.911],[126.685,36.838],[126.797,36.944],[126.846,36.752],[126.992,36.911],[126.793,37.013],[126.773,37.119],[126.869,37.176],[126.73,37.139],[126.659,37.222],[126.866,37.267],[126.722,37.328],[126.622,37.481],[126.659,37.555],[126.547,37.647],[126.533,37.762],[126.681,37.684],[126.688,37.834],[126.581,37.772],[126.385,37.887],[126.144,37.824],[126.141,37.733],[125.976,37.906],[125.983,37.822],[125.798,37.99],[125.589,38.027],[125.724,37.911],[125.343,37.671],[125.512,37.887],[124.981,37.924],[125.268,38.073],[124.706,38.107],[124.862,38.229],[124.961,38.475],[125.269,38.568],[125.38,38.693],[125.653,38.627],[125.14,38.796],[125.412,39.28],[125.338,39.436],[125.448,39.576],[125.123,39.557],[124.744,39.777],[124.744,39.63],[124.624,39.595],[124.652,39.682],[124.562,39.8],[124.323,39.911],[124.371,40.096],[124.344,39.982],[124.14,39.835],[124.104,39.885],[123.395,39.752],[123.239,39.814],[123.252,39.722],[122.027,39.256],[121.488,38.879],[121.126,38.753],[121.105,38.828],[121.212,38.935],[121.676,39.086],[121.599,39.219],[121.751,39.352],[121.507,39.368],[121.432,39.512],[121.235,39.542],[121.536,39.622],[121.461,39.735],[121.884,40.001],[122.3,40.512],[122.045,40.742],[121.177,40.922],[120.788,40.684],[120.273,40.152],[119.385,39.843],[118.978,39.224],[118.605,39.189],[118.329,39.039],[118.07,39.254],[117.753,39.203],[117.44,38.603],[117.479,38.45],[117.589,38.284],[117.841,38.164],[118.2,38.044],[118.745,38.064],[118.875,37.949],[118.812,37.446],[118.837,37.204],[118.955,37.077],[119.284,37.046],[119.767,37.151],[120.323,37.639],[120.658,37.736],[121.434,37.337],[121.895,37.376],[122.393,37.301],[122.266,36.83],[122.165,36.944],[121.949,37],[121.95,36.936],[121.765,36.851],[120.783,36.622],[120.777,36.536],[120.537,36.387],[120.507,36.08],[120.288,36.061],[120.356,36.179],[120.302,36.268],[120.272,36.203],[119.914,36.143],[119.976,35.934],[119.907,35.768],[119.003,34.939],[119.021,34.692],[119.3,34.591],[119.974,34.135],[120.149,33.894],[120.34,33.336],[120.641,33.045],[120.719,32.848],[120.661,32.543],[121.051,32.328],[121.231,32.062],[121.606,31.828],[121.637,31.717],[121.3,31.869],[120.944,31.866],[120.811,32.019],[120.512,32.103],[120.277,31.948],[120.092,31.947],[119.771,32.327],[119.607,32.195],[119.787,32.188],[119.885,31.99],[120.144,31.902],[120.436,32.021],[120.714,31.984],[120.79,31.871],[120.719,31.817],[121.221,31.624],[121.339,31.485],[121.268,31.452],[121.499,31.281],[121.636,30.855],[120.684,30.39],[120.388,30.37],[119.944,30.116],[120.438,29.997],[120.651,30.093],[120.793,30.061],[121.083,30.214],[121.391,29.922],[121.77,29.834],[121.67,29.625],[121.362,29.414],[121.411,29.345],[121.649,29.32],[121.412,29.163],[121.543,29.114],[121.394,28.708],[121.14,28.845],[121.391,28.697],[121.267,28.196],[121.167,28.385],[121.095,28.193],[121.009,28.277],[120.789,28.007],[120.591,28.079],[120.764,27.974],[120.506,27.59],[120.368,27.215],[120.308,27.313],[120.186,27.275],[120.179,27.213],[120.257,27.252],[120.352,27.177],[119.857,26.706],[119.691,26.816],[119.726,26.699],[119.617,26.796],[119.551,26.759],[119.429,26.591],[119.555,26.267],[119.44,26.007],[119.093,26.142],[119.257,25.963],[119.446,25.96],[119.47,25.772],[119.379,25.586],[119.309,25.607],[119.009,25.28],[118.872,25.244],[118.966,25.183],[118.846,25.086],[118.895,25.026],[118.826,24.877],[118.692,24.848],[118.664,24.947],[118.572,24.882],[118.627,24.769],[118.719,24.796],[118.47,24.617],[118.24,24.536],[118.161,24.689],[117.792,24.461],[117.849,24.047],[117.71,24.042],[117.618,23.869],[117.305,23.758],[117.202,23.627],[116.916,23.659],[116.861,23.472],[116.715,23.351],[116.521,23.421],[116.646,23.323],[116.404,23.199],[116.353,22.928],[115.86,22.836],[115.795,22.752],[115.64,22.884],[115.536,22.833],[115.561,22.689],[115.258,22.761],[115.241,22.827],[115.048,22.779],[114.889,22.703],[114.937,22.65],[114.872,22.533],[114.731,22.596],[114.722,22.722],[114.816,22.779],[114.769,22.815],[113.861,22.474],[113.758,22.748],[113.603,22.837],[113.608,22.992],[113.524,23.011],[113.607,23.102],[113.83,23.117],[113.67,23.148],[113.477,23.053],[113.481,22.915],[113.359,22.883],[113.492,22.771],[113.377,22.647],[113.383,22.238],[113.165,22.571],[113.16,22.478],[113.38,22.197],[113.224,22.037],[113.115,22.084],[113.1,22.215],[112.993,22.017],[112.871,22.061],[112.629,21.79],[112.282,21.701],[111.892,21.92],[111.967,21.751],[111.675,21.78],[111.759,21.721],[111.557,21.516],[110.997,21.517],[110.641,21.29],[110.629,21.359],[110.763,21.44],[110.631,21.372],[110.566,21.231],[110.427,21.239],[110.398,21.381],[110.404,21.24],[110.239,21.281],[110.077,20.867],[110.434,20.436],[110.271,20.315],[109.935,20.246],[109.883,20.36],[109.973,20.353],[110.007,20.435],[109.751,20.641],[109.662,20.919],[109.769,21.335],[109.941,21.447],[109.823,21.461],[109.765,21.582],[109.77,21.487],[109.629,21.548],[109.573,21.723],[109.504,21.676],[109.576,21.571],[109.414,21.565],[109.333,21.447],[109.133,21.401],[109.068,21.432],[109.137,21.583],[108.858,21.677],[108.921,21.761],[108.781,21.81],[108.858,21.636],[108.74,21.599],[108.629,21.888],[108.476,21.94],[108.438,21.658],[108.306,21.675],[108.246,21.515],[108.204,21.594],[107.989,21.548],[108.065,21.494],[107.856,21.526],[107.595,21.291],[107.415,21.326],[107.354,21.009],[107.154,20.925],[107.067,20.958],[107.145,21.041],[107.015,20.951],[106.884,20.991],[106.943,20.905],[106.882,20.902],[106.775,20.936],[106.795,21.025],[106.644,21.021],[106.76,20.932],[106.696,20.877],[106.764,20.691],[106.597,20.633],[106.593,20.397],[106.451,20.205],[105.954,19.921],[105.533,18.844],[106.364,18.007],[106.433,17.55],[106.622,17.328],[107.115,16.955],[107.692,16.371],[108.105,16.24],[108.201,15.998],[108.236,16.081],[108.499,15.363],[108.786,15.091],[108.918,14.792],[109.307,12.906],[109.068,12.487],[109.073,11.635],[108.883,11.328],[108.164,10.966],[107.266,10.376],[107.054,10.495],[107.0,10.657],[106.976,10.482],[106.904,10.631],[106.744,10.67],[106.726,10.509],[106.592,10.43],[106.71,10.465],[106.721,10.283],[106.424,10.311],[106.732,10.191],[106.744,10.052],[106.59,9.977],[106.291,10.251],[106.685,9.899],[106.618,9.811],[106.117,10.238],[106.572,9.739],[106.482,9.552],[106.256,9.623],[105.827,10.006],[106.206,9.523],[106.125,9.347],[105.527,9.126],[105.119,8.623],[104.767,8.586],[104.924,8.746],[104.797,8.796],[104.835,9.513],[104.984,9.883],[105.08,9.938],[105.115,9.857],[104.99,10.101],[104.595,10.232],[104.251,10.567],[103.927,10.59],[103.623,10.496],[103.548,10.576],[103.722,10.866],[103.555,11.157],[103.116,10.901],[103.101,11.349],[103.029,11.542],[102.956,11.551],[102.967,11.675],[103.083,11.726],[102.978,11.709],[102.893,11.828],[102.954,11.57],[102.645,12.172],[102.338,12.195],[102.362,12.352],[102.237,12.31],[102.06,12.567],[101.968,12.537],[101.747,12.707],[101.389,12.606],[100.872,12.679],[100.976,13.463],[100.24,13.49],[99.93,13.261],[100.023,12.994],[99.834,12.524],[99.895,12.079],[99.149,10.366],[99.071,9.898],[99.119,9.371],[99.298,9.162],[99.837,9.226],[99.898,9.068],[99.866,8.712],[100.009,8.49],[100.182,8.395],[100.302,7.887],[100.289,7.784],[100.148,7.723],[100.153,7.616],[100.421,7.159],[100.615,6.979],[101.217,6.802],[101.428,6.828],[101.56,6.74],[101.68,6.464],[102.09,6.143],[102.325,6.099],[103.342,4.805],[103.351,2.804],[103.83,2.17],[104.176,1.389],[104.081,1.407],[103.959,1.647],[103.987,1.424],[103.823,1.477],[103.437,1.384],[103.371,1.537],[102.173,2.217],[101.775,2.583],[101.329,2.826],[101.371,3.033],[101.294,3.269],[101.028,3.628],[100.81,3.777],[100.844,3.844],[100.701,3.894],[100.711,3.994],[100.865,4.031],[100.614,4.177],[100.606,4.798],[100.374,5.051],[100.434,5.194],[100.364,5.917],[100.157,6.327],[100.222,6.521],[100.154,6.603],[100.027,6.537],[99.707,6.848],[99.681,7.026],[99.75,7.124],[99.617,7.13],[99.572,7.263],[99.37,7.328],[99.26,7.656],[99.138,7.738],[99.099,7.691],[99.036,7.895],[98.745,8.091],[98.701,8.302],[98.62,8.286],[98.656,8.384],[98.337,8.185],[98.274,8.274],[98.193,8.564],[98.332,9.191],[98.747,10.332],[98.626,10.104],[98.507,10.164],[98.46,10.653],[98.711,10.918],[98.738,11.435],[98.867,11.645],[98.744,11.667],[98.891,11.7],[98.785,11.767],[98.687,11.676],[98.597,11.752],[98.722,11.976],[98.585,13.167],[98.287,13.684],[98.186,14.059],[98.197,13.651],[98.089,14.179],[97.797,14.882],[97.726,15.843],[97.611,16.096],[97.634,16.488],[97.737,16.564],[97.36,16.522],[97.15,17.124],[96.878,17.45],[96.879,17.345],[96.77,17.333],[96.663,16.697],[96.38,16.501],[96.265,16.597],[96.242,16.804],[96.199,16.724],[96.293,16.428],[96.129,16.35],[96.007,16.383],[96.076,16.325],[95.714,16.155],[95.375,15.71],[95.278,15.787],[95.361,16.145],[95.264,15.864],[95.273,16.003],[95.222,15.893],[95.22,16.002],[95.103,15.972],[95.111,16.068],[95.227,16.117],[95.137,16.137],[94.973,15.836],[94.85,15.841],[94.861,16.131],[94.994,16.244],[94.873,16.184],[94.772,15.913],[94.819,16.21],[94.686,16.174],[94.631,16.343],[94.514,16.289],[94.452,16.093],[94.237,15.973],[94.232,16.348],[94.615,17.546],[94.383,18.363],[94.026,19.103],[94.047,19.245],[93.995,19.149],[93.874,19.256],[93.992,19.457],[93.599,19.736],[93.729,19.932],[93.582,19.877],[93.371,20.042],[93.005,20.035],[92.973,20.128],[93.121,20.214],[92.992,20.149],[93.082,20.549],[92.897,20.127],[92.921,20.374],[92.641,20.693],[92.738,20.414],[92.635,20.427],[92.374,20.701],[92.262,21.054],[92.303,20.756],[92.05,21.158],[91.955,21.451],[92.039,21.66],[91.901,21.774],[91.7,22.488],[91.456,22.79],[91.115,22.577],[90.962,22.572],[90.829,22.691],[90.624,23.059],[90.597,23.455],[90.717,23.545],[90.599,23.49],[90.594,23.598],[90.474,23.576],[90.579,23.542],[90.55,23.384],[90.309,23.414],[90.612,23.222],[90.579,23.09],[90.447,23.065],[90.424,22.77],[90.614,22.311],[90.441,22.072],[90.401,22.261],[90.272,21.849],[90.109,21.815],[89.992,22.025],[90.08,22.16],[89.98,22.01],[89.914,22.093],[89.872,22.269],[90,22.484],[89.841,22.267],[89.796,21.832],[89.581,21.702],[89.521,21.815],[89.621,22.324],[89.539,21.986],[89.474,22.287],[89.498,21.86],[89.457,21.942],[89.363,21.821],[89.35,21.967],[89.234,21.655],[89.19,21.787],[89.097,21.816],[89.044,22.136],[89.006,21.6],[88.856,21.633],[88.72,21.558],[88.697,21.843],[88.766,22.005],[88.713,22.062],[88.688,21.935],[88.626,21.955],[88.668,22.202],[88.592,21.897],[88.53,21.843],[88.496,21.95],[88.382,21.587],[88.306,21.607],[88.258,21.797],[88.294,21.557],[88.142,21.949],[88.199,22.155],[88.007,22.235],[87.908,22.422],[87.982,22.223],[88.142,22.172],[88.168,22.092],[87.796,21.699],[87.216,21.553],[86.963,21.382],[86.796,21.136],[86.926,20.691],[86.457,20.071],[86.357,19.994],[86.196,20.075],[86.34,19.98],[86.234,19.897],[85.48,19.665],[85.422,19.696],[85.549,19.732],[85.575,19.835],[85.459,19.903],[85.353,19.829],[85.122,19.513],[85.254,19.655],[85.386,19.684],[85.385,19.614],[84.727,19.124],[84.781,19.094],[84.702,18.976],[84.133,18.339],[83.594,18.026],[83.272,17.635],[82.364,17.101],[82.249,16.92],[82.235,16.647],[82.081,16.463],[81.71,16.318],[81.313,16.363],[81.017,15.776],[80.9,15.858],[80.892,16.026],[80.841,15.784],[80.685,15.9],[80.279,15.699],[80.049,15.065],[80.136,14.489],[74.209,14.753],[73.841,15.39],[73.964,15.364],[73.818,15.447],[73.409,16.559],[72.927,18.821],[72.987,18.728],[72.993,18.791],[72.912,18.917],[73.056,19.012],[72.97,19.079],[72.895,19.006],[72.853,19.245],[72.846,19.319],[73.047,19.213],[72.845,19.326],[72.759,20.058],[73.11,20.687],[73.113,20.827],[72.766,21.15],[72.701,21.548],[73.131,21.754],[72.685,21.687],[72.696,22.129],[72.532,22.123],[72.607,22.208],[72.915,22.216],[72.912,22.276],[72.466,22.227],[72.376,22.299],[72.152,22.284],[72.326,22.157],[72.216,21.988],[72.032,21.943],[72.156,21.925],[72.129,21.832],[71.994,21.848],[72.278,21.576],[72.104,21.31],[72.111,21.202],[71.467,20.882],[70.819,20.697],[70.061,21.144],[68.945,22.294],[69.492,22.249],[69.969,22.351],[70.411,22.753],[70.339,22.841],[70.511,22.985],[70.487,23.125],[70.405,23.076],[70.389,22.935],[70.227,22.957],[69.738,22.787],[69.109,22.899],[68.752,23.089],[68.402,23.521],[68.412,23.617],[68.741,23.844],[68.259,23.579],[68.14,23.605],[68.201,23.664],[68.158,23.899],[68.151,23.688],[68.061,23.716],[68.022,23.937],[68.024,23.767],[67.857,23.91],[67.784,23.801],[67.521,23.909],[67.487,24.045],[67.35,24.075],[67.302,24.176],[67.149,24.653],[67.234,24.775],[66.652,24.826],[66.733,25.197],[66.438,25.593],[66.227,25.593],[66.141,25.507],[66.333,25.555],[66.507,25.421],[66.3,25.495],[65.661,25.342],[65.337,25.386],[65.14,25.288],[64.757,25.32],[64.678,25.278],[64.697,25.194],[64.113,25.322],[64.114,25.453],[63.572,25.36],[63.429,25.215],[62.551,25.259],[62.317,25.172],[62.106,25.204],[61.729,25.049],[61.782,25.19],[61.581,25.2],[61.439,25.075],[60.622,25.268],[60.555,25.441],[60.41,25.398],[60.454,25.302],[59.606,25.394],[59.478,25.477],[59.052,25.394],[58.818,25.56],[58.396,25.605],[58.113,25.547],[57.958,25.7],[57.779,25.669],[57.748,25.746],[57.306,25.789],[57.167,26.072],[57.026,26.843],[56.809,27.124],[56.334,27.201],[55.9,27.105],[55.807,27.007],[55.425,26.963],[55.34,26.799],[55.098,26.737],[54.795,26.49],[54.291,26.718],[53.663,26.745],[53.482,26.859],[53.444,26.972],[52.604,27.351],[52.626,27.462],[52.5,27.609],[52.02,27.83],[51.585,27.848],[51.35,28.036],[51.093,28.497],[51.052,28.743],[50.812,28.987],[50.896,28.943],[50.925,29.062],[50.702,29.134],[50.705,29.401],[50.36,29.743],[50.077,30.184],[49.927,30.208],[49.539,30.018],[49.48,30.156],[49.235,30.223],[49.261,30.443],[48.985,30.513],[48.742,30.026],[48.32,29.964],[47.959,30.033],[47.911,29.89],[47.969,29.63],[47.614,29.272],[47.804,29.185],[48.07,29.272],[48.855,27.523],[49.244,27.479],[49.123,27.435],[49.322,27.162],[50.114,26.705],[49.989,26.729],[49.934,26.483],[50.076,26.312],[49.937,25.956],[50.147,25.536],[50.214,25.588],[50.382,25.461],[50.429,25.184],[50.619,24.871],[50.607,24.68],[50.778,24.471],[50.968,24.436],[50.847,25.265],[50.931,25.539],[51.015,25.588],[51.069,25.945],[51.217,26.066],[51.35,26.031],[51.568,25.662],[51.472,25.513],[51.604,24.993],[51.37,24.593],[51.21,24.63],[51.31,24.601],[51.304,24.51],[51.423,24.622],[51.277,24.306],[51.523,24.161],[51.606,24.203],[51.586,24.003],[51.946,23.945],[52.456,24.069],[52.939,24.024],[53.076,24.087],[53.687,23.987],[54.347,24.154],[54.592,24.377],[54.771,24.733],[55.438,25.399],[55.53,25.373],[56.015,25.772],[56.365,26.221],[56.32,26.17],[56.402,25.894],[56.161,25.473],[56.364,25.455],[56.405,24.82],[56.611,24.477],[57.175,23.932],[58.081,23.502],[58.628,23.458],[59.461,22.539],[59.826,22.374],[59.817,22.247],[59.489,21.747],[58.861,21.114],[58.512,20.421],[58.403,20.357],[58.209,20.399],[58.267,20.584],[58.217,20.613],[57.931,20.401],[57.688,19.73],[57.839,19.035],[57.186,18.938],[56.904,18.817],[56.646,18.584],[56.458,18.092],[56.258,17.977],[55.561,17.937],[55.233,17.559],[55.206,17.186],[54.912,16.971],[54.084,17.019],[52.894,16.61],[52.299,16.272],[52.157,15.984],[52.135,15.687],[51.313,15.247],[49.334,14.633],[49.078,14.505],[49.001,14.315],[48.765,14.098],[47.985,14.046],[47.37,13.669],[46.686,13.426],[45.826,13.405],[44.979,12.832],[44.582,12.816],[44.3,12.637],[44.063,12.614],[43.56,12.86],[43.341,13.127],[43.348,13.851],[43.207,14.079],[42.796,15.47],[42.764,15.667],[42.884,15.985],[42.764,16.645],[42.535,17.071],[42.306,17.45],[41.629,18.047],[41.174,19.072],[40.694,19.869],[40.099,20.271],[39.764,20.407],[39.167,21.219],[39.063,22.583],[38.45,23.787],[38.137,24.041],[37.443,24.376],[37.219,24.741],[37.251,25.152],[36.698,26.021],[36.412,26.309],[35.161,28.057],[34.767,28.109],[34.886,28.357],[35.095,29.343],[34.967,29.45],[35.004,29.532],[34.761,29.335],[34.406,28.31],[34.336,27.878],[34.219,27.763],[33.975,27.887],[33.331,28.551],[33.178,28.996],[32.939,29.209],[32.575,30.005],[32.474,29.933],[32.318,29.54],[32.649,28.766],[33.354,27.91],[33.929,26.564],[35.19,24.4],[35.721,23.916],[35.508,23.972],[35.468,23.721],[35.671,22.966],[35.849,22.759],[36.286,22.574],[36.66,22.167],[36.876,21.779],[37.128,21.227],[37.185,20.019],[37.398,18.915],[37.516,18.724],[37.999,18.496],[38.118,18.282],[38.592,18.062],[39.009,17.057],[39.269,15.989],[39.696,15.121],[39.774,15.063],[39.889,15.184],[39.89,15.482],[40.162,14.979],[40.29,14.913],[40.634,14.925],[40.807,14.706],[40.981,14.688],[41.673,13.939],[41.954,13.859],[42.184,13.577],[42.231,13.554],[42.175,13.669],[42.275,13.584],[42.408,13.175],[42.636,13.093],[42.805,12.845],[42.943,12.802],[43.329,12.435],[43.403,12.037],[42.81,11.778],[42.516,11.577],[42.534,11.507],[43.229,11.496],[43.453,11.352],[43.814,10.814],[44.281,10.396],[44.978,10.43],[45.899,10.829],[46.43,10.668],[46.677,10.7],[47.391,11.159],[47.996,11.116],[48.617,11.325],[48.97,11.233],[49.304,11.246],[50.081,11.476],[50.431,11.678],[50.697,11.948],[51.181,11.777],[51.241,11.668],[51.076,11.328],[51.13,10.71],[50.893,10.309],[50.779,9.368],[50.426,8.862],[50.286,8.485],[49.832,7.994],[49.732,7.574],[49.046,6.416],[48.95,5.99],[47.701,4.18],[46.286,2.714],[-16.872,21.842],[-16.353,22.493],[-15.714,23.873],[-14.975,24.51],[-14.82,24.733],[-14.66,25.636],[-14.367,26.119],[-13.629,26.591],[-13.06,27.673],[-12.866,27.857],[-12.091,28.024],[-11.576,28.229],[-10.339,29.146],[-9.87,29.643],[-9.603,30.184],[-9.608,30.403],[-9.817,30.755],[-9.828,31.209],[-9.318,31.964],[-9.219,32.58],[-8.314,33.338],[-7.333,33.696],[-6.806,34.051],[-6.511,34.454],[-5.929,35.728],[-5.744,35.806],[-5.539,35.845],[-5.172,35.424],[-4.593,35.151],[-3.441,35.166],[-3.081,35.281],[-3.004,35.383],[-2.842,35.127],[-2.035,35.055],[-1.495,35.234],[-1.083,35.64],[-0.618,35.718],[-0.429,35.86],[-0.092,35.74],[0.474,36.225],[1.058,36.462],[2.524,36.573],[2.824,36.709],[3.07,36.619],[3.324,36.651],[3.741,36.837],[4.395,36.838],[5.328,36.64],[6.233,36.914],[6.354,37.075],[6.923,36.818],[7.307,37.061],[7.416,37.052],[7.719,36.953],[7.913,36.775],[8.637,36.885],[9.483,37.277],[9.845,37.25],[9.772,37.214],[9.845,37.139],[9.932,37.199],[9.859,37.229],[10.021,37.2],[10.133,37.105],[10.193,36.791],[10.393,36.717],[11.024,37.068],[10.952,36.723],[10.522,36.363],[10.455,36.123],[10.625,35.841],[10.989,35.622],[11.022,35.346],[11.125,35.241],[10.821,34.79],[10.037,34.218],[10.037,34.014],[10.166,33.829],[10.65,33.498],[10.778,33.473],[10.957,33.575],[11.099,33.537],[11.176,33.208],[12.565,32.74],[13.187,32.792],[14.157,32.679],[14.433,32.464],[15.01,32.363],[15.241,32.173],[15.358,31.805],[15.533,31.551],[15.843,31.285],[17.422,30.996],[18.915,30.205],[19.319,30.255],[19.982,30.722],[20.155,31.087],[19.942,31.618],[20.068,32.037],[20.516,32.388],[21.673,32.816],[22.216,32.791],[22.923,32.558],[23.007,32.482],[23.027,32.253],[23.153,32.139],[23.714,32.076],[24.034,31.937],[24.816,31.907],[24.952,31.818],[24.982,31.647],[25.107,31.514],[25.258,31.438],[26.143,31.491],[27.763,31.183],[27.919,30.999],[28.517,30.962],[29.249,30.754],[30.099,31.232],[30.996,31.469],[31.717,31.388],[31.808,31.178],[32.077,31.014],[32.309,31.084],[32.769,30.952],[33.021,31.132],[33.255,31.027],[33.71,30.996],[34.195,31.238],[34.672,31.878],[35.146,31.489],[35.722,31.934],[36.193,32.796],[37.083,33.213],[36.612,34.323],[36.342,34.456],[36.523,34.929],[37.477,35.222],[39.002,35.881],[38.597,36.746],[37.048,37.695],[35.403,37.26],[35.34,36.539],[34.827,36.795],[34.659,36.805],[34.29,36.592],[33.983,36.278],[33.873,36.314],[33.541,36.14],[32.67,36.039],[32.369,36.174],[32.015,36.546],[31.344,36.804],[30.683,36.885],[30.57,36.782],[30.487,36.3],[30.407,36.204],[30.201,36.304],[29.677,36.118],[29.219,36.313],[29.052,36.681],[28.925,36.747],[28.851,36.656],[28.657,36.71],[28.459,36.88],[28.376,36.847],[28.399,36.782],[28.256,36.843],[28.276,36.729],[27.996,36.558],[28.087,36.638],[27.966,36.686],[28.122,36.719],[28.123,36.795],[27.942,36.756],[28.066,36.935],[28.324,37.045],[27.421,37.028],[27.294,36.963],[27.269,37.042],[27.55,37.132],[27.595,37.232],[27.404,37.309],[27.414,37.411],[27.194,37.355],[27.268,37.956],[26.923,38.062],[26.762,38.215],[26.586,38.102],[26.392,38.221],[26.511,38.426],[26.742,38.278],[27.162,38.444],[26.947,38.442],[26.731,38.646],[26.723,38.702],[27.064,38.874],[26.803,38.954],[26.885,39.073],[26.645,39.263],[26.958,39.548],[26.069,39.494],[26.156,39.636],[26.187,39.997],[26.32,39.992],[26.425,40.179],[26.765,40.377],[27.27,40.451],[27.45,40.31],[27.764,40.287],[27.881,40.377],[27.703,40.469],[27.808,40.504],[28.006,40.451],[27.908,40.351],[28.478,40.395],[29.052,40.335],[29.144,40.439],[28.778,40.525],[28.958,40.626],[29.938,40.724],[29.412,40.77],[29.129,40.914],[29.033,41.009],[29.161,41.216],[30.138,41.132],[30.256,41.185],[30.745,41.04],[31.218,41.054],[31.404,41.164],[31.494,41.327],[32.419,41.749],[33.155,41.95],[33.556,41.983],[34.663,41.876],[35.002,42.043],[35.099,41.806],[35.286,41.671],[35.678,41.621],[35.958,41.686],[36.161,41.353],[36.383,41.238],[36.817,41.29],[37.253,41.028],[38.361,40.909],[39.37,41.064],[40.129,40.916],[41.293,41.286],[41.775,41.822],[41.41,42.788],[41.123,43.019],[40.261,43.264],[38.924,44.212],[38.112,44.493],[37.88,44.719],[37.474,44.692],[36.96,45.227],[37.319,45.272],[37.228,45.312],[37.734,45.297],[37.706,45.578],[37.99,46.007],[38.086,46.012],[38.096,45.945],[38.124,46.014],[38.563,46.034],[38.565,46.105],[38.265,46.319],[37.761,46.605],[38.29,46.706],[38.582,46.651],[38.443,46.742],[39.14,47.024],[39.274,47.009],[39.247,47.265],[37.422,47.077],[36.91,46.821],[35.851,46.664],[35.624,46.521],[35.416,46.495],[35.212,46.637],[35.046,46.358],[34.907,46.273],[33.672,46.221],[33.9,46.039],[34.058,46.062],[34.152,45.936],[34.197,46.028],[34.385,45.932],[34.359,45.881],[34.546,45.849],[34.461,45.767],[34.649,45.786],[35.007,45.612],[35.063,45.34],[35.399,45.255],[35.358,45.332],[35.546,45.293],[35.863,45.404],[36.009,45.359],[36.098,45.442],[36.521,45.388],[36.265,45.097],[35.865,45.031],[35.593,45.119],[35.387,45.082],[35.067,44.862],[34.372,44.757],[34.014,44.492],[33.416,44.595],[33.554,44.624],[33.519,44.779],[33.622,44.921],[33.398,45.253],[33.013,45.381],[32.575,45.361],[32.509,45.438],[32.937,45.66],[33.772,45.921],[33.627,45.997],[33.611,46.147],[32.516,46.126],[32.103,46.227],[31.982,46.352],[32.061,46.389],[31.987,46.452],[32.071,46.511],[32.357,46.459],[32.647,46.641],[32.141,46.559],[32.189,46.592],[31.974,46.839],[31.981,47.008],[31.736,47.25],[31.87,47.088],[31.844,47.001],[31.975,46.923],[31.781,46.702],[31.537,46.701],[31.593,46.805],[31.49,46.694],[30.833,46.577],[30.069,45.861],[29.684,45.761],[29.634,45.821],[29.5,45.523],[29.683,45.375],[29.711,45.258],[29.458,44.915],[29.049,44.849],[29.099,44.978],[28.868,44.943],[28.95,44.821],[28.781,44.694],[28.814,44.641],[28.573,44.198],[28.446,43.476],[28.035,43.392],[27.836,42.736],[27.654,42.684],[27.449,42.477],[27.495,42.401],[27.608,42.417],[27.913,42.078],[28.104,41.593],[29.081,41.201],[28.983,41.024],[28.628,40.961],[28.551,41.078],[28.539,40.986],[28.213,41.08],[27.943,40.968],[27.51,40.984],[27.272,40.689],[26.72,40.476],[26.159,40.05],[26.267,40.216],[26.215,40.313],[26.777,40.556],[26.794,40.651],[26.124,40.603],[25.993,40.852],[25.176,40.942],[25.138,41.011],[24.701,40.878],[24.505,40.984],[24.354,40.971],[24.025,40.746],[23.635,40.773],[23.785,40.477],[24.149,40.284],[23.775,40.393],[23.627,40.345],[23.652,40.229],[23.284,40.241],[22.899,40.397],[22.844,40.475],[22.981,40.545],[22.947,40.626],[22.77,40.667],[22.492,40.498],[22.602,40.397],[22.467,40.118],[22.754,39.818],[22.813,39.603],[23.236,39.203],[22.851,39.366],[22.72,39.287],[22.867,39.041],[21.695,39.126],[21.119,39.037],[21.007,39.113],[20.678,39.08],[20.259,39.372],[20.189,39.619],[20.069,39.678],[19.866,40.037],[19.378,40.309],[19.484,40.296],[19.456,40.561],[19.352,40.608],[19.527,40.866],[19.782,42.095],[19.069,44.86],[17.181,45.313],[14.509,46.306],[13.369,47.475],[6.6,46.306],[6.03,48.641],[4.64,48.192],[2.681,48.145],[2.04,47.258],[2.716,45.413],[2.36,44.225],[0.329,43.815],[0.009,42.726],[-1.488,42.385],[-1.381,41.484],[0.235,40.237],[-0.161,39.886],[-0.395,39.434],[-0.166,38.954],[0.173,38.738],[-0.435,38.43],[-0.665,38.177],[-0.872,37.76],[-0.803,37.615],[-1.327,37.558],[-1.631,37.435],[-2.307,37.809],[-3.839,38.202],[-6.262,37.95],[-6.893,37.161],[-7.432,37.253],[-7.836,37.032],[-8.667,37.121],[-8.99,37.023],[-8.796,37.443],[-8.803,38.374],[-8.673,38.414],[-8.769,38.517],[-9.188,38.427],[-9.225,38.626],[-9.074,38.631],[-8.92,38.766],[-8.984,38.948],[-9.176,38.732],[-9.338,38.679],[-9.474,38.703],[-9.495,38.785],[-9.357,39.365],[-9.086,39.615],[-8.863,40.131],[-8.777,40.562],[-8.661,40.687],[-8.678,40.776],[-8.735,40.68],[-8.646,41.019],[-8.881,41.81],[-8.745,41.952],[-8.819,41.919],[-8.86,42.015],[-8.799,42.195],[-8.58,42.352],[-8.753,42.261],[-8.644,42.42],[-8.778,42.597],[-8.719,42.696],[-8.831,42.668],[-8.942,42.824],[-9.25,42.92],[-9.197,43.158],[-8.869,43.321],[-8.31,43.353],[-8.227,43.575],[-7.945,43.738],[-7.636,43.721],[-7.036,43.544],[-7.045,43.49],[-7.017,43.543],[-6.095,43.562],[-5.854,43.648],[-5.678,43.544],[-4.515,43.396],[-4.029,43.448],[-3.022,43.357],[-2.928,43.436],[-2.296,43.296],[-1.915,43.305],[-1.667,43.385],[-1.487,43.571],[-1.226,44.579],[-1.036,44.675],[-1.169,44.776],[-1.249,44.709],[-1.145,45.46],[-0.9,45.294],[-0.728,45.019],[-0.855,45.321],[-1.084,45.564],[-0.797,45.357],[-0.537,44.896],[-0.786,45.472],[-1.241,45.702],[-1.068,45.909],[-1.052,46.038],[-1.149,46.153],[-1.115,46.317],[-1.22,46.29],[-1.73,46.47],[-2.13,46.851],[-1.984,47.034],[-2.17,47.147],[-2.134,47.278],[-1.729,47.211],[-2.022,47.321],[-2.434,47.262],[-2.54,47.297],[-2.527,47.386],[-2.406,47.407],[-2.475,47.499],[-2.361,47.504],[-2.87,47.54],[-2.733,47.546],[-2.698,47.637],[-3.022,47.583],[-3.834,47.801],[-3.955,47.904],[-4.364,47.829],[-4.391,47.942],[-4.7,48.064],[-4.295,48.099],[-4.32,48.208],[-4.588,48.251],[-4.186,48.3],[-4.377,48.326],[-4.35,48.391],[-4.778,48.355],[-4.738,48.551],[-3.994,48.723],[-3.857,48.636],[-3.822,48.721],[-3.583,48.676],[-3.559,48.808],[-3.444,48.835],[-3.124,48.865],[-2.685,48.502],[-2.336,48.67],[-2.039,48.6],[-1.977,48.512],[-2.017,48.651],[-1.915,48.7],[-1.858,48.608],[-1.369,48.644],[-1.565,48.761],[-1.58,49.229],[-1.834,49.456],[-1.849,49.636],[-1.941,49.709],[-1.264,49.684],[-1.303,49.547],[-1.177,49.333],[-1.03,49.396],[-0.228,49.284],[0.033,49.334],[0.494,49.488],[0.09,49.511],[0.189,49.681],[1.442,50.103],[1.604,50.369],[1.607,50.83],[3.18,51.336],[3.727,51.354],[3.818,51.342],[3.452,50.924],[3.248,50.343],[4.927,49.853],[6.809,50.57],[7.979,50.017],[7.115,47.606],[12.66,47.743],[13.779,48.523],[15.916,48.219],[18.51,48.151],[19.375,48.926],[21.257,48.893],[21.512,49.557],[23.19,50.115],[27.413,50.408],[28.379,51.243],[26.987,51.879],[28.403,52.415],[29.878,54.518],[29.509,55.669],[29.623,56.469],[30.076,57.952],[34.414,56.042],[37.337,56.79],[38.559,57.757],[39.039,57.92],[40.042,57.383],[43.488,57.265],[42.18,59.35],[39.737,60.957],[38.889,61.237],[38.894,61.467],[38.708,61.421],[38.649,61.317],[37.337,61.751],[36.385,61.231],[36.406,61.411],[35.689,62.04],[35.823,62.352],[35.771,62.496],[34.533,62.916],[34.48,62.874],[34.739,62.621],[34.943,62.643],[35.352,62.523],[35.559,62.319],[35.554,62.236],[35.341,62.149],[35.046,62.229],[35.168,62.097],[35.075,62.054],[34.532,62.546],[34.696,62.365],[34.609,62.339],[34.653,62.109],[34.591,62.096],[34.343,62.199],[34.027,62.512],[33.941,62.482],[34.566,61.969],[34.562,61.824],[34.315,61.869],[34.388,61.796],[35.304,61.43],[35.578,61.246],[35.632,61.108],[35.527,61.023],[35.062,61.126],[35.231,61.165],[35.157,61.194],[34.804,61.15],[34.846,61.027],[35.4,61.04],[35.76,60.891],[35.374,60.68],[34.414,60.935],[32.832,60.728],[32.527,61.118],[31.604,61.423],[31.365,61.627],[31.098,61.62],[30.852,61.775],[30.594,61.606],[30.606,61.541],[30.239,61.515],[30.193,61.327],[30.079,61.243],[29.891,61.295],[29.825,61.216],[30.409,60.928],[30.528,60.812],[30.534,60.63],[30.724,60.562],[31.115,60.135],[31.145,60.006],[31.043,59.951],[31.101,59.929],[30.506,59.699],[30.574,59.99],[29.979,60.458],[29.032,60.184],[28.516,60.473],[28.708,60.461],[28.663,60.582],[28.553,60.604],[28.683,60.614],[28.734,60.713],[28.672,60.738],[28.093,60.529],[27.763,60.575],[27.738,60.511],[27.473,60.476],[27.215,60.586],[26.96,60.442],[26.532,60.436],[26.595,60.598],[26.754,60.572],[26.646,60.645],[26.422,60.392],[26.051,60.427],[26.112,60.33],[26.042,60.293],[25.838,60.401],[25.92,60.242],[25.754,60.315],[25.846,60.265],[25.721,60.248],[25.662,60.362],[25.489,60.246],[24.603,60.122],[24.482,59.991],[24.333,60.072],[23.427,59.954],[23.538,60.07],[23.185,59.827],[23.085,59.879],[23.257,59.919],[23.335,60.027],[23.107,59.922],[23.26,60.036],[22.996,60.054],[23.042,60.121],[22.934,60.12],[23.005,60.209],[22.895,60.207],[23.079,60.351],[22.556,60.213],[22.447,60.244],[22.632,60.392],[22.277,60.386],[21.937,60.521],[21.803,60.482],[21.824,60.619],[21.588,60.507],[21.52,60.574],[21.443,60.694],[21.427,61.015],[21.554,61.309],[21.498,61.574],[21.668,61.547],[21.411,61.891],[21.28,61.948],[21.389,62.209],[21.337,62.349],[21.112,62.457],[21.066,62.616],[21.195,62.761],[21.481,62.889],[21.514,63.067],[21.686,63.025],[21.515,63.131],[21.666,63.187],[22.075,63.103],[22.292,63.203],[22.589,63.696],[22.704,63.581],[22.826,63.581],[24.47,64.636],[24.932,64.816],[25.325,64.802],[25.312,64.983],[25.449,64.961],[25.267,65.17],[25.353,65.477],[25.07,65.611],[24.669,65.655],[24.554,65.776],[24.689,65.896],[24.409,65.766],[23.25,65.801],[23.132,65.712],[22.646,65.935],[22.358,65.856],[22.1,65.603],[21.767,65.722],[22.085,65.586],[22.02,65.515],[21.852,65.53],[21.991,65.483],[21.852,65.396],[21.261,65.337],[21.419,65.305],[21.277,65.212],[21.48,65.03],[21.244,64.948],[21.183,64.83],[21.045,64.848],[21.086,64.787],[20.921,64.714],[21.386,64.385],[20.996,64.163]],[[5.341,61.589],[5.277,61.59],[5.341,61.589]],[[15.263,63.961],[15.52,63.85],[15.542,63.76],[15.642,63.808],[15.824,63.754],[15.395,64.019],[15.21,64.322],[14.356,64.42],[13.802,64.66],[13.71,64.636],[14.328,64.388],[15.037,64.285],[15.419,63.959],[15.263,63.961]],[[13.198,64.684],[13.635,64.686],[13.399,64.785],[13.198,64.684]],[[56.618,59.632],[55.477,59.504],[54.274,58.16],[50.282,57.177],[47.669,55.952],[47.542,54.839],[48.442,54.608],[48.387,54.168],[48.813,53.939],[48.992,53.44],[49.205,53.368],[49.137,53.309],[48.759,53.324],[49.094,53.27],[49.23,53.284],[49.316,53.402],[49.905,53.457],[49.087,53.534],[49.127,53.825],[49.369,53.695],[49.218,53.934],[49.742,54.191],[49.02,54.015],[48.848,54.045],[48.499,54.334],[48.631,54.435],[48.864,54.462],[48.908,54.548],[50.092,54.621],[54.147,55.168],[56.428,56.414],[57.125,58.193],[56.618,59.632]],[[54.034,36.874],[53.88,38.025],[53.937,38.385],[59.092,38.465],[58.416,37.764],[58.844,36.777],[60.394,36.338],[62.097,37.02],[62.584,38.284],[61.738,38.693],[62.737,38.92],[63.844,40.291],[64.753,42.281],[65.03,44.182],[64.2,46.078],[61.077,48.7],[56.689,50.342],[53.724,49.656],[52.696,48.281],[52.584,46.978],[52.437,46.992],[52.321,46.866],[52.142,46.838],[51.791,47.009],[51.19,47.115],[50.786,46.94],[50.43,46.901],[49.818,46.544],[49.324,46.565],[49.374,46.405],[49.254,46.423],[49.238,46.263],[48.628,46.083],[48.753,45.896],[48.557,45.965],[48.241,45.757],[47.84,45.688],[47.552,45.769],[47.637,45.553],[47.38,45.745],[47.569,45.557],[47.503,45.557],[47.491,45.422],[47.097,44.824],[46.772,44.692],[46.68,44.511],[46.76,44.392],[47.032,44.352],[47.266,44.144],[47.501,43.774],[47.364,43.616],[47.407,43.501],[47.565,43.844],[47.484,43.418],[47.588,43.297],[47.483,43.208],[47.464,43.014],[47.697,42.866],[47.732,42.642],[48.118,42.326],[48.387,41.926],[48.678,41.783],[49.04,41.414],[49.222,41.018],[49.538,40.779],[49.528,40.663],[49.72,40.577],[50.033,40.576],[50.364,40.356],[50.371,40.3],[49.847,40.322],[49.567,40.21],[49.427,40.06],[49.392,39.692],[49.281,39.501],[49.414,39.378],[49.258,39.319],[49.206,39.078],[49.116,39.187],[48.932,39.114],[48.745,37.727],[48.837,37.511],[49.476,37.292],[50.039,37.225],[50.252,36.895],[50.561,36.686],[51.417,36.456],[51.796,36.432],[53.8,36.679],[54.034,36.874]],[[90.193,22.109],[90.238,22.193],[90.061,21.992],[90.193,22.109]],[[37.195,12.231],[37.048,12.21],[37.002,11.907],[37.058,11.834],[37.253,11.82],[37.387,11.632],[37.592,12.117],[37.46,12.303],[37.195,12.231]],[[32.914,25.105],[32.794,26.171],[31.781,26.926],[30.985,26.861],[31.033,26.084],[31.805,25.759],[31.998,23.832],[31.467,23.168],[31.437,22.193],[31.091,21.609],[31.319,21.812],[31.541,22.201],[31.974,22.234],[32.863,22.976],[32.99,22.955],[32.925,23.028],[33.276,24.118],[32.914,25.105]],[[35.494,31.205],[35.382,31.216],[35.417,31.104],[35.498,31.105],[35.494,31.205]],[[35.421,31.619],[35.403,31.348],[35.521,31.327],[35.559,31.766],[35.421,31.619]],[[14.259,13.004],[14.347,12.877],[14.686,12.993],[14.742,13.078],[14.653,13.208],[14.496,13.239],[14.342,13.162],[14.259,13.004]],[[33.533,38.523],[33.674,38.712],[33.458,38.854],[33.424,39.056],[33.305,39.127],[33.293,38.967],[33.158,38.772],[33.533,38.523]],[[33.705,47.061],[33.54,46.831],[33.687,46.861],[33.904,47.159],[34.173,47.325],[34.19,47.42],[34.592,47.52],[34.961,47.406],[35.302,47.492],[35.106,47.842],[34.997,47.588],[33.984,47.556],[33.963,47.331],[33.705,47.061]],[[17.269,46.742],[17.476,46.724],[18.164,47.011],[18.078,47.055],[17.269,46.742]],[[116.002,29.394],[115.965,29.311],[116.097,29.106],[116.512,28.804],[116.496,29.122],[116.706,29.136],[116.64,29.237],[116.469,29.25],[116.362,29.154],[116.368,29.223],[116.153,29.253],[116.196,29.362],[116.11,29.427],[116.235,29.666],[116.198,29.751],[116.082,29.703],[116.002,29.394]],[[116.044,29.881],[116.254,29.935],[116.242,30.032],[115.985,30.016],[116.044,29.881]],[[116.298,30.086],[116.29,29.994],[116.52,29.988],[116.298,30.086]],[[37.843,6.073],[38.138,6.577],[37.869,6.491],[37.887,6.263],[37.701,6.015],[37.843,6.073]],[[42.399,11.693],[42.441,11.64],[42.399,11.693]],[[81.584,30.7],[81.376,30.758],[81.434,30.591],[81.584,30.7]],[[81.309,30.636],[81.294,30.817],[81.199,30.852],[81.126,30.662],[81.309,30.636]],[[47.608,30.689],[47.021,31.632],[45.296,32.597],[44.64,33.147],[45.141,34.537],[44.433,33.393],[43.42,33.706],[43.478,33.729],[43.467,33.95],[43.116,34.329],[43.074,34.113],[43.172,33.825],[41.707,34.438],[41.742,33.824],[43.95,32.945],[44.054,32.057],[44.899,31.515],[45.917,30.211],[47.608,30.583],[47.491,30.663],[47.608,30.689]],[[85.889,30.952],[85.476,31.045],[85.352,30.944],[85.513,30.846],[85.692,30.87],[85.802,30.759],[85.889,30.952]],[[83.094,31.492],[83.341,31.462],[83.1,31.652],[82.837,31.564],[83.094,31.492]],[[75.938,32.061],[75.975,31.972],[76.169,31.9],[75.983,32.153],[75.938,32.061]],[[43.668,32.553],[43.793,32.535],[43.878,32.688],[43.55,33.079],[43.469,33.011],[43.438,32.715],[43.668,32.553]],[[88.948,31.7],[88.946,31.625],[89.138,31.602],[89.323,31.823],[88.968,31.918],[88.789,31.829],[88.566,31.844],[88.685,31.729],[88.948,31.7]],[[87.424,31.912],[87.415,31.852],[87.596,31.903],[87.546,31.969],[87.424,31.912]],[[91.518,31.943],[91.511,32.133],[91.424,32.062],[91.518,31.943]],[[89.71,33.469],[89.83,33.256],[89.97,33.48],[89.71,33.469]],[[104.008,12.804],[104.105,12.789],[104.258,12.564],[104.591,12.432],[104.44,12.724],[104.235,12.764],[103.981,13.179],[103.731,13.25],[103.806,12.947],[104.008,12.804]],[[102.791,18.569],[102.506,18.746],[102.646,18.45],[102.894,18.541],[102.791,18.569]],[[90.633,29.192],[90.386,29.107],[90.654,29.126],[90.594,28.903],[90.447,28.878],[90.508,28.804],[90.808,28.938],[91.003,28.904],[90.919,29.021],[90.788,28.991],[90.633,29.192]],[[113.249,29.904],[113.312,29.749],[113.454,29.914],[113.249,29.904]],[[114.137,29.862],[114.101,30.022],[113.941,29.981],[113.969,29.88],[114.087,29.934],[114.137,29.862]],[[114.218,29.901],[114.301,30.025],[114.249,30.141],[114.147,30.083],[114.218,29.901]],[[114.509,30.194],[114.623,30.096],[114.603,30.3],[114.458,30.364],[114.496,30.289],[114.35,30.196],[114.445,30.085],[114.509,30.194]],[[116.526,30.089],[116.539,30.207],[116.314,30.23],[116.526,30.089]],[[114.806,30.345],[114.674,30.3],[114.679,30.228],[114.778,30.215],[114.739,30.279],[114.839,30.287],[114.806,30.345]],[[120.395,31.1],[120.431,31.2],[120.326,31.32],[120.38,31.429],[120.219,31.532],[119.987,31.392],[119.978,31.091],[120.103,30.973],[120.394,30.971],[120.602,31.087],[120.395,31.1]],[[118.867,31.546],[118.723,31.542],[118.78,31.409],[118.96,31.465],[118.941,31.554],[118.867,31.546]],[[114.655,30.346],[114.739,30.494],[114.609,30.496],[114.601,30.399],[114.482,30.431],[114.655,30.346]],[[114.622,30.608],[114.781,30.701],[114.646,30.715],[114.622,30.608]],[[90.289,30.847],[90.346,30.524],[90.714,30.641],[91.014,30.839],[90.944,30.924],[90.579,30.829],[90.289,30.847]],[[86.607,31.034],[86.777,31.166],[86.742,31.342],[86.654,31.367],[86.419,30.807],[86.494,30.811],[86.607,31.034]],[[90.322,33.363],[90.401,33.526],[90.319,33.702],[90.29,33.475],[90.006,33.437],[90.247,33.325],[90.322,33.363]],[[97.062,34.979],[97.23,34.826],[97.468,34.976],[97.062,34.979]],[[97.847,34.882],[97.763,35.088],[97.547,34.876],[97.648,34.788],[97.887,34.838],[97.847,34.882]],[[91.033,35.65],[90.95,35.634],[91.268,35.528],[91.316,35.595],[91.033,35.65]],[[78.758,33.747],[78.49,33.974],[78.443,33.939],[78.734,33.677],[78.976,33.723],[78.758,33.747]],[[45.663,37.288],[45.831,37.341],[45.858,37.426],[45.747,37.701],[45.436,37.806],[45.487,38.073],[45.357,38.264],[45.106,38.264],[45.015,38.144],[45.188,38.108],[45.087,37.885],[45.234,37.764],[45.365,37.227],[45.536,37.135],[45.663,37.288]],[[100.628,36.557],[100.704,36.589],[100.753,36.811],[100.275,37.15],[99.836,37.182],[99.816,36.955],[99.65,36.911],[99.958,36.679],[100.628,36.557]],[[89.611,37.495],[89.645,37.575],[89.487,37.628],[89.082,37.587],[89.611,37.495]],[[90.347,40.481],[90.217,40.826],[90.088,40.728],[90.381,40.19],[90.442,40.23],[90.347,40.481]],[[87.375,41.851],[87.315,42.017],[86.889,42.108],[86.728,41.85],[87.102,41.901],[87.375,41.851]],[[42.923,38.39],[43.088,38.326],[43.235,38.407],[43.318,38.489],[43.186,38.603],[43.21,38.716],[43.611,38.947],[43.152,38.948],[43.075,38.916],[43.163,38.846],[43.079,38.809],[42.526,38.745],[42.353,38.5],[42.856,38.484],[42.923,38.39]],[[44.972,40.542],[45.183,40.385],[45.276,40.164],[45.651,40.195],[45.602,40.318],[45.373,40.479],[45.015,40.614],[44.972,40.542]],[[68.28,41.052],[68.456,41.107],[67.933,41.225],[68.024,41.099],[68.28,41.052]],[[72.658,41.874],[72.679,41.663],[73.3,41.776],[72.658,41.874]],[[76.227,42.389],[77.023,42.173],[77.515,42.182],[77.716,42.24],[77.871,42.428],[78.303,42.588],[78.119,42.642],[78.249,42.734],[77.337,42.67],[76.226,42.461],[76.227,42.389]],[[74.083,45.352],[74.101,45.537],[74.313,45.671],[74.243,45.752],[74.303,45.79],[74.278,46.004],[74.55,46.006],[74.771,46.108],[74.911,46.405],[75.212,46.427],[75.304,46.519],[75.406,46.471],[75.463,46.671],[75.553,46.673],[75.492,46.596],[75.611,46.507],[76.238,46.555],[77.104,46.454],[77.429,46.5],[78.445,46.297],[78.465,46.392],[78.971,46.406],[79.245,46.68],[79.084,46.81],[78.991,46.749],[78.823,46.795],[78.476,46.625],[78.368,46.643],[78.297,46.469],[78.136,46.595],[77.86,46.648],[77.175,46.556],[77.082,46.625],[76.45,46.641],[76.203,46.78],[75.826,46.818],[75.338,46.73],[75.089,46.814],[74.625,46.752],[74.375,46.518],[74.023,46.369],[73.95,46.288],[74.021,46.205],[73.679,46.183],[73.663,46.062],[73.737,46.013],[73.56,45.816],[73.44,45.806],[73.532,45.734],[73.437,45.609],[73.999,45.189],[74.017,45.013],[74.1,44.989],[74.156,45.271],[74.083,45.352]],[[92.405,48.156],[92.483,48.339],[92.287,48.352],[92.249,48.13],[91.976,48.01],[91.991,47.933],[92.2,47.769],[92.354,47.964],[92.787,48.178],[92.802,48.253],[92.638,48.33],[92.643,48.193],[92.405,48.156]],[[93.421,49.226],[93.059,49.322],[92.832,49.253],[93.397,48.991],[93.799,49.129],[93.421,49.226]],[[90.942,50.214],[90.891,50.136],[90.961,50.08],[91.131,50.13],[90.942,50.214]],[[92.722,50.01],[93.362,50.282],[93.076,50.428],[92.893,50.658],[92.235,50.413],[92.382,50.142],[92.722,50.01]],[[82.038,46.08],[81.976,46.279],[81.761,46.431],[81.53,46.452],[81.399,46.305],[81.427,46.055],[82.133,45.764],[82.038,46.08]],[[83.757,49.564],[83.964,49.726],[83.608,49.606],[83.364,49.644],[83.66,49.443],[83.849,49.417],[84.121,49.159],[83.471,48.858],[83.387,48.554],[83.533,48.375],[83.498,48.305],[83.027,48.212],[84.296,47.699],[84.516,47.93],[83.581,48.267],[83.919,48.397],[83.613,48.437],[83.487,48.718],[83.514,48.813],[83.609,48.91],[84.361,49.161],[83.757,49.564]],[[69.259,50.311],[69.047,50.426],[69.275,50.588],[69.612,50.615],[69.617,50.676],[69.371,50.719],[69.091,50.564],[68.861,50.571],[68.69,50.266],[68.938,50.179],[69.256,50.254],[69.259,50.311]],[[64.649,52.553],[64.967,52.731],[64.982,52.883],[64.501,52.535],[64.649,52.553]],[[79.472,53.102],[79.4,52.944],[79.734,52.842],[79.809,52.996],[79.738,53.092],[79.472,53.102]],[[73.031,53.384],[72.933,53.26],[73.088,53.269],[73.407,53.072],[73.405,53.361],[73.031,53.384]],[[77.741,54.661],[77.643,54.803],[78.049,54.927],[78.033,54.975],[77.57,55.053],[77.327,54.968],[77.245,54.856],[77.134,54.923],[76.747,54.832],[76.734,54.717],[76.826,54.701],[77.245,54.723],[77.6,54.614],[77.741,54.661]],[[117.652,31.654],[117.543,31.591],[117.366,31.709],[117.297,31.65],[117.563,31.445],[117.784,31.579],[117.941,31.521],[117.652,31.654]],[[119.3,32.748],[119.407,32.794],[119.304,33.164],[119.17,33.186],[119.059,33.058],[118.882,33.077],[119.099,33.027],[119.237,33.154],[119.314,33.054],[119.242,32.896],[119.079,32.855],[119.173,32.686],[119.3,32.748]],[[118.249,33.221],[118.454,33.16],[118.407,33.01],[118.34,32.994],[118.114,33.215],[117.912,33.181],[117.809,33.048],[117.979,33.142],[118.182,33.139],[118.24,33.008],[118.05,32.964],[118.142,32.986],[118.227,32.897],[118.492,32.998],[118.605,33.172],[118.716,33.089],[118.861,33.357],[118.664,33.463],[118.544,33.645],[118.488,33.54],[118.607,33.376],[118.446,33.407],[118.318,33.268],[118.233,33.288],[118.249,33.221]],[[117.128,34.663],[117.21,34.498],[117.326,34.587],[117.179,34.719],[117.128,34.663]],[[132.017,45.127],[132.109,44.969],[132.069,44.743],[132.366,44.529],[132.614,44.711],[132.81,45.052],[132.725,45.23],[132.402,45.329],[132.071,45.287],[132.017,45.127]],[[117.856,47.825],[117.801,47.95],[117.709,47.948],[117.529,47.739],[117.606,47.666],[117.856,47.825]],[[116.988,48.841],[117.096,48.705],[117.089,48.579],[117.229,48.585],[117.772,49.059],[118.035,49.071],[117.716,49.18],[117.707,49.322],[117.636,49.342],[116.988,48.841]],[[100.38,51.466],[100.402,51.392],[100.284,51.25],[100.193,50.494],[100.473,50.603],[100.472,50.739],[100.688,50.983],[100.77,51.293],[100.787,51.397],[100.559,51.61],[100.38,51.466]],[[105.798,51.701],[106.187,51.956],[106.314,52.323],[106.497,52.383],[106.806,52.329],[107.099,52.542],[107.948,52.78],[108.288,52.989],[108.392,53.163],[108.931,53.344],[108.989,53.45],[108.921,53.566],[108.532,53.513],[108.944,53.862],[109.061,53.831],[109.03,53.639],[109.178,53.638],[109.211,53.828],[109.538,54.116],[109.523,54.559],[109.765,55.04],[109.861,55.575],[109.955,55.672],[109.847,55.755],[109.576,55.771],[109.193,55.536],[109.171,55.194],[108.917,54.951],[108.786,54.672],[108.224,53.976],[107.627,53.611],[107.535,53.439],[106.852,53.103],[106.774,53.022],[106.881,52.973],[106.537,52.706],[106.06,52.512],[105.57,52.108],[105.165,51.906],[103.713,51.694],[104.156,51.535],[104.655,51.482],[105.798,51.701]],[[102.33,55.271],[102.118,55.053],[102.43,55.285],[102.311,55.401],[102.386,55.544],[102.102,55.628],[102.085,55.718],[101.913,55.783],[101.986,56.026],[102.53,56.158],[102.921,56.063],[103.139,55.685],[103.282,55.159],[103.07,54.921],[103.033,54.782],[103.218,54.487],[103.106,54.415],[102.987,54.156],[103.208,53.806],[102.868,53.79],[103.275,53.677],[103.374,53.107],[103.44,53.519],[103.609,53.552],[103.726,53.484],[103.737,53.554],[103.435,53.679],[103.103,54.147],[103.261,54.342],[103.463,54.16],[103.154,54.801],[103.364,55.219],[103.226,55.558],[103.247,55.714],[103.062,55.92],[103.023,56.214],[102.626,56.253],[102.522,56.349],[102.462,56.253],[102.26,56.255],[101.945,56.125],[101.964,56.227],[101.767,56.287],[101.672,56.135],[101.706,55.973],[101.275,55.982],[101.788,55.772],[101.806,55.654],[101.979,55.523],[101.757,55.469],[101.789,55.414],[102.3,55.53],[102.26,55.409],[102.33,55.271]],[[111.592,63.077],[111.709,63.187],[111.844,63.16],[111.633,62.973],[111.399,62.919],[112.175,62.765],[112.368,62.842],[112.4,63.0],[112.48,63.02],[112.234,63.126],[112.125,63.432],[111.816,63.383],[112.047,63.315],[112.12,63.13],[112.155,62.97],[111.998,62.9],[111.829,62.96],[111.985,63.097],[111.9,63.219],[111.536,63.288],[111.558,63.165],[111.273,63.119],[111.16,63.176],[111.143,63.424],[111.042,63.311],[111.086,63.094],[110.944,62.997],[110.719,63.063],[110.918,63.178],[110.744,63.239],[110.546,63.198],[110.474,63.25],[110.61,63.388],[110.127,63.536],[110.136,63.621],[109.899,63.456],[109.587,63.455],[109.848,63.382],[110.274,63.4],[110.389,63.35],[110.374,63.242],[110.039,63.208],[110.484,63.136],[110.431,62.989],[111.139,62.848],[111.194,62.707],[111.09,62.57],[110.784,62.528],[111.137,62.483],[111.243,62.309],[111.12,62.221],[111.156,62.11],[111.088,62.051],[110.145,62.204],[109.816,62.055],[109.627,62.053],[109.56,61.799],[110.16,62.124],[111.046,61.99],[111.399,62.058],[111.286,62.191],[111.604,62.214],[111.39,62.327],[111.666,62.331],[111.293,62.431],[111.424,62.653],[111.345,62.847],[111.191,62.94],[111.207,63.005],[111.592,63.077]],[[139.816,53.34],[139.881,53.556],[139.658,53.456],[139.816,53.34]],[[174.352,64.676],[174.207,64.513],[174.338,64.437],[174.671,64.481],[174.804,64.65],[174.429,64.569],[174.352,64.676]],[[160.17,69.327],[159.808,69.347],[160.48,69.25],[160.17,69.327]],[[160.22,69.519],[160.055,69.538],[160.099,69.485],[160.033,69.41],[160.248,69.352],[160.206,69.411],[160.445,69.43],[160.22,69.519]],[[32.17,49.404],[33.163,48.994],[33.194,49.119],[32.712,49.559],[32.632,49.382],[31.888,49.554],[32.17,49.404]],[[80.269,55.561],[79.823,55.423],[80.1,55.413],[80.308,55.494],[80.269,55.561]],[[67.483,55.806],[67.351,55.868],[67.298,55.745],[67.504,55.713],[67.679,55.801],[67.483,55.806]],[[71.862,56.192],[71.625,56.178],[71.718,56.058],[72.009,56.177],[71.862,56.192]],[[35.055,67.827],[34.995,67.801],[35.08,67.707],[35.26,67.88],[35.291,68.078],[35.099,67.979],[35.158,67.906],[35.055,67.827]],[[71.37,67.947],[71.298,67.889],[71.65,67.895],[71.786,67.993],[71.708,68.037],[71.37,67.947]],[[71.381,67.997],[71.093,68.103],[70.93,68.065],[71.381,67.997]],[[70.79,70.096],[70.749,70.033],[70.851,69.969],[71.058,69.988],[70.943,70.054],[70.941,70.139],[70.79,70.096]],[[70.128,70.076],[70.231,70.011],[70.512,70.055],[70.174,70.136],[70.128,70.076]],[[89.313,68.335],[89.935,68.24],[92.331,68.426],[92.104,68.509],[90.232,68.369],[89.315,68.388],[89.313,68.335]],[[91.306,68.793],[91.713,68.862],[90.445,68.758],[89.547,68.819],[90.05,68.702],[91.306,68.793]],[[89.761,69.489],[90.099,69.539],[91.559,69.418],[91.436,69.51],[91.08,69.488],[90.205,69.625],[88.825,69.339],[89.469,69.378],[89.761,69.489]],[[87.349,69.889],[87.609,69.809],[87.728,69.513],[88.161,69.498],[87.66,69.921],[87.939,70.025],[87.925,70.09],[87.41,70.004],[87.349,69.889]],[[70.372,70.153],[70.821,70.191],[70.344,70.2],[70.372,70.153]],[[27.342,61.001],[27.535,60.938],[27.849,60.984],[27.724,61.078],[27.579,60.984],[27.342,61.001]],[[22.632,61.234],[22.579,61.211],[23.293,61.452],[23.053,61.429],[22.632,61.234]],[[24.161,61.28],[24.279,61.293],[24.128,61.344],[24.194,61.457],[24.469,61.528],[24.456,61.59],[24.691,61.721],[24.321,61.633],[24.358,61.587],[24.043,61.423],[23.952,61.224],[23.773,61.283],[23.781,61.214],[24.439,61.031],[24.355,61.162],[24.014,61.231],[24.161,61.28]],[[26.543,61.688],[26.295,61.716],[26.219,61.841],[26.126,61.767],[25.944,61.796],[25.891,61.675],[26.114,61.542],[26.183,61.629],[26.077,61.704],[26.545,61.609],[26.543,61.688]],[[24.582,62.18],[24.595,62.09],[24.343,62.146],[24.565,62.045],[24.324,62.03],[24.321,62.115],[24.181,62.045],[24.117,62.092],[24.181,62.157],[23.954,62.16],[23.999,62.232],[23.855,62.14],[23.645,62.215],[23.681,62.116],[24.003,62.076],[24.032,61.974],[23.708,61.865],[23.57,61.641],[23.709,61.511],[23.349,61.39],[23.717,61.262],[23.507,61.391],[23.776,61.521],[23.834,61.636],[23.739,61.651],[23.758,61.786],[24.105,61.951],[24.094,62.02],[24.706,61.921],[24.63,62.043],[24.722,62.198],[24.63,62.263],[24.582,62.18]],[[26.35,61.834],[26.796,61.558],[26.89,61.569],[26.879,61.626],[26.743,61.694],[27.045,61.671],[26.9,61.753],[26.819,61.948],[26.588,62.037],[26.81,61.887],[26.531,61.939],[26.376,61.87],[26.412,61.976],[26.276,61.866],[26.35,61.834]],[[30.853,62.049],[30.885,61.941],[31.053,61.97],[30.926,62.083],[30.853,62.049]],[[26.056,62.521],[25.938,62.462],[25.821,62.613],[26.029,62.632],[25.98,62.706],[26.067,62.819],[26.364,62.768],[25.903,63.111],[25.792,63.092],[25.623,63.216],[25.44,63.128],[25.368,63.007],[25.436,62.975],[25.617,63.071],[25.934,62.913],[25.818,62.794],[25.894,62.72],[25.632,62.627],[25.922,62.385],[25.668,62.136],[25.472,62.142],[25.671,62.059],[25.51,61.931],[25.317,61.902],[25.444,61.844],[25.389,61.794],[25.209,61.794],[25.418,61.626],[25.188,61.532],[25.194,61.475],[25.5,61.229],[25.356,61.076],[25.592,61.024],[25.531,61.115],[25.67,61.273],[26.026,61.17],[26.102,61.101],[26.025,60.961],[26.241,61.102],[26.148,61.256],[26.257,61.247],[26.275,61.374],[26.082,61.196],[25.547,61.335],[25.543,61.423],[25.641,61.467],[25.573,61.494],[25.586,61.591],[25.706,61.601],[25.721,61.813],[25.588,61.793],[25.701,61.885],[25.641,61.95],[25.878,62.021],[25.826,62.148],[25.876,62.206],[25.951,62.145],[25.956,62.356],[26.128,62.28],[26.173,62.358],[26.312,62.368],[26.273,62.551],[26.558,62.49],[26.407,62.418],[26.42,62.318],[26.69,62.596],[26.736,62.494],[26.909,62.456],[26.819,62.564],[26.999,62.613],[26.88,62.796],[27.092,62.842],[26.889,62.895],[27.033,63.019],[26.765,62.98],[26.73,62.836],[26.568,62.9],[26.822,62.697],[26.813,62.623],[26.359,62.854],[26.451,62.633],[26.178,62.55],[26.16,62.388],[26.056,62.521]],[[29.345,62.186],[28.826,62.134],[28.786,62.177],[28.87,62.235],[28.666,62.387],[28.699,62.328],[28.566,62.222],[27.97,62.259],[28.04,62.409],[27.758,62.583],[27.849,62.719],[28.057,62.69],[28.138,62.538],[28.103,62.442],[28.367,62.587],[28.659,62.42],[28.898,62.39],[28.264,62.663],[28.149,62.804],[28.154,62.933],[28.352,63.04],[27.888,63.019],[27.767,63.1],[27.77,62.946],[27.44,63.023],[27.264,63.146],[27.363,63.316],[27.183,63.518],[26.899,63.584],[27.135,63.496],[27.239,63.332],[27.176,63.084],[27.494,62.863],[27.684,62.912],[27.608,62.601],[27.67,62.513],[27.178,62.553],[27.547,62.412],[27.8,62.429],[27.926,62.133],[28.403,62.069],[28.838,61.863],[28.262,61.744],[28.185,61.544],[28.054,61.511],[27.626,61.801],[27.758,61.656],[27.359,61.531],[27.329,61.693],[27.27,61.324],[27.519,61.23],[28.072,61.233],[28.197,61.163],[27.882,61.157],[27.947,61.068],[28.788,61.204],[28.867,61.247],[28.714,61.352],[28.345,61.349],[28.79,61.59],[28.629,61.642],[29.098,61.578],[29.777,61.889],[29.685,62.004],[29.492,62.046],[29.518,62.123],[29.982,62.133],[29.599,62.27],[29.926,62.434],[29.697,62.609],[29.593,62.527],[29.626,62.419],[29.279,62.599],[29.345,62.186]],[[29.188,62.684],[29.454,62.641],[29.522,62.706],[29.293,62.805],[29.188,62.684]],[[29.812,62.732],[29.747,62.876],[29.494,63.029],[29.583,62.888],[29.521,62.833],[29.44,62.894],[29.458,62.833],[29.666,62.682],[29.812,62.732]],[[36.776,62.239],[36.983,62.211],[37.015,62.428],[36.847,62.459],[36.776,62.239]],[[33.257,63.423],[33.307,63.284],[33.499,63.216],[34.066,63.229],[33.933,63.418],[33.697,63.409],[33.586,63.487],[33.257,63.423]],[[35.049,63.399],[35.413,63.448],[35.013,63.506],[34.857,63.721],[34.428,63.848],[34.347,63.851],[34.214,63.676],[34.215,63.613],[34.358,63.697],[34.517,63.484],[34.804,63.326],[34.899,63.055],[34.863,62.919],[34.953,63.181],[34.829,63.434],[35.049,63.399]],[[30.999,63.668],[31.129,63.613],[31.08,63.78],[31.199,63.786],[30.797,63.922],[30.727,63.825],[30.999,63.668]],[[30.539,62.82],[30.481,62.788],[30.659,62.767],[30.847,62.954],[30.831,63.027],[30.615,62.966],[30.539,62.82]],[[29.966,63.265],[29.092,63.573],[29.042,63.475],[29.393,63.183],[29.814,63.145],[30.137,62.929],[30.216,62.868],[30.09,62.729],[30.317,62.809],[29.994,63.14],[29.966,63.265]],[[26.468,63.024],[26.65,62.961],[26.592,63.089],[26.741,63.227],[26.649,63.293],[26.717,63.314],[26.423,63.354],[26.586,63.234],[26.491,63.17],[26.232,63.264],[26.468,63.024]],[[27.727,64.397],[27.365,64.33],[27.217,64.414],[27.214,64.497],[26.866,64.53],[26.78,64.391],[26.942,64.238],[27.258,64.12],[27.323,64.209],[27.562,64.274],[28.188,64.131],[27.765,64.245],[27.93,64.307],[27.925,64.381],[27.727,64.397]],[[31.37,64.5],[32.002,64.405],[32.044,64.46],[31.765,64.557],[31.743,64.477],[31.37,64.5]],[[31.829,64.96],[31.576,65.137],[31.346,65.181],[30.974,65.183],[30.646,65.074],[30.362,65.149],[30.721,64.995],[30.54,64.931],[31.246,65.117],[31.482,65.096],[31.545,65.003],[31.955,64.864],[31.829,64.96]],[[32.664,65.477],[32.425,65.542],[32.329,65.7],[32.051,65.876],[31.507,65.795],[31.996,65.569],[32.706,65.388],[32.664,65.477]],[[32.931,65.957],[32.898,66.043],[32.751,65.975],[32.849,65.894],[32.704,65.83],[32.743,65.769],[33.072,65.833],[33.087,65.909],[32.931,65.957]],[[158.934,70.092],[158.546,70.099],[158.792,69.99],[158.934,70.092]],[[141.96,72.484],[142.194,72.562],[141.586,72.57],[141.639,72.476],[141.96,72.484]],[[101.986,74.413],[102.041,74.502],[103.569,74.593],[105.333,74.814],[104.264,75.121],[103.878,74.928],[104.234,74.814],[103.253,74.676],[101.059,74.681],[100.573,74.823],[100.612,75.036],[100.109,75.16],[100.027,75.125],[100.463,75.007],[100.097,74.861],[100.434,74.722],[100.495,74.577],[100.171,74.44],[99.507,74.4],[100.9,74.256],[101.104,73.992],[100.949,73.894],[101.435,73.838],[101.533,73.841],[101.529,73.953],[101.156,74.246],[101.103,74.387],[100.856,74.463],[101.366,74.479],[101.313,74.404],[101.426,74.356],[102.19,74.24],[101.986,74.413]],[[17.577,66.005],[17.72,65.979],[17.74,65.857],[17.955,65.864],[18.093,65.629],[18.509,65.66],[18.14,65.778],[17.948,65.934],[17.968,66.106],[17.777,66.187],[17.621,66.193],[17.723,66.115],[17.672,66.067],[17.346,66.08],[17.577,66.005]],[[28.047,66.09],[28.07,66.034],[28.626,66.063],[29.089,66.299],[28.755,66.338],[28.833,66.233],[28.177,66.072],[27.886,66.168],[28.047,66.09]],[[17.154,67.735],[18.428,67.419],[18.116,67.561],[17.131,67.792],[17.154,67.735]],[[30.722,66.186],[30.651,66.052],[31.335,65.918],[31.103,66.245],[30.722,66.186]],[[31.765,66.858],[31.554,66.783],[31.963,66.7],[32.135,66.538],[31.991,66.471],[32.397,66.445],[32.22,66.601],[32.339,66.674],[32.18,66.761],[32.218,66.835],[31.68,66.885],[31.765,66.858]],[[32.216,67.539],[31.899,67.512],[32.246,67.415],[32.406,67.457],[32.216,67.539]],[[34.216,67.882],[34.318,67.545],[34.582,67.593],[34.335,67.858],[34.216,67.882]],[[27.242,68.946],[27.162,68.923],[27.428,68.802],[27.282,68.715],[27.779,68.792],[27.87,68.742],[27.992,68.788],[27.891,68.861],[27.989,68.88],[28.336,68.857],[28.091,69.007],[28.4,69.082],[28.566,69.222],[28.554,69.299],[28.76,69.419],[28.232,69.249],[28.031,69.288],[27.991,69.254],[28.088,69.162],[27.745,69.129],[27.242,68.946]],[[46.197,36.389],[45.599,36.665],[44.272,37.848],[43.24,38.288],[42.913,38.301],[42.819,38.42],[42.24,38.452],[41.976,37.684],[42.942,36.489],[43.295,35.669],[45.241,35.467],[45.615,35.163],[46.536,35.848],[46.197,36.389]],[[48.055,31.899],[48.781,31.95],[49.253,32.104],[48.72,32.687],[47.522,33.498],[46.736,33.77],[46.373,33.498],[47.014,32.778],[47.643,32.564],[48.055,31.899]],[[11.753,61.929],[11.778,62.052],[11.753,61.929]],[[11.927,61.931],[11.922,62.421],[11.721,62.103],[11.927,61.931]],[[14.474,62.887],[14.427,63.127],[14.671,63.139],[14.612,63.205],[14.063,63.325],[14.083,63.242],[13.972,63.263],[14.357,63.087],[14.43,62.98],[14.345,62.925],[14.427,62.826],[14.474,62.887]],[[12.93,63.686],[13.01,63.544],[13.358,63.451],[13.097,63.608],[13.273,63.711],[12.93,63.686]]]]}},{"type":"Feature","properties":{"NAME":"Narva","ABBREVN":"Narva","type":null,"weblnks":null,"SUBJECTO":"Narva","BORDERPRECISION":1,"PARTOF":"Narva"},"geometry":{"type":"MultiPolygon","coordinates":[[[[21.135,55.629],[21.115,55.493],[21.09,55.72],[21.135,55.629]]],[[[30.506,59.699],[30.174,58.273],[29.623,56.469],[29.394,54.866],[28.157,53.824],[26.736,53.797],[25.498,55.547],[21.219,55.193],[21.29,55.287],[21.058,55.782],[20.996,56.508],[21.069,56.436],[21.058,56.704],[21.324,56.854],[21.412,57.221],[21.677,57.464],[22.564,57.616],[22.585,57.509],[23.071,57.261],[23.215,56.981],[23.414,56.892],[23.768,56.866],[24.158,56.975],[24.401,57.246],[24.29,57.794],[24.559,58.321],[24.336,58.389],[24.111,58.232],[23.729,58.371],[23.69,58.665],[23.512,58.581],[23.496,58.694],[23.875,58.769],[23.483,58.81],[23.431,58.939],[23.638,58.971],[23.56,59.047],[23.612,59.01],[23.436,58.997],[23.476,59.126],[24.032,59.176],[24.03,59.235],[24.282,59.284],[24.342,59.369],[24.714,59.352],[24.751,59.448],[25.248,59.362],[25.449,59.494],[25.49,59.42],[26.343,59.447],[26.999,59.318],[27.702,59.298],[28.016,59.454],[28.07,59.561],[28.021,59.656],[28.266,59.562],[28.444,59.734],[28.663,59.644],[28.796,59.672],[29.076,59.908],[29.963,59.737],[30.127,59.806],[30.066,59.869],[30.19,59.874],[30.246,59.975],[29.948,60.025],[29.884,60.143],[29.722,60.192],[29.046,60.182],[29.979,60.458],[30.574,59.99],[30.506,59.699]],[[27.875,57.92],[28.102,57.86],[28.169,57.915],[27.973,58.133],[27.569,58.215],[27.583,58.306],[27.821,58.485],[27.748,58.912],[27.524,59.007],[26.974,58.884],[26.966,58.806],[27.624,58.014],[27.875,57.92]],[[25.928,58.305],[26.085,58.143],[26.121,58.374],[25.966,58.382],[25.928,58.305]]],[[[24.025,58.137],[24.025,58.137]]],[[[23.34,58.97],[23.39,58.987],[23.34,58.97]]]]}},{"type":"Feature","properties":{"NAME":"Nemay","ABBREVN":"Nemay","type":null,"weblnks":null,"SUBJECTO":"Nemay","BORDERPRECISION":1,"PARTOF":"Nemay"},"geometry":{"type":"MultiPolygon","coordinates":[[[[19.841,54.583],[19.898,54.626],[19.841,54.583]]],[[[28.403,52.415],[26.987,51.879],[26.446,52.126],[22.682,52.716],[19.985,53.991],[19.727,54.308],[20.327,54.564],[20.077,54.558],[20.405,54.679],[20.004,54.72],[19.901,54.628],[19.943,54.85],[21.137,54.845],[21.247,54.95],[21.219,55.193],[25.498,55.547],[26.736,53.797],[28.157,53.824],[29.394,54.866],[29.509,55.669],[29.878,54.518],[28.403,52.415]]],[[[20.042,54.56],[20.05,54.554],[20.012,54.548],[20.042,54.56]]]]}},{"type":"Feature","properties":{"NAME":"Funnel-Beaker","ABBREVN":"Funnel-Beaker","type":null,"weblnks":null,"SUBJECTO":"Funnel-Beaker","BORDERPRECISION":1,"PARTOF":"Funnel-Beaker"},"geometry":{"type":"MultiPolygon","coordinates":[[[[18.173,57.142],[18.11,57.513],[18.179,57.588],[18.682,57.914],[19.005,57.909],[19.033,57.827],[18.809,57.704],[18.712,57.242],[18.397,57.134],[18.302,56.937],[18.216,56.913],[18.14,56.915],[18.257,57.032],[18.173,57.142]]],[[[11.963,54.63],[11.969,54.562],[11.713,54.942],[12.168,54.842],[11.963,54.63]]],[[[12.497,58.92],[12.425,58.801],[12.607,58.617],[12.335,58.374],[12.571,58.432],[12.551,58.379],[12.624,58.382],[13.041,58.604],[13.24,58.515],[13.358,58.617],[13.8,58.722],[14.091,59.079],[13.945,59.067],[14.056,59.29],[13.921,59.329],[15.946,60.491],[16.834,61.734],[17.336,61.819],[17.524,61.702],[17.494,61.631],[17.15,61.721],[17.272,61.683],[17.099,61.603],[17.223,61.442],[17.103,61.397],[17.214,61.326],[17.151,60.945],[17.276,60.843],[17.275,60.676],[17.609,60.632],[17.693,60.496],[17.965,60.591],[18.228,60.33],[18.432,60.344],[18.608,60.237],[18.315,60.313],[18.422,60.187],[18.816,60.096],[18.905,59.94],[19.071,59.89],[19.059,59.823],[18.936,59.87],[18.865,59.798],[19.07,59.736],[18.746,59.689],[18.646,59.581],[18.271,59.475],[18.331,59.392],[18.116,59.453],[18.091,59.334],[17.773,59.414],[17.845,59.533],[17.717,59.663],[17.592,59.656],[17.654,59.718],[17.594,59.807],[17.445,59.676],[17.543,59.573],[17.51,59.699],[17.612,59.735],[17.561,59.668],[17.704,59.604],[17.687,59.542],[17.417,59.576],[17.384,59.655],[17.372,59.496],[16.574,59.612],[16.473,59.519],[16.02,59.495],[16.87,59.381],[16.779,59.434],[16.914,59.446],[17.376,59.247],[18.289,59.369],[18.467,59.33],[18.434,59.434],[18.65,59.319],[18.277,59.311],[18.311,59.133],[18.021,59.042],[17.895,58.859],[17.789,58.943],[17.765,59.124],[17.664,59.168],[17.583,58.849],[17.271,58.737],[17.033,58.751],[17.146,58.7],[17.034,58.637],[16.234,58.663],[16.194,58.627],[16.711,58.607],[16.939,58.484],[16.754,58.429],[16.413,58.475],[16.77,58.367],[16.825,58.199],[16.75,58.013],[16.614,57.987],[16.733,57.971],[16.771,57.884],[16.494,57.979],[16.701,57.74],[16.419,57.893],[16.712,57.7],[16.626,57.62],[16.671,57.411],[16.467,57.277],[16.46,57.167],[16.585,57.044],[16.493,57.039],[16.375,56.721],[16.216,56.607],[15.866,56.092],[15.598,56.195],[14.697,56.161],[14.767,56.03],[14.551,56.055],[14.217,55.83],[14.196,55.716],[14.373,55.538],[14.163,55.38],[13.731,55.426],[13.345,55.339],[12.982,55.401],[12.915,55.566],[13.06,55.693],[12.452,56.298],[12.802,56.226],[12.833,56.269],[12.626,56.425],[12.884,56.446],[12.917,56.579],[12.35,56.914],[12.11,57.25],[12.095,57.427],[12.037,57.457],[11.986,57.341],[11.901,57.427],[11.913,57.614],[11.83,57.661],[11.888,57.694],[11.699,57.697],[11.668,57.846],[11.885,58.205],[11.798,58.318],[11.516,58.232],[11.201,58.399],[11.266,58.579],[11.178,58.714],[11.233,58.833],[11.113,59.004],[11.315,59.101],[11.434,58.997],[11.356,59.107],[10.9,59.142],[10.765,59.22],[10.558,59.729],[10.64,59.857],[10.739,59.804],[10.742,59.891],[10.474,59.848],[10.611,59.601],[10.488,59.517],[10.419,59.529],[10.381,59.699],[10.222,59.727],[10.397,59.603],[10.371,59.523],[10.237,59.548],[10.475,59.424],[10.516,59.311],[10.364,59.265],[10.231,59.039],[9.877,58.955],[9.541,59.115],[9.693,58.983],[8.351,58.237],[8.597,59.21],[10.382,60.393],[11.519,59.868],[12.697,59.018],[12.576,58.826],[12.497,58.92]],[[16.356,59.288],[16.406,59.305],[15.344,59.27],[15.816,59.149],[16.356,59.288]],[[14.968,58.849],[14.507,58.561],[14.213,58.15],[14.121,57.925],[14.159,57.796],[14.499,58.085],[14.686,58.395],[14.946,58.511],[14.891,58.592],[14.968,58.849]]],[[[3.961,51.37],[4.205,51.374],[4.328,51.29],[4.202,51.405],[3.769,51.402],[3.521,51.579],[3.837,51.607],[3.903,51.565],[3.821,51.549],[4.126,51.438],[4.286,51.449],[3.99,51.585],[4.209,51.59],[4.106,51.651],[3.695,51.683],[3.8,51.746],[4.168,51.686],[4.02,51.794],[3.873,51.789],[4.061,51.86],[4.584,52.462],[5.034,52.349],[4.95,52.278],[5.473,52.177],[5.757,52.334],[5.87,52.485],[5.855,52.607],[5.619,52.658],[5.625,52.782],[5.718,52.838],[5.42,52.874],[5.362,53.078],[5.413,53.147],[5.966,53.335],[6.751,53.39],[7.043,53.164],[7.16,53.164],[7.25,53.315],[7.364,53.299],[7.051,53.34],[7.033,53.485],[7.166,53.592],[7.332,53.604],[7.969,53.638],[8.099,53.444],[8.029,53.373],[8.242,53.352],[8.315,53.522],[8.483,53.456],[8.503,53.354],[8.568,53.527],[8.482,53.681],[8.54,53.801],[8.848,53.75],[9.125,53.79],[8.962,53.837],[9.129,53.866],[9.28,53.858],[9.583,53.586],[9.83,53.534],[9.561,53.622],[9.338,53.853],[8.9,53.941],[8.866,53.986],[8.946,54.015],[8.879,54.045],[8.979,54.019],[9.017,54.085],[8.825,54.155],[8.884,54.294],[8.623,54.289],[8.852,54.332],[9.019,54.493],[8.609,54.844],[8.665,54.913],[8.626,55.133],[8.692,55.149],[8.638,55.403],[8.307,55.553],[8.257,55.491],[8.087,55.555],[8.397,55.897],[8.309,56.055],[8.117,56.092],[8.183,56.431],[8.309,56.479],[8.675,56.358],[8.869,56.616],[9.003,56.657],[9.136,56.46],[9.312,56.481],[9.376,56.559],[9.32,56.681],[9.37,56.882],[9.835,56.89],[10.216,56.85],[10.223,56.718],[9.866,56.65],[10.225,56.696],[10.188,56.469],[10.257,56.561],[10.314,56.469],[10.826,56.443],[10.889,56.369],[10.745,56.164],[10.611,56.224],[10.554,56.101],[10.353,56.195],[10.479,56.221],[10.449,56.292],[10.247,56.179],[10.175,55.827],[9.866,55.846],[10.049,55.814],[9.993,55.705],[9.55,55.706],[9.806,55.611],[9.69,55.605],[9.729,55.547],[9.544,55.351],[9.421,54.976],[9.56,54.906],[9.439,54.802],[9.864,54.726],[9.987,54.592],[9.98,54.512],[9.845,54.479],[9.937,54.462],[9.865,54.411],[10.065,54.434],[10.142,54.337],[10.34,54.362],[10.649,54.259],[11.039,54.313],[11.051,54.172],[10.801,54.089],[10.717,53.964],[10.859,53.877],[11.151,53.938],[11.202,53.857],[11.408,53.859],[11.581,54.037],[12.943,54.347],[13.064,54.194],[13.431,54.03],[13.668,54.084],[13.85,53.729],[14.537,53.538],[14.495,53.625],[14.614,53.816],[14.467,53.91],[15.898,54.128],[16.473,54.415],[16.976,54.549],[18.279,54.724],[18.525,54.615],[18.363,54.669],[18.338,54.603],[18.454,54.525],[18.513,54.316],[18.965,54.228],[19.32,54.273],[19.23,54.167],[19.328,54.161],[19.727,54.308],[19.985,53.991],[22.682,52.716],[26.446,52.126],[28.379,51.243],[27.413,50.408],[23.19,50.115],[21.512,49.557],[21.257,48.893],[19.375,48.926],[18.51,48.151],[15.916,48.219],[13.779,48.523],[12.66,47.743],[7.115,47.606],[7.979,50.017],[6.809,50.57],[4.927,49.853],[3.248,50.343],[3.452,50.924],[3.818,51.342],[3.961,51.37]]],[[[12.395,55.032],[12.556,54.958],[12.116,54.904],[12.395,55.032]]],[[[12.496,55.604],[12.196,55.49],[12.462,55.286],[12.026,55.169],[12.179,55.12],[12.174,55.005],[12.013,54.968],[11.731,55.061],[11.798,55.156],[11.731,55.204],[11.247,55.2],[11.089,55.663],[10.874,55.732],[11.211,55.699],[11.5,55.856],[11.492,55.93],[11.273,55.992],[11.764,55.965],[11.671,55.814],[11.794,55.662],[11.914,55.93],[12.057,55.742],[11.936,55.653],[12.057,55.653],[12.04,55.924],[11.848,55.959],[12.302,56.129],[12.619,56.042],[12.516,55.919],[12.6,55.704],[12.496,55.604]]],[[[11.641,54.662],[11.456,54.619],[11.032,54.756],[11.014,54.896],[11.24,54.957],[11.564,54.822],[11.649,54.907],[11.862,54.746],[11.785,54.64],[11.641,54.662]]],[[[10.135,55.117],[9.68,55.504],[10.31,55.617],[10.485,55.532],[10.416,55.453],[10.479,55.438],[10.606,55.486],[10.619,55.619],[10.835,55.294],[10.726,55.062],[10.498,55.029],[10.135,55.117]]],[[[8.471,55.358],[8.36,55.458],[8.471,55.358]]],[[[8.264,53.52],[8.264,53.52]]],[[[8.496,53.492],[8.446,53.574],[8.496,53.492]]],[[[8.866,54.525],[8.961,54.519],[8.901,54.463],[8.866,54.525]]],[[[9.478,57.019],[9.974,57.072],[10.16,57.002],[9.369,57.013],[9.478,57.019]]],[[[8.739,56.895],[8.818,56.907],[8.666,56.7],[8.509,56.736],[8.739,56.895]]],[[[13.828,53.83],[13.823,53.84],[13.841,53.832],[13.828,53.83]]]]}},{"type":"Feature","properties":{"NAME":"Elam","ABBREVN":"Elam","type":null,"weblnks":null,"SUBJECTO":"Elam","BORDERPRECISION":1,"PARTOF":"Elam"},"geometry":{"type":"MultiPolygon","coordinates":[[[[46.373,33.498],[46.736,33.77],[47.522,33.498],[48.72,32.687],[49.253,32.104],[48.781,31.95],[48.055,31.899],[47.643,32.564],[47.014,32.778],[46.373,33.498]]]]}}]}